policy_name,base_policy_name,policy_kwargs,reveal_seed,decision_type,step_name,selected_count_after_initial_seed
stochastic_normalized_fragility,stochastic_normalized_loo_fragility,{},101,all,T1036 - Defense Evasion: Masquerading,195
stochastic_normalized_fragility,stochastic_normalized_loo_fragility,{},101,stochastic_fragility,T1036 - Defense Evasion: Masquerading,195
uniform_positive_fragility,uniform_positive_loo_fragility,{},101,all,T1036 - Defense Evasion: Masquerading,195
uniform_positive_fragility,uniform_positive_loo_fragility,{},101,uniform_positive_fragility,T1036 - Defense Evasion: Masquerading,195
softmax_normalized_fragility_temp0.25,softmax_normalized_loo_fragility,"{""temperature"": 0.25}",101,all,T1036 - Defense Evasion: Masquerading,195
softmax_normalized_fragility_temp0.25,softmax_normalized_loo_fragility,"{""temperature"": 0.25}",101,softmax_fragility,T1036 - Defense Evasion: Masquerading,195
softmax_normalized_fragility_temp0.5,softmax_normalized_loo_fragility,"{""temperature"": 0.5}",101,all,T1036 - Defense Evasion: Masquerading,195
softmax_normalized_fragility_temp0.5,softmax_normalized_loo_fragility,"{""temperature"": 0.5}",101,softmax_fragility,T1036 - Defense Evasion: Masquerading,195
softmax_normalized_fragility_temp1.0,softmax_normalized_loo_fragility,"{""temperature"": 1.0}",101,all,T1036 - Defense Evasion: Masquerading,195
softmax_normalized_fragility_temp1.0,softmax_normalized_loo_fragility,"{""temperature"": 1.0}",101,softmax_fragility,T1036 - Defense Evasion: Masquerading,195
softmax_normalized_fragility_temp2.0,softmax_normalized_loo_fragility,"{""temperature"": 2.0}",101,all,T1036 - Defense Evasion: Masquerading,195
softmax_normalized_fragility_temp2.0,softmax_normalized_loo_fragility,"{""temperature"": 2.0}",101,softmax_fragility,T1036 - Defense Evasion: Masquerading,195
softmax_normalized_fragility_temp4.0,softmax_normalized_loo_fragility,"{""temperature"": 4.0}",101,all,T1036 - Defense Evasion: Masquerading,195
softmax_normalized_fragility_temp4.0,softmax_normalized_loo_fragility,"{""temperature"": 4.0}",101,softmax_fragility,T1036 - Defense Evasion: Masquerading,195
stochastic_normalized_fragility,stochastic_normalized_loo_fragility,{},101,all,T1498.001 - Impact: Direct Network Flood,195
stochastic_normalized_fragility,stochastic_normalized_loo_fragility,{},101,stochastic_fragility,T1498.001 - Impact: Direct Network Flood,195
uniform_positive_fragility,uniform_positive_loo_fragility,{},101,all,T1498.001 - Impact: Direct Network Flood,195
uniform_positive_fragility,uniform_positive_loo_fragility,{},101,uniform_positive_fragility,T1498.001 - Impact: Direct Network Flood,195
softmax_normalized_fragility_temp0.25,softmax_normalized_loo_fragility,"{""temperature"": 0.25}",101,all,T1498.001 - Impact: Direct Network Flood,195
softmax_normalized_fragility_temp0.25,softmax_normalized_loo_fragility,"{""temperature"": 0.25}",101,softmax_fragility,T1498.001 - Impact: Direct Network Flood,195
softmax_normalized_fragility_temp0.5,softmax_normalized_loo_fragility,"{""temperature"": 0.5}",101,all,T1498.001 - Impact: Direct Network Flood,195
softmax_normalized_fragility_temp0.5,softmax_normalized_loo_fragility,"{""temperature"": 0.5}",101,softmax_fragility,T1498.001 - Impact: Direct Network Flood,195
softmax_normalized_fragility_temp1.0,softmax_normalized_loo_fragility,"{""temperature"": 1.0}",101,all,T1498.001 - Impact: Direct Network Flood,195
softmax_normalized_fragility_temp1.0,softmax_normalized_loo_fragility,"{""temperature"": 1.0}",101,softmax_fragility,T1498.001 - Impact: Direct Network Flood,195
softmax_normalized_fragility_temp2.0,softmax_normalized_loo_fragility,"{""temperature"": 2.0}",101,all,T1498.001 - Impact: Direct Network Flood,195
softmax_normalized_fragility_temp2.0,softmax_normalized_loo_fragility,"{""temperature"": 2.0}",101,softmax_fragility,T1498.001 - Impact: Direct Network Flood,195
softmax_normalized_fragility_temp4.0,softmax_normalized_loo_fragility,"{""temperature"": 4.0}",101,all,T1498.001 - Impact: Direct Network Flood,195
softmax_normalized_fragility_temp4.0,softmax_normalized_loo_fragility,"{""temperature"": 4.0}",101,softmax_fragility,T1498.001 - Impact: Direct Network Flood,195
stochastic_normalized_fragility,stochastic_normalized_loo_fragility,{},101,all,T1498.002 - Impact: Reflection/Amplification Attack,195
stochastic_normalized_fragility,stochastic_normalized_loo_fragility,{},101,stochastic_fragility,T1498.002 - Impact: Reflection/Amplification Attack,195
uniform_positive_fragility,uniform_positive_loo_fragility,{},101,all,T1498.002 - Impact: Reflection/Amplification Attack,195
uniform_positive_fragility,uniform_positive_loo_fragility,{},101,uniform_positive_fragility,T1498.002 - Impact: Reflection/Amplification Attack,195
softmax_normalized_fragility_temp0.25,softmax_normalized_loo_fragility,"{""temperature"": 0.25}",101,all,T1498.002 - Impact: Reflection/Amplification Attack,195
softmax_normalized_fragility_temp0.25,softmax_normalized_loo_fragility,"{""temperature"": 0.25}",101,softmax_fragility,T1498.002 - Impact: Reflection/Amplification Attack,195
softmax_normalized_fragility_temp0.5,softmax_normalized_loo_fragility,"{""temperature"": 0.5}",101,all,T1498.002 - Impact: Reflection/Amplification Attack,195
softmax_normalized_fragility_temp0.5,softmax_normalized_loo_fragility,"{""temperature"": 0.5}",101,softmax_fragility,T1498.002 - Impact: Reflection/Amplification Attack,195
softmax_normalized_fragility_temp1.0,softmax_normalized_loo_fragility,"{""temperature"": 1.0}",101,all,T1498.002 - Impact: Reflection/Amplification Attack,195
softmax_normalized_fragility_temp1.0,softmax_normalized_loo_fragility,"{""temperature"": 1.0}",101,softmax_fragility,T1498.002 - Impact: Reflection/Amplification Attack,195
softmax_normalized_fragility_temp2.0,softmax_normalized_loo_fragility,"{""temperature"": 2.0}",101,all,T1498.002 - Impact: Reflection/Amplification Attack,195
softmax_normalized_fragility_temp2.0,softmax_normalized_loo_fragility,"{""temperature"": 2.0}",101,softmax_fragility,T1498.002 - Impact: Reflection/Amplification Attack,195
softmax_normalized_fragility_temp4.0,softmax_normalized_loo_fragility,"{""temperature"": 4.0}",101,all,T1498.002 - Impact: Reflection/Amplification Attack,195
softmax_normalized_fragility_temp4.0,softmax_normalized_loo_fragility,"{""temperature"": 4.0}",101,softmax_fragility,T1498.002 - Impact: Reflection/Amplification Attack,195
stochastic_normalized_fragility,stochastic_normalized_loo_fragility,{},101,all,T1571 - Defense Evasion: Non-Standard Port,195
stochastic_normalized_fragility,stochastic_normalized_loo_fragility,{},101,stochastic_fragility,T1571 - Defense Evasion: Non-Standard Port,195
uniform_positive_fragility,uniform_positive_loo_fragility,{},101,all,T1571 - Defense Evasion: Non-Standard Port,195
uniform_positive_fragility,uniform_positive_loo_fragility,{},101,uniform_positive_fragility,T1571 - Defense Evasion: Non-Standard Port,195
softmax_normalized_fragility_temp0.25,softmax_normalized_loo_fragility,"{""temperature"": 0.25}",101,all,T1571 - Defense Evasion: Non-Standard Port,195
softmax_normalized_fragility_temp0.25,softmax_normalized_loo_fragility,"{""temperature"": 0.25}",101,softmax_fragility,T1571 - Defense Evasion: Non-Standard Port,195
softmax_normalized_fragility_temp0.5,softmax_normalized_loo_fragility,"{""temperature"": 0.5}",101,all,T1571 - Defense Evasion: Non-Standard Port,195
softmax_normalized_fragility_temp0.5,softmax_normalized_loo_fragility,"{""temperature"": 0.5}",101,softmax_fragility,T1571 - Defense Evasion: Non-Standard Port,195
softmax_normalized_fragility_temp1.0,softmax_normalized_loo_fragility,"{""temperature"": 1.0}",101,all,T1571 - Defense Evasion: Non-Standard Port,195
softmax_normalized_fragility_temp1.0,softmax_normalized_loo_fragility,"{""temperature"": 1.0}",101,softmax_fragility,T1571 - Defense Evasion: Non-Standard Port,195
softmax_normalized_fragility_temp2.0,softmax_normalized_loo_fragility,"{""temperature"": 2.0}",101,all,T1571 - Defense Evasion: Non-Standard Port,195
softmax_normalized_fragility_temp2.0,softmax_normalized_loo_fragility,"{""temperature"": 2.0}",101,softmax_fragility,T1571 - Defense Evasion: Non-Standard Port,195
softmax_normalized_fragility_temp4.0,softmax_normalized_loo_fragility,"{""temperature"": 4.0}",101,all,T1571 - Defense Evasion: Non-Standard Port,195
softmax_normalized_fragility_temp4.0,softmax_normalized_loo_fragility,"{""temperature"": 4.0}",101,softmax_fragility,T1571 - Defense Evasion: Non-Standard Port,195
stochastic_normalized_fragility,stochastic_normalized_loo_fragility,{},101,all,T1583.005 - Resource Development: Acquire Botnet,195
stochastic_normalized_fragility,stochastic_normalized_loo_fragility,{},101,stochastic_fragility,T1583.005 - Resource Development: Acquire Botnet,195
uniform_positive_fragility,uniform_positive_loo_fragility,{},101,all,T1583.005 - Resource Development: Acquire Botnet,195
uniform_positive_fragility,uniform_positive_loo_fragility,{},101,uniform_positive_fragility,T1583.005 - Resource Development: Acquire Botnet,195
softmax_normalized_fragility_temp0.25,softmax_normalized_loo_fragility,"{""temperature"": 0.25}",101,all,T1583.005 - Resource Development: Acquire Botnet,195
softmax_normalized_fragility_temp0.25,softmax_normalized_loo_fragility,"{""temperature"": 0.25}",101,softmax_fragility,T1583.005 - Resource Development: Acquire Botnet,195
softmax_normalized_fragility_temp0.5,softmax_normalized_loo_fragility,"{""temperature"": 0.5}",101,all,T1583.005 - Resource Development: Acquire Botnet,195
softmax_normalized_fragility_temp0.5,softmax_normalized_loo_fragility,"{""temperature"": 0.5}",101,softmax_fragility,T1583.005 - Resource Development: Acquire Botnet,195
softmax_normalized_fragility_temp1.0,softmax_normalized_loo_fragility,"{""temperature"": 1.0}",101,all,T1583.005 - Resource Development: Acquire Botnet,195
softmax_normalized_fragility_temp1.0,softmax_normalized_loo_fragility,"{""temperature"": 1.0}",101,softmax_fragility,T1583.005 - Resource Development: Acquire Botnet,195
softmax_normalized_fragility_temp2.0,softmax_normalized_loo_fragility,"{""temperature"": 2.0}",101,all,T1583.005 - Resource Development: Acquire Botnet,195
softmax_normalized_fragility_temp2.0,softmax_normalized_loo_fragility,"{""temperature"": 2.0}",101,softmax_fragility,T1583.005 - Resource Development: Acquire Botnet,195
softmax_normalized_fragility_temp4.0,softmax_normalized_loo_fragility,"{""temperature"": 4.0}",101,all,T1583.005 - Resource Development: Acquire Botnet,195
softmax_normalized_fragility_temp4.0,softmax_normalized_loo_fragility,"{""temperature"": 4.0}",101,softmax_fragility,T1583.005 - Resource Development: Acquire Botnet,195
stochastic_normalized_fragility,stochastic_normalized_loo_fragility,{},101,all,T1584.005 - Resource Development: Build/Compromise Botnet,194
stochastic_normalized_fragility,stochastic_normalized_loo_fragility,{},101,stochastic_fragility,T1584.005 - Resource Development: Build/Compromise Botnet,194
uniform_positive_fragility,uniform_positive_loo_fragility,{},101,all,T1584.005 - Resource Development: Build/Compromise Botnet,194
uniform_positive_fragility,uniform_positive_loo_fragility,{},101,uniform_positive_fragility,T1584.005 - Resource Development: Build/Compromise Botnet,194
softmax_normalized_fragility_temp0.25,softmax_normalized_loo_fragility,"{""temperature"": 0.25}",101,all,T1584.005 - Resource Development: Build/Compromise Botnet,194
softmax_normalized_fragility_temp0.25,softmax_normalized_loo_fragility,"{""temperature"": 0.25}",101,softmax_fragility,T1584.005 - Resource Development: Build/Compromise Botnet,194
softmax_normalized_fragility_temp0.5,softmax_normalized_loo_fragility,"{""temperature"": 0.5}",101,all,T1584.005 - Resource Development: Build/Compromise Botnet,194
softmax_normalized_fragility_temp0.5,softmax_normalized_loo_fragility,"{""temperature"": 0.5}",101,softmax_fragility,T1584.005 - Resource Development: Build/Compromise Botnet,194
softmax_normalized_fragility_temp1.0,softmax_normalized_loo_fragility,"{""temperature"": 1.0}",101,all,T1584.005 - Resource Development: Build/Compromise Botnet,194
softmax_normalized_fragility_temp1.0,softmax_normalized_loo_fragility,"{""temperature"": 1.0}",101,softmax_fragility,T1584.005 - Resource Development: Build/Compromise Botnet,194
softmax_normalized_fragility_temp2.0,softmax_normalized_loo_fragility,"{""temperature"": 2.0}",101,all,T1584.005 - Resource Development: Build/Compromise Botnet,194
softmax_normalized_fragility_temp2.0,softmax_normalized_loo_fragility,"{""temperature"": 2.0}",101,softmax_fragility,T1584.005 - Resource Development: Build/Compromise Botnet,194
softmax_normalized_fragility_temp4.0,softmax_normalized_loo_fragility,"{""temperature"": 4.0}",101,all,T1584.005 - Resource Development: Build/Compromise Botnet,194
softmax_normalized_fragility_temp4.0,softmax_normalized_loo_fragility,"{""temperature"": 4.0}",101,softmax_fragility,T1584.005 - Resource Development: Build/Compromise Botnet,194
stochastic_normalized_fragility,stochastic_normalized_loo_fragility,{},101,all,T1590 - Reconnaissance: Gather Victim Network Information,194
stochastic_normalized_fragility,stochastic_normalized_loo_fragility,{},101,stochastic_fragility,T1590 - Reconnaissance: Gather Victim Network Information,194
uniform_positive_fragility,uniform_positive_loo_fragility,{},101,all,T1590 - Reconnaissance: Gather Victim Network Information,194
uniform_positive_fragility,uniform_positive_loo_fragility,{},101,uniform_positive_fragility,T1590 - Reconnaissance: Gather Victim Network Information,194
softmax_normalized_fragility_temp0.25,softmax_normalized_loo_fragility,"{""temperature"": 0.25}",101,all,T1590 - Reconnaissance: Gather Victim Network Information,194
softmax_normalized_fragility_temp0.25,softmax_normalized_loo_fragility,"{""temperature"": 0.25}",101,softmax_fragility,T1590 - Reconnaissance: Gather Victim Network Information,194
softmax_normalized_fragility_temp0.5,softmax_normalized_loo_fragility,"{""temperature"": 0.5}",101,all,T1590 - Reconnaissance: Gather Victim Network Information,194
softmax_normalized_fragility_temp0.5,softmax_normalized_loo_fragility,"{""temperature"": 0.5}",101,softmax_fragility,T1590 - Reconnaissance: Gather Victim Network Information,194
softmax_normalized_fragility_temp1.0,softmax_normalized_loo_fragility,"{""temperature"": 1.0}",101,all,T1590 - Reconnaissance: Gather Victim Network Information,194
softmax_normalized_fragility_temp1.0,softmax_normalized_loo_fragility,"{""temperature"": 1.0}",101,softmax_fragility,T1590 - Reconnaissance: Gather Victim Network Information,194
softmax_normalized_fragility_temp2.0,softmax_normalized_loo_fragility,"{""temperature"": 2.0}",101,all,T1590 - Reconnaissance: Gather Victim Network Information,194
softmax_normalized_fragility_temp2.0,softmax_normalized_loo_fragility,"{""temperature"": 2.0}",101,softmax_fragility,T1590 - Reconnaissance: Gather Victim Network Information,194
softmax_normalized_fragility_temp4.0,softmax_normalized_loo_fragility,"{""temperature"": 4.0}",101,all,T1590 - Reconnaissance: Gather Victim Network Information,194
softmax_normalized_fragility_temp4.0,softmax_normalized_loo_fragility,"{""temperature"": 4.0}",101,softmax_fragility,T1590 - Reconnaissance: Gather Victim Network Information,194
stochastic_normalized_fragility,stochastic_normalized_loo_fragility,{},101,all,T1595 - Reconnaissance: Active Scanning,195
stochastic_normalized_fragility,stochastic_normalized_loo_fragility,{},101,stochastic_fragility,T1595 - Reconnaissance: Active Scanning,195
uniform_positive_fragility,uniform_positive_loo_fragility,{},101,all,T1595 - Reconnaissance: Active Scanning,195
uniform_positive_fragility,uniform_positive_loo_fragility,{},101,uniform_positive_fragility,T1595 - Reconnaissance: Active Scanning,195
softmax_normalized_fragility_temp0.25,softmax_normalized_loo_fragility,"{""temperature"": 0.25}",101,all,T1595 - Reconnaissance: Active Scanning,195
softmax_normalized_fragility_temp0.25,softmax_normalized_loo_fragility,"{""temperature"": 0.25}",101,softmax_fragility,T1595 - Reconnaissance: Active Scanning,195
softmax_normalized_fragility_temp0.5,softmax_normalized_loo_fragility,"{""temperature"": 0.5}",101,all,T1595 - Reconnaissance: Active Scanning,195
softmax_normalized_fragility_temp0.5,softmax_normalized_loo_fragility,"{""temperature"": 0.5}",101,softmax_fragility,T1595 - Reconnaissance: Active Scanning,195
softmax_normalized_fragility_temp1.0,softmax_normalized_loo_fragility,"{""temperature"": 1.0}",101,all,T1595 - Reconnaissance: Active Scanning,195
softmax_normalized_fragility_temp1.0,softmax_normalized_loo_fragility,"{""temperature"": 1.0}",101,softmax_fragility,T1595 - Reconnaissance: Active Scanning,195
softmax_normalized_fragility_temp2.0,softmax_normalized_loo_fragility,"{""temperature"": 2.0}",101,all,T1595 - Reconnaissance: Active Scanning,195
softmax_normalized_fragility_temp2.0,softmax_normalized_loo_fragility,"{""temperature"": 2.0}",101,softmax_fragility,T1595 - Reconnaissance: Active Scanning,195
softmax_normalized_fragility_temp4.0,softmax_normalized_loo_fragility,"{""temperature"": 4.0}",101,all,T1595 - Reconnaissance: Active Scanning,195
softmax_normalized_fragility_temp4.0,softmax_normalized_loo_fragility,"{""temperature"": 4.0}",101,softmax_fragility,T1595 - Reconnaissance: Active Scanning,195
stochastic_normalized_fragility,stochastic_normalized_loo_fragility,{},101,all,TA0011 - Command-and-Control,195
stochastic_normalized_fragility,stochastic_normalized_loo_fragility,{},101,stochastic_fragility,TA0011 - Command-and-Control,195
uniform_positive_fragility,uniform_positive_loo_fragility,{},101,all,TA0011 - Command-and-Control,195
uniform_positive_fragility,uniform_positive_loo_fragility,{},101,uniform_positive_fragility,TA0011 - Command-and-Control,195
softmax_normalized_fragility_temp0.25,softmax_normalized_loo_fragility,"{""temperature"": 0.25}",101,all,TA0011 - Command-and-Control,195
softmax_normalized_fragility_temp0.25,softmax_normalized_loo_fragility,"{""temperature"": 0.25}",101,softmax_fragility,TA0011 - Command-and-Control,195
softmax_normalized_fragility_temp0.5,softmax_normalized_loo_fragility,"{""temperature"": 0.5}",101,all,TA0011 - Command-and-Control,195
softmax_normalized_fragility_temp0.5,softmax_normalized_loo_fragility,"{""temperature"": 0.5}",101,softmax_fragility,TA0011 - Command-and-Control,195
softmax_normalized_fragility_temp1.0,softmax_normalized_loo_fragility,"{""temperature"": 1.0}",101,all,TA0011 - Command-and-Control,195
softmax_normalized_fragility_temp1.0,softmax_normalized_loo_fragility,"{""temperature"": 1.0}",101,softmax_fragility,TA0011 - Command-and-Control,195
softmax_normalized_fragility_temp2.0,softmax_normalized_loo_fragility,"{""temperature"": 2.0}",101,all,TA0011 - Command-and-Control,195
softmax_normalized_fragility_temp2.0,softmax_normalized_loo_fragility,"{""temperature"": 2.0}",101,softmax_fragility,TA0011 - Command-and-Control,195
softmax_normalized_fragility_temp4.0,softmax_normalized_loo_fragility,"{""temperature"": 4.0}",101,all,TA0011 - Command-and-Control,195
softmax_normalized_fragility_temp4.0,softmax_normalized_loo_fragility,"{""temperature"": 4.0}",101,softmax_fragility,TA0011 - Command-and-Control,195
stochastic_normalized_fragility,stochastic_normalized_loo_fragility,{},202,all,T1036 - Defense Evasion: Masquerading,195
stochastic_normalized_fragility,stochastic_normalized_loo_fragility,{},202,stochastic_fragility,T1036 - Defense Evasion: Masquerading,195
uniform_positive_fragility,uniform_positive_loo_fragility,{},202,all,T1036 - Defense Evasion: Masquerading,195
uniform_positive_fragility,uniform_positive_loo_fragility,{},202,uniform_positive_fragility,T1036 - Defense Evasion: Masquerading,195
softmax_normalized_fragility_temp0.25,softmax_normalized_loo_fragility,"{""temperature"": 0.25}",202,all,T1036 - Defense Evasion: Masquerading,195
softmax_normalized_fragility_temp0.25,softmax_normalized_loo_fragility,"{""temperature"": 0.25}",202,softmax_fragility,T1036 - Defense Evasion: Masquerading,195
softmax_normalized_fragility_temp0.5,softmax_normalized_loo_fragility,"{""temperature"": 0.5}",202,all,T1036 - Defense Evasion: Masquerading,195
softmax_normalized_fragility_temp0.5,softmax_normalized_loo_fragility,"{""temperature"": 0.5}",202,softmax_fragility,T1036 - Defense Evasion: Masquerading,195
softmax_normalized_fragility_temp1.0,softmax_normalized_loo_fragility,"{""temperature"": 1.0}",202,all,T1036 - Defense Evasion: Masquerading,195
softmax_normalized_fragility_temp1.0,softmax_normalized_loo_fragility,"{""temperature"": 1.0}",202,softmax_fragility,T1036 - Defense Evasion: Masquerading,195
softmax_normalized_fragility_temp2.0,softmax_normalized_loo_fragility,"{""temperature"": 2.0}",202,all,T1036 - Defense Evasion: Masquerading,195
softmax_normalized_fragility_temp2.0,softmax_normalized_loo_fragility,"{""temperature"": 2.0}",202,softmax_fragility,T1036 - Defense Evasion: Masquerading,195
softmax_normalized_fragility_temp4.0,softmax_normalized_loo_fragility,"{""temperature"": 4.0}",202,all,T1036 - Defense Evasion: Masquerading,195
softmax_normalized_fragility_temp4.0,softmax_normalized_loo_fragility,"{""temperature"": 4.0}",202,softmax_fragility,T1036 - Defense Evasion: Masquerading,195
stochastic_normalized_fragility,stochastic_normalized_loo_fragility,{},202,all,T1498.001 - Impact: Direct Network Flood,195
stochastic_normalized_fragility,stochastic_normalized_loo_fragility,{},202,stochastic_fragility,T1498.001 - Impact: Direct Network Flood,195
uniform_positive_fragility,uniform_positive_loo_fragility,{},202,all,T1498.001 - Impact: Direct Network Flood,195
uniform_positive_fragility,uniform_positive_loo_fragility,{},202,uniform_positive_fragility,T1498.001 - Impact: Direct Network Flood,195
softmax_normalized_fragility_temp0.25,softmax_normalized_loo_fragility,"{""temperature"": 0.25}",202,all,T1498.001 - Impact: Direct Network Flood,195
softmax_normalized_fragility_temp0.25,softmax_normalized_loo_fragility,"{""temperature"": 0.25}",202,softmax_fragility,T1498.001 - Impact: Direct Network Flood,195
softmax_normalized_fragility_temp0.5,softmax_normalized_loo_fragility,"{""temperature"": 0.5}",202,all,T1498.001 - Impact: Direct Network Flood,195
softmax_normalized_fragility_temp0.5,softmax_normalized_loo_fragility,"{""temperature"": 0.5}",202,softmax_fragility,T1498.001 - Impact: Direct Network Flood,195
softmax_normalized_fragility_temp1.0,softmax_normalized_loo_fragility,"{""temperature"": 1.0}",202,all,T1498.001 - Impact: Direct Network Flood,195
softmax_normalized_fragility_temp1.0,softmax_normalized_loo_fragility,"{""temperature"": 1.0}",202,softmax_fragility,T1498.001 - Impact: Direct Network Flood,195
softmax_normalized_fragility_temp2.0,softmax_normalized_loo_fragility,"{""temperature"": 2.0}",202,all,T1498.001 - Impact: Direct Network Flood,195
softmax_normalized_fragility_temp2.0,softmax_normalized_loo_fragility,"{""temperature"": 2.0}",202,softmax_fragility,T1498.001 - Impact: Direct Network Flood,195
softmax_normalized_fragility_temp4.0,softmax_normalized_loo_fragility,"{""temperature"": 4.0}",202,all,T1498.001 - Impact: Direct Network Flood,195
softmax_normalized_fragility_temp4.0,softmax_normalized_loo_fragility,"{""temperature"": 4.0}",202,softmax_fragility,T1498.001 - Impact: Direct Network Flood,195
stochastic_normalized_fragility,stochastic_normalized_loo_fragility,{},202,all,T1498.002 - Impact: Reflection/Amplification Attack,195
stochastic_normalized_fragility,stochastic_normalized_loo_fragility,{},202,stochastic_fragility,T1498.002 - Impact: Reflection/Amplification Attack,195
uniform_positive_fragility,uniform_positive_loo_fragility,{},202,all,T1498.002 - Impact: Reflection/Amplification Attack,195
uniform_positive_fragility,uniform_positive_loo_fragility,{},202,uniform_positive_fragility,T1498.002 - Impact: Reflection/Amplification Attack,195
softmax_normalized_fragility_temp0.25,softmax_normalized_loo_fragility,"{""temperature"": 0.25}",202,all,T1498.002 - Impact: Reflection/Amplification Attack,195
softmax_normalized_fragility_temp0.25,softmax_normalized_loo_fragility,"{""temperature"": 0.25}",202,softmax_fragility,T1498.002 - Impact: Reflection/Amplification Attack,195
softmax_normalized_fragility_temp0.5,softmax_normalized_loo_fragility,"{""temperature"": 0.5}",202,all,T1498.002 - Impact: Reflection/Amplification Attack,195
softmax_normalized_fragility_temp0.5,softmax_normalized_loo_fragility,"{""temperature"": 0.5}",202,softmax_fragility,T1498.002 - Impact: Reflection/Amplification Attack,195
softmax_normalized_fragility_temp1.0,softmax_normalized_loo_fragility,"{""temperature"": 1.0}",202,all,T1498.002 - Impact: Reflection/Amplification Attack,195
softmax_normalized_fragility_temp1.0,softmax_normalized_loo_fragility,"{""temperature"": 1.0}",202,softmax_fragility,T1498.002 - Impact: Reflection/Amplification Attack,195
softmax_normalized_fragility_temp2.0,softmax_normalized_loo_fragility,"{""temperature"": 2.0}",202,all,T1498.002 - Impact: Reflection/Amplification Attack,195
softmax_normalized_fragility_temp2.0,softmax_normalized_loo_fragility,"{""temperature"": 2.0}",202,softmax_fragility,T1498.002 - Impact: Reflection/Amplification Attack,195
softmax_normalized_fragility_temp4.0,softmax_normalized_loo_fragility,"{""temperature"": 4.0}",202,all,T1498.002 - Impact: Reflection/Amplification Attack,195
softmax_normalized_fragility_temp4.0,softmax_normalized_loo_fragility,"{""temperature"": 4.0}",202,softmax_fragility,T1498.002 - Impact: Reflection/Amplification Attack,195
stochastic_normalized_fragility,stochastic_normalized_loo_fragility,{},202,all,T1571 - Defense Evasion: Non-Standard Port,195
stochastic_normalized_fragility,stochastic_normalized_loo_fragility,{},202,stochastic_fragility,T1571 - Defense Evasion: Non-Standard Port,195
uniform_positive_fragility,uniform_positive_loo_fragility,{},202,all,T1571 - Defense Evasion: Non-Standard Port,195
uniform_positive_fragility,uniform_positive_loo_fragility,{},202,uniform_positive_fragility,T1571 - Defense Evasion: Non-Standard Port,195
softmax_normalized_fragility_temp0.25,softmax_normalized_loo_fragility,"{""temperature"": 0.25}",202,all,T1571 - Defense Evasion: Non-Standard Port,195
softmax_normalized_fragility_temp0.25,softmax_normalized_loo_fragility,"{""temperature"": 0.25}",202,softmax_fragility,T1571 - Defense Evasion: Non-Standard Port,195
softmax_normalized_fragility_temp0.5,softmax_normalized_loo_fragility,"{""temperature"": 0.5}",202,all,T1571 - Defense Evasion: Non-Standard Port,195
softmax_normalized_fragility_temp0.5,softmax_normalized_loo_fragility,"{""temperature"": 0.5}",202,softmax_fragility,T1571 - Defense Evasion: Non-Standard Port,195
softmax_normalized_fragility_temp1.0,softmax_normalized_loo_fragility,"{""temperature"": 1.0}",202,all,T1571 - Defense Evasion: Non-Standard Port,195
softmax_normalized_fragility_temp1.0,softmax_normalized_loo_fragility,"{""temperature"": 1.0}",202,softmax_fragility,T1571 - Defense Evasion: Non-Standard Port,195
softmax_normalized_fragility_temp2.0,softmax_normalized_loo_fragility,"{""temperature"": 2.0}",202,all,T1571 - Defense Evasion: Non-Standard Port,195
softmax_normalized_fragility_temp2.0,softmax_normalized_loo_fragility,"{""temperature"": 2.0}",202,softmax_fragility,T1571 - Defense Evasion: Non-Standard Port,195
softmax_normalized_fragility_temp4.0,softmax_normalized_loo_fragility,"{""temperature"": 4.0}",202,all,T1571 - Defense Evasion: Non-Standard Port,195
softmax_normalized_fragility_temp4.0,softmax_normalized_loo_fragility,"{""temperature"": 4.0}",202,softmax_fragility,T1571 - Defense Evasion: Non-Standard Port,195
stochastic_normalized_fragility,stochastic_normalized_loo_fragility,{},202,all,T1583.005 - Resource Development: Acquire Botnet,195
stochastic_normalized_fragility,stochastic_normalized_loo_fragility,{},202,stochastic_fragility,T1583.005 - Resource Development: Acquire Botnet,195
uniform_positive_fragility,uniform_positive_loo_fragility,{},202,all,T1583.005 - Resource Development: Acquire Botnet,195
uniform_positive_fragility,uniform_positive_loo_fragility,{},202,uniform_positive_fragility,T1583.005 - Resource Development: Acquire Botnet,195
softmax_normalized_fragility_temp0.25,softmax_normalized_loo_fragility,"{""temperature"": 0.25}",202,all,T1583.005 - Resource Development: Acquire Botnet,195
softmax_normalized_fragility_temp0.25,softmax_normalized_loo_fragility,"{""temperature"": 0.25}",202,softmax_fragility,T1583.005 - Resource Development: Acquire Botnet,195
softmax_normalized_fragility_temp0.5,softmax_normalized_loo_fragility,"{""temperature"": 0.5}",202,all,T1583.005 - Resource Development: Acquire Botnet,195
softmax_normalized_fragility_temp0.5,softmax_normalized_loo_fragility,"{""temperature"": 0.5}",202,softmax_fragility,T1583.005 - Resource Development: Acquire Botnet,195
softmax_normalized_fragility_temp1.0,softmax_normalized_loo_fragility,"{""temperature"": 1.0}",202,all,T1583.005 - Resource Development: Acquire Botnet,195
softmax_normalized_fragility_temp1.0,softmax_normalized_loo_fragility,"{""temperature"": 1.0}",202,softmax_fragility,T1583.005 - Resource Development: Acquire Botnet,195
softmax_normalized_fragility_temp2.0,softmax_normalized_loo_fragility,"{""temperature"": 2.0}",202,all,T1583.005 - Resource Development: Acquire Botnet,195
softmax_normalized_fragility_temp2.0,softmax_normalized_loo_fragility,"{""temperature"": 2.0}",202,softmax_fragility,T1583.005 - Resource Development: Acquire Botnet,195
softmax_normalized_fragility_temp4.0,softmax_normalized_loo_fragility,"{""temperature"": 4.0}",202,all,T1583.005 - Resource Development: Acquire Botnet,195
softmax_normalized_fragility_temp4.0,softmax_normalized_loo_fragility,"{""temperature"": 4.0}",202,softmax_fragility,T1583.005 - Resource Development: Acquire Botnet,195
stochastic_normalized_fragility,stochastic_normalized_loo_fragility,{},202,all,T1584.005 - Resource Development: Build/Compromise Botnet,194
stochastic_normalized_fragility,stochastic_normalized_loo_fragility,{},202,stochastic_fragility,T1584.005 - Resource Development: Build/Compromise Botnet,194
uniform_positive_fragility,uniform_positive_loo_fragility,{},202,all,T1584.005 - Resource Development: Build/Compromise Botnet,194
uniform_positive_fragility,uniform_positive_loo_fragility,{},202,uniform_positive_fragility,T1584.005 - Resource Development: Build/Compromise Botnet,194
softmax_normalized_fragility_temp0.25,softmax_normalized_loo_fragility,"{""temperature"": 0.25}",202,all,T1584.005 - Resource Development: Build/Compromise Botnet,194
softmax_normalized_fragility_temp0.25,softmax_normalized_loo_fragility,"{""temperature"": 0.25}",202,softmax_fragility,T1584.005 - Resource Development: Build/Compromise Botnet,194
softmax_normalized_fragility_temp0.5,softmax_normalized_loo_fragility,"{""temperature"": 0.5}",202,all,T1584.005 - Resource Development: Build/Compromise Botnet,194
softmax_normalized_fragility_temp0.5,softmax_normalized_loo_fragility,"{""temperature"": 0.5}",202,softmax_fragility,T1584.005 - Resource Development: Build/Compromise Botnet,194
softmax_normalized_fragility_temp1.0,softmax_normalized_loo_fragility,"{""temperature"": 1.0}",202,all,T1584.005 - Resource Development: Build/Compromise Botnet,194
softmax_normalized_fragility_temp1.0,softmax_normalized_loo_fragility,"{""temperature"": 1.0}",202,softmax_fragility,T1584.005 - Resource Development: Build/Compromise Botnet,194
softmax_normalized_fragility_temp2.0,softmax_normalized_loo_fragility,"{""temperature"": 2.0}",202,all,T1584.005 - Resource Development: Build/Compromise Botnet,194
softmax_normalized_fragility_temp2.0,softmax_normalized_loo_fragility,"{""temperature"": 2.0}",202,softmax_fragility,T1584.005 - Resource Development: Build/Compromise Botnet,194
softmax_normalized_fragility_temp4.0,softmax_normalized_loo_fragility,"{""temperature"": 4.0}",202,all,T1584.005 - Resource Development: Build/Compromise Botnet,194
softmax_normalized_fragility_temp4.0,softmax_normalized_loo_fragility,"{""temperature"": 4.0}",202,softmax_fragility,T1584.005 - Resource Development: Build/Compromise Botnet,194
stochastic_normalized_fragility,stochastic_normalized_loo_fragility,{},202,all,T1590 - Reconnaissance: Gather Victim Network Information,194
stochastic_normalized_fragility,stochastic_normalized_loo_fragility,{},202,stochastic_fragility,T1590 - Reconnaissance: Gather Victim Network Information,194
uniform_positive_fragility,uniform_positive_loo_fragility,{},202,all,T1590 - Reconnaissance: Gather Victim Network Information,194
uniform_positive_fragility,uniform_positive_loo_fragility,{},202,uniform_positive_fragility,T1590 - Reconnaissance: Gather Victim Network Information,194
softmax_normalized_fragility_temp0.25,softmax_normalized_loo_fragility,"{""temperature"": 0.25}",202,all,T1590 - Reconnaissance: Gather Victim Network Information,194
softmax_normalized_fragility_temp0.25,softmax_normalized_loo_fragility,"{""temperature"": 0.25}",202,softmax_fragility,T1590 - Reconnaissance: Gather Victim Network Information,194
softmax_normalized_fragility_temp0.5,softmax_normalized_loo_fragility,"{""temperature"": 0.5}",202,all,T1590 - Reconnaissance: Gather Victim Network Information,194
softmax_normalized_fragility_temp0.5,softmax_normalized_loo_fragility,"{""temperature"": 0.5}",202,softmax_fragility,T1590 - Reconnaissance: Gather Victim Network Information,194
softmax_normalized_fragility_temp1.0,softmax_normalized_loo_fragility,"{""temperature"": 1.0}",202,all,T1590 - Reconnaissance: Gather Victim Network Information,194
softmax_normalized_fragility_temp1.0,softmax_normalized_loo_fragility,"{""temperature"": 1.0}",202,softmax_fragility,T1590 - Reconnaissance: Gather Victim Network Information,194
softmax_normalized_fragility_temp2.0,softmax_normalized_loo_fragility,"{""temperature"": 2.0}",202,all,T1590 - Reconnaissance: Gather Victim Network Information,194
softmax_normalized_fragility_temp2.0,softmax_normalized_loo_fragility,"{""temperature"": 2.0}",202,softmax_fragility,T1590 - Reconnaissance: Gather Victim Network Information,194
softmax_normalized_fragility_temp4.0,softmax_normalized_loo_fragility,"{""temperature"": 4.0}",202,all,T1590 - Reconnaissance: Gather Victim Network Information,194
softmax_normalized_fragility_temp4.0,softmax_normalized_loo_fragility,"{""temperature"": 4.0}",202,softmax_fragility,T1590 - Reconnaissance: Gather Victim Network Information,194
stochastic_normalized_fragility,stochastic_normalized_loo_fragility,{},202,all,T1595 - Reconnaissance: Active Scanning,195
stochastic_normalized_fragility,stochastic_normalized_loo_fragility,{},202,stochastic_fragility,T1595 - Reconnaissance: Active Scanning,195
uniform_positive_fragility,uniform_positive_loo_fragility,{},202,all,T1595 - Reconnaissance: Active Scanning,195
uniform_positive_fragility,uniform_positive_loo_fragility,{},202,uniform_positive_fragility,T1595 - Reconnaissance: Active Scanning,195
softmax_normalized_fragility_temp0.25,softmax_normalized_loo_fragility,"{""temperature"": 0.25}",202,all,T1595 - Reconnaissance: Active Scanning,195
softmax_normalized_fragility_temp0.25,softmax_normalized_loo_fragility,"{""temperature"": 0.25}",202,softmax_fragility,T1595 - Reconnaissance: Active Scanning,195
softmax_normalized_fragility_temp0.5,softmax_normalized_loo_fragility,"{""temperature"": 0.5}",202,all,T1595 - Reconnaissance: Active Scanning,195
softmax_normalized_fragility_temp0.5,softmax_normalized_loo_fragility,"{""temperature"": 0.5}",202,softmax_fragility,T1595 - Reconnaissance: Active Scanning,195
softmax_normalized_fragility_temp1.0,softmax_normalized_loo_fragility,"{""temperature"": 1.0}",202,all,T1595 - Reconnaissance: Active Scanning,195
softmax_normalized_fragility_temp1.0,softmax_normalized_loo_fragility,"{""temperature"": 1.0}",202,softmax_fragility,T1595 - Reconnaissance: Active Scanning,195
softmax_normalized_fragility_temp2.0,softmax_normalized_loo_fragility,"{""temperature"": 2.0}",202,all,T1595 - Reconnaissance: Active Scanning,195
softmax_normalized_fragility_temp2.0,softmax_normalized_loo_fragility,"{""temperature"": 2.0}",202,softmax_fragility,T1595 - Reconnaissance: Active Scanning,195
softmax_normalized_fragility_temp4.0,softmax_normalized_loo_fragility,"{""temperature"": 4.0}",202,all,T1595 - Reconnaissance: Active Scanning,195
softmax_normalized_fragility_temp4.0,softmax_normalized_loo_fragility,"{""temperature"": 4.0}",202,softmax_fragility,T1595 - Reconnaissance: Active Scanning,195
stochastic_normalized_fragility,stochastic_normalized_loo_fragility,{},202,all,TA0011 - Command-and-Control,195
stochastic_normalized_fragility,stochastic_normalized_loo_fragility,{},202,stochastic_fragility,TA0011 - Command-and-Control,195
uniform_positive_fragility,uniform_positive_loo_fragility,{},202,all,TA0011 - Command-and-Control,195
uniform_positive_fragility,uniform_positive_loo_fragility,{},202,uniform_positive_fragility,TA0011 - Command-and-Control,195
softmax_normalized_fragility_temp0.25,softmax_normalized_loo_fragility,"{""temperature"": 0.25}",202,all,TA0011 - Command-and-Control,195
softmax_normalized_fragility_temp0.25,softmax_normalized_loo_fragility,"{""temperature"": 0.25}",202,softmax_fragility,TA0011 - Command-and-Control,195
softmax_normalized_fragility_temp0.5,softmax_normalized_loo_fragility,"{""temperature"": 0.5}",202,all,TA0011 - Command-and-Control,195
softmax_normalized_fragility_temp0.5,softmax_normalized_loo_fragility,"{""temperature"": 0.5}",202,softmax_fragility,TA0011 - Command-and-Control,195
softmax_normalized_fragility_temp1.0,softmax_normalized_loo_fragility,"{""temperature"": 1.0}",202,all,TA0011 - Command-and-Control,195
softmax_normalized_fragility_temp1.0,softmax_normalized_loo_fragility,"{""temperature"": 1.0}",202,softmax_fragility,TA0011 - Command-and-Control,195
softmax_normalized_fragility_temp2.0,softmax_normalized_loo_fragility,"{""temperature"": 2.0}",202,all,TA0011 - Command-and-Control,195
softmax_normalized_fragility_temp2.0,softmax_normalized_loo_fragility,"{""temperature"": 2.0}",202,softmax_fragility,TA0011 - Command-and-Control,195
softmax_normalized_fragility_temp4.0,softmax_normalized_loo_fragility,"{""temperature"": 4.0}",202,all,TA0011 - Command-and-Control,195
softmax_normalized_fragility_temp4.0,softmax_normalized_loo_fragility,"{""temperature"": 4.0}",202,softmax_fragility,TA0011 - Command-and-Control,195
stochastic_normalized_fragility,stochastic_normalized_loo_fragility,{},303,all,T1036 - Defense Evasion: Masquerading,195
stochastic_normalized_fragility,stochastic_normalized_loo_fragility,{},303,stochastic_fragility,T1036 - Defense Evasion: Masquerading,195
uniform_positive_fragility,uniform_positive_loo_fragility,{},303,all,T1036 - Defense Evasion: Masquerading,195
uniform_positive_fragility,uniform_positive_loo_fragility,{},303,uniform_positive_fragility,T1036 - Defense Evasion: Masquerading,195
softmax_normalized_fragility_temp0.25,softmax_normalized_loo_fragility,"{""temperature"": 0.25}",303,all,T1036 - Defense Evasion: Masquerading,195
softmax_normalized_fragility_temp0.25,softmax_normalized_loo_fragility,"{""temperature"": 0.25}",303,softmax_fragility,T1036 - Defense Evasion: Masquerading,195
softmax_normalized_fragility_temp0.5,softmax_normalized_loo_fragility,"{""temperature"": 0.5}",303,all,T1036 - Defense Evasion: Masquerading,195
softmax_normalized_fragility_temp0.5,softmax_normalized_loo_fragility,"{""temperature"": 0.5}",303,softmax_fragility,T1036 - Defense Evasion: Masquerading,195
softmax_normalized_fragility_temp1.0,softmax_normalized_loo_fragility,"{""temperature"": 1.0}",303,all,T1036 - Defense Evasion: Masquerading,195
softmax_normalized_fragility_temp1.0,softmax_normalized_loo_fragility,"{""temperature"": 1.0}",303,softmax_fragility,T1036 - Defense Evasion: Masquerading,195
softmax_normalized_fragility_temp2.0,softmax_normalized_loo_fragility,"{""temperature"": 2.0}",303,all,T1036 - Defense Evasion: Masquerading,195
softmax_normalized_fragility_temp2.0,softmax_normalized_loo_fragility,"{""temperature"": 2.0}",303,softmax_fragility,T1036 - Defense Evasion: Masquerading,195
softmax_normalized_fragility_temp4.0,softmax_normalized_loo_fragility,"{""temperature"": 4.0}",303,all,T1036 - Defense Evasion: Masquerading,195
softmax_normalized_fragility_temp4.0,softmax_normalized_loo_fragility,"{""temperature"": 4.0}",303,softmax_fragility,T1036 - Defense Evasion: Masquerading,195
stochastic_normalized_fragility,stochastic_normalized_loo_fragility,{},303,all,T1498.001 - Impact: Direct Network Flood,195
stochastic_normalized_fragility,stochastic_normalized_loo_fragility,{},303,stochastic_fragility,T1498.001 - Impact: Direct Network Flood,195
uniform_positive_fragility,uniform_positive_loo_fragility,{},303,all,T1498.001 - Impact: Direct Network Flood,195
uniform_positive_fragility,uniform_positive_loo_fragility,{},303,uniform_positive_fragility,T1498.001 - Impact: Direct Network Flood,195
softmax_normalized_fragility_temp0.25,softmax_normalized_loo_fragility,"{""temperature"": 0.25}",303,all,T1498.001 - Impact: Direct Network Flood,195
softmax_normalized_fragility_temp0.25,softmax_normalized_loo_fragility,"{""temperature"": 0.25}",303,softmax_fragility,T1498.001 - Impact: Direct Network Flood,195
softmax_normalized_fragility_temp0.5,softmax_normalized_loo_fragility,"{""temperature"": 0.5}",303,all,T1498.001 - Impact: Direct Network Flood,195
softmax_normalized_fragility_temp0.5,softmax_normalized_loo_fragility,"{""temperature"": 0.5}",303,softmax_fragility,T1498.001 - Impact: Direct Network Flood,195
softmax_normalized_fragility_temp1.0,softmax_normalized_loo_fragility,"{""temperature"": 1.0}",303,all,T1498.001 - Impact: Direct Network Flood,195
softmax_normalized_fragility_temp1.0,softmax_normalized_loo_fragility,"{""temperature"": 1.0}",303,softmax_fragility,T1498.001 - Impact: Direct Network Flood,195
softmax_normalized_fragility_temp2.0,softmax_normalized_loo_fragility,"{""temperature"": 2.0}",303,all,T1498.001 - Impact: Direct Network Flood,195
softmax_normalized_fragility_temp2.0,softmax_normalized_loo_fragility,"{""temperature"": 2.0}",303,softmax_fragility,T1498.001 - Impact: Direct Network Flood,195
softmax_normalized_fragility_temp4.0,softmax_normalized_loo_fragility,"{""temperature"": 4.0}",303,all,T1498.001 - Impact: Direct Network Flood,195
softmax_normalized_fragility_temp4.0,softmax_normalized_loo_fragility,"{""temperature"": 4.0}",303,softmax_fragility,T1498.001 - Impact: Direct Network Flood,195
stochastic_normalized_fragility,stochastic_normalized_loo_fragility,{},303,all,T1498.002 - Impact: Reflection/Amplification Attack,195
stochastic_normalized_fragility,stochastic_normalized_loo_fragility,{},303,stochastic_fragility,T1498.002 - Impact: Reflection/Amplification Attack,195
uniform_positive_fragility,uniform_positive_loo_fragility,{},303,all,T1498.002 - Impact: Reflection/Amplification Attack,195
uniform_positive_fragility,uniform_positive_loo_fragility,{},303,uniform_positive_fragility,T1498.002 - Impact: Reflection/Amplification Attack,195
softmax_normalized_fragility_temp0.25,softmax_normalized_loo_fragility,"{""temperature"": 0.25}",303,all,T1498.002 - Impact: Reflection/Amplification Attack,195
softmax_normalized_fragility_temp0.25,softmax_normalized_loo_fragility,"{""temperature"": 0.25}",303,softmax_fragility,T1498.002 - Impact: Reflection/Amplification Attack,195
softmax_normalized_fragility_temp0.5,softmax_normalized_loo_fragility,"{""temperature"": 0.5}",303,all,T1498.002 - Impact: Reflection/Amplification Attack,195
softmax_normalized_fragility_temp0.5,softmax_normalized_loo_fragility,"{""temperature"": 0.5}",303,softmax_fragility,T1498.002 - Impact: Reflection/Amplification Attack,195
softmax_normalized_fragility_temp1.0,softmax_normalized_loo_fragility,"{""temperature"": 1.0}",303,all,T1498.002 - Impact: Reflection/Amplification Attack,195
softmax_normalized_fragility_temp1.0,softmax_normalized_loo_fragility,"{""temperature"": 1.0}",303,softmax_fragility,T1498.002 - Impact: Reflection/Amplification Attack,195
softmax_normalized_fragility_temp2.0,softmax_normalized_loo_fragility,"{""temperature"": 2.0}",303,all,T1498.002 - Impact: Reflection/Amplification Attack,195
softmax_normalized_fragility_temp2.0,softmax_normalized_loo_fragility,"{""temperature"": 2.0}",303,softmax_fragility,T1498.002 - Impact: Reflection/Amplification Attack,195
softmax_normalized_fragility_temp4.0,softmax_normalized_loo_fragility,"{""temperature"": 4.0}",303,all,T1498.002 - Impact: Reflection/Amplification Attack,195
softmax_normalized_fragility_temp4.0,softmax_normalized_loo_fragility,"{""temperature"": 4.0}",303,softmax_fragility,T1498.002 - Impact: Reflection/Amplification Attack,195
stochastic_normalized_fragility,stochastic_normalized_loo_fragility,{},303,all,T1571 - Defense Evasion: Non-Standard Port,195
stochastic_normalized_fragility,stochastic_normalized_loo_fragility,{},303,stochastic_fragility,T1571 - Defense Evasion: Non-Standard Port,195
uniform_positive_fragility,uniform_positive_loo_fragility,{},303,all,T1571 - Defense Evasion: Non-Standard Port,195
uniform_positive_fragility,uniform_positive_loo_fragility,{},303,uniform_positive_fragility,T1571 - Defense Evasion: Non-Standard Port,195
softmax_normalized_fragility_temp0.25,softmax_normalized_loo_fragility,"{""temperature"": 0.25}",303,all,T1571 - Defense Evasion: Non-Standard Port,195
softmax_normalized_fragility_temp0.25,softmax_normalized_loo_fragility,"{""temperature"": 0.25}",303,softmax_fragility,T1571 - Defense Evasion: Non-Standard Port,195
softmax_normalized_fragility_temp0.5,softmax_normalized_loo_fragility,"{""temperature"": 0.5}",303,all,T1571 - Defense Evasion: Non-Standard Port,195
softmax_normalized_fragility_temp0.5,softmax_normalized_loo_fragility,"{""temperature"": 0.5}",303,softmax_fragility,T1571 - Defense Evasion: Non-Standard Port,195
softmax_normalized_fragility_temp1.0,softmax_normalized_loo_fragility,"{""temperature"": 1.0}",303,all,T1571 - Defense Evasion: Non-Standard Port,195
softmax_normalized_fragility_temp1.0,softmax_normalized_loo_fragility,"{""temperature"": 1.0}",303,softmax_fragility,T1571 - Defense Evasion: Non-Standard Port,195
softmax_normalized_fragility_temp2.0,softmax_normalized_loo_fragility,"{""temperature"": 2.0}",303,all,T1571 - Defense Evasion: Non-Standard Port,195
softmax_normalized_fragility_temp2.0,softmax_normalized_loo_fragility,"{""temperature"": 2.0}",303,softmax_fragility,T1571 - Defense Evasion: Non-Standard Port,195
softmax_normalized_fragility_temp4.0,softmax_normalized_loo_fragility,"{""temperature"": 4.0}",303,all,T1571 - Defense Evasion: Non-Standard Port,195
softmax_normalized_fragility_temp4.0,softmax_normalized_loo_fragility,"{""temperature"": 4.0}",303,softmax_fragility,T1571 - Defense Evasion: Non-Standard Port,195
stochastic_normalized_fragility,stochastic_normalized_loo_fragility,{},303,all,T1583.005 - Resource Development: Acquire Botnet,195
stochastic_normalized_fragility,stochastic_normalized_loo_fragility,{},303,stochastic_fragility,T1583.005 - Resource Development: Acquire Botnet,195
uniform_positive_fragility,uniform_positive_loo_fragility,{},303,all,T1583.005 - Resource Development: Acquire Botnet,195
uniform_positive_fragility,uniform_positive_loo_fragility,{},303,uniform_positive_fragility,T1583.005 - Resource Development: Acquire Botnet,195
softmax_normalized_fragility_temp0.25,softmax_normalized_loo_fragility,"{""temperature"": 0.25}",303,all,T1583.005 - Resource Development: Acquire Botnet,195
softmax_normalized_fragility_temp0.25,softmax_normalized_loo_fragility,"{""temperature"": 0.25}",303,softmax_fragility,T1583.005 - Resource Development: Acquire Botnet,195
softmax_normalized_fragility_temp0.5,softmax_normalized_loo_fragility,"{""temperature"": 0.5}",303,all,T1583.005 - Resource Development: Acquire Botnet,195
softmax_normalized_fragility_temp0.5,softmax_normalized_loo_fragility,"{""temperature"": 0.5}",303,softmax_fragility,T1583.005 - Resource Development: Acquire Botnet,195
softmax_normalized_fragility_temp1.0,softmax_normalized_loo_fragility,"{""temperature"": 1.0}",303,all,T1583.005 - Resource Development: Acquire Botnet,195
softmax_normalized_fragility_temp1.0,softmax_normalized_loo_fragility,"{""temperature"": 1.0}",303,softmax_fragility,T1583.005 - Resource Development: Acquire Botnet,195
softmax_normalized_fragility_temp2.0,softmax_normalized_loo_fragility,"{""temperature"": 2.0}",303,all,T1583.005 - Resource Development: Acquire Botnet,195
softmax_normalized_fragility_temp2.0,softmax_normalized_loo_fragility,"{""temperature"": 2.0}",303,softmax_fragility,T1583.005 - Resource Development: Acquire Botnet,195
softmax_normalized_fragility_temp4.0,softmax_normalized_loo_fragility,"{""temperature"": 4.0}",303,all,T1583.005 - Resource Development: Acquire Botnet,195
softmax_normalized_fragility_temp4.0,softmax_normalized_loo_fragility,"{""temperature"": 4.0}",303,softmax_fragility,T1583.005 - Resource Development: Acquire Botnet,195
stochastic_normalized_fragility,stochastic_normalized_loo_fragility,{},303,all,T1584.005 - Resource Development: Build/Compromise Botnet,194
stochastic_normalized_fragility,stochastic_normalized_loo_fragility,{},303,stochastic_fragility,T1584.005 - Resource Development: Build/Compromise Botnet,194
uniform_positive_fragility,uniform_positive_loo_fragility,{},303,all,T1584.005 - Resource Development: Build/Compromise Botnet,194
uniform_positive_fragility,uniform_positive_loo_fragility,{},303,uniform_positive_fragility,T1584.005 - Resource Development: Build/Compromise Botnet,194
softmax_normalized_fragility_temp0.25,softmax_normalized_loo_fragility,"{""temperature"": 0.25}",303,all,T1584.005 - Resource Development: Build/Compromise Botnet,194
softmax_normalized_fragility_temp0.25,softmax_normalized_loo_fragility,"{""temperature"": 0.25}",303,softmax_fragility,T1584.005 - Resource Development: Build/Compromise Botnet,194
softmax_normalized_fragility_temp0.5,softmax_normalized_loo_fragility,"{""temperature"": 0.5}",303,all,T1584.005 - Resource Development: Build/Compromise Botnet,194
softmax_normalized_fragility_temp0.5,softmax_normalized_loo_fragility,"{""temperature"": 0.5}",303,softmax_fragility,T1584.005 - Resource Development: Build/Compromise Botnet,194
softmax_normalized_fragility_temp1.0,softmax_normalized_loo_fragility,"{""temperature"": 1.0}",303,all,T1584.005 - Resource Development: Build/Compromise Botnet,194
softmax_normalized_fragility_temp1.0,softmax_normalized_loo_fragility,"{""temperature"": 1.0}",303,softmax_fragility,T1584.005 - Resource Development: Build/Compromise Botnet,194
softmax_normalized_fragility_temp2.0,softmax_normalized_loo_fragility,"{""temperature"": 2.0}",303,all,T1584.005 - Resource Development: Build/Compromise Botnet,194
softmax_normalized_fragility_temp2.0,softmax_normalized_loo_fragility,"{""temperature"": 2.0}",303,softmax_fragility,T1584.005 - Resource Development: Build/Compromise Botnet,194
softmax_normalized_fragility_temp4.0,softmax_normalized_loo_fragility,"{""temperature"": 4.0}",303,all,T1584.005 - Resource Development: Build/Compromise Botnet,194
softmax_normalized_fragility_temp4.0,softmax_normalized_loo_fragility,"{""temperature"": 4.0}",303,softmax_fragility,T1584.005 - Resource Development: Build/Compromise Botnet,194
stochastic_normalized_fragility,stochastic_normalized_loo_fragility,{},303,all,T1590 - Reconnaissance: Gather Victim Network Information,194
stochastic_normalized_fragility,stochastic_normalized_loo_fragility,{},303,stochastic_fragility,T1590 - Reconnaissance: Gather Victim Network Information,194
uniform_positive_fragility,uniform_positive_loo_fragility,{},303,all,T1590 - Reconnaissance: Gather Victim Network Information,194
uniform_positive_fragility,uniform_positive_loo_fragility,{},303,uniform_positive_fragility,T1590 - Reconnaissance: Gather Victim Network Information,194
softmax_normalized_fragility_temp0.25,softmax_normalized_loo_fragility,"{""temperature"": 0.25}",303,all,T1590 - Reconnaissance: Gather Victim Network Information,194
softmax_normalized_fragility_temp0.25,softmax_normalized_loo_fragility,"{""temperature"": 0.25}",303,softmax_fragility,T1590 - Reconnaissance: Gather Victim Network Information,194
softmax_normalized_fragility_temp0.5,softmax_normalized_loo_fragility,"{""temperature"": 0.5}",303,all,T1590 - Reconnaissance: Gather Victim Network Information,194
softmax_normalized_fragility_temp0.5,softmax_normalized_loo_fragility,"{""temperature"": 0.5}",303,softmax_fragility,T1590 - Reconnaissance: Gather Victim Network Information,194
softmax_normalized_fragility_temp1.0,softmax_normalized_loo_fragility,"{""temperature"": 1.0}",303,all,T1590 - Reconnaissance: Gather Victim Network Information,194
softmax_normalized_fragility_temp1.0,softmax_normalized_loo_fragility,"{""temperature"": 1.0}",303,softmax_fragility,T1590 - Reconnaissance: Gather Victim Network Information,194
softmax_normalized_fragility_temp2.0,softmax_normalized_loo_fragility,"{""temperature"": 2.0}",303,all,T1590 - Reconnaissance: Gather Victim Network Information,194
softmax_normalized_fragility_temp2.0,softmax_normalized_loo_fragility,"{""temperature"": 2.0}",303,softmax_fragility,T1590 - Reconnaissance: Gather Victim Network Information,194
softmax_normalized_fragility_temp4.0,softmax_normalized_loo_fragility,"{""temperature"": 4.0}",303,all,T1590 - Reconnaissance: Gather Victim Network Information,194
softmax_normalized_fragility_temp4.0,softmax_normalized_loo_fragility,"{""temperature"": 4.0}",303,softmax_fragility,T1590 - Reconnaissance: Gather Victim Network Information,194
stochastic_normalized_fragility,stochastic_normalized_loo_fragility,{},303,all,T1595 - Reconnaissance: Active Scanning,195
stochastic_normalized_fragility,stochastic_normalized_loo_fragility,{},303,stochastic_fragility,T1595 - Reconnaissance: Active Scanning,195
uniform_positive_fragility,uniform_positive_loo_fragility,{},303,all,T1595 - Reconnaissance: Active Scanning,195
uniform_positive_fragility,uniform_positive_loo_fragility,{},303,uniform_positive_fragility,T1595 - Reconnaissance: Active Scanning,195
softmax_normalized_fragility_temp0.25,softmax_normalized_loo_fragility,"{""temperature"": 0.25}",303,all,T1595 - Reconnaissance: Active Scanning,195
softmax_normalized_fragility_temp0.25,softmax_normalized_loo_fragility,"{""temperature"": 0.25}",303,softmax_fragility,T1595 - Reconnaissance: Active Scanning,195
softmax_normalized_fragility_temp0.5,softmax_normalized_loo_fragility,"{""temperature"": 0.5}",303,all,T1595 - Reconnaissance: Active Scanning,195
softmax_normalized_fragility_temp0.5,softmax_normalized_loo_fragility,"{""temperature"": 0.5}",303,softmax_fragility,T1595 - Reconnaissance: Active Scanning,195
softmax_normalized_fragility_temp1.0,softmax_normalized_loo_fragility,"{""temperature"": 1.0}",303,all,T1595 - Reconnaissance: Active Scanning,195
softmax_normalized_fragility_temp1.0,softmax_normalized_loo_fragility,"{""temperature"": 1.0}",303,softmax_fragility,T1595 - Reconnaissance: Active Scanning,195
softmax_normalized_fragility_temp2.0,softmax_normalized_loo_fragility,"{""temperature"": 2.0}",303,all,T1595 - Reconnaissance: Active Scanning,195
softmax_normalized_fragility_temp2.0,softmax_normalized_loo_fragility,"{""temperature"": 2.0}",303,softmax_fragility,T1595 - Reconnaissance: Active Scanning,195
softmax_normalized_fragility_temp4.0,softmax_normalized_loo_fragility,"{""temperature"": 4.0}",303,all,T1595 - Reconnaissance: Active Scanning,195
softmax_normalized_fragility_temp4.0,softmax_normalized_loo_fragility,"{""temperature"": 4.0}",303,softmax_fragility,T1595 - Reconnaissance: Active Scanning,195
stochastic_normalized_fragility,stochastic_normalized_loo_fragility,{},303,all,TA0011 - Command-and-Control,195
stochastic_normalized_fragility,stochastic_normalized_loo_fragility,{},303,stochastic_fragility,TA0011 - Command-and-Control,195
uniform_positive_fragility,uniform_positive_loo_fragility,{},303,all,TA0011 - Command-and-Control,195
uniform_positive_fragility,uniform_positive_loo_fragility,{},303,uniform_positive_fragility,TA0011 - Command-and-Control,195
softmax_normalized_fragility_temp0.25,softmax_normalized_loo_fragility,"{""temperature"": 0.25}",303,all,TA0011 - Command-and-Control,195
softmax_normalized_fragility_temp0.25,softmax_normalized_loo_fragility,"{""temperature"": 0.25}",303,softmax_fragility,TA0011 - Command-and-Control,195
softmax_normalized_fragility_temp0.5,softmax_normalized_loo_fragility,"{""temperature"": 0.5}",303,all,TA0011 - Command-and-Control,195
softmax_normalized_fragility_temp0.5,softmax_normalized_loo_fragility,"{""temperature"": 0.5}",303,softmax_fragility,TA0011 - Command-and-Control,195
softmax_normalized_fragility_temp1.0,softmax_normalized_loo_fragility,"{""temperature"": 1.0}",303,all,TA0011 - Command-and-Control,195
softmax_normalized_fragility_temp1.0,softmax_normalized_loo_fragility,"{""temperature"": 1.0}",303,softmax_fragility,TA0011 - Command-and-Control,195
softmax_normalized_fragility_temp2.0,softmax_normalized_loo_fragility,"{""temperature"": 2.0}",303,all,TA0011 - Command-and-Control,195
softmax_normalized_fragility_temp2.0,softmax_normalized_loo_fragility,"{""temperature"": 2.0}",303,softmax_fragility,TA0011 - Command-and-Control,195
softmax_normalized_fragility_temp4.0,softmax_normalized_loo_fragility,"{""temperature"": 4.0}",303,all,TA0011 - Command-and-Control,195
softmax_normalized_fragility_temp4.0,softmax_normalized_loo_fragility,"{""temperature"": 4.0}",303,softmax_fragility,TA0011 - Command-and-Control,195
stochastic_normalized_fragility,stochastic_normalized_loo_fragility,{},404,all,T1036 - Defense Evasion: Masquerading,195
stochastic_normalized_fragility,stochastic_normalized_loo_fragility,{},404,stochastic_fragility,T1036 - Defense Evasion: Masquerading,195
uniform_positive_fragility,uniform_positive_loo_fragility,{},404,all,T1036 - Defense Evasion: Masquerading,195
uniform_positive_fragility,uniform_positive_loo_fragility,{},404,uniform_positive_fragility,T1036 - Defense Evasion: Masquerading,195
softmax_normalized_fragility_temp0.25,softmax_normalized_loo_fragility,"{""temperature"": 0.25}",404,all,T1036 - Defense Evasion: Masquerading,195
softmax_normalized_fragility_temp0.25,softmax_normalized_loo_fragility,"{""temperature"": 0.25}",404,softmax_fragility,T1036 - Defense Evasion: Masquerading,195
softmax_normalized_fragility_temp0.5,softmax_normalized_loo_fragility,"{""temperature"": 0.5}",404,all,T1036 - Defense Evasion: Masquerading,195
softmax_normalized_fragility_temp0.5,softmax_normalized_loo_fragility,"{""temperature"": 0.5}",404,softmax_fragility,T1036 - Defense Evasion: Masquerading,195
softmax_normalized_fragility_temp1.0,softmax_normalized_loo_fragility,"{""temperature"": 1.0}",404,all,T1036 - Defense Evasion: Masquerading,195
softmax_normalized_fragility_temp1.0,softmax_normalized_loo_fragility,"{""temperature"": 1.0}",404,softmax_fragility,T1036 - Defense Evasion: Masquerading,195
softmax_normalized_fragility_temp2.0,softmax_normalized_loo_fragility,"{""temperature"": 2.0}",404,all,T1036 - Defense Evasion: Masquerading,195
softmax_normalized_fragility_temp2.0,softmax_normalized_loo_fragility,"{""temperature"": 2.0}",404,softmax_fragility,T1036 - Defense Evasion: Masquerading,195
softmax_normalized_fragility_temp4.0,softmax_normalized_loo_fragility,"{""temperature"": 4.0}",404,all,T1036 - Defense Evasion: Masquerading,195
softmax_normalized_fragility_temp4.0,softmax_normalized_loo_fragility,"{""temperature"": 4.0}",404,softmax_fragility,T1036 - Defense Evasion: Masquerading,195
stochastic_normalized_fragility,stochastic_normalized_loo_fragility,{},404,all,T1498.001 - Impact: Direct Network Flood,195
stochastic_normalized_fragility,stochastic_normalized_loo_fragility,{},404,stochastic_fragility,T1498.001 - Impact: Direct Network Flood,195
uniform_positive_fragility,uniform_positive_loo_fragility,{},404,all,T1498.001 - Impact: Direct Network Flood,195
uniform_positive_fragility,uniform_positive_loo_fragility,{},404,uniform_positive_fragility,T1498.001 - Impact: Direct Network Flood,195
softmax_normalized_fragility_temp0.25,softmax_normalized_loo_fragility,"{""temperature"": 0.25}",404,all,T1498.001 - Impact: Direct Network Flood,195
softmax_normalized_fragility_temp0.25,softmax_normalized_loo_fragility,"{""temperature"": 0.25}",404,softmax_fragility,T1498.001 - Impact: Direct Network Flood,195
softmax_normalized_fragility_temp0.5,softmax_normalized_loo_fragility,"{""temperature"": 0.5}",404,all,T1498.001 - Impact: Direct Network Flood,195
softmax_normalized_fragility_temp0.5,softmax_normalized_loo_fragility,"{""temperature"": 0.5}",404,softmax_fragility,T1498.001 - Impact: Direct Network Flood,195
softmax_normalized_fragility_temp1.0,softmax_normalized_loo_fragility,"{""temperature"": 1.0}",404,all,T1498.001 - Impact: Direct Network Flood,195
softmax_normalized_fragility_temp1.0,softmax_normalized_loo_fragility,"{""temperature"": 1.0}",404,softmax_fragility,T1498.001 - Impact: Direct Network Flood,195
softmax_normalized_fragility_temp2.0,softmax_normalized_loo_fragility,"{""temperature"": 2.0}",404,all,T1498.001 - Impact: Direct Network Flood,195
softmax_normalized_fragility_temp2.0,softmax_normalized_loo_fragility,"{""temperature"": 2.0}",404,softmax_fragility,T1498.001 - Impact: Direct Network Flood,195
softmax_normalized_fragility_temp4.0,softmax_normalized_loo_fragility,"{""temperature"": 4.0}",404,all,T1498.001 - Impact: Direct Network Flood,195
softmax_normalized_fragility_temp4.0,softmax_normalized_loo_fragility,"{""temperature"": 4.0}",404,softmax_fragility,T1498.001 - Impact: Direct Network Flood,195
stochastic_normalized_fragility,stochastic_normalized_loo_fragility,{},404,all,T1498.002 - Impact: Reflection/Amplification Attack,195
stochastic_normalized_fragility,stochastic_normalized_loo_fragility,{},404,stochastic_fragility,T1498.002 - Impact: Reflection/Amplification Attack,195
uniform_positive_fragility,uniform_positive_loo_fragility,{},404,all,T1498.002 - Impact: Reflection/Amplification Attack,195
uniform_positive_fragility,uniform_positive_loo_fragility,{},404,uniform_positive_fragility,T1498.002 - Impact: Reflection/Amplification Attack,195
softmax_normalized_fragility_temp0.25,softmax_normalized_loo_fragility,"{""temperature"": 0.25}",404,all,T1498.002 - Impact: Reflection/Amplification Attack,195
softmax_normalized_fragility_temp0.25,softmax_normalized_loo_fragility,"{""temperature"": 0.25}",404,softmax_fragility,T1498.002 - Impact: Reflection/Amplification Attack,195
softmax_normalized_fragility_temp0.5,softmax_normalized_loo_fragility,"{""temperature"": 0.5}",404,all,T1498.002 - Impact: Reflection/Amplification Attack,195
softmax_normalized_fragility_temp0.5,softmax_normalized_loo_fragility,"{""temperature"": 0.5}",404,softmax_fragility,T1498.002 - Impact: Reflection/Amplification Attack,195
softmax_normalized_fragility_temp1.0,softmax_normalized_loo_fragility,"{""temperature"": 1.0}",404,all,T1498.002 - Impact: Reflection/Amplification Attack,195
softmax_normalized_fragility_temp1.0,softmax_normalized_loo_fragility,"{""temperature"": 1.0}",404,softmax_fragility,T1498.002 - Impact: Reflection/Amplification Attack,195
softmax_normalized_fragility_temp2.0,softmax_normalized_loo_fragility,"{""temperature"": 2.0}",404,all,T1498.002 - Impact: Reflection/Amplification Attack,195
softmax_normalized_fragility_temp2.0,softmax_normalized_loo_fragility,"{""temperature"": 2.0}",404,softmax_fragility,T1498.002 - Impact: Reflection/Amplification Attack,195
softmax_normalized_fragility_temp4.0,softmax_normalized_loo_fragility,"{""temperature"": 4.0}",404,all,T1498.002 - Impact: Reflection/Amplification Attack,195
softmax_normalized_fragility_temp4.0,softmax_normalized_loo_fragility,"{""temperature"": 4.0}",404,softmax_fragility,T1498.002 - Impact: Reflection/Amplification Attack,195
stochastic_normalized_fragility,stochastic_normalized_loo_fragility,{},404,all,T1571 - Defense Evasion: Non-Standard Port,195
stochastic_normalized_fragility,stochastic_normalized_loo_fragility,{},404,stochastic_fragility,T1571 - Defense Evasion: Non-Standard Port,195
uniform_positive_fragility,uniform_positive_loo_fragility,{},404,all,T1571 - Defense Evasion: Non-Standard Port,195
uniform_positive_fragility,uniform_positive_loo_fragility,{},404,uniform_positive_fragility,T1571 - Defense Evasion: Non-Standard Port,195
softmax_normalized_fragility_temp0.25,softmax_normalized_loo_fragility,"{""temperature"": 0.25}",404,all,T1571 - Defense Evasion: Non-Standard Port,195
softmax_normalized_fragility_temp0.25,softmax_normalized_loo_fragility,"{""temperature"": 0.25}",404,softmax_fragility,T1571 - Defense Evasion: Non-Standard Port,195
softmax_normalized_fragility_temp0.5,softmax_normalized_loo_fragility,"{""temperature"": 0.5}",404,all,T1571 - Defense Evasion: Non-Standard Port,195
softmax_normalized_fragility_temp0.5,softmax_normalized_loo_fragility,"{""temperature"": 0.5}",404,softmax_fragility,T1571 - Defense Evasion: Non-Standard Port,195
softmax_normalized_fragility_temp1.0,softmax_normalized_loo_fragility,"{""temperature"": 1.0}",404,all,T1571 - Defense Evasion: Non-Standard Port,195
softmax_normalized_fragility_temp1.0,softmax_normalized_loo_fragility,"{""temperature"": 1.0}",404,softmax_fragility,T1571 - Defense Evasion: Non-Standard Port,195
softmax_normalized_fragility_temp2.0,softmax_normalized_loo_fragility,"{""temperature"": 2.0}",404,all,T1571 - Defense Evasion: Non-Standard Port,195
softmax_normalized_fragility_temp2.0,softmax_normalized_loo_fragility,"{""temperature"": 2.0}",404,softmax_fragility,T1571 - Defense Evasion: Non-Standard Port,195
softmax_normalized_fragility_temp4.0,softmax_normalized_loo_fragility,"{""temperature"": 4.0}",404,all,T1571 - Defense Evasion: Non-Standard Port,195
softmax_normalized_fragility_temp4.0,softmax_normalized_loo_fragility,"{""temperature"": 4.0}",404,softmax_fragility,T1571 - Defense Evasion: Non-Standard Port,195
stochastic_normalized_fragility,stochastic_normalized_loo_fragility,{},404,all,T1583.005 - Resource Development: Acquire Botnet,195
stochastic_normalized_fragility,stochastic_normalized_loo_fragility,{},404,stochastic_fragility,T1583.005 - Resource Development: Acquire Botnet,195
uniform_positive_fragility,uniform_positive_loo_fragility,{},404,all,T1583.005 - Resource Development: Acquire Botnet,195
uniform_positive_fragility,uniform_positive_loo_fragility,{},404,uniform_positive_fragility,T1583.005 - Resource Development: Acquire Botnet,195
softmax_normalized_fragility_temp0.25,softmax_normalized_loo_fragility,"{""temperature"": 0.25}",404,all,T1583.005 - Resource Development: Acquire Botnet,195
softmax_normalized_fragility_temp0.25,softmax_normalized_loo_fragility,"{""temperature"": 0.25}",404,softmax_fragility,T1583.005 - Resource Development: Acquire Botnet,195
softmax_normalized_fragility_temp0.5,softmax_normalized_loo_fragility,"{""temperature"": 0.5}",404,all,T1583.005 - Resource Development: Acquire Botnet,195
softmax_normalized_fragility_temp0.5,softmax_normalized_loo_fragility,"{""temperature"": 0.5}",404,softmax_fragility,T1583.005 - Resource Development: Acquire Botnet,195
softmax_normalized_fragility_temp1.0,softmax_normalized_loo_fragility,"{""temperature"": 1.0}",404,all,T1583.005 - Resource Development: Acquire Botnet,195
softmax_normalized_fragility_temp1.0,softmax_normalized_loo_fragility,"{""temperature"": 1.0}",404,softmax_fragility,T1583.005 - Resource Development: Acquire Botnet,195
softmax_normalized_fragility_temp2.0,softmax_normalized_loo_fragility,"{""temperature"": 2.0}",404,all,T1583.005 - Resource Development: Acquire Botnet,195
softmax_normalized_fragility_temp2.0,softmax_normalized_loo_fragility,"{""temperature"": 2.0}",404,softmax_fragility,T1583.005 - Resource Development: Acquire Botnet,195
softmax_normalized_fragility_temp4.0,softmax_normalized_loo_fragility,"{""temperature"": 4.0}",404,all,T1583.005 - Resource Development: Acquire Botnet,195
softmax_normalized_fragility_temp4.0,softmax_normalized_loo_fragility,"{""temperature"": 4.0}",404,softmax_fragility,T1583.005 - Resource Development: Acquire Botnet,195
stochastic_normalized_fragility,stochastic_normalized_loo_fragility,{},404,all,T1584.005 - Resource Development: Build/Compromise Botnet,194
stochastic_normalized_fragility,stochastic_normalized_loo_fragility,{},404,stochastic_fragility,T1584.005 - Resource Development: Build/Compromise Botnet,194
uniform_positive_fragility,uniform_positive_loo_fragility,{},404,all,T1584.005 - Resource Development: Build/Compromise Botnet,194
uniform_positive_fragility,uniform_positive_loo_fragility,{},404,uniform_positive_fragility,T1584.005 - Resource Development: Build/Compromise Botnet,194
softmax_normalized_fragility_temp0.25,softmax_normalized_loo_fragility,"{""temperature"": 0.25}",404,all,T1584.005 - Resource Development: Build/Compromise Botnet,194
softmax_normalized_fragility_temp0.25,softmax_normalized_loo_fragility,"{""temperature"": 0.25}",404,softmax_fragility,T1584.005 - Resource Development: Build/Compromise Botnet,194
softmax_normalized_fragility_temp0.5,softmax_normalized_loo_fragility,"{""temperature"": 0.5}",404,all,T1584.005 - Resource Development: Build/Compromise Botnet,194
softmax_normalized_fragility_temp0.5,softmax_normalized_loo_fragility,"{""temperature"": 0.5}",404,softmax_fragility,T1584.005 - Resource Development: Build/Compromise Botnet,194
softmax_normalized_fragility_temp1.0,softmax_normalized_loo_fragility,"{""temperature"": 1.0}",404,all,T1584.005 - Resource Development: Build/Compromise Botnet,194
softmax_normalized_fragility_temp1.0,softmax_normalized_loo_fragility,"{""temperature"": 1.0}",404,softmax_fragility,T1584.005 - Resource Development: Build/Compromise Botnet,194
softmax_normalized_fragility_temp2.0,softmax_normalized_loo_fragility,"{""temperature"": 2.0}",404,all,T1584.005 - Resource Development: Build/Compromise Botnet,194
softmax_normalized_fragility_temp2.0,softmax_normalized_loo_fragility,"{""temperature"": 2.0}",404,softmax_fragility,T1584.005 - Resource Development: Build/Compromise Botnet,194
softmax_normalized_fragility_temp4.0,softmax_normalized_loo_fragility,"{""temperature"": 4.0}",404,all,T1584.005 - Resource Development: Build/Compromise Botnet,194
softmax_normalized_fragility_temp4.0,softmax_normalized_loo_fragility,"{""temperature"": 4.0}",404,softmax_fragility,T1584.005 - Resource Development: Build/Compromise Botnet,194
stochastic_normalized_fragility,stochastic_normalized_loo_fragility,{},404,all,T1590 - Reconnaissance: Gather Victim Network Information,194
stochastic_normalized_fragility,stochastic_normalized_loo_fragility,{},404,stochastic_fragility,T1590 - Reconnaissance: Gather Victim Network Information,194
uniform_positive_fragility,uniform_positive_loo_fragility,{},404,all,T1590 - Reconnaissance: Gather Victim Network Information,194
uniform_positive_fragility,uniform_positive_loo_fragility,{},404,uniform_positive_fragility,T1590 - Reconnaissance: Gather Victim Network Information,194
softmax_normalized_fragility_temp0.25,softmax_normalized_loo_fragility,"{""temperature"": 0.25}",404,all,T1590 - Reconnaissance: Gather Victim Network Information,194
softmax_normalized_fragility_temp0.25,softmax_normalized_loo_fragility,"{""temperature"": 0.25}",404,softmax_fragility,T1590 - Reconnaissance: Gather Victim Network Information,194
softmax_normalized_fragility_temp0.5,softmax_normalized_loo_fragility,"{""temperature"": 0.5}",404,all,T1590 - Reconnaissance: Gather Victim Network Information,194
softmax_normalized_fragility_temp0.5,softmax_normalized_loo_fragility,"{""temperature"": 0.5}",404,softmax_fragility,T1590 - Reconnaissance: Gather Victim Network Information,194
softmax_normalized_fragility_temp1.0,softmax_normalized_loo_fragility,"{""temperature"": 1.0}",404,all,T1590 - Reconnaissance: Gather Victim Network Information,194
softmax_normalized_fragility_temp1.0,softmax_normalized_loo_fragility,"{""temperature"": 1.0}",404,softmax_fragility,T1590 - Reconnaissance: Gather Victim Network Information,194
softmax_normalized_fragility_temp2.0,softmax_normalized_loo_fragility,"{""temperature"": 2.0}",404,all,T1590 - Reconnaissance: Gather Victim Network Information,194
softmax_normalized_fragility_temp2.0,softmax_normalized_loo_fragility,"{""temperature"": 2.0}",404,softmax_fragility,T1590 - Reconnaissance: Gather Victim Network Information,194
softmax_normalized_fragility_temp4.0,softmax_normalized_loo_fragility,"{""temperature"": 4.0}",404,all,T1590 - Reconnaissance: Gather Victim Network Information,194
softmax_normalized_fragility_temp4.0,softmax_normalized_loo_fragility,"{""temperature"": 4.0}",404,softmax_fragility,T1590 - Reconnaissance: Gather Victim Network Information,194
stochastic_normalized_fragility,stochastic_normalized_loo_fragility,{},404,all,T1595 - Reconnaissance: Active Scanning,195
stochastic_normalized_fragility,stochastic_normalized_loo_fragility,{},404,stochastic_fragility,T1595 - Reconnaissance: Active Scanning,195
uniform_positive_fragility,uniform_positive_loo_fragility,{},404,all,T1595 - Reconnaissance: Active Scanning,195
uniform_positive_fragility,uniform_positive_loo_fragility,{},404,uniform_positive_fragility,T1595 - Reconnaissance: Active Scanning,195
softmax_normalized_fragility_temp0.25,softmax_normalized_loo_fragility,"{""temperature"": 0.25}",404,all,T1595 - Reconnaissance: Active Scanning,195
softmax_normalized_fragility_temp0.25,softmax_normalized_loo_fragility,"{""temperature"": 0.25}",404,softmax_fragility,T1595 - Reconnaissance: Active Scanning,195
softmax_normalized_fragility_temp0.5,softmax_normalized_loo_fragility,"{""temperature"": 0.5}",404,all,T1595 - Reconnaissance: Active Scanning,195
softmax_normalized_fragility_temp0.5,softmax_normalized_loo_fragility,"{""temperature"": 0.5}",404,softmax_fragility,T1595 - Reconnaissance: Active Scanning,195
softmax_normalized_fragility_temp1.0,softmax_normalized_loo_fragility,"{""temperature"": 1.0}",404,all,T1595 - Reconnaissance: Active Scanning,195
softmax_normalized_fragility_temp1.0,softmax_normalized_loo_fragility,"{""temperature"": 1.0}",404,softmax_fragility,T1595 - Reconnaissance: Active Scanning,195
softmax_normalized_fragility_temp2.0,softmax_normalized_loo_fragility,"{""temperature"": 2.0}",404,all,T1595 - Reconnaissance: Active Scanning,195
softmax_normalized_fragility_temp2.0,softmax_normalized_loo_fragility,"{""temperature"": 2.0}",404,softmax_fragility,T1595 - Reconnaissance: Active Scanning,195
softmax_normalized_fragility_temp4.0,softmax_normalized_loo_fragility,"{""temperature"": 4.0}",404,all,T1595 - Reconnaissance: Active Scanning,195
softmax_normalized_fragility_temp4.0,softmax_normalized_loo_fragility,"{""temperature"": 4.0}",404,softmax_fragility,T1595 - Reconnaissance: Active Scanning,195
stochastic_normalized_fragility,stochastic_normalized_loo_fragility,{},404,all,TA0011 - Command-and-Control,195
stochastic_normalized_fragility,stochastic_normalized_loo_fragility,{},404,stochastic_fragility,TA0011 - Command-and-Control,195
uniform_positive_fragility,uniform_positive_loo_fragility,{},404,all,TA0011 - Command-and-Control,195
uniform_positive_fragility,uniform_positive_loo_fragility,{},404,uniform_positive_fragility,TA0011 - Command-and-Control,195
softmax_normalized_fragility_temp0.25,softmax_normalized_loo_fragility,"{""temperature"": 0.25}",404,all,TA0011 - Command-and-Control,195
softmax_normalized_fragility_temp0.25,softmax_normalized_loo_fragility,"{""temperature"": 0.25}",404,softmax_fragility,TA0011 - Command-and-Control,195
softmax_normalized_fragility_temp0.5,softmax_normalized_loo_fragility,"{""temperature"": 0.5}",404,all,TA0011 - Command-and-Control,195
softmax_normalized_fragility_temp0.5,softmax_normalized_loo_fragility,"{""temperature"": 0.5}",404,softmax_fragility,TA0011 - Command-and-Control,195
softmax_normalized_fragility_temp1.0,softmax_normalized_loo_fragility,"{""temperature"": 1.0}",404,all,TA0011 - Command-and-Control,195
softmax_normalized_fragility_temp1.0,softmax_normalized_loo_fragility,"{""temperature"": 1.0}",404,softmax_fragility,TA0011 - Command-and-Control,195
softmax_normalized_fragility_temp2.0,softmax_normalized_loo_fragility,"{""temperature"": 2.0}",404,all,TA0011 - Command-and-Control,195
softmax_normalized_fragility_temp2.0,softmax_normalized_loo_fragility,"{""temperature"": 2.0}",404,softmax_fragility,TA0011 - Command-and-Control,195
softmax_normalized_fragility_temp4.0,softmax_normalized_loo_fragility,"{""temperature"": 4.0}",404,all,TA0011 - Command-and-Control,195
softmax_normalized_fragility_temp4.0,softmax_normalized_loo_fragility,"{""temperature"": 4.0}",404,softmax_fragility,TA0011 - Command-and-Control,195
stochastic_normalized_fragility,stochastic_normalized_loo_fragility,{},505,all,T1036 - Defense Evasion: Masquerading,195
stochastic_normalized_fragility,stochastic_normalized_loo_fragility,{},505,stochastic_fragility,T1036 - Defense Evasion: Masquerading,195
uniform_positive_fragility,uniform_positive_loo_fragility,{},505,all,T1036 - Defense Evasion: Masquerading,195
uniform_positive_fragility,uniform_positive_loo_fragility,{},505,uniform_positive_fragility,T1036 - Defense Evasion: Masquerading,195
softmax_normalized_fragility_temp0.25,softmax_normalized_loo_fragility,"{""temperature"": 0.25}",505,all,T1036 - Defense Evasion: Masquerading,195
softmax_normalized_fragility_temp0.25,softmax_normalized_loo_fragility,"{""temperature"": 0.25}",505,softmax_fragility,T1036 - Defense Evasion: Masquerading,195
softmax_normalized_fragility_temp0.5,softmax_normalized_loo_fragility,"{""temperature"": 0.5}",505,all,T1036 - Defense Evasion: Masquerading,195
softmax_normalized_fragility_temp0.5,softmax_normalized_loo_fragility,"{""temperature"": 0.5}",505,softmax_fragility,T1036 - Defense Evasion: Masquerading,195
softmax_normalized_fragility_temp1.0,softmax_normalized_loo_fragility,"{""temperature"": 1.0}",505,all,T1036 - Defense Evasion: Masquerading,195
softmax_normalized_fragility_temp1.0,softmax_normalized_loo_fragility,"{""temperature"": 1.0}",505,softmax_fragility,T1036 - Defense Evasion: Masquerading,195
softmax_normalized_fragility_temp2.0,softmax_normalized_loo_fragility,"{""temperature"": 2.0}",505,all,T1036 - Defense Evasion: Masquerading,195
softmax_normalized_fragility_temp2.0,softmax_normalized_loo_fragility,"{""temperature"": 2.0}",505,softmax_fragility,T1036 - Defense Evasion: Masquerading,195
softmax_normalized_fragility_temp4.0,softmax_normalized_loo_fragility,"{""temperature"": 4.0}",505,all,T1036 - Defense Evasion: Masquerading,195
softmax_normalized_fragility_temp4.0,softmax_normalized_loo_fragility,"{""temperature"": 4.0}",505,softmax_fragility,T1036 - Defense Evasion: Masquerading,195
stochastic_normalized_fragility,stochastic_normalized_loo_fragility,{},505,all,T1498.001 - Impact: Direct Network Flood,195
stochastic_normalized_fragility,stochastic_normalized_loo_fragility,{},505,stochastic_fragility,T1498.001 - Impact: Direct Network Flood,195
uniform_positive_fragility,uniform_positive_loo_fragility,{},505,all,T1498.001 - Impact: Direct Network Flood,195
uniform_positive_fragility,uniform_positive_loo_fragility,{},505,uniform_positive_fragility,T1498.001 - Impact: Direct Network Flood,195
softmax_normalized_fragility_temp0.25,softmax_normalized_loo_fragility,"{""temperature"": 0.25}",505,all,T1498.001 - Impact: Direct Network Flood,195
softmax_normalized_fragility_temp0.25,softmax_normalized_loo_fragility,"{""temperature"": 0.25}",505,softmax_fragility,T1498.001 - Impact: Direct Network Flood,195
softmax_normalized_fragility_temp0.5,softmax_normalized_loo_fragility,"{""temperature"": 0.5}",505,all,T1498.001 - Impact: Direct Network Flood,195
softmax_normalized_fragility_temp0.5,softmax_normalized_loo_fragility,"{""temperature"": 0.5}",505,softmax_fragility,T1498.001 - Impact: Direct Network Flood,195
softmax_normalized_fragility_temp1.0,softmax_normalized_loo_fragility,"{""temperature"": 1.0}",505,all,T1498.001 - Impact: Direct Network Flood,195
softmax_normalized_fragility_temp1.0,softmax_normalized_loo_fragility,"{""temperature"": 1.0}",505,softmax_fragility,T1498.001 - Impact: Direct Network Flood,195
softmax_normalized_fragility_temp2.0,softmax_normalized_loo_fragility,"{""temperature"": 2.0}",505,all,T1498.001 - Impact: Direct Network Flood,195
softmax_normalized_fragility_temp2.0,softmax_normalized_loo_fragility,"{""temperature"": 2.0}",505,softmax_fragility,T1498.001 - Impact: Direct Network Flood,195
softmax_normalized_fragility_temp4.0,softmax_normalized_loo_fragility,"{""temperature"": 4.0}",505,all,T1498.001 - Impact: Direct Network Flood,195
softmax_normalized_fragility_temp4.0,softmax_normalized_loo_fragility,"{""temperature"": 4.0}",505,softmax_fragility,T1498.001 - Impact: Direct Network Flood,195
stochastic_normalized_fragility,stochastic_normalized_loo_fragility,{},505,all,T1498.002 - Impact: Reflection/Amplification Attack,195
stochastic_normalized_fragility,stochastic_normalized_loo_fragility,{},505,stochastic_fragility,T1498.002 - Impact: Reflection/Amplification Attack,195
uniform_positive_fragility,uniform_positive_loo_fragility,{},505,all,T1498.002 - Impact: Reflection/Amplification Attack,195
uniform_positive_fragility,uniform_positive_loo_fragility,{},505,uniform_positive_fragility,T1498.002 - Impact: Reflection/Amplification Attack,195
softmax_normalized_fragility_temp0.25,softmax_normalized_loo_fragility,"{""temperature"": 0.25}",505,all,T1498.002 - Impact: Reflection/Amplification Attack,195
softmax_normalized_fragility_temp0.25,softmax_normalized_loo_fragility,"{""temperature"": 0.25}",505,softmax_fragility,T1498.002 - Impact: Reflection/Amplification Attack,195
softmax_normalized_fragility_temp0.5,softmax_normalized_loo_fragility,"{""temperature"": 0.5}",505,all,T1498.002 - Impact: Reflection/Amplification Attack,195
softmax_normalized_fragility_temp0.5,softmax_normalized_loo_fragility,"{""temperature"": 0.5}",505,softmax_fragility,T1498.002 - Impact: Reflection/Amplification Attack,195
softmax_normalized_fragility_temp1.0,softmax_normalized_loo_fragility,"{""temperature"": 1.0}",505,all,T1498.002 - Impact: Reflection/Amplification Attack,195
softmax_normalized_fragility_temp1.0,softmax_normalized_loo_fragility,"{""temperature"": 1.0}",505,softmax_fragility,T1498.002 - Impact: Reflection/Amplification Attack,195
softmax_normalized_fragility_temp2.0,softmax_normalized_loo_fragility,"{""temperature"": 2.0}",505,all,T1498.002 - Impact: Reflection/Amplification Attack,195
softmax_normalized_fragility_temp2.0,softmax_normalized_loo_fragility,"{""temperature"": 2.0}",505,softmax_fragility,T1498.002 - Impact: Reflection/Amplification Attack,195
softmax_normalized_fragility_temp4.0,softmax_normalized_loo_fragility,"{""temperature"": 4.0}",505,all,T1498.002 - Impact: Reflection/Amplification Attack,195
softmax_normalized_fragility_temp4.0,softmax_normalized_loo_fragility,"{""temperature"": 4.0}",505,softmax_fragility,T1498.002 - Impact: Reflection/Amplification Attack,195
stochastic_normalized_fragility,stochastic_normalized_loo_fragility,{},505,all,T1571 - Defense Evasion: Non-Standard Port,195
stochastic_normalized_fragility,stochastic_normalized_loo_fragility,{},505,stochastic_fragility,T1571 - Defense Evasion: Non-Standard Port,195
uniform_positive_fragility,uniform_positive_loo_fragility,{},505,all,T1571 - Defense Evasion: Non-Standard Port,195
uniform_positive_fragility,uniform_positive_loo_fragility,{},505,uniform_positive_fragility,T1571 - Defense Evasion: Non-Standard Port,195
softmax_normalized_fragility_temp0.25,softmax_normalized_loo_fragility,"{""temperature"": 0.25}",505,all,T1571 - Defense Evasion: Non-Standard Port,195
softmax_normalized_fragility_temp0.25,softmax_normalized_loo_fragility,"{""temperature"": 0.25}",505,softmax_fragility,T1571 - Defense Evasion: Non-Standard Port,195
softmax_normalized_fragility_temp0.5,softmax_normalized_loo_fragility,"{""temperature"": 0.5}",505,all,T1571 - Defense Evasion: Non-Standard Port,195
softmax_normalized_fragility_temp0.5,softmax_normalized_loo_fragility,"{""temperature"": 0.5}",505,softmax_fragility,T1571 - Defense Evasion: Non-Standard Port,195
softmax_normalized_fragility_temp1.0,softmax_normalized_loo_fragility,"{""temperature"": 1.0}",505,all,T1571 - Defense Evasion: Non-Standard Port,195
softmax_normalized_fragility_temp1.0,softmax_normalized_loo_fragility,"{""temperature"": 1.0}",505,softmax_fragility,T1571 - Defense Evasion: Non-Standard Port,195
softmax_normalized_fragility_temp2.0,softmax_normalized_loo_fragility,"{""temperature"": 2.0}",505,all,T1571 - Defense Evasion: Non-Standard Port,195
softmax_normalized_fragility_temp2.0,softmax_normalized_loo_fragility,"{""temperature"": 2.0}",505,softmax_fragility,T1571 - Defense Evasion: Non-Standard Port,195
softmax_normalized_fragility_temp4.0,softmax_normalized_loo_fragility,"{""temperature"": 4.0}",505,all,T1571 - Defense Evasion: Non-Standard Port,195
softmax_normalized_fragility_temp4.0,softmax_normalized_loo_fragility,"{""temperature"": 4.0}",505,softmax_fragility,T1571 - Defense Evasion: Non-Standard Port,195
stochastic_normalized_fragility,stochastic_normalized_loo_fragility,{},505,all,T1583.005 - Resource Development: Acquire Botnet,195
stochastic_normalized_fragility,stochastic_normalized_loo_fragility,{},505,stochastic_fragility,T1583.005 - Resource Development: Acquire Botnet,195
uniform_positive_fragility,uniform_positive_loo_fragility,{},505,all,T1583.005 - Resource Development: Acquire Botnet,195
uniform_positive_fragility,uniform_positive_loo_fragility,{},505,uniform_positive_fragility,T1583.005 - Resource Development: Acquire Botnet,195
softmax_normalized_fragility_temp0.25,softmax_normalized_loo_fragility,"{""temperature"": 0.25}",505,all,T1583.005 - Resource Development: Acquire Botnet,195
softmax_normalized_fragility_temp0.25,softmax_normalized_loo_fragility,"{""temperature"": 0.25}",505,softmax_fragility,T1583.005 - Resource Development: Acquire Botnet,195
softmax_normalized_fragility_temp0.5,softmax_normalized_loo_fragility,"{""temperature"": 0.5}",505,all,T1583.005 - Resource Development: Acquire Botnet,195
softmax_normalized_fragility_temp0.5,softmax_normalized_loo_fragility,"{""temperature"": 0.5}",505,softmax_fragility,T1583.005 - Resource Development: Acquire Botnet,195
softmax_normalized_fragility_temp1.0,softmax_normalized_loo_fragility,"{""temperature"": 1.0}",505,all,T1583.005 - Resource Development: Acquire Botnet,195
softmax_normalized_fragility_temp1.0,softmax_normalized_loo_fragility,"{""temperature"": 1.0}",505,softmax_fragility,T1583.005 - Resource Development: Acquire Botnet,195
softmax_normalized_fragility_temp2.0,softmax_normalized_loo_fragility,"{""temperature"": 2.0}",505,all,T1583.005 - Resource Development: Acquire Botnet,195
softmax_normalized_fragility_temp2.0,softmax_normalized_loo_fragility,"{""temperature"": 2.0}",505,softmax_fragility,T1583.005 - Resource Development: Acquire Botnet,195
softmax_normalized_fragility_temp4.0,softmax_normalized_loo_fragility,"{""temperature"": 4.0}",505,all,T1583.005 - Resource Development: Acquire Botnet,195
softmax_normalized_fragility_temp4.0,softmax_normalized_loo_fragility,"{""temperature"": 4.0}",505,softmax_fragility,T1583.005 - Resource Development: Acquire Botnet,195
stochastic_normalized_fragility,stochastic_normalized_loo_fragility,{},505,all,T1584.005 - Resource Development: Build/Compromise Botnet,194
stochastic_normalized_fragility,stochastic_normalized_loo_fragility,{},505,stochastic_fragility,T1584.005 - Resource Development: Build/Compromise Botnet,194
uniform_positive_fragility,uniform_positive_loo_fragility,{},505,all,T1584.005 - Resource Development: Build/Compromise Botnet,194
uniform_positive_fragility,uniform_positive_loo_fragility,{},505,uniform_positive_fragility,T1584.005 - Resource Development: Build/Compromise Botnet,194
softmax_normalized_fragility_temp0.25,softmax_normalized_loo_fragility,"{""temperature"": 0.25}",505,all,T1584.005 - Resource Development: Build/Compromise Botnet,194
softmax_normalized_fragility_temp0.25,softmax_normalized_loo_fragility,"{""temperature"": 0.25}",505,softmax_fragility,T1584.005 - Resource Development: Build/Compromise Botnet,194
softmax_normalized_fragility_temp0.5,softmax_normalized_loo_fragility,"{""temperature"": 0.5}",505,all,T1584.005 - Resource Development: Build/Compromise Botnet,194
softmax_normalized_fragility_temp0.5,softmax_normalized_loo_fragility,"{""temperature"": 0.5}",505,softmax_fragility,T1584.005 - Resource Development: Build/Compromise Botnet,194
softmax_normalized_fragility_temp1.0,softmax_normalized_loo_fragility,"{""temperature"": 1.0}",505,all,T1584.005 - Resource Development: Build/Compromise Botnet,194
softmax_normalized_fragility_temp1.0,softmax_normalized_loo_fragility,"{""temperature"": 1.0}",505,softmax_fragility,T1584.005 - Resource Development: Build/Compromise Botnet,194
softmax_normalized_fragility_temp2.0,softmax_normalized_loo_fragility,"{""temperature"": 2.0}",505,all,T1584.005 - Resource Development: Build/Compromise Botnet,194
softmax_normalized_fragility_temp2.0,softmax_normalized_loo_fragility,"{""temperature"": 2.0}",505,softmax_fragility,T1584.005 - Resource Development: Build/Compromise Botnet,194
softmax_normalized_fragility_temp4.0,softmax_normalized_loo_fragility,"{""temperature"": 4.0}",505,all,T1584.005 - Resource Development: Build/Compromise Botnet,194
softmax_normalized_fragility_temp4.0,softmax_normalized_loo_fragility,"{""temperature"": 4.0}",505,softmax_fragility,T1584.005 - Resource Development: Build/Compromise Botnet,194
stochastic_normalized_fragility,stochastic_normalized_loo_fragility,{},505,all,T1590 - Reconnaissance: Gather Victim Network Information,194
stochastic_normalized_fragility,stochastic_normalized_loo_fragility,{},505,stochastic_fragility,T1590 - Reconnaissance: Gather Victim Network Information,194
uniform_positive_fragility,uniform_positive_loo_fragility,{},505,all,T1590 - Reconnaissance: Gather Victim Network Information,194
uniform_positive_fragility,uniform_positive_loo_fragility,{},505,uniform_positive_fragility,T1590 - Reconnaissance: Gather Victim Network Information,194
softmax_normalized_fragility_temp0.25,softmax_normalized_loo_fragility,"{""temperature"": 0.25}",505,all,T1590 - Reconnaissance: Gather Victim Network Information,194
softmax_normalized_fragility_temp0.25,softmax_normalized_loo_fragility,"{""temperature"": 0.25}",505,softmax_fragility,T1590 - Reconnaissance: Gather Victim Network Information,194
softmax_normalized_fragility_temp0.5,softmax_normalized_loo_fragility,"{""temperature"": 0.5}",505,all,T1590 - Reconnaissance: Gather Victim Network Information,194
softmax_normalized_fragility_temp0.5,softmax_normalized_loo_fragility,"{""temperature"": 0.5}",505,softmax_fragility,T1590 - Reconnaissance: Gather Victim Network Information,194
softmax_normalized_fragility_temp1.0,softmax_normalized_loo_fragility,"{""temperature"": 1.0}",505,all,T1590 - Reconnaissance: Gather Victim Network Information,194
softmax_normalized_fragility_temp1.0,softmax_normalized_loo_fragility,"{""temperature"": 1.0}",505,softmax_fragility,T1590 - Reconnaissance: Gather Victim Network Information,194
softmax_normalized_fragility_temp2.0,softmax_normalized_loo_fragility,"{""temperature"": 2.0}",505,all,T1590 - Reconnaissance: Gather Victim Network Information,194
softmax_normalized_fragility_temp2.0,softmax_normalized_loo_fragility,"{""temperature"": 2.0}",505,softmax_fragility,T1590 - Reconnaissance: Gather Victim Network Information,194
softmax_normalized_fragility_temp4.0,softmax_normalized_loo_fragility,"{""temperature"": 4.0}",505,all,T1590 - Reconnaissance: Gather Victim Network Information,194
softmax_normalized_fragility_temp4.0,softmax_normalized_loo_fragility,"{""temperature"": 4.0}",505,softmax_fragility,T1590 - Reconnaissance: Gather Victim Network Information,194
stochastic_normalized_fragility,stochastic_normalized_loo_fragility,{},505,all,T1595 - Reconnaissance: Active Scanning,195
stochastic_normalized_fragility,stochastic_normalized_loo_fragility,{},505,stochastic_fragility,T1595 - Reconnaissance: Active Scanning,195
uniform_positive_fragility,uniform_positive_loo_fragility,{},505,all,T1595 - Reconnaissance: Active Scanning,195
uniform_positive_fragility,uniform_positive_loo_fragility,{},505,uniform_positive_fragility,T1595 - Reconnaissance: Active Scanning,195
softmax_normalized_fragility_temp0.25,softmax_normalized_loo_fragility,"{""temperature"": 0.25}",505,all,T1595 - Reconnaissance: Active Scanning,195
softmax_normalized_fragility_temp0.25,softmax_normalized_loo_fragility,"{""temperature"": 0.25}",505,softmax_fragility,T1595 - Reconnaissance: Active Scanning,195
softmax_normalized_fragility_temp0.5,softmax_normalized_loo_fragility,"{""temperature"": 0.5}",505,all,T1595 - Reconnaissance: Active Scanning,195
softmax_normalized_fragility_temp0.5,softmax_normalized_loo_fragility,"{""temperature"": 0.5}",505,softmax_fragility,T1595 - Reconnaissance: Active Scanning,195
softmax_normalized_fragility_temp1.0,softmax_normalized_loo_fragility,"{""temperature"": 1.0}",505,all,T1595 - Reconnaissance: Active Scanning,195
softmax_normalized_fragility_temp1.0,softmax_normalized_loo_fragility,"{""temperature"": 1.0}",505,softmax_fragility,T1595 - Reconnaissance: Active Scanning,195
softmax_normalized_fragility_temp2.0,softmax_normalized_loo_fragility,"{""temperature"": 2.0}",505,all,T1595 - Reconnaissance: Active Scanning,195
softmax_normalized_fragility_temp2.0,softmax_normalized_loo_fragility,"{""temperature"": 2.0}",505,softmax_fragility,T1595 - Reconnaissance: Active Scanning,195
softmax_normalized_fragility_temp4.0,softmax_normalized_loo_fragility,"{""temperature"": 4.0}",505,all,T1595 - Reconnaissance: Active Scanning,195
softmax_normalized_fragility_temp4.0,softmax_normalized_loo_fragility,"{""temperature"": 4.0}",505,softmax_fragility,T1595 - Reconnaissance: Active Scanning,195
stochastic_normalized_fragility,stochastic_normalized_loo_fragility,{},505,all,TA0011 - Command-and-Control,195
stochastic_normalized_fragility,stochastic_normalized_loo_fragility,{},505,stochastic_fragility,TA0011 - Command-and-Control,195
uniform_positive_fragility,uniform_positive_loo_fragility,{},505,all,TA0011 - Command-and-Control,195
uniform_positive_fragility,uniform_positive_loo_fragility,{},505,uniform_positive_fragility,TA0011 - Command-and-Control,195
softmax_normalized_fragility_temp0.25,softmax_normalized_loo_fragility,"{""temperature"": 0.25}",505,all,TA0011 - Command-and-Control,195
softmax_normalized_fragility_temp0.25,softmax_normalized_loo_fragility,"{""temperature"": 0.25}",505,softmax_fragility,TA0011 - Command-and-Control,195
softmax_normalized_fragility_temp0.5,softmax_normalized_loo_fragility,"{""temperature"": 0.5}",505,all,TA0011 - Command-and-Control,195
softmax_normalized_fragility_temp0.5,softmax_normalized_loo_fragility,"{""temperature"": 0.5}",505,softmax_fragility,TA0011 - Command-and-Control,195
softmax_normalized_fragility_temp1.0,softmax_normalized_loo_fragility,"{""temperature"": 1.0}",505,all,TA0011 - Command-and-Control,195
softmax_normalized_fragility_temp1.0,softmax_normalized_loo_fragility,"{""temperature"": 1.0}",505,softmax_fragility,TA0011 - Command-and-Control,195
softmax_normalized_fragility_temp2.0,softmax_normalized_loo_fragility,"{""temperature"": 2.0}",505,all,TA0011 - Command-and-Control,195
softmax_normalized_fragility_temp2.0,softmax_normalized_loo_fragility,"{""temperature"": 2.0}",505,softmax_fragility,TA0011 - Command-and-Control,195
softmax_normalized_fragility_temp4.0,softmax_normalized_loo_fragility,"{""temperature"": 4.0}",505,all,TA0011 - Command-and-Control,195
softmax_normalized_fragility_temp4.0,softmax_normalized_loo_fragility,"{""temperature"": 4.0}",505,softmax_fragility,TA0011 - Command-and-Control,195
stochastic_normalized_fragility,stochastic_normalized_loo_fragility,{},606,all,T1036 - Defense Evasion: Masquerading,195
stochastic_normalized_fragility,stochastic_normalized_loo_fragility,{},606,stochastic_fragility,T1036 - Defense Evasion: Masquerading,195
uniform_positive_fragility,uniform_positive_loo_fragility,{},606,all,T1036 - Defense Evasion: Masquerading,195
uniform_positive_fragility,uniform_positive_loo_fragility,{},606,uniform_positive_fragility,T1036 - Defense Evasion: Masquerading,195
softmax_normalized_fragility_temp0.25,softmax_normalized_loo_fragility,"{""temperature"": 0.25}",606,all,T1036 - Defense Evasion: Masquerading,195
softmax_normalized_fragility_temp0.25,softmax_normalized_loo_fragility,"{""temperature"": 0.25}",606,softmax_fragility,T1036 - Defense Evasion: Masquerading,195
softmax_normalized_fragility_temp0.5,softmax_normalized_loo_fragility,"{""temperature"": 0.5}",606,all,T1036 - Defense Evasion: Masquerading,195
softmax_normalized_fragility_temp0.5,softmax_normalized_loo_fragility,"{""temperature"": 0.5}",606,softmax_fragility,T1036 - Defense Evasion: Masquerading,195
softmax_normalized_fragility_temp1.0,softmax_normalized_loo_fragility,"{""temperature"": 1.0}",606,all,T1036 - Defense Evasion: Masquerading,195
softmax_normalized_fragility_temp1.0,softmax_normalized_loo_fragility,"{""temperature"": 1.0}",606,softmax_fragility,T1036 - Defense Evasion: Masquerading,195
softmax_normalized_fragility_temp2.0,softmax_normalized_loo_fragility,"{""temperature"": 2.0}",606,all,T1036 - Defense Evasion: Masquerading,195
softmax_normalized_fragility_temp2.0,softmax_normalized_loo_fragility,"{""temperature"": 2.0}",606,softmax_fragility,T1036 - Defense Evasion: Masquerading,195
softmax_normalized_fragility_temp4.0,softmax_normalized_loo_fragility,"{""temperature"": 4.0}",606,all,T1036 - Defense Evasion: Masquerading,195
softmax_normalized_fragility_temp4.0,softmax_normalized_loo_fragility,"{""temperature"": 4.0}",606,softmax_fragility,T1036 - Defense Evasion: Masquerading,195
stochastic_normalized_fragility,stochastic_normalized_loo_fragility,{},606,all,T1498.001 - Impact: Direct Network Flood,195
stochastic_normalized_fragility,stochastic_normalized_loo_fragility,{},606,stochastic_fragility,T1498.001 - Impact: Direct Network Flood,195
uniform_positive_fragility,uniform_positive_loo_fragility,{},606,all,T1498.001 - Impact: Direct Network Flood,195
uniform_positive_fragility,uniform_positive_loo_fragility,{},606,uniform_positive_fragility,T1498.001 - Impact: Direct Network Flood,195
softmax_normalized_fragility_temp0.25,softmax_normalized_loo_fragility,"{""temperature"": 0.25}",606,all,T1498.001 - Impact: Direct Network Flood,195
softmax_normalized_fragility_temp0.25,softmax_normalized_loo_fragility,"{""temperature"": 0.25}",606,softmax_fragility,T1498.001 - Impact: Direct Network Flood,195
softmax_normalized_fragility_temp0.5,softmax_normalized_loo_fragility,"{""temperature"": 0.5}",606,all,T1498.001 - Impact: Direct Network Flood,195
softmax_normalized_fragility_temp0.5,softmax_normalized_loo_fragility,"{""temperature"": 0.5}",606,softmax_fragility,T1498.001 - Impact: Direct Network Flood,195
softmax_normalized_fragility_temp1.0,softmax_normalized_loo_fragility,"{""temperature"": 1.0}",606,all,T1498.001 - Impact: Direct Network Flood,195
softmax_normalized_fragility_temp1.0,softmax_normalized_loo_fragility,"{""temperature"": 1.0}",606,softmax_fragility,T1498.001 - Impact: Direct Network Flood,195
softmax_normalized_fragility_temp2.0,softmax_normalized_loo_fragility,"{""temperature"": 2.0}",606,all,T1498.001 - Impact: Direct Network Flood,195
softmax_normalized_fragility_temp2.0,softmax_normalized_loo_fragility,"{""temperature"": 2.0}",606,softmax_fragility,T1498.001 - Impact: Direct Network Flood,195
softmax_normalized_fragility_temp4.0,softmax_normalized_loo_fragility,"{""temperature"": 4.0}",606,all,T1498.001 - Impact: Direct Network Flood,195
softmax_normalized_fragility_temp4.0,softmax_normalized_loo_fragility,"{""temperature"": 4.0}",606,softmax_fragility,T1498.001 - Impact: Direct Network Flood,195
stochastic_normalized_fragility,stochastic_normalized_loo_fragility,{},606,all,T1498.002 - Impact: Reflection/Amplification Attack,195
stochastic_normalized_fragility,stochastic_normalized_loo_fragility,{},606,stochastic_fragility,T1498.002 - Impact: Reflection/Amplification Attack,195
uniform_positive_fragility,uniform_positive_loo_fragility,{},606,all,T1498.002 - Impact: Reflection/Amplification Attack,195
uniform_positive_fragility,uniform_positive_loo_fragility,{},606,uniform_positive_fragility,T1498.002 - Impact: Reflection/Amplification Attack,195
softmax_normalized_fragility_temp0.25,softmax_normalized_loo_fragility,"{""temperature"": 0.25}",606,all,T1498.002 - Impact: Reflection/Amplification Attack,195
softmax_normalized_fragility_temp0.25,softmax_normalized_loo_fragility,"{""temperature"": 0.25}",606,softmax_fragility,T1498.002 - Impact: Reflection/Amplification Attack,195
softmax_normalized_fragility_temp0.5,softmax_normalized_loo_fragility,"{""temperature"": 0.5}",606,all,T1498.002 - Impact: Reflection/Amplification Attack,195
softmax_normalized_fragility_temp0.5,softmax_normalized_loo_fragility,"{""temperature"": 0.5}",606,softmax_fragility,T1498.002 - Impact: Reflection/Amplification Attack,195
softmax_normalized_fragility_temp1.0,softmax_normalized_loo_fragility,"{""temperature"": 1.0}",606,all,T1498.002 - Impact: Reflection/Amplification Attack,195
softmax_normalized_fragility_temp1.0,softmax_normalized_loo_fragility,"{""temperature"": 1.0}",606,softmax_fragility,T1498.002 - Impact: Reflection/Amplification Attack,195
softmax_normalized_fragility_temp2.0,softmax_normalized_loo_fragility,"{""temperature"": 2.0}",606,all,T1498.002 - Impact: Reflection/Amplification Attack,195
softmax_normalized_fragility_temp2.0,softmax_normalized_loo_fragility,"{""temperature"": 2.0}",606,softmax_fragility,T1498.002 - Impact: Reflection/Amplification Attack,195
softmax_normalized_fragility_temp4.0,softmax_normalized_loo_fragility,"{""temperature"": 4.0}",606,all,T1498.002 - Impact: Reflection/Amplification Attack,195
softmax_normalized_fragility_temp4.0,softmax_normalized_loo_fragility,"{""temperature"": 4.0}",606,softmax_fragility,T1498.002 - Impact: Reflection/Amplification Attack,195
stochastic_normalized_fragility,stochastic_normalized_loo_fragility,{},606,all,T1571 - Defense Evasion: Non-Standard Port,195
stochastic_normalized_fragility,stochastic_normalized_loo_fragility,{},606,stochastic_fragility,T1571 - Defense Evasion: Non-Standard Port,195
uniform_positive_fragility,uniform_positive_loo_fragility,{},606,all,T1571 - Defense Evasion: Non-Standard Port,195
uniform_positive_fragility,uniform_positive_loo_fragility,{},606,uniform_positive_fragility,T1571 - Defense Evasion: Non-Standard Port,195
softmax_normalized_fragility_temp0.25,softmax_normalized_loo_fragility,"{""temperature"": 0.25}",606,all,T1571 - Defense Evasion: Non-Standard Port,195
softmax_normalized_fragility_temp0.25,softmax_normalized_loo_fragility,"{""temperature"": 0.25}",606,softmax_fragility,T1571 - Defense Evasion: Non-Standard Port,195
softmax_normalized_fragility_temp0.5,softmax_normalized_loo_fragility,"{""temperature"": 0.5}",606,all,T1571 - Defense Evasion: Non-Standard Port,195
softmax_normalized_fragility_temp0.5,softmax_normalized_loo_fragility,"{""temperature"": 0.5}",606,softmax_fragility,T1571 - Defense Evasion: Non-Standard Port,195
softmax_normalized_fragility_temp1.0,softmax_normalized_loo_fragility,"{""temperature"": 1.0}",606,all,T1571 - Defense Evasion: Non-Standard Port,195
softmax_normalized_fragility_temp1.0,softmax_normalized_loo_fragility,"{""temperature"": 1.0}",606,softmax_fragility,T1571 - Defense Evasion: Non-Standard Port,195
softmax_normalized_fragility_temp2.0,softmax_normalized_loo_fragility,"{""temperature"": 2.0}",606,all,T1571 - Defense Evasion: Non-Standard Port,195
softmax_normalized_fragility_temp2.0,softmax_normalized_loo_fragility,"{""temperature"": 2.0}",606,softmax_fragility,T1571 - Defense Evasion: Non-Standard Port,195
softmax_normalized_fragility_temp4.0,softmax_normalized_loo_fragility,"{""temperature"": 4.0}",606,all,T1571 - Defense Evasion: Non-Standard Port,195
softmax_normalized_fragility_temp4.0,softmax_normalized_loo_fragility,"{""temperature"": 4.0}",606,softmax_fragility,T1571 - Defense Evasion: Non-Standard Port,195
stochastic_normalized_fragility,stochastic_normalized_loo_fragility,{},606,all,T1583.005 - Resource Development: Acquire Botnet,195
stochastic_normalized_fragility,stochastic_normalized_loo_fragility,{},606,stochastic_fragility,T1583.005 - Resource Development: Acquire Botnet,195
uniform_positive_fragility,uniform_positive_loo_fragility,{},606,all,T1583.005 - Resource Development: Acquire Botnet,195
uniform_positive_fragility,uniform_positive_loo_fragility,{},606,uniform_positive_fragility,T1583.005 - Resource Development: Acquire Botnet,195
softmax_normalized_fragility_temp0.25,softmax_normalized_loo_fragility,"{""temperature"": 0.25}",606,all,T1583.005 - Resource Development: Acquire Botnet,195
softmax_normalized_fragility_temp0.25,softmax_normalized_loo_fragility,"{""temperature"": 0.25}",606,softmax_fragility,T1583.005 - Resource Development: Acquire Botnet,195
softmax_normalized_fragility_temp0.5,softmax_normalized_loo_fragility,"{""temperature"": 0.5}",606,all,T1583.005 - Resource Development: Acquire Botnet,195
softmax_normalized_fragility_temp0.5,softmax_normalized_loo_fragility,"{""temperature"": 0.5}",606,softmax_fragility,T1583.005 - Resource Development: Acquire Botnet,195
softmax_normalized_fragility_temp1.0,softmax_normalized_loo_fragility,"{""temperature"": 1.0}",606,all,T1583.005 - Resource Development: Acquire Botnet,195
softmax_normalized_fragility_temp1.0,softmax_normalized_loo_fragility,"{""temperature"": 1.0}",606,softmax_fragility,T1583.005 - Resource Development: Acquire Botnet,195
softmax_normalized_fragility_temp2.0,softmax_normalized_loo_fragility,"{""temperature"": 2.0}",606,all,T1583.005 - Resource Development: Acquire Botnet,195
softmax_normalized_fragility_temp2.0,softmax_normalized_loo_fragility,"{""temperature"": 2.0}",606,softmax_fragility,T1583.005 - Resource Development: Acquire Botnet,195
softmax_normalized_fragility_temp4.0,softmax_normalized_loo_fragility,"{""temperature"": 4.0}",606,all,T1583.005 - Resource Development: Acquire Botnet,195
softmax_normalized_fragility_temp4.0,softmax_normalized_loo_fragility,"{""temperature"": 4.0}",606,softmax_fragility,T1583.005 - Resource Development: Acquire Botnet,195
stochastic_normalized_fragility,stochastic_normalized_loo_fragility,{},606,all,T1584.005 - Resource Development: Build/Compromise Botnet,194
stochastic_normalized_fragility,stochastic_normalized_loo_fragility,{},606,stochastic_fragility,T1584.005 - Resource Development: Build/Compromise Botnet,194
uniform_positive_fragility,uniform_positive_loo_fragility,{},606,all,T1584.005 - Resource Development: Build/Compromise Botnet,194
uniform_positive_fragility,uniform_positive_loo_fragility,{},606,uniform_positive_fragility,T1584.005 - Resource Development: Build/Compromise Botnet,194
softmax_normalized_fragility_temp0.25,softmax_normalized_loo_fragility,"{""temperature"": 0.25}",606,all,T1584.005 - Resource Development: Build/Compromise Botnet,194
softmax_normalized_fragility_temp0.25,softmax_normalized_loo_fragility,"{""temperature"": 0.25}",606,softmax_fragility,T1584.005 - Resource Development: Build/Compromise Botnet,194
softmax_normalized_fragility_temp0.5,softmax_normalized_loo_fragility,"{""temperature"": 0.5}",606,all,T1584.005 - Resource Development: Build/Compromise Botnet,194
softmax_normalized_fragility_temp0.5,softmax_normalized_loo_fragility,"{""temperature"": 0.5}",606,softmax_fragility,T1584.005 - Resource Development: Build/Compromise Botnet,194
softmax_normalized_fragility_temp1.0,softmax_normalized_loo_fragility,"{""temperature"": 1.0}",606,all,T1584.005 - Resource Development: Build/Compromise Botnet,194
softmax_normalized_fragility_temp1.0,softmax_normalized_loo_fragility,"{""temperature"": 1.0}",606,softmax_fragility,T1584.005 - Resource Development: Build/Compromise Botnet,194
softmax_normalized_fragility_temp2.0,softmax_normalized_loo_fragility,"{""temperature"": 2.0}",606,all,T1584.005 - Resource Development: Build/Compromise Botnet,194
softmax_normalized_fragility_temp2.0,softmax_normalized_loo_fragility,"{""temperature"": 2.0}",606,softmax_fragility,T1584.005 - Resource Development: Build/Compromise Botnet,194
softmax_normalized_fragility_temp4.0,softmax_normalized_loo_fragility,"{""temperature"": 4.0}",606,all,T1584.005 - Resource Development: Build/Compromise Botnet,194
softmax_normalized_fragility_temp4.0,softmax_normalized_loo_fragility,"{""temperature"": 4.0}",606,softmax_fragility,T1584.005 - Resource Development: Build/Compromise Botnet,194
stochastic_normalized_fragility,stochastic_normalized_loo_fragility,{},606,all,T1590 - Reconnaissance: Gather Victim Network Information,194
stochastic_normalized_fragility,stochastic_normalized_loo_fragility,{},606,stochastic_fragility,T1590 - Reconnaissance: Gather Victim Network Information,194
uniform_positive_fragility,uniform_positive_loo_fragility,{},606,all,T1590 - Reconnaissance: Gather Victim Network Information,194
uniform_positive_fragility,uniform_positive_loo_fragility,{},606,uniform_positive_fragility,T1590 - Reconnaissance: Gather Victim Network Information,194
softmax_normalized_fragility_temp0.25,softmax_normalized_loo_fragility,"{""temperature"": 0.25}",606,all,T1590 - Reconnaissance: Gather Victim Network Information,194
softmax_normalized_fragility_temp0.25,softmax_normalized_loo_fragility,"{""temperature"": 0.25}",606,softmax_fragility,T1590 - Reconnaissance: Gather Victim Network Information,194
softmax_normalized_fragility_temp0.5,softmax_normalized_loo_fragility,"{""temperature"": 0.5}",606,all,T1590 - Reconnaissance: Gather Victim Network Information,194
softmax_normalized_fragility_temp0.5,softmax_normalized_loo_fragility,"{""temperature"": 0.5}",606,softmax_fragility,T1590 - Reconnaissance: Gather Victim Network Information,194
softmax_normalized_fragility_temp1.0,softmax_normalized_loo_fragility,"{""temperature"": 1.0}",606,all,T1590 - Reconnaissance: Gather Victim Network Information,194
softmax_normalized_fragility_temp1.0,softmax_normalized_loo_fragility,"{""temperature"": 1.0}",606,softmax_fragility,T1590 - Reconnaissance: Gather Victim Network Information,194
softmax_normalized_fragility_temp2.0,softmax_normalized_loo_fragility,"{""temperature"": 2.0}",606,all,T1590 - Reconnaissance: Gather Victim Network Information,194
softmax_normalized_fragility_temp2.0,softmax_normalized_loo_fragility,"{""temperature"": 2.0}",606,softmax_fragility,T1590 - Reconnaissance: Gather Victim Network Information,194
softmax_normalized_fragility_temp4.0,softmax_normalized_loo_fragility,"{""temperature"": 4.0}",606,all,T1590 - Reconnaissance: Gather Victim Network Information,194
softmax_normalized_fragility_temp4.0,softmax_normalized_loo_fragility,"{""temperature"": 4.0}",606,softmax_fragility,T1590 - Reconnaissance: Gather Victim Network Information,194
stochastic_normalized_fragility,stochastic_normalized_loo_fragility,{},606,all,T1595 - Reconnaissance: Active Scanning,195
stochastic_normalized_fragility,stochastic_normalized_loo_fragility,{},606,stochastic_fragility,T1595 - Reconnaissance: Active Scanning,195
uniform_positive_fragility,uniform_positive_loo_fragility,{},606,all,T1595 - Reconnaissance: Active Scanning,195
uniform_positive_fragility,uniform_positive_loo_fragility,{},606,uniform_positive_fragility,T1595 - Reconnaissance: Active Scanning,195
softmax_normalized_fragility_temp0.25,softmax_normalized_loo_fragility,"{""temperature"": 0.25}",606,all,T1595 - Reconnaissance: Active Scanning,195
softmax_normalized_fragility_temp0.25,softmax_normalized_loo_fragility,"{""temperature"": 0.25}",606,softmax_fragility,T1595 - Reconnaissance: Active Scanning,195
softmax_normalized_fragility_temp0.5,softmax_normalized_loo_fragility,"{""temperature"": 0.5}",606,all,T1595 - Reconnaissance: Active Scanning,195
softmax_normalized_fragility_temp0.5,softmax_normalized_loo_fragility,"{""temperature"": 0.5}",606,softmax_fragility,T1595 - Reconnaissance: Active Scanning,195
softmax_normalized_fragility_temp1.0,softmax_normalized_loo_fragility,"{""temperature"": 1.0}",606,all,T1595 - Reconnaissance: Active Scanning,195
softmax_normalized_fragility_temp1.0,softmax_normalized_loo_fragility,"{""temperature"": 1.0}",606,softmax_fragility,T1595 - Reconnaissance: Active Scanning,195
softmax_normalized_fragility_temp2.0,softmax_normalized_loo_fragility,"{""temperature"": 2.0}",606,all,T1595 - Reconnaissance: Active Scanning,195
softmax_normalized_fragility_temp2.0,softmax_normalized_loo_fragility,"{""temperature"": 2.0}",606,softmax_fragility,T1595 - Reconnaissance: Active Scanning,195
softmax_normalized_fragility_temp4.0,softmax_normalized_loo_fragility,"{""temperature"": 4.0}",606,all,T1595 - Reconnaissance: Active Scanning,195
softmax_normalized_fragility_temp4.0,softmax_normalized_loo_fragility,"{""temperature"": 4.0}",606,softmax_fragility,T1595 - Reconnaissance: Active Scanning,195
stochastic_normalized_fragility,stochastic_normalized_loo_fragility,{},606,all,TA0011 - Command-and-Control,195
stochastic_normalized_fragility,stochastic_normalized_loo_fragility,{},606,stochastic_fragility,TA0011 - Command-and-Control,195
uniform_positive_fragility,uniform_positive_loo_fragility,{},606,all,TA0011 - Command-and-Control,195
uniform_positive_fragility,uniform_positive_loo_fragility,{},606,uniform_positive_fragility,TA0011 - Command-and-Control,195
softmax_normalized_fragility_temp0.25,softmax_normalized_loo_fragility,"{""temperature"": 0.25}",606,all,TA0011 - Command-and-Control,195
softmax_normalized_fragility_temp0.25,softmax_normalized_loo_fragility,"{""temperature"": 0.25}",606,softmax_fragility,TA0011 - Command-and-Control,195
softmax_normalized_fragility_temp0.5,softmax_normalized_loo_fragility,"{""temperature"": 0.5}",606,all,TA0011 - Command-and-Control,195
softmax_normalized_fragility_temp0.5,softmax_normalized_loo_fragility,"{""temperature"": 0.5}",606,softmax_fragility,TA0011 - Command-and-Control,195
softmax_normalized_fragility_temp1.0,softmax_normalized_loo_fragility,"{""temperature"": 1.0}",606,all,TA0011 - Command-and-Control,195
softmax_normalized_fragility_temp1.0,softmax_normalized_loo_fragility,"{""temperature"": 1.0}",606,softmax_fragility,TA0011 - Command-and-Control,195
softmax_normalized_fragility_temp2.0,softmax_normalized_loo_fragility,"{""temperature"": 2.0}",606,all,TA0011 - Command-and-Control,195
softmax_normalized_fragility_temp2.0,softmax_normalized_loo_fragility,"{""temperature"": 2.0}",606,softmax_fragility,TA0011 - Command-and-Control,195
softmax_normalized_fragility_temp4.0,softmax_normalized_loo_fragility,"{""temperature"": 4.0}",606,all,TA0011 - Command-and-Control,195
softmax_normalized_fragility_temp4.0,softmax_normalized_loo_fragility,"{""temperature"": 4.0}",606,softmax_fragility,TA0011 - Command-and-Control,195
stochastic_normalized_fragility,stochastic_normalized_loo_fragility,{},707,all,T1036 - Defense Evasion: Masquerading,195
stochastic_normalized_fragility,stochastic_normalized_loo_fragility,{},707,stochastic_fragility,T1036 - Defense Evasion: Masquerading,195
uniform_positive_fragility,uniform_positive_loo_fragility,{},707,all,T1036 - Defense Evasion: Masquerading,195
uniform_positive_fragility,uniform_positive_loo_fragility,{},707,uniform_positive_fragility,T1036 - Defense Evasion: Masquerading,195
softmax_normalized_fragility_temp0.25,softmax_normalized_loo_fragility,"{""temperature"": 0.25}",707,all,T1036 - Defense Evasion: Masquerading,195
softmax_normalized_fragility_temp0.25,softmax_normalized_loo_fragility,"{""temperature"": 0.25}",707,softmax_fragility,T1036 - Defense Evasion: Masquerading,195
softmax_normalized_fragility_temp0.5,softmax_normalized_loo_fragility,"{""temperature"": 0.5}",707,all,T1036 - Defense Evasion: Masquerading,195
softmax_normalized_fragility_temp0.5,softmax_normalized_loo_fragility,"{""temperature"": 0.5}",707,softmax_fragility,T1036 - Defense Evasion: Masquerading,195
softmax_normalized_fragility_temp1.0,softmax_normalized_loo_fragility,"{""temperature"": 1.0}",707,all,T1036 - Defense Evasion: Masquerading,195
softmax_normalized_fragility_temp1.0,softmax_normalized_loo_fragility,"{""temperature"": 1.0}",707,softmax_fragility,T1036 - Defense Evasion: Masquerading,195
softmax_normalized_fragility_temp2.0,softmax_normalized_loo_fragility,"{""temperature"": 2.0}",707,all,T1036 - Defense Evasion: Masquerading,195
softmax_normalized_fragility_temp2.0,softmax_normalized_loo_fragility,"{""temperature"": 2.0}",707,softmax_fragility,T1036 - Defense Evasion: Masquerading,195
softmax_normalized_fragility_temp4.0,softmax_normalized_loo_fragility,"{""temperature"": 4.0}",707,all,T1036 - Defense Evasion: Masquerading,195
softmax_normalized_fragility_temp4.0,softmax_normalized_loo_fragility,"{""temperature"": 4.0}",707,softmax_fragility,T1036 - Defense Evasion: Masquerading,195
stochastic_normalized_fragility,stochastic_normalized_loo_fragility,{},707,all,T1498.001 - Impact: Direct Network Flood,195
stochastic_normalized_fragility,stochastic_normalized_loo_fragility,{},707,stochastic_fragility,T1498.001 - Impact: Direct Network Flood,195
uniform_positive_fragility,uniform_positive_loo_fragility,{},707,all,T1498.001 - Impact: Direct Network Flood,195
uniform_positive_fragility,uniform_positive_loo_fragility,{},707,uniform_positive_fragility,T1498.001 - Impact: Direct Network Flood,195
softmax_normalized_fragility_temp0.25,softmax_normalized_loo_fragility,"{""temperature"": 0.25}",707,all,T1498.001 - Impact: Direct Network Flood,195
softmax_normalized_fragility_temp0.25,softmax_normalized_loo_fragility,"{""temperature"": 0.25}",707,softmax_fragility,T1498.001 - Impact: Direct Network Flood,195
softmax_normalized_fragility_temp0.5,softmax_normalized_loo_fragility,"{""temperature"": 0.5}",707,all,T1498.001 - Impact: Direct Network Flood,195
softmax_normalized_fragility_temp0.5,softmax_normalized_loo_fragility,"{""temperature"": 0.5}",707,softmax_fragility,T1498.001 - Impact: Direct Network Flood,195
softmax_normalized_fragility_temp1.0,softmax_normalized_loo_fragility,"{""temperature"": 1.0}",707,all,T1498.001 - Impact: Direct Network Flood,195
softmax_normalized_fragility_temp1.0,softmax_normalized_loo_fragility,"{""temperature"": 1.0}",707,softmax_fragility,T1498.001 - Impact: Direct Network Flood,195
softmax_normalized_fragility_temp2.0,softmax_normalized_loo_fragility,"{""temperature"": 2.0}",707,all,T1498.001 - Impact: Direct Network Flood,195
softmax_normalized_fragility_temp2.0,softmax_normalized_loo_fragility,"{""temperature"": 2.0}",707,softmax_fragility,T1498.001 - Impact: Direct Network Flood,195
softmax_normalized_fragility_temp4.0,softmax_normalized_loo_fragility,"{""temperature"": 4.0}",707,all,T1498.001 - Impact: Direct Network Flood,195
softmax_normalized_fragility_temp4.0,softmax_normalized_loo_fragility,"{""temperature"": 4.0}",707,softmax_fragility,T1498.001 - Impact: Direct Network Flood,195
stochastic_normalized_fragility,stochastic_normalized_loo_fragility,{},707,all,T1498.002 - Impact: Reflection/Amplification Attack,195
stochastic_normalized_fragility,stochastic_normalized_loo_fragility,{},707,stochastic_fragility,T1498.002 - Impact: Reflection/Amplification Attack,195
uniform_positive_fragility,uniform_positive_loo_fragility,{},707,all,T1498.002 - Impact: Reflection/Amplification Attack,195
uniform_positive_fragility,uniform_positive_loo_fragility,{},707,uniform_positive_fragility,T1498.002 - Impact: Reflection/Amplification Attack,195
softmax_normalized_fragility_temp0.25,softmax_normalized_loo_fragility,"{""temperature"": 0.25}",707,all,T1498.002 - Impact: Reflection/Amplification Attack,195
softmax_normalized_fragility_temp0.25,softmax_normalized_loo_fragility,"{""temperature"": 0.25}",707,softmax_fragility,T1498.002 - Impact: Reflection/Amplification Attack,195
softmax_normalized_fragility_temp0.5,softmax_normalized_loo_fragility,"{""temperature"": 0.5}",707,all,T1498.002 - Impact: Reflection/Amplification Attack,195
softmax_normalized_fragility_temp0.5,softmax_normalized_loo_fragility,"{""temperature"": 0.5}",707,softmax_fragility,T1498.002 - Impact: Reflection/Amplification Attack,195
softmax_normalized_fragility_temp1.0,softmax_normalized_loo_fragility,"{""temperature"": 1.0}",707,all,T1498.002 - Impact: Reflection/Amplification Attack,195
softmax_normalized_fragility_temp1.0,softmax_normalized_loo_fragility,"{""temperature"": 1.0}",707,softmax_fragility,T1498.002 - Impact: Reflection/Amplification Attack,195
softmax_normalized_fragility_temp2.0,softmax_normalized_loo_fragility,"{""temperature"": 2.0}",707,all,T1498.002 - Impact: Reflection/Amplification Attack,195
softmax_normalized_fragility_temp2.0,softmax_normalized_loo_fragility,"{""temperature"": 2.0}",707,softmax_fragility,T1498.002 - Impact: Reflection/Amplification Attack,195
softmax_normalized_fragility_temp4.0,softmax_normalized_loo_fragility,"{""temperature"": 4.0}",707,all,T1498.002 - Impact: Reflection/Amplification Attack,195
softmax_normalized_fragility_temp4.0,softmax_normalized_loo_fragility,"{""temperature"": 4.0}",707,softmax_fragility,T1498.002 - Impact: Reflection/Amplification Attack,195
stochastic_normalized_fragility,stochastic_normalized_loo_fragility,{},707,all,T1571 - Defense Evasion: Non-Standard Port,195
stochastic_normalized_fragility,stochastic_normalized_loo_fragility,{},707,stochastic_fragility,T1571 - Defense Evasion: Non-Standard Port,195
uniform_positive_fragility,uniform_positive_loo_fragility,{},707,all,T1571 - Defense Evasion: Non-Standard Port,195
uniform_positive_fragility,uniform_positive_loo_fragility,{},707,uniform_positive_fragility,T1571 - Defense Evasion: Non-Standard Port,195
softmax_normalized_fragility_temp0.25,softmax_normalized_loo_fragility,"{""temperature"": 0.25}",707,all,T1571 - Defense Evasion: Non-Standard Port,195
softmax_normalized_fragility_temp0.25,softmax_normalized_loo_fragility,"{""temperature"": 0.25}",707,softmax_fragility,T1571 - Defense Evasion: Non-Standard Port,195
softmax_normalized_fragility_temp0.5,softmax_normalized_loo_fragility,"{""temperature"": 0.5}",707,all,T1571 - Defense Evasion: Non-Standard Port,195
softmax_normalized_fragility_temp0.5,softmax_normalized_loo_fragility,"{""temperature"": 0.5}",707,softmax_fragility,T1571 - Defense Evasion: Non-Standard Port,195
softmax_normalized_fragility_temp1.0,softmax_normalized_loo_fragility,"{""temperature"": 1.0}",707,all,T1571 - Defense Evasion: Non-Standard Port,195
softmax_normalized_fragility_temp1.0,softmax_normalized_loo_fragility,"{""temperature"": 1.0}",707,softmax_fragility,T1571 - Defense Evasion: Non-Standard Port,195
softmax_normalized_fragility_temp2.0,softmax_normalized_loo_fragility,"{""temperature"": 2.0}",707,all,T1571 - Defense Evasion: Non-Standard Port,195
softmax_normalized_fragility_temp2.0,softmax_normalized_loo_fragility,"{""temperature"": 2.0}",707,softmax_fragility,T1571 - Defense Evasion: Non-Standard Port,195
softmax_normalized_fragility_temp4.0,softmax_normalized_loo_fragility,"{""temperature"": 4.0}",707,all,T1571 - Defense Evasion: Non-Standard Port,195
softmax_normalized_fragility_temp4.0,softmax_normalized_loo_fragility,"{""temperature"": 4.0}",707,softmax_fragility,T1571 - Defense Evasion: Non-Standard Port,195
stochastic_normalized_fragility,stochastic_normalized_loo_fragility,{},707,all,T1583.005 - Resource Development: Acquire Botnet,195
stochastic_normalized_fragility,stochastic_normalized_loo_fragility,{},707,stochastic_fragility,T1583.005 - Resource Development: Acquire Botnet,195
uniform_positive_fragility,uniform_positive_loo_fragility,{},707,all,T1583.005 - Resource Development: Acquire Botnet,195
uniform_positive_fragility,uniform_positive_loo_fragility,{},707,uniform_positive_fragility,T1583.005 - Resource Development: Acquire Botnet,195
softmax_normalized_fragility_temp0.25,softmax_normalized_loo_fragility,"{""temperature"": 0.25}",707,all,T1583.005 - Resource Development: Acquire Botnet,195
softmax_normalized_fragility_temp0.25,softmax_normalized_loo_fragility,"{""temperature"": 0.25}",707,softmax_fragility,T1583.005 - Resource Development: Acquire Botnet,195
softmax_normalized_fragility_temp0.5,softmax_normalized_loo_fragility,"{""temperature"": 0.5}",707,all,T1583.005 - Resource Development: Acquire Botnet,195
softmax_normalized_fragility_temp0.5,softmax_normalized_loo_fragility,"{""temperature"": 0.5}",707,softmax_fragility,T1583.005 - Resource Development: Acquire Botnet,195
softmax_normalized_fragility_temp1.0,softmax_normalized_loo_fragility,"{""temperature"": 1.0}",707,all,T1583.005 - Resource Development: Acquire Botnet,195
softmax_normalized_fragility_temp1.0,softmax_normalized_loo_fragility,"{""temperature"": 1.0}",707,softmax_fragility,T1583.005 - Resource Development: Acquire Botnet,195
softmax_normalized_fragility_temp2.0,softmax_normalized_loo_fragility,"{""temperature"": 2.0}",707,all,T1583.005 - Resource Development: Acquire Botnet,195
softmax_normalized_fragility_temp2.0,softmax_normalized_loo_fragility,"{""temperature"": 2.0}",707,softmax_fragility,T1583.005 - Resource Development: Acquire Botnet,195
softmax_normalized_fragility_temp4.0,softmax_normalized_loo_fragility,"{""temperature"": 4.0}",707,all,T1583.005 - Resource Development: Acquire Botnet,195
softmax_normalized_fragility_temp4.0,softmax_normalized_loo_fragility,"{""temperature"": 4.0}",707,softmax_fragility,T1583.005 - Resource Development: Acquire Botnet,195
stochastic_normalized_fragility,stochastic_normalized_loo_fragility,{},707,all,T1584.005 - Resource Development: Build/Compromise Botnet,194
stochastic_normalized_fragility,stochastic_normalized_loo_fragility,{},707,stochastic_fragility,T1584.005 - Resource Development: Build/Compromise Botnet,194
uniform_positive_fragility,uniform_positive_loo_fragility,{},707,all,T1584.005 - Resource Development: Build/Compromise Botnet,194
uniform_positive_fragility,uniform_positive_loo_fragility,{},707,uniform_positive_fragility,T1584.005 - Resource Development: Build/Compromise Botnet,194
softmax_normalized_fragility_temp0.25,softmax_normalized_loo_fragility,"{""temperature"": 0.25}",707,all,T1584.005 - Resource Development: Build/Compromise Botnet,194
softmax_normalized_fragility_temp0.25,softmax_normalized_loo_fragility,"{""temperature"": 0.25}",707,softmax_fragility,T1584.005 - Resource Development: Build/Compromise Botnet,194
softmax_normalized_fragility_temp0.5,softmax_normalized_loo_fragility,"{""temperature"": 0.5}",707,all,T1584.005 - Resource Development: Build/Compromise Botnet,194
softmax_normalized_fragility_temp0.5,softmax_normalized_loo_fragility,"{""temperature"": 0.5}",707,softmax_fragility,T1584.005 - Resource Development: Build/Compromise Botnet,194
softmax_normalized_fragility_temp1.0,softmax_normalized_loo_fragility,"{""temperature"": 1.0}",707,all,T1584.005 - Resource Development: Build/Compromise Botnet,194
softmax_normalized_fragility_temp1.0,softmax_normalized_loo_fragility,"{""temperature"": 1.0}",707,softmax_fragility,T1584.005 - Resource Development: Build/Compromise Botnet,194
softmax_normalized_fragility_temp2.0,softmax_normalized_loo_fragility,"{""temperature"": 2.0}",707,all,T1584.005 - Resource Development: Build/Compromise Botnet,194
softmax_normalized_fragility_temp2.0,softmax_normalized_loo_fragility,"{""temperature"": 2.0}",707,softmax_fragility,T1584.005 - Resource Development: Build/Compromise Botnet,194
softmax_normalized_fragility_temp4.0,softmax_normalized_loo_fragility,"{""temperature"": 4.0}",707,all,T1584.005 - Resource Development: Build/Compromise Botnet,194
softmax_normalized_fragility_temp4.0,softmax_normalized_loo_fragility,"{""temperature"": 4.0}",707,softmax_fragility,T1584.005 - Resource Development: Build/Compromise Botnet,194
stochastic_normalized_fragility,stochastic_normalized_loo_fragility,{},707,all,T1590 - Reconnaissance: Gather Victim Network Information,194
stochastic_normalized_fragility,stochastic_normalized_loo_fragility,{},707,stochastic_fragility,T1590 - Reconnaissance: Gather Victim Network Information,194
uniform_positive_fragility,uniform_positive_loo_fragility,{},707,all,T1590 - Reconnaissance: Gather Victim Network Information,194
uniform_positive_fragility,uniform_positive_loo_fragility,{},707,uniform_positive_fragility,T1590 - Reconnaissance: Gather Victim Network Information,194
softmax_normalized_fragility_temp0.25,softmax_normalized_loo_fragility,"{""temperature"": 0.25}",707,all,T1590 - Reconnaissance: Gather Victim Network Information,194
softmax_normalized_fragility_temp0.25,softmax_normalized_loo_fragility,"{""temperature"": 0.25}",707,softmax_fragility,T1590 - Reconnaissance: Gather Victim Network Information,194
softmax_normalized_fragility_temp0.5,softmax_normalized_loo_fragility,"{""temperature"": 0.5}",707,all,T1590 - Reconnaissance: Gather Victim Network Information,194
softmax_normalized_fragility_temp0.5,softmax_normalized_loo_fragility,"{""temperature"": 0.5}",707,softmax_fragility,T1590 - Reconnaissance: Gather Victim Network Information,194
softmax_normalized_fragility_temp1.0,softmax_normalized_loo_fragility,"{""temperature"": 1.0}",707,all,T1590 - Reconnaissance: Gather Victim Network Information,194
softmax_normalized_fragility_temp1.0,softmax_normalized_loo_fragility,"{""temperature"": 1.0}",707,softmax_fragility,T1590 - Reconnaissance: Gather Victim Network Information,194
softmax_normalized_fragility_temp2.0,softmax_normalized_loo_fragility,"{""temperature"": 2.0}",707,all,T1590 - Reconnaissance: Gather Victim Network Information,194
softmax_normalized_fragility_temp2.0,softmax_normalized_loo_fragility,"{""temperature"": 2.0}",707,softmax_fragility,T1590 - Reconnaissance: Gather Victim Network Information,194
softmax_normalized_fragility_temp4.0,softmax_normalized_loo_fragility,"{""temperature"": 4.0}",707,all,T1590 - Reconnaissance: Gather Victim Network Information,194
softmax_normalized_fragility_temp4.0,softmax_normalized_loo_fragility,"{""temperature"": 4.0}",707,softmax_fragility,T1590 - Reconnaissance: Gather Victim Network Information,194
stochastic_normalized_fragility,stochastic_normalized_loo_fragility,{},707,all,T1595 - Reconnaissance: Active Scanning,195
stochastic_normalized_fragility,stochastic_normalized_loo_fragility,{},707,stochastic_fragility,T1595 - Reconnaissance: Active Scanning,195
uniform_positive_fragility,uniform_positive_loo_fragility,{},707,all,T1595 - Reconnaissance: Active Scanning,195
uniform_positive_fragility,uniform_positive_loo_fragility,{},707,uniform_positive_fragility,T1595 - Reconnaissance: Active Scanning,195
softmax_normalized_fragility_temp0.25,softmax_normalized_loo_fragility,"{""temperature"": 0.25}",707,all,T1595 - Reconnaissance: Active Scanning,195
softmax_normalized_fragility_temp0.25,softmax_normalized_loo_fragility,"{""temperature"": 0.25}",707,softmax_fragility,T1595 - Reconnaissance: Active Scanning,195
softmax_normalized_fragility_temp0.5,softmax_normalized_loo_fragility,"{""temperature"": 0.5}",707,all,T1595 - Reconnaissance: Active Scanning,195
softmax_normalized_fragility_temp0.5,softmax_normalized_loo_fragility,"{""temperature"": 0.5}",707,softmax_fragility,T1595 - Reconnaissance: Active Scanning,195
softmax_normalized_fragility_temp1.0,softmax_normalized_loo_fragility,"{""temperature"": 1.0}",707,all,T1595 - Reconnaissance: Active Scanning,195
softmax_normalized_fragility_temp1.0,softmax_normalized_loo_fragility,"{""temperature"": 1.0}",707,softmax_fragility,T1595 - Reconnaissance: Active Scanning,195
softmax_normalized_fragility_temp2.0,softmax_normalized_loo_fragility,"{""temperature"": 2.0}",707,all,T1595 - Reconnaissance: Active Scanning,195
softmax_normalized_fragility_temp2.0,softmax_normalized_loo_fragility,"{""temperature"": 2.0}",707,softmax_fragility,T1595 - Reconnaissance: Active Scanning,195
softmax_normalized_fragility_temp4.0,softmax_normalized_loo_fragility,"{""temperature"": 4.0}",707,all,T1595 - Reconnaissance: Active Scanning,195
softmax_normalized_fragility_temp4.0,softmax_normalized_loo_fragility,"{""temperature"": 4.0}",707,softmax_fragility,T1595 - Reconnaissance: Active Scanning,195
stochastic_normalized_fragility,stochastic_normalized_loo_fragility,{},707,all,TA0011 - Command-and-Control,195
stochastic_normalized_fragility,stochastic_normalized_loo_fragility,{},707,stochastic_fragility,TA0011 - Command-and-Control,195
uniform_positive_fragility,uniform_positive_loo_fragility,{},707,all,TA0011 - Command-and-Control,195
uniform_positive_fragility,uniform_positive_loo_fragility,{},707,uniform_positive_fragility,TA0011 - Command-and-Control,195
softmax_normalized_fragility_temp0.25,softmax_normalized_loo_fragility,"{""temperature"": 0.25}",707,all,TA0011 - Command-and-Control,195
softmax_normalized_fragility_temp0.25,softmax_normalized_loo_fragility,"{""temperature"": 0.25}",707,softmax_fragility,TA0011 - Command-and-Control,195
softmax_normalized_fragility_temp0.5,softmax_normalized_loo_fragility,"{""temperature"": 0.5}",707,all,TA0011 - Command-and-Control,195
softmax_normalized_fragility_temp0.5,softmax_normalized_loo_fragility,"{""temperature"": 0.5}",707,softmax_fragility,TA0011 - Command-and-Control,195
softmax_normalized_fragility_temp1.0,softmax_normalized_loo_fragility,"{""temperature"": 1.0}",707,all,TA0011 - Command-and-Control,195
softmax_normalized_fragility_temp1.0,softmax_normalized_loo_fragility,"{""temperature"": 1.0}",707,softmax_fragility,TA0011 - Command-and-Control,195
softmax_normalized_fragility_temp2.0,softmax_normalized_loo_fragility,"{""temperature"": 2.0}",707,all,TA0011 - Command-and-Control,195
softmax_normalized_fragility_temp2.0,softmax_normalized_loo_fragility,"{""temperature"": 2.0}",707,softmax_fragility,TA0011 - Command-and-Control,195
softmax_normalized_fragility_temp4.0,softmax_normalized_loo_fragility,"{""temperature"": 4.0}",707,all,TA0011 - Command-and-Control,195
softmax_normalized_fragility_temp4.0,softmax_normalized_loo_fragility,"{""temperature"": 4.0}",707,softmax_fragility,TA0011 - Command-and-Control,195
stochastic_normalized_fragility,stochastic_normalized_loo_fragility,{},808,all,T1036 - Defense Evasion: Masquerading,195
stochastic_normalized_fragility,stochastic_normalized_loo_fragility,{},808,stochastic_fragility,T1036 - Defense Evasion: Masquerading,195
uniform_positive_fragility,uniform_positive_loo_fragility,{},808,all,T1036 - Defense Evasion: Masquerading,195
uniform_positive_fragility,uniform_positive_loo_fragility,{},808,uniform_positive_fragility,T1036 - Defense Evasion: Masquerading,195
softmax_normalized_fragility_temp0.25,softmax_normalized_loo_fragility,"{""temperature"": 0.25}",808,all,T1036 - Defense Evasion: Masquerading,195
softmax_normalized_fragility_temp0.25,softmax_normalized_loo_fragility,"{""temperature"": 0.25}",808,softmax_fragility,T1036 - Defense Evasion: Masquerading,195
softmax_normalized_fragility_temp0.5,softmax_normalized_loo_fragility,"{""temperature"": 0.5}",808,all,T1036 - Defense Evasion: Masquerading,195
softmax_normalized_fragility_temp0.5,softmax_normalized_loo_fragility,"{""temperature"": 0.5}",808,softmax_fragility,T1036 - Defense Evasion: Masquerading,195
softmax_normalized_fragility_temp1.0,softmax_normalized_loo_fragility,"{""temperature"": 1.0}",808,all,T1036 - Defense Evasion: Masquerading,195
softmax_normalized_fragility_temp1.0,softmax_normalized_loo_fragility,"{""temperature"": 1.0}",808,softmax_fragility,T1036 - Defense Evasion: Masquerading,195
softmax_normalized_fragility_temp2.0,softmax_normalized_loo_fragility,"{""temperature"": 2.0}",808,all,T1036 - Defense Evasion: Masquerading,195
softmax_normalized_fragility_temp2.0,softmax_normalized_loo_fragility,"{""temperature"": 2.0}",808,softmax_fragility,T1036 - Defense Evasion: Masquerading,195
softmax_normalized_fragility_temp4.0,softmax_normalized_loo_fragility,"{""temperature"": 4.0}",808,all,T1036 - Defense Evasion: Masquerading,195
softmax_normalized_fragility_temp4.0,softmax_normalized_loo_fragility,"{""temperature"": 4.0}",808,softmax_fragility,T1036 - Defense Evasion: Masquerading,195
stochastic_normalized_fragility,stochastic_normalized_loo_fragility,{},808,all,T1498.001 - Impact: Direct Network Flood,195
stochastic_normalized_fragility,stochastic_normalized_loo_fragility,{},808,stochastic_fragility,T1498.001 - Impact: Direct Network Flood,195
uniform_positive_fragility,uniform_positive_loo_fragility,{},808,all,T1498.001 - Impact: Direct Network Flood,195
uniform_positive_fragility,uniform_positive_loo_fragility,{},808,uniform_positive_fragility,T1498.001 - Impact: Direct Network Flood,195
softmax_normalized_fragility_temp0.25,softmax_normalized_loo_fragility,"{""temperature"": 0.25}",808,all,T1498.001 - Impact: Direct Network Flood,195
softmax_normalized_fragility_temp0.25,softmax_normalized_loo_fragility,"{""temperature"": 0.25}",808,softmax_fragility,T1498.001 - Impact: Direct Network Flood,195
softmax_normalized_fragility_temp0.5,softmax_normalized_loo_fragility,"{""temperature"": 0.5}",808,all,T1498.001 - Impact: Direct Network Flood,195
softmax_normalized_fragility_temp0.5,softmax_normalized_loo_fragility,"{""temperature"": 0.5}",808,softmax_fragility,T1498.001 - Impact: Direct Network Flood,195
softmax_normalized_fragility_temp1.0,softmax_normalized_loo_fragility,"{""temperature"": 1.0}",808,all,T1498.001 - Impact: Direct Network Flood,195
softmax_normalized_fragility_temp1.0,softmax_normalized_loo_fragility,"{""temperature"": 1.0}",808,softmax_fragility,T1498.001 - Impact: Direct Network Flood,195
softmax_normalized_fragility_temp2.0,softmax_normalized_loo_fragility,"{""temperature"": 2.0}",808,all,T1498.001 - Impact: Direct Network Flood,195
softmax_normalized_fragility_temp2.0,softmax_normalized_loo_fragility,"{""temperature"": 2.0}",808,softmax_fragility,T1498.001 - Impact: Direct Network Flood,195
softmax_normalized_fragility_temp4.0,softmax_normalized_loo_fragility,"{""temperature"": 4.0}",808,all,T1498.001 - Impact: Direct Network Flood,195
softmax_normalized_fragility_temp4.0,softmax_normalized_loo_fragility,"{""temperature"": 4.0}",808,softmax_fragility,T1498.001 - Impact: Direct Network Flood,195
stochastic_normalized_fragility,stochastic_normalized_loo_fragility,{},808,all,T1498.002 - Impact: Reflection/Amplification Attack,195
stochastic_normalized_fragility,stochastic_normalized_loo_fragility,{},808,stochastic_fragility,T1498.002 - Impact: Reflection/Amplification Attack,195
uniform_positive_fragility,uniform_positive_loo_fragility,{},808,all,T1498.002 - Impact: Reflection/Amplification Attack,195
uniform_positive_fragility,uniform_positive_loo_fragility,{},808,uniform_positive_fragility,T1498.002 - Impact: Reflection/Amplification Attack,195
softmax_normalized_fragility_temp0.25,softmax_normalized_loo_fragility,"{""temperature"": 0.25}",808,all,T1498.002 - Impact: Reflection/Amplification Attack,195
softmax_normalized_fragility_temp0.25,softmax_normalized_loo_fragility,"{""temperature"": 0.25}",808,softmax_fragility,T1498.002 - Impact: Reflection/Amplification Attack,195
softmax_normalized_fragility_temp0.5,softmax_normalized_loo_fragility,"{""temperature"": 0.5}",808,all,T1498.002 - Impact: Reflection/Amplification Attack,195
softmax_normalized_fragility_temp0.5,softmax_normalized_loo_fragility,"{""temperature"": 0.5}",808,softmax_fragility,T1498.002 - Impact: Reflection/Amplification Attack,195
softmax_normalized_fragility_temp1.0,softmax_normalized_loo_fragility,"{""temperature"": 1.0}",808,all,T1498.002 - Impact: Reflection/Amplification Attack,195
softmax_normalized_fragility_temp1.0,softmax_normalized_loo_fragility,"{""temperature"": 1.0}",808,softmax_fragility,T1498.002 - Impact: Reflection/Amplification Attack,195
softmax_normalized_fragility_temp2.0,softmax_normalized_loo_fragility,"{""temperature"": 2.0}",808,all,T1498.002 - Impact: Reflection/Amplification Attack,195
softmax_normalized_fragility_temp2.0,softmax_normalized_loo_fragility,"{""temperature"": 2.0}",808,softmax_fragility,T1498.002 - Impact: Reflection/Amplification Attack,195
softmax_normalized_fragility_temp4.0,softmax_normalized_loo_fragility,"{""temperature"": 4.0}",808,all,T1498.002 - Impact: Reflection/Amplification Attack,195
softmax_normalized_fragility_temp4.0,softmax_normalized_loo_fragility,"{""temperature"": 4.0}",808,softmax_fragility,T1498.002 - Impact: Reflection/Amplification Attack,195
stochastic_normalized_fragility,stochastic_normalized_loo_fragility,{},808,all,T1571 - Defense Evasion: Non-Standard Port,195
stochastic_normalized_fragility,stochastic_normalized_loo_fragility,{},808,stochastic_fragility,T1571 - Defense Evasion: Non-Standard Port,195
uniform_positive_fragility,uniform_positive_loo_fragility,{},808,all,T1571 - Defense Evasion: Non-Standard Port,195
uniform_positive_fragility,uniform_positive_loo_fragility,{},808,uniform_positive_fragility,T1571 - Defense Evasion: Non-Standard Port,195
softmax_normalized_fragility_temp0.25,softmax_normalized_loo_fragility,"{""temperature"": 0.25}",808,all,T1571 - Defense Evasion: Non-Standard Port,195
softmax_normalized_fragility_temp0.25,softmax_normalized_loo_fragility,"{""temperature"": 0.25}",808,softmax_fragility,T1571 - Defense Evasion: Non-Standard Port,195
softmax_normalized_fragility_temp0.5,softmax_normalized_loo_fragility,"{""temperature"": 0.5}",808,all,T1571 - Defense Evasion: Non-Standard Port,195
softmax_normalized_fragility_temp0.5,softmax_normalized_loo_fragility,"{""temperature"": 0.5}",808,softmax_fragility,T1571 - Defense Evasion: Non-Standard Port,195
softmax_normalized_fragility_temp1.0,softmax_normalized_loo_fragility,"{""temperature"": 1.0}",808,all,T1571 - Defense Evasion: Non-Standard Port,195
softmax_normalized_fragility_temp1.0,softmax_normalized_loo_fragility,"{""temperature"": 1.0}",808,softmax_fragility,T1571 - Defense Evasion: Non-Standard Port,195
softmax_normalized_fragility_temp2.0,softmax_normalized_loo_fragility,"{""temperature"": 2.0}",808,all,T1571 - Defense Evasion: Non-Standard Port,195
softmax_normalized_fragility_temp2.0,softmax_normalized_loo_fragility,"{""temperature"": 2.0}",808,softmax_fragility,T1571 - Defense Evasion: Non-Standard Port,195
softmax_normalized_fragility_temp4.0,softmax_normalized_loo_fragility,"{""temperature"": 4.0}",808,all,T1571 - Defense Evasion: Non-Standard Port,195
softmax_normalized_fragility_temp4.0,softmax_normalized_loo_fragility,"{""temperature"": 4.0}",808,softmax_fragility,T1571 - Defense Evasion: Non-Standard Port,195
stochastic_normalized_fragility,stochastic_normalized_loo_fragility,{},808,all,T1583.005 - Resource Development: Acquire Botnet,195
stochastic_normalized_fragility,stochastic_normalized_loo_fragility,{},808,stochastic_fragility,T1583.005 - Resource Development: Acquire Botnet,195
uniform_positive_fragility,uniform_positive_loo_fragility,{},808,all,T1583.005 - Resource Development: Acquire Botnet,195
uniform_positive_fragility,uniform_positive_loo_fragility,{},808,uniform_positive_fragility,T1583.005 - Resource Development: Acquire Botnet,195
softmax_normalized_fragility_temp0.25,softmax_normalized_loo_fragility,"{""temperature"": 0.25}",808,all,T1583.005 - Resource Development: Acquire Botnet,195
softmax_normalized_fragility_temp0.25,softmax_normalized_loo_fragility,"{""temperature"": 0.25}",808,softmax_fragility,T1583.005 - Resource Development: Acquire Botnet,195
softmax_normalized_fragility_temp0.5,softmax_normalized_loo_fragility,"{""temperature"": 0.5}",808,all,T1583.005 - Resource Development: Acquire Botnet,195
softmax_normalized_fragility_temp0.5,softmax_normalized_loo_fragility,"{""temperature"": 0.5}",808,softmax_fragility,T1583.005 - Resource Development: Acquire Botnet,195
softmax_normalized_fragility_temp1.0,softmax_normalized_loo_fragility,"{""temperature"": 1.0}",808,all,T1583.005 - Resource Development: Acquire Botnet,195
softmax_normalized_fragility_temp1.0,softmax_normalized_loo_fragility,"{""temperature"": 1.0}",808,softmax_fragility,T1583.005 - Resource Development: Acquire Botnet,195
softmax_normalized_fragility_temp2.0,softmax_normalized_loo_fragility,"{""temperature"": 2.0}",808,all,T1583.005 - Resource Development: Acquire Botnet,195
softmax_normalized_fragility_temp2.0,softmax_normalized_loo_fragility,"{""temperature"": 2.0}",808,softmax_fragility,T1583.005 - Resource Development: Acquire Botnet,195
softmax_normalized_fragility_temp4.0,softmax_normalized_loo_fragility,"{""temperature"": 4.0}",808,all,T1583.005 - Resource Development: Acquire Botnet,195
softmax_normalized_fragility_temp4.0,softmax_normalized_loo_fragility,"{""temperature"": 4.0}",808,softmax_fragility,T1583.005 - Resource Development: Acquire Botnet,195
stochastic_normalized_fragility,stochastic_normalized_loo_fragility,{},808,all,T1584.005 - Resource Development: Build/Compromise Botnet,194
stochastic_normalized_fragility,stochastic_normalized_loo_fragility,{},808,stochastic_fragility,T1584.005 - Resource Development: Build/Compromise Botnet,194
uniform_positive_fragility,uniform_positive_loo_fragility,{},808,all,T1584.005 - Resource Development: Build/Compromise Botnet,194
uniform_positive_fragility,uniform_positive_loo_fragility,{},808,uniform_positive_fragility,T1584.005 - Resource Development: Build/Compromise Botnet,194
softmax_normalized_fragility_temp0.25,softmax_normalized_loo_fragility,"{""temperature"": 0.25}",808,all,T1584.005 - Resource Development: Build/Compromise Botnet,194
softmax_normalized_fragility_temp0.25,softmax_normalized_loo_fragility,"{""temperature"": 0.25}",808,softmax_fragility,T1584.005 - Resource Development: Build/Compromise Botnet,194
softmax_normalized_fragility_temp0.5,softmax_normalized_loo_fragility,"{""temperature"": 0.5}",808,all,T1584.005 - Resource Development: Build/Compromise Botnet,194
softmax_normalized_fragility_temp0.5,softmax_normalized_loo_fragility,"{""temperature"": 0.5}",808,softmax_fragility,T1584.005 - Resource Development: Build/Compromise Botnet,194
softmax_normalized_fragility_temp1.0,softmax_normalized_loo_fragility,"{""temperature"": 1.0}",808,all,T1584.005 - Resource Development: Build/Compromise Botnet,194
softmax_normalized_fragility_temp1.0,softmax_normalized_loo_fragility,"{""temperature"": 1.0}",808,softmax_fragility,T1584.005 - Resource Development: Build/Compromise Botnet,194
softmax_normalized_fragility_temp2.0,softmax_normalized_loo_fragility,"{""temperature"": 2.0}",808,all,T1584.005 - Resource Development: Build/Compromise Botnet,194
softmax_normalized_fragility_temp2.0,softmax_normalized_loo_fragility,"{""temperature"": 2.0}",808,softmax_fragility,T1584.005 - Resource Development: Build/Compromise Botnet,194
softmax_normalized_fragility_temp4.0,softmax_normalized_loo_fragility,"{""temperature"": 4.0}",808,all,T1584.005 - Resource Development: Build/Compromise Botnet,194
softmax_normalized_fragility_temp4.0,softmax_normalized_loo_fragility,"{""temperature"": 4.0}",808,softmax_fragility,T1584.005 - Resource Development: Build/Compromise Botnet,194
stochastic_normalized_fragility,stochastic_normalized_loo_fragility,{},808,all,T1590 - Reconnaissance: Gather Victim Network Information,194
stochastic_normalized_fragility,stochastic_normalized_loo_fragility,{},808,stochastic_fragility,T1590 - Reconnaissance: Gather Victim Network Information,194
uniform_positive_fragility,uniform_positive_loo_fragility,{},808,all,T1590 - Reconnaissance: Gather Victim Network Information,194
uniform_positive_fragility,uniform_positive_loo_fragility,{},808,uniform_positive_fragility,T1590 - Reconnaissance: Gather Victim Network Information,194
softmax_normalized_fragility_temp0.25,softmax_normalized_loo_fragility,"{""temperature"": 0.25}",808,all,T1590 - Reconnaissance: Gather Victim Network Information,194
softmax_normalized_fragility_temp0.25,softmax_normalized_loo_fragility,"{""temperature"": 0.25}",808,softmax_fragility,T1590 - Reconnaissance: Gather Victim Network Information,194
softmax_normalized_fragility_temp0.5,softmax_normalized_loo_fragility,"{""temperature"": 0.5}",808,all,T1590 - Reconnaissance: Gather Victim Network Information,194
softmax_normalized_fragility_temp0.5,softmax_normalized_loo_fragility,"{""temperature"": 0.5}",808,softmax_fragility,T1590 - Reconnaissance: Gather Victim Network Information,194
softmax_normalized_fragility_temp1.0,softmax_normalized_loo_fragility,"{""temperature"": 1.0}",808,all,T1590 - Reconnaissance: Gather Victim Network Information,194
softmax_normalized_fragility_temp1.0,softmax_normalized_loo_fragility,"{""temperature"": 1.0}",808,softmax_fragility,T1590 - Reconnaissance: Gather Victim Network Information,194
softmax_normalized_fragility_temp2.0,softmax_normalized_loo_fragility,"{""temperature"": 2.0}",808,all,T1590 - Reconnaissance: Gather Victim Network Information,194
softmax_normalized_fragility_temp2.0,softmax_normalized_loo_fragility,"{""temperature"": 2.0}",808,softmax_fragility,T1590 - Reconnaissance: Gather Victim Network Information,194
softmax_normalized_fragility_temp4.0,softmax_normalized_loo_fragility,"{""temperature"": 4.0}",808,all,T1590 - Reconnaissance: Gather Victim Network Information,194
softmax_normalized_fragility_temp4.0,softmax_normalized_loo_fragility,"{""temperature"": 4.0}",808,softmax_fragility,T1590 - Reconnaissance: Gather Victim Network Information,194
stochastic_normalized_fragility,stochastic_normalized_loo_fragility,{},808,all,T1595 - Reconnaissance: Active Scanning,195
stochastic_normalized_fragility,stochastic_normalized_loo_fragility,{},808,stochastic_fragility,T1595 - Reconnaissance: Active Scanning,195
uniform_positive_fragility,uniform_positive_loo_fragility,{},808,all,T1595 - Reconnaissance: Active Scanning,195
uniform_positive_fragility,uniform_positive_loo_fragility,{},808,uniform_positive_fragility,T1595 - Reconnaissance: Active Scanning,195
softmax_normalized_fragility_temp0.25,softmax_normalized_loo_fragility,"{""temperature"": 0.25}",808,all,T1595 - Reconnaissance: Active Scanning,195
softmax_normalized_fragility_temp0.25,softmax_normalized_loo_fragility,"{""temperature"": 0.25}",808,softmax_fragility,T1595 - Reconnaissance: Active Scanning,195
softmax_normalized_fragility_temp0.5,softmax_normalized_loo_fragility,"{""temperature"": 0.5}",808,all,T1595 - Reconnaissance: Active Scanning,195
softmax_normalized_fragility_temp0.5,softmax_normalized_loo_fragility,"{""temperature"": 0.5}",808,softmax_fragility,T1595 - Reconnaissance: Active Scanning,195
softmax_normalized_fragility_temp1.0,softmax_normalized_loo_fragility,"{""temperature"": 1.0}",808,all,T1595 - Reconnaissance: Active Scanning,195
softmax_normalized_fragility_temp1.0,softmax_normalized_loo_fragility,"{""temperature"": 1.0}",808,softmax_fragility,T1595 - Reconnaissance: Active Scanning,195
softmax_normalized_fragility_temp2.0,softmax_normalized_loo_fragility,"{""temperature"": 2.0}",808,all,T1595 - Reconnaissance: Active Scanning,195
softmax_normalized_fragility_temp2.0,softmax_normalized_loo_fragility,"{""temperature"": 2.0}",808,softmax_fragility,T1595 - Reconnaissance: Active Scanning,195
softmax_normalized_fragility_temp4.0,softmax_normalized_loo_fragility,"{""temperature"": 4.0}",808,all,T1595 - Reconnaissance: Active Scanning,195
softmax_normalized_fragility_temp4.0,softmax_normalized_loo_fragility,"{""temperature"": 4.0}",808,softmax_fragility,T1595 - Reconnaissance: Active Scanning,195
stochastic_normalized_fragility,stochastic_normalized_loo_fragility,{},808,all,TA0011 - Command-and-Control,195
stochastic_normalized_fragility,stochastic_normalized_loo_fragility,{},808,stochastic_fragility,TA0011 - Command-and-Control,195
uniform_positive_fragility,uniform_positive_loo_fragility,{},808,all,TA0011 - Command-and-Control,195
uniform_positive_fragility,uniform_positive_loo_fragility,{},808,uniform_positive_fragility,TA0011 - Command-and-Control,195
softmax_normalized_fragility_temp0.25,softmax_normalized_loo_fragility,"{""temperature"": 0.25}",808,all,TA0011 - Command-and-Control,195
softmax_normalized_fragility_temp0.25,softmax_normalized_loo_fragility,"{""temperature"": 0.25}",808,softmax_fragility,TA0011 - Command-and-Control,195
softmax_normalized_fragility_temp0.5,softmax_normalized_loo_fragility,"{""temperature"": 0.5}",808,all,TA0011 - Command-and-Control,195
softmax_normalized_fragility_temp0.5,softmax_normalized_loo_fragility,"{""temperature"": 0.5}",808,softmax_fragility,TA0011 - Command-and-Control,195
softmax_normalized_fragility_temp1.0,softmax_normalized_loo_fragility,"{""temperature"": 1.0}",808,all,TA0011 - Command-and-Control,195
softmax_normalized_fragility_temp1.0,softmax_normalized_loo_fragility,"{""temperature"": 1.0}",808,softmax_fragility,TA0011 - Command-and-Control,195
softmax_normalized_fragility_temp2.0,softmax_normalized_loo_fragility,"{""temperature"": 2.0}",808,all,TA0011 - Command-and-Control,195
softmax_normalized_fragility_temp2.0,softmax_normalized_loo_fragility,"{""temperature"": 2.0}",808,softmax_fragility,TA0011 - Command-and-Control,195
softmax_normalized_fragility_temp4.0,softmax_normalized_loo_fragility,"{""temperature"": 4.0}",808,all,TA0011 - Command-and-Control,195
softmax_normalized_fragility_temp4.0,softmax_normalized_loo_fragility,"{""temperature"": 4.0}",808,softmax_fragility,TA0011 - Command-and-Control,195
stochastic_normalized_fragility,stochastic_normalized_loo_fragility,{},909,all,T1036 - Defense Evasion: Masquerading,195
stochastic_normalized_fragility,stochastic_normalized_loo_fragility,{},909,stochastic_fragility,T1036 - Defense Evasion: Masquerading,195
uniform_positive_fragility,uniform_positive_loo_fragility,{},909,all,T1036 - Defense Evasion: Masquerading,195
uniform_positive_fragility,uniform_positive_loo_fragility,{},909,uniform_positive_fragility,T1036 - Defense Evasion: Masquerading,195
softmax_normalized_fragility_temp0.25,softmax_normalized_loo_fragility,"{""temperature"": 0.25}",909,all,T1036 - Defense Evasion: Masquerading,195
softmax_normalized_fragility_temp0.25,softmax_normalized_loo_fragility,"{""temperature"": 0.25}",909,softmax_fragility,T1036 - Defense Evasion: Masquerading,195
softmax_normalized_fragility_temp0.5,softmax_normalized_loo_fragility,"{""temperature"": 0.5}",909,all,T1036 - Defense Evasion: Masquerading,195
softmax_normalized_fragility_temp0.5,softmax_normalized_loo_fragility,"{""temperature"": 0.5}",909,softmax_fragility,T1036 - Defense Evasion: Masquerading,195
softmax_normalized_fragility_temp1.0,softmax_normalized_loo_fragility,"{""temperature"": 1.0}",909,all,T1036 - Defense Evasion: Masquerading,195
softmax_normalized_fragility_temp1.0,softmax_normalized_loo_fragility,"{""temperature"": 1.0}",909,softmax_fragility,T1036 - Defense Evasion: Masquerading,195
softmax_normalized_fragility_temp2.0,softmax_normalized_loo_fragility,"{""temperature"": 2.0}",909,all,T1036 - Defense Evasion: Masquerading,195
softmax_normalized_fragility_temp2.0,softmax_normalized_loo_fragility,"{""temperature"": 2.0}",909,softmax_fragility,T1036 - Defense Evasion: Masquerading,195
softmax_normalized_fragility_temp4.0,softmax_normalized_loo_fragility,"{""temperature"": 4.0}",909,all,T1036 - Defense Evasion: Masquerading,195
softmax_normalized_fragility_temp4.0,softmax_normalized_loo_fragility,"{""temperature"": 4.0}",909,softmax_fragility,T1036 - Defense Evasion: Masquerading,195
stochastic_normalized_fragility,stochastic_normalized_loo_fragility,{},909,all,T1498.001 - Impact: Direct Network Flood,195
stochastic_normalized_fragility,stochastic_normalized_loo_fragility,{},909,stochastic_fragility,T1498.001 - Impact: Direct Network Flood,195
uniform_positive_fragility,uniform_positive_loo_fragility,{},909,all,T1498.001 - Impact: Direct Network Flood,195
uniform_positive_fragility,uniform_positive_loo_fragility,{},909,uniform_positive_fragility,T1498.001 - Impact: Direct Network Flood,195
softmax_normalized_fragility_temp0.25,softmax_normalized_loo_fragility,"{""temperature"": 0.25}",909,all,T1498.001 - Impact: Direct Network Flood,195
softmax_normalized_fragility_temp0.25,softmax_normalized_loo_fragility,"{""temperature"": 0.25}",909,softmax_fragility,T1498.001 - Impact: Direct Network Flood,195
softmax_normalized_fragility_temp0.5,softmax_normalized_loo_fragility,"{""temperature"": 0.5}",909,all,T1498.001 - Impact: Direct Network Flood,195
softmax_normalized_fragility_temp0.5,softmax_normalized_loo_fragility,"{""temperature"": 0.5}",909,softmax_fragility,T1498.001 - Impact: Direct Network Flood,195
softmax_normalized_fragility_temp1.0,softmax_normalized_loo_fragility,"{""temperature"": 1.0}",909,all,T1498.001 - Impact: Direct Network Flood,195
softmax_normalized_fragility_temp1.0,softmax_normalized_loo_fragility,"{""temperature"": 1.0}",909,softmax_fragility,T1498.001 - Impact: Direct Network Flood,195
softmax_normalized_fragility_temp2.0,softmax_normalized_loo_fragility,"{""temperature"": 2.0}",909,all,T1498.001 - Impact: Direct Network Flood,195
softmax_normalized_fragility_temp2.0,softmax_normalized_loo_fragility,"{""temperature"": 2.0}",909,softmax_fragility,T1498.001 - Impact: Direct Network Flood,195
softmax_normalized_fragility_temp4.0,softmax_normalized_loo_fragility,"{""temperature"": 4.0}",909,all,T1498.001 - Impact: Direct Network Flood,195
softmax_normalized_fragility_temp4.0,softmax_normalized_loo_fragility,"{""temperature"": 4.0}",909,softmax_fragility,T1498.001 - Impact: Direct Network Flood,195
stochastic_normalized_fragility,stochastic_normalized_loo_fragility,{},909,all,T1498.002 - Impact: Reflection/Amplification Attack,195
stochastic_normalized_fragility,stochastic_normalized_loo_fragility,{},909,stochastic_fragility,T1498.002 - Impact: Reflection/Amplification Attack,195
uniform_positive_fragility,uniform_positive_loo_fragility,{},909,all,T1498.002 - Impact: Reflection/Amplification Attack,195
uniform_positive_fragility,uniform_positive_loo_fragility,{},909,uniform_positive_fragility,T1498.002 - Impact: Reflection/Amplification Attack,195
softmax_normalized_fragility_temp0.25,softmax_normalized_loo_fragility,"{""temperature"": 0.25}",909,all,T1498.002 - Impact: Reflection/Amplification Attack,195
softmax_normalized_fragility_temp0.25,softmax_normalized_loo_fragility,"{""temperature"": 0.25}",909,softmax_fragility,T1498.002 - Impact: Reflection/Amplification Attack,195
softmax_normalized_fragility_temp0.5,softmax_normalized_loo_fragility,"{""temperature"": 0.5}",909,all,T1498.002 - Impact: Reflection/Amplification Attack,195
softmax_normalized_fragility_temp0.5,softmax_normalized_loo_fragility,"{""temperature"": 0.5}",909,softmax_fragility,T1498.002 - Impact: Reflection/Amplification Attack,195
softmax_normalized_fragility_temp1.0,softmax_normalized_loo_fragility,"{""temperature"": 1.0}",909,all,T1498.002 - Impact: Reflection/Amplification Attack,195
softmax_normalized_fragility_temp1.0,softmax_normalized_loo_fragility,"{""temperature"": 1.0}",909,softmax_fragility,T1498.002 - Impact: Reflection/Amplification Attack,195
softmax_normalized_fragility_temp2.0,softmax_normalized_loo_fragility,"{""temperature"": 2.0}",909,all,T1498.002 - Impact: Reflection/Amplification Attack,195
softmax_normalized_fragility_temp2.0,softmax_normalized_loo_fragility,"{""temperature"": 2.0}",909,softmax_fragility,T1498.002 - Impact: Reflection/Amplification Attack,195
softmax_normalized_fragility_temp4.0,softmax_normalized_loo_fragility,"{""temperature"": 4.0}",909,all,T1498.002 - Impact: Reflection/Amplification Attack,195
softmax_normalized_fragility_temp4.0,softmax_normalized_loo_fragility,"{""temperature"": 4.0}",909,softmax_fragility,T1498.002 - Impact: Reflection/Amplification Attack,195
stochastic_normalized_fragility,stochastic_normalized_loo_fragility,{},909,all,T1571 - Defense Evasion: Non-Standard Port,195
stochastic_normalized_fragility,stochastic_normalized_loo_fragility,{},909,stochastic_fragility,T1571 - Defense Evasion: Non-Standard Port,195
uniform_positive_fragility,uniform_positive_loo_fragility,{},909,all,T1571 - Defense Evasion: Non-Standard Port,195
uniform_positive_fragility,uniform_positive_loo_fragility,{},909,uniform_positive_fragility,T1571 - Defense Evasion: Non-Standard Port,195
softmax_normalized_fragility_temp0.25,softmax_normalized_loo_fragility,"{""temperature"": 0.25}",909,all,T1571 - Defense Evasion: Non-Standard Port,195
softmax_normalized_fragility_temp0.25,softmax_normalized_loo_fragility,"{""temperature"": 0.25}",909,softmax_fragility,T1571 - Defense Evasion: Non-Standard Port,195
softmax_normalized_fragility_temp0.5,softmax_normalized_loo_fragility,"{""temperature"": 0.5}",909,all,T1571 - Defense Evasion: Non-Standard Port,195
softmax_normalized_fragility_temp0.5,softmax_normalized_loo_fragility,"{""temperature"": 0.5}",909,softmax_fragility,T1571 - Defense Evasion: Non-Standard Port,195
softmax_normalized_fragility_temp1.0,softmax_normalized_loo_fragility,"{""temperature"": 1.0}",909,all,T1571 - Defense Evasion: Non-Standard Port,195
softmax_normalized_fragility_temp1.0,softmax_normalized_loo_fragility,"{""temperature"": 1.0}",909,softmax_fragility,T1571 - Defense Evasion: Non-Standard Port,195
softmax_normalized_fragility_temp2.0,softmax_normalized_loo_fragility,"{""temperature"": 2.0}",909,all,T1571 - Defense Evasion: Non-Standard Port,195
softmax_normalized_fragility_temp2.0,softmax_normalized_loo_fragility,"{""temperature"": 2.0}",909,softmax_fragility,T1571 - Defense Evasion: Non-Standard Port,195
softmax_normalized_fragility_temp4.0,softmax_normalized_loo_fragility,"{""temperature"": 4.0}",909,all,T1571 - Defense Evasion: Non-Standard Port,195
softmax_normalized_fragility_temp4.0,softmax_normalized_loo_fragility,"{""temperature"": 4.0}",909,softmax_fragility,T1571 - Defense Evasion: Non-Standard Port,195
stochastic_normalized_fragility,stochastic_normalized_loo_fragility,{},909,all,T1583.005 - Resource Development: Acquire Botnet,195
stochastic_normalized_fragility,stochastic_normalized_loo_fragility,{},909,stochastic_fragility,T1583.005 - Resource Development: Acquire Botnet,195
uniform_positive_fragility,uniform_positive_loo_fragility,{},909,all,T1583.005 - Resource Development: Acquire Botnet,195
uniform_positive_fragility,uniform_positive_loo_fragility,{},909,uniform_positive_fragility,T1583.005 - Resource Development: Acquire Botnet,195
softmax_normalized_fragility_temp0.25,softmax_normalized_loo_fragility,"{""temperature"": 0.25}",909,all,T1583.005 - Resource Development: Acquire Botnet,195
softmax_normalized_fragility_temp0.25,softmax_normalized_loo_fragility,"{""temperature"": 0.25}",909,softmax_fragility,T1583.005 - Resource Development: Acquire Botnet,195
softmax_normalized_fragility_temp0.5,softmax_normalized_loo_fragility,"{""temperature"": 0.5}",909,all,T1583.005 - Resource Development: Acquire Botnet,195
softmax_normalized_fragility_temp0.5,softmax_normalized_loo_fragility,"{""temperature"": 0.5}",909,softmax_fragility,T1583.005 - Resource Development: Acquire Botnet,195
softmax_normalized_fragility_temp1.0,softmax_normalized_loo_fragility,"{""temperature"": 1.0}",909,all,T1583.005 - Resource Development: Acquire Botnet,195
softmax_normalized_fragility_temp1.0,softmax_normalized_loo_fragility,"{""temperature"": 1.0}",909,softmax_fragility,T1583.005 - Resource Development: Acquire Botnet,195
softmax_normalized_fragility_temp2.0,softmax_normalized_loo_fragility,"{""temperature"": 2.0}",909,all,T1583.005 - Resource Development: Acquire Botnet,195
softmax_normalized_fragility_temp2.0,softmax_normalized_loo_fragility,"{""temperature"": 2.0}",909,softmax_fragility,T1583.005 - Resource Development: Acquire Botnet,195
softmax_normalized_fragility_temp4.0,softmax_normalized_loo_fragility,"{""temperature"": 4.0}",909,all,T1583.005 - Resource Development: Acquire Botnet,195
softmax_normalized_fragility_temp4.0,softmax_normalized_loo_fragility,"{""temperature"": 4.0}",909,softmax_fragility,T1583.005 - Resource Development: Acquire Botnet,195
stochastic_normalized_fragility,stochastic_normalized_loo_fragility,{},909,all,T1584.005 - Resource Development: Build/Compromise Botnet,194
stochastic_normalized_fragility,stochastic_normalized_loo_fragility,{},909,stochastic_fragility,T1584.005 - Resource Development: Build/Compromise Botnet,194
uniform_positive_fragility,uniform_positive_loo_fragility,{},909,all,T1584.005 - Resource Development: Build/Compromise Botnet,194
uniform_positive_fragility,uniform_positive_loo_fragility,{},909,uniform_positive_fragility,T1584.005 - Resource Development: Build/Compromise Botnet,194
softmax_normalized_fragility_temp0.25,softmax_normalized_loo_fragility,"{""temperature"": 0.25}",909,all,T1584.005 - Resource Development: Build/Compromise Botnet,194
softmax_normalized_fragility_temp0.25,softmax_normalized_loo_fragility,"{""temperature"": 0.25}",909,softmax_fragility,T1584.005 - Resource Development: Build/Compromise Botnet,194
softmax_normalized_fragility_temp0.5,softmax_normalized_loo_fragility,"{""temperature"": 0.5}",909,all,T1584.005 - Resource Development: Build/Compromise Botnet,194
softmax_normalized_fragility_temp0.5,softmax_normalized_loo_fragility,"{""temperature"": 0.5}",909,softmax_fragility,T1584.005 - Resource Development: Build/Compromise Botnet,194
softmax_normalized_fragility_temp1.0,softmax_normalized_loo_fragility,"{""temperature"": 1.0}",909,all,T1584.005 - Resource Development: Build/Compromise Botnet,194
softmax_normalized_fragility_temp1.0,softmax_normalized_loo_fragility,"{""temperature"": 1.0}",909,softmax_fragility,T1584.005 - Resource Development: Build/Compromise Botnet,194
softmax_normalized_fragility_temp2.0,softmax_normalized_loo_fragility,"{""temperature"": 2.0}",909,all,T1584.005 - Resource Development: Build/Compromise Botnet,194
softmax_normalized_fragility_temp2.0,softmax_normalized_loo_fragility,"{""temperature"": 2.0}",909,softmax_fragility,T1584.005 - Resource Development: Build/Compromise Botnet,194
softmax_normalized_fragility_temp4.0,softmax_normalized_loo_fragility,"{""temperature"": 4.0}",909,all,T1584.005 - Resource Development: Build/Compromise Botnet,194
softmax_normalized_fragility_temp4.0,softmax_normalized_loo_fragility,"{""temperature"": 4.0}",909,softmax_fragility,T1584.005 - Resource Development: Build/Compromise Botnet,194
stochastic_normalized_fragility,stochastic_normalized_loo_fragility,{},909,all,T1590 - Reconnaissance: Gather Victim Network Information,194
stochastic_normalized_fragility,stochastic_normalized_loo_fragility,{},909,stochastic_fragility,T1590 - Reconnaissance: Gather Victim Network Information,194
uniform_positive_fragility,uniform_positive_loo_fragility,{},909,all,T1590 - Reconnaissance: Gather Victim Network Information,194
uniform_positive_fragility,uniform_positive_loo_fragility,{},909,uniform_positive_fragility,T1590 - Reconnaissance: Gather Victim Network Information,194
softmax_normalized_fragility_temp0.25,softmax_normalized_loo_fragility,"{""temperature"": 0.25}",909,all,T1590 - Reconnaissance: Gather Victim Network Information,194
softmax_normalized_fragility_temp0.25,softmax_normalized_loo_fragility,"{""temperature"": 0.25}",909,softmax_fragility,T1590 - Reconnaissance: Gather Victim Network Information,194
softmax_normalized_fragility_temp0.5,softmax_normalized_loo_fragility,"{""temperature"": 0.5}",909,all,T1590 - Reconnaissance: Gather Victim Network Information,194
softmax_normalized_fragility_temp0.5,softmax_normalized_loo_fragility,"{""temperature"": 0.5}",909,softmax_fragility,T1590 - Reconnaissance: Gather Victim Network Information,194
softmax_normalized_fragility_temp1.0,softmax_normalized_loo_fragility,"{""temperature"": 1.0}",909,all,T1590 - Reconnaissance: Gather Victim Network Information,194
softmax_normalized_fragility_temp1.0,softmax_normalized_loo_fragility,"{""temperature"": 1.0}",909,softmax_fragility,T1590 - Reconnaissance: Gather Victim Network Information,194
softmax_normalized_fragility_temp2.0,softmax_normalized_loo_fragility,"{""temperature"": 2.0}",909,all,T1590 - Reconnaissance: Gather Victim Network Information,194
softmax_normalized_fragility_temp2.0,softmax_normalized_loo_fragility,"{""temperature"": 2.0}",909,softmax_fragility,T1590 - Reconnaissance: Gather Victim Network Information,194
softmax_normalized_fragility_temp4.0,softmax_normalized_loo_fragility,"{""temperature"": 4.0}",909,all,T1590 - Reconnaissance: Gather Victim Network Information,194
softmax_normalized_fragility_temp4.0,softmax_normalized_loo_fragility,"{""temperature"": 4.0}",909,softmax_fragility,T1590 - Reconnaissance: Gather Victim Network Information,194
stochastic_normalized_fragility,stochastic_normalized_loo_fragility,{},909,all,T1595 - Reconnaissance: Active Scanning,195
stochastic_normalized_fragility,stochastic_normalized_loo_fragility,{},909,stochastic_fragility,T1595 - Reconnaissance: Active Scanning,195
uniform_positive_fragility,uniform_positive_loo_fragility,{},909,all,T1595 - Reconnaissance: Active Scanning,195
uniform_positive_fragility,uniform_positive_loo_fragility,{},909,uniform_positive_fragility,T1595 - Reconnaissance: Active Scanning,195
softmax_normalized_fragility_temp0.25,softmax_normalized_loo_fragility,"{""temperature"": 0.25}",909,all,T1595 - Reconnaissance: Active Scanning,195
softmax_normalized_fragility_temp0.25,softmax_normalized_loo_fragility,"{""temperature"": 0.25}",909,softmax_fragility,T1595 - Reconnaissance: Active Scanning,195
softmax_normalized_fragility_temp0.5,softmax_normalized_loo_fragility,"{""temperature"": 0.5}",909,all,T1595 - Reconnaissance: Active Scanning,195
softmax_normalized_fragility_temp0.5,softmax_normalized_loo_fragility,"{""temperature"": 0.5}",909,softmax_fragility,T1595 - Reconnaissance: Active Scanning,195
softmax_normalized_fragility_temp1.0,softmax_normalized_loo_fragility,"{""temperature"": 1.0}",909,all,T1595 - Reconnaissance: Active Scanning,195
softmax_normalized_fragility_temp1.0,softmax_normalized_loo_fragility,"{""temperature"": 1.0}",909,softmax_fragility,T1595 - Reconnaissance: Active Scanning,195
softmax_normalized_fragility_temp2.0,softmax_normalized_loo_fragility,"{""temperature"": 2.0}",909,all,T1595 - Reconnaissance: Active Scanning,195
softmax_normalized_fragility_temp2.0,softmax_normalized_loo_fragility,"{""temperature"": 2.0}",909,softmax_fragility,T1595 - Reconnaissance: Active Scanning,195
softmax_normalized_fragility_temp4.0,softmax_normalized_loo_fragility,"{""temperature"": 4.0}",909,all,T1595 - Reconnaissance: Active Scanning,195
softmax_normalized_fragility_temp4.0,softmax_normalized_loo_fragility,"{""temperature"": 4.0}",909,softmax_fragility,T1595 - Reconnaissance: Active Scanning,195
stochastic_normalized_fragility,stochastic_normalized_loo_fragility,{},909,all,TA0011 - Command-and-Control,195
stochastic_normalized_fragility,stochastic_normalized_loo_fragility,{},909,stochastic_fragility,TA0011 - Command-and-Control,195
uniform_positive_fragility,uniform_positive_loo_fragility,{},909,all,TA0011 - Command-and-Control,195
uniform_positive_fragility,uniform_positive_loo_fragility,{},909,uniform_positive_fragility,TA0011 - Command-and-Control,195
softmax_normalized_fragility_temp0.25,softmax_normalized_loo_fragility,"{""temperature"": 0.25}",909,all,TA0011 - Command-and-Control,195
softmax_normalized_fragility_temp0.25,softmax_normalized_loo_fragility,"{""temperature"": 0.25}",909,softmax_fragility,TA0011 - Command-and-Control,195
softmax_normalized_fragility_temp0.5,softmax_normalized_loo_fragility,"{""temperature"": 0.5}",909,all,TA0011 - Command-and-Control,195
softmax_normalized_fragility_temp0.5,softmax_normalized_loo_fragility,"{""temperature"": 0.5}",909,softmax_fragility,TA0011 - Command-and-Control,195
softmax_normalized_fragility_temp1.0,softmax_normalized_loo_fragility,"{""temperature"": 1.0}",909,all,TA0011 - Command-and-Control,195
softmax_normalized_fragility_temp1.0,softmax_normalized_loo_fragility,"{""temperature"": 1.0}",909,softmax_fragility,TA0011 - Command-and-Control,195
softmax_normalized_fragility_temp2.0,softmax_normalized_loo_fragility,"{""temperature"": 2.0}",909,all,TA0011 - Command-and-Control,195
softmax_normalized_fragility_temp2.0,softmax_normalized_loo_fragility,"{""temperature"": 2.0}",909,softmax_fragility,TA0011 - Command-and-Control,195
softmax_normalized_fragility_temp4.0,softmax_normalized_loo_fragility,"{""temperature"": 4.0}",909,all,TA0011 - Command-and-Control,195
softmax_normalized_fragility_temp4.0,softmax_normalized_loo_fragility,"{""temperature"": 4.0}",909,softmax_fragility,TA0011 - Command-and-Control,195
stochastic_normalized_fragility,stochastic_normalized_loo_fragility,{},1010,all,T1036 - Defense Evasion: Masquerading,195
stochastic_normalized_fragility,stochastic_normalized_loo_fragility,{},1010,stochastic_fragility,T1036 - Defense Evasion: Masquerading,195
uniform_positive_fragility,uniform_positive_loo_fragility,{},1010,all,T1036 - Defense Evasion: Masquerading,195
uniform_positive_fragility,uniform_positive_loo_fragility,{},1010,uniform_positive_fragility,T1036 - Defense Evasion: Masquerading,195
softmax_normalized_fragility_temp0.25,softmax_normalized_loo_fragility,"{""temperature"": 0.25}",1010,all,T1036 - Defense Evasion: Masquerading,195
softmax_normalized_fragility_temp0.25,softmax_normalized_loo_fragility,"{""temperature"": 0.25}",1010,softmax_fragility,T1036 - Defense Evasion: Masquerading,195
softmax_normalized_fragility_temp0.5,softmax_normalized_loo_fragility,"{""temperature"": 0.5}",1010,all,T1036 - Defense Evasion: Masquerading,195
softmax_normalized_fragility_temp0.5,softmax_normalized_loo_fragility,"{""temperature"": 0.5}",1010,softmax_fragility,T1036 - Defense Evasion: Masquerading,195
softmax_normalized_fragility_temp1.0,softmax_normalized_loo_fragility,"{""temperature"": 1.0}",1010,all,T1036 - Defense Evasion: Masquerading,195
softmax_normalized_fragility_temp1.0,softmax_normalized_loo_fragility,"{""temperature"": 1.0}",1010,softmax_fragility,T1036 - Defense Evasion: Masquerading,195
softmax_normalized_fragility_temp2.0,softmax_normalized_loo_fragility,"{""temperature"": 2.0}",1010,all,T1036 - Defense Evasion: Masquerading,195
softmax_normalized_fragility_temp2.0,softmax_normalized_loo_fragility,"{""temperature"": 2.0}",1010,softmax_fragility,T1036 - Defense Evasion: Masquerading,195
softmax_normalized_fragility_temp4.0,softmax_normalized_loo_fragility,"{""temperature"": 4.0}",1010,all,T1036 - Defense Evasion: Masquerading,195
softmax_normalized_fragility_temp4.0,softmax_normalized_loo_fragility,"{""temperature"": 4.0}",1010,softmax_fragility,T1036 - Defense Evasion: Masquerading,195
stochastic_normalized_fragility,stochastic_normalized_loo_fragility,{},1010,all,T1498.001 - Impact: Direct Network Flood,195
stochastic_normalized_fragility,stochastic_normalized_loo_fragility,{},1010,stochastic_fragility,T1498.001 - Impact: Direct Network Flood,195
uniform_positive_fragility,uniform_positive_loo_fragility,{},1010,all,T1498.001 - Impact: Direct Network Flood,195
uniform_positive_fragility,uniform_positive_loo_fragility,{},1010,uniform_positive_fragility,T1498.001 - Impact: Direct Network Flood,195
softmax_normalized_fragility_temp0.25,softmax_normalized_loo_fragility,"{""temperature"": 0.25}",1010,all,T1498.001 - Impact: Direct Network Flood,195
softmax_normalized_fragility_temp0.25,softmax_normalized_loo_fragility,"{""temperature"": 0.25}",1010,softmax_fragility,T1498.001 - Impact: Direct Network Flood,195
softmax_normalized_fragility_temp0.5,softmax_normalized_loo_fragility,"{""temperature"": 0.5}",1010,all,T1498.001 - Impact: Direct Network Flood,195
softmax_normalized_fragility_temp0.5,softmax_normalized_loo_fragility,"{""temperature"": 0.5}",1010,softmax_fragility,T1498.001 - Impact: Direct Network Flood,195
softmax_normalized_fragility_temp1.0,softmax_normalized_loo_fragility,"{""temperature"": 1.0}",1010,all,T1498.001 - Impact: Direct Network Flood,195
softmax_normalized_fragility_temp1.0,softmax_normalized_loo_fragility,"{""temperature"": 1.0}",1010,softmax_fragility,T1498.001 - Impact: Direct Network Flood,195
softmax_normalized_fragility_temp2.0,softmax_normalized_loo_fragility,"{""temperature"": 2.0}",1010,all,T1498.001 - Impact: Direct Network Flood,195
softmax_normalized_fragility_temp2.0,softmax_normalized_loo_fragility,"{""temperature"": 2.0}",1010,softmax_fragility,T1498.001 - Impact: Direct Network Flood,195
softmax_normalized_fragility_temp4.0,softmax_normalized_loo_fragility,"{""temperature"": 4.0}",1010,all,T1498.001 - Impact: Direct Network Flood,195
softmax_normalized_fragility_temp4.0,softmax_normalized_loo_fragility,"{""temperature"": 4.0}",1010,softmax_fragility,T1498.001 - Impact: Direct Network Flood,195
stochastic_normalized_fragility,stochastic_normalized_loo_fragility,{},1010,all,T1498.002 - Impact: Reflection/Amplification Attack,195
stochastic_normalized_fragility,stochastic_normalized_loo_fragility,{},1010,stochastic_fragility,T1498.002 - Impact: Reflection/Amplification Attack,195
uniform_positive_fragility,uniform_positive_loo_fragility,{},1010,all,T1498.002 - Impact: Reflection/Amplification Attack,195
uniform_positive_fragility,uniform_positive_loo_fragility,{},1010,uniform_positive_fragility,T1498.002 - Impact: Reflection/Amplification Attack,195
softmax_normalized_fragility_temp0.25,softmax_normalized_loo_fragility,"{""temperature"": 0.25}",1010,all,T1498.002 - Impact: Reflection/Amplification Attack,195
softmax_normalized_fragility_temp0.25,softmax_normalized_loo_fragility,"{""temperature"": 0.25}",1010,softmax_fragility,T1498.002 - Impact: Reflection/Amplification Attack,195
softmax_normalized_fragility_temp0.5,softmax_normalized_loo_fragility,"{""temperature"": 0.5}",1010,all,T1498.002 - Impact: Reflection/Amplification Attack,195
softmax_normalized_fragility_temp0.5,softmax_normalized_loo_fragility,"{""temperature"": 0.5}",1010,softmax_fragility,T1498.002 - Impact: Reflection/Amplification Attack,195
softmax_normalized_fragility_temp1.0,softmax_normalized_loo_fragility,"{""temperature"": 1.0}",1010,all,T1498.002 - Impact: Reflection/Amplification Attack,195
softmax_normalized_fragility_temp1.0,softmax_normalized_loo_fragility,"{""temperature"": 1.0}",1010,softmax_fragility,T1498.002 - Impact: Reflection/Amplification Attack,195
softmax_normalized_fragility_temp2.0,softmax_normalized_loo_fragility,"{""temperature"": 2.0}",1010,all,T1498.002 - Impact: Reflection/Amplification Attack,195
softmax_normalized_fragility_temp2.0,softmax_normalized_loo_fragility,"{""temperature"": 2.0}",1010,softmax_fragility,T1498.002 - Impact: Reflection/Amplification Attack,195
softmax_normalized_fragility_temp4.0,softmax_normalized_loo_fragility,"{""temperature"": 4.0}",1010,all,T1498.002 - Impact: Reflection/Amplification Attack,195
softmax_normalized_fragility_temp4.0,softmax_normalized_loo_fragility,"{""temperature"": 4.0}",1010,softmax_fragility,T1498.002 - Impact: Reflection/Amplification Attack,195
stochastic_normalized_fragility,stochastic_normalized_loo_fragility,{},1010,all,T1571 - Defense Evasion: Non-Standard Port,195
stochastic_normalized_fragility,stochastic_normalized_loo_fragility,{},1010,stochastic_fragility,T1571 - Defense Evasion: Non-Standard Port,195
uniform_positive_fragility,uniform_positive_loo_fragility,{},1010,all,T1571 - Defense Evasion: Non-Standard Port,195
uniform_positive_fragility,uniform_positive_loo_fragility,{},1010,uniform_positive_fragility,T1571 - Defense Evasion: Non-Standard Port,195
softmax_normalized_fragility_temp0.25,softmax_normalized_loo_fragility,"{""temperature"": 0.25}",1010,all,T1571 - Defense Evasion: Non-Standard Port,195
softmax_normalized_fragility_temp0.25,softmax_normalized_loo_fragility,"{""temperature"": 0.25}",1010,softmax_fragility,T1571 - Defense Evasion: Non-Standard Port,195
softmax_normalized_fragility_temp0.5,softmax_normalized_loo_fragility,"{""temperature"": 0.5}",1010,all,T1571 - Defense Evasion: Non-Standard Port,195
softmax_normalized_fragility_temp0.5,softmax_normalized_loo_fragility,"{""temperature"": 0.5}",1010,softmax_fragility,T1571 - Defense Evasion: Non-Standard Port,195
softmax_normalized_fragility_temp1.0,softmax_normalized_loo_fragility,"{""temperature"": 1.0}",1010,all,T1571 - Defense Evasion: Non-Standard Port,195
softmax_normalized_fragility_temp1.0,softmax_normalized_loo_fragility,"{""temperature"": 1.0}",1010,softmax_fragility,T1571 - Defense Evasion: Non-Standard Port,195
softmax_normalized_fragility_temp2.0,softmax_normalized_loo_fragility,"{""temperature"": 2.0}",1010,all,T1571 - Defense Evasion: Non-Standard Port,195
softmax_normalized_fragility_temp2.0,softmax_normalized_loo_fragility,"{""temperature"": 2.0}",1010,softmax_fragility,T1571 - Defense Evasion: Non-Standard Port,195
softmax_normalized_fragility_temp4.0,softmax_normalized_loo_fragility,"{""temperature"": 4.0}",1010,all,T1571 - Defense Evasion: Non-Standard Port,195
softmax_normalized_fragility_temp4.0,softmax_normalized_loo_fragility,"{""temperature"": 4.0}",1010,softmax_fragility,T1571 - Defense Evasion: Non-Standard Port,195
stochastic_normalized_fragility,stochastic_normalized_loo_fragility,{},1010,all,T1583.005 - Resource Development: Acquire Botnet,195
stochastic_normalized_fragility,stochastic_normalized_loo_fragility,{},1010,stochastic_fragility,T1583.005 - Resource Development: Acquire Botnet,195
uniform_positive_fragility,uniform_positive_loo_fragility,{},1010,all,T1583.005 - Resource Development: Acquire Botnet,195
uniform_positive_fragility,uniform_positive_loo_fragility,{},1010,uniform_positive_fragility,T1583.005 - Resource Development: Acquire Botnet,195
softmax_normalized_fragility_temp0.25,softmax_normalized_loo_fragility,"{""temperature"": 0.25}",1010,all,T1583.005 - Resource Development: Acquire Botnet,195
softmax_normalized_fragility_temp0.25,softmax_normalized_loo_fragility,"{""temperature"": 0.25}",1010,softmax_fragility,T1583.005 - Resource Development: Acquire Botnet,195
softmax_normalized_fragility_temp0.5,softmax_normalized_loo_fragility,"{""temperature"": 0.5}",1010,all,T1583.005 - Resource Development: Acquire Botnet,195
softmax_normalized_fragility_temp0.5,softmax_normalized_loo_fragility,"{""temperature"": 0.5}",1010,softmax_fragility,T1583.005 - Resource Development: Acquire Botnet,195
softmax_normalized_fragility_temp1.0,softmax_normalized_loo_fragility,"{""temperature"": 1.0}",1010,all,T1583.005 - Resource Development: Acquire Botnet,195
softmax_normalized_fragility_temp1.0,softmax_normalized_loo_fragility,"{""temperature"": 1.0}",1010,softmax_fragility,T1583.005 - Resource Development: Acquire Botnet,195
softmax_normalized_fragility_temp2.0,softmax_normalized_loo_fragility,"{""temperature"": 2.0}",1010,all,T1583.005 - Resource Development: Acquire Botnet,195
softmax_normalized_fragility_temp2.0,softmax_normalized_loo_fragility,"{""temperature"": 2.0}",1010,softmax_fragility,T1583.005 - Resource Development: Acquire Botnet,195
softmax_normalized_fragility_temp4.0,softmax_normalized_loo_fragility,"{""temperature"": 4.0}",1010,all,T1583.005 - Resource Development: Acquire Botnet,195
softmax_normalized_fragility_temp4.0,softmax_normalized_loo_fragility,"{""temperature"": 4.0}",1010,softmax_fragility,T1583.005 - Resource Development: Acquire Botnet,195
stochastic_normalized_fragility,stochastic_normalized_loo_fragility,{},1010,all,T1584.005 - Resource Development: Build/Compromise Botnet,194
stochastic_normalized_fragility,stochastic_normalized_loo_fragility,{},1010,stochastic_fragility,T1584.005 - Resource Development: Build/Compromise Botnet,194
uniform_positive_fragility,uniform_positive_loo_fragility,{},1010,all,T1584.005 - Resource Development: Build/Compromise Botnet,194
uniform_positive_fragility,uniform_positive_loo_fragility,{},1010,uniform_positive_fragility,T1584.005 - Resource Development: Build/Compromise Botnet,194
softmax_normalized_fragility_temp0.25,softmax_normalized_loo_fragility,"{""temperature"": 0.25}",1010,all,T1584.005 - Resource Development: Build/Compromise Botnet,194
softmax_normalized_fragility_temp0.25,softmax_normalized_loo_fragility,"{""temperature"": 0.25}",1010,softmax_fragility,T1584.005 - Resource Development: Build/Compromise Botnet,194
softmax_normalized_fragility_temp0.5,softmax_normalized_loo_fragility,"{""temperature"": 0.5}",1010,all,T1584.005 - Resource Development: Build/Compromise Botnet,194
softmax_normalized_fragility_temp0.5,softmax_normalized_loo_fragility,"{""temperature"": 0.5}",1010,softmax_fragility,T1584.005 - Resource Development: Build/Compromise Botnet,194
softmax_normalized_fragility_temp1.0,softmax_normalized_loo_fragility,"{""temperature"": 1.0}",1010,all,T1584.005 - Resource Development: Build/Compromise Botnet,194
softmax_normalized_fragility_temp1.0,softmax_normalized_loo_fragility,"{""temperature"": 1.0}",1010,softmax_fragility,T1584.005 - Resource Development: Build/Compromise Botnet,194
softmax_normalized_fragility_temp2.0,softmax_normalized_loo_fragility,"{""temperature"": 2.0}",1010,all,T1584.005 - Resource Development: Build/Compromise Botnet,194
softmax_normalized_fragility_temp2.0,softmax_normalized_loo_fragility,"{""temperature"": 2.0}",1010,softmax_fragility,T1584.005 - Resource Development: Build/Compromise Botnet,194
softmax_normalized_fragility_temp4.0,softmax_normalized_loo_fragility,"{""temperature"": 4.0}",1010,all,T1584.005 - Resource Development: Build/Compromise Botnet,194
softmax_normalized_fragility_temp4.0,softmax_normalized_loo_fragility,"{""temperature"": 4.0}",1010,softmax_fragility,T1584.005 - Resource Development: Build/Compromise Botnet,194
stochastic_normalized_fragility,stochastic_normalized_loo_fragility,{},1010,all,T1590 - Reconnaissance: Gather Victim Network Information,194
stochastic_normalized_fragility,stochastic_normalized_loo_fragility,{},1010,stochastic_fragility,T1590 - Reconnaissance: Gather Victim Network Information,194
uniform_positive_fragility,uniform_positive_loo_fragility,{},1010,all,T1590 - Reconnaissance: Gather Victim Network Information,194
uniform_positive_fragility,uniform_positive_loo_fragility,{},1010,uniform_positive_fragility,T1590 - Reconnaissance: Gather Victim Network Information,194
softmax_normalized_fragility_temp0.25,softmax_normalized_loo_fragility,"{""temperature"": 0.25}",1010,all,T1590 - Reconnaissance: Gather Victim Network Information,194
softmax_normalized_fragility_temp0.25,softmax_normalized_loo_fragility,"{""temperature"": 0.25}",1010,softmax_fragility,T1590 - Reconnaissance: Gather Victim Network Information,194
softmax_normalized_fragility_temp0.5,softmax_normalized_loo_fragility,"{""temperature"": 0.5}",1010,all,T1590 - Reconnaissance: Gather Victim Network Information,194
softmax_normalized_fragility_temp0.5,softmax_normalized_loo_fragility,"{""temperature"": 0.5}",1010,softmax_fragility,T1590 - Reconnaissance: Gather Victim Network Information,194
softmax_normalized_fragility_temp1.0,softmax_normalized_loo_fragility,"{""temperature"": 1.0}",1010,all,T1590 - Reconnaissance: Gather Victim Network Information,194
softmax_normalized_fragility_temp1.0,softmax_normalized_loo_fragility,"{""temperature"": 1.0}",1010,softmax_fragility,T1590 - Reconnaissance: Gather Victim Network Information,194
softmax_normalized_fragility_temp2.0,softmax_normalized_loo_fragility,"{""temperature"": 2.0}",1010,all,T1590 - Reconnaissance: Gather Victim Network Information,194
softmax_normalized_fragility_temp2.0,softmax_normalized_loo_fragility,"{""temperature"": 2.0}",1010,softmax_fragility,T1590 - Reconnaissance: Gather Victim Network Information,194
softmax_normalized_fragility_temp4.0,softmax_normalized_loo_fragility,"{""temperature"": 4.0}",1010,all,T1590 - Reconnaissance: Gather Victim Network Information,194
softmax_normalized_fragility_temp4.0,softmax_normalized_loo_fragility,"{""temperature"": 4.0}",1010,softmax_fragility,T1590 - Reconnaissance: Gather Victim Network Information,194
stochastic_normalized_fragility,stochastic_normalized_loo_fragility,{},1010,all,T1595 - Reconnaissance: Active Scanning,195
stochastic_normalized_fragility,stochastic_normalized_loo_fragility,{},1010,stochastic_fragility,T1595 - Reconnaissance: Active Scanning,195
uniform_positive_fragility,uniform_positive_loo_fragility,{},1010,all,T1595 - Reconnaissance: Active Scanning,195
uniform_positive_fragility,uniform_positive_loo_fragility,{},1010,uniform_positive_fragility,T1595 - Reconnaissance: Active Scanning,195
softmax_normalized_fragility_temp0.25,softmax_normalized_loo_fragility,"{""temperature"": 0.25}",1010,all,T1595 - Reconnaissance: Active Scanning,195
softmax_normalized_fragility_temp0.25,softmax_normalized_loo_fragility,"{""temperature"": 0.25}",1010,softmax_fragility,T1595 - Reconnaissance: Active Scanning,195
softmax_normalized_fragility_temp0.5,softmax_normalized_loo_fragility,"{""temperature"": 0.5}",1010,all,T1595 - Reconnaissance: Active Scanning,195
softmax_normalized_fragility_temp0.5,softmax_normalized_loo_fragility,"{""temperature"": 0.5}",1010,softmax_fragility,T1595 - Reconnaissance: Active Scanning,195
softmax_normalized_fragility_temp1.0,softmax_normalized_loo_fragility,"{""temperature"": 1.0}",1010,all,T1595 - Reconnaissance: Active Scanning,195
softmax_normalized_fragility_temp1.0,softmax_normalized_loo_fragility,"{""temperature"": 1.0}",1010,softmax_fragility,T1595 - Reconnaissance: Active Scanning,195
softmax_normalized_fragility_temp2.0,softmax_normalized_loo_fragility,"{""temperature"": 2.0}",1010,all,T1595 - Reconnaissance: Active Scanning,195
softmax_normalized_fragility_temp2.0,softmax_normalized_loo_fragility,"{""temperature"": 2.0}",1010,softmax_fragility,T1595 - Reconnaissance: Active Scanning,195
softmax_normalized_fragility_temp4.0,softmax_normalized_loo_fragility,"{""temperature"": 4.0}",1010,all,T1595 - Reconnaissance: Active Scanning,195
softmax_normalized_fragility_temp4.0,softmax_normalized_loo_fragility,"{""temperature"": 4.0}",1010,softmax_fragility,T1595 - Reconnaissance: Active Scanning,195
stochastic_normalized_fragility,stochastic_normalized_loo_fragility,{},1010,all,TA0011 - Command-and-Control,195
stochastic_normalized_fragility,stochastic_normalized_loo_fragility,{},1010,stochastic_fragility,TA0011 - Command-and-Control,195
uniform_positive_fragility,uniform_positive_loo_fragility,{},1010,all,TA0011 - Command-and-Control,195
uniform_positive_fragility,uniform_positive_loo_fragility,{},1010,uniform_positive_fragility,TA0011 - Command-and-Control,195
softmax_normalized_fragility_temp0.25,softmax_normalized_loo_fragility,"{""temperature"": 0.25}",1010,all,TA0011 - Command-and-Control,195
softmax_normalized_fragility_temp0.25,softmax_normalized_loo_fragility,"{""temperature"": 0.25}",1010,softmax_fragility,TA0011 - Command-and-Control,195
softmax_normalized_fragility_temp0.5,softmax_normalized_loo_fragility,"{""temperature"": 0.5}",1010,all,TA0011 - Command-and-Control,195
softmax_normalized_fragility_temp0.5,softmax_normalized_loo_fragility,"{""temperature"": 0.5}",1010,softmax_fragility,TA0011 - Command-and-Control,195
softmax_normalized_fragility_temp1.0,softmax_normalized_loo_fragility,"{""temperature"": 1.0}",1010,all,TA0011 - Command-and-Control,195
softmax_normalized_fragility_temp1.0,softmax_normalized_loo_fragility,"{""temperature"": 1.0}",1010,softmax_fragility,TA0011 - Command-and-Control,195
softmax_normalized_fragility_temp2.0,softmax_normalized_loo_fragility,"{""temperature"": 2.0}",1010,all,TA0011 - Command-and-Control,195
softmax_normalized_fragility_temp2.0,softmax_normalized_loo_fragility,"{""temperature"": 2.0}",1010,softmax_fragility,TA0011 - Command-and-Control,195
softmax_normalized_fragility_temp4.0,softmax_normalized_loo_fragility,"{""temperature"": 4.0}",1010,all,TA0011 - Command-and-Control,195
softmax_normalized_fragility_temp4.0,softmax_normalized_loo_fragility,"{""temperature"": 4.0}",1010,softmax_fragility,TA0011 - Command-and-Control,195
stochastic_normalized_fragility,stochastic_normalized_loo_fragility,{},1111,all,T1036 - Defense Evasion: Masquerading,195
stochastic_normalized_fragility,stochastic_normalized_loo_fragility,{},1111,stochastic_fragility,T1036 - Defense Evasion: Masquerading,195
uniform_positive_fragility,uniform_positive_loo_fragility,{},1111,all,T1036 - Defense Evasion: Masquerading,195
uniform_positive_fragility,uniform_positive_loo_fragility,{},1111,uniform_positive_fragility,T1036 - Defense Evasion: Masquerading,195
softmax_normalized_fragility_temp0.25,softmax_normalized_loo_fragility,"{""temperature"": 0.25}",1111,all,T1036 - Defense Evasion: Masquerading,195
softmax_normalized_fragility_temp0.25,softmax_normalized_loo_fragility,"{""temperature"": 0.25}",1111,softmax_fragility,T1036 - Defense Evasion: Masquerading,195
softmax_normalized_fragility_temp0.5,softmax_normalized_loo_fragility,"{""temperature"": 0.5}",1111,all,T1036 - Defense Evasion: Masquerading,195
softmax_normalized_fragility_temp0.5,softmax_normalized_loo_fragility,"{""temperature"": 0.5}",1111,softmax_fragility,T1036 - Defense Evasion: Masquerading,195
softmax_normalized_fragility_temp1.0,softmax_normalized_loo_fragility,"{""temperature"": 1.0}",1111,all,T1036 - Defense Evasion: Masquerading,195
softmax_normalized_fragility_temp1.0,softmax_normalized_loo_fragility,"{""temperature"": 1.0}",1111,softmax_fragility,T1036 - Defense Evasion: Masquerading,195
softmax_normalized_fragility_temp2.0,softmax_normalized_loo_fragility,"{""temperature"": 2.0}",1111,all,T1036 - Defense Evasion: Masquerading,195
softmax_normalized_fragility_temp2.0,softmax_normalized_loo_fragility,"{""temperature"": 2.0}",1111,softmax_fragility,T1036 - Defense Evasion: Masquerading,195
softmax_normalized_fragility_temp4.0,softmax_normalized_loo_fragility,"{""temperature"": 4.0}",1111,all,T1036 - Defense Evasion: Masquerading,195
softmax_normalized_fragility_temp4.0,softmax_normalized_loo_fragility,"{""temperature"": 4.0}",1111,softmax_fragility,T1036 - Defense Evasion: Masquerading,195
stochastic_normalized_fragility,stochastic_normalized_loo_fragility,{},1111,all,T1498.001 - Impact: Direct Network Flood,195
stochastic_normalized_fragility,stochastic_normalized_loo_fragility,{},1111,stochastic_fragility,T1498.001 - Impact: Direct Network Flood,195
uniform_positive_fragility,uniform_positive_loo_fragility,{},1111,all,T1498.001 - Impact: Direct Network Flood,195
uniform_positive_fragility,uniform_positive_loo_fragility,{},1111,uniform_positive_fragility,T1498.001 - Impact: Direct Network Flood,195
softmax_normalized_fragility_temp0.25,softmax_normalized_loo_fragility,"{""temperature"": 0.25}",1111,all,T1498.001 - Impact: Direct Network Flood,195
softmax_normalized_fragility_temp0.25,softmax_normalized_loo_fragility,"{""temperature"": 0.25}",1111,softmax_fragility,T1498.001 - Impact: Direct Network Flood,195
softmax_normalized_fragility_temp0.5,softmax_normalized_loo_fragility,"{""temperature"": 0.5}",1111,all,T1498.001 - Impact: Direct Network Flood,195
softmax_normalized_fragility_temp0.5,softmax_normalized_loo_fragility,"{""temperature"": 0.5}",1111,softmax_fragility,T1498.001 - Impact: Direct Network Flood,195
softmax_normalized_fragility_temp1.0,softmax_normalized_loo_fragility,"{""temperature"": 1.0}",1111,all,T1498.001 - Impact: Direct Network Flood,195
softmax_normalized_fragility_temp1.0,softmax_normalized_loo_fragility,"{""temperature"": 1.0}",1111,softmax_fragility,T1498.001 - Impact: Direct Network Flood,195
softmax_normalized_fragility_temp2.0,softmax_normalized_loo_fragility,"{""temperature"": 2.0}",1111,all,T1498.001 - Impact: Direct Network Flood,195
softmax_normalized_fragility_temp2.0,softmax_normalized_loo_fragility,"{""temperature"": 2.0}",1111,softmax_fragility,T1498.001 - Impact: Direct Network Flood,195
softmax_normalized_fragility_temp4.0,softmax_normalized_loo_fragility,"{""temperature"": 4.0}",1111,all,T1498.001 - Impact: Direct Network Flood,195
softmax_normalized_fragility_temp4.0,softmax_normalized_loo_fragility,"{""temperature"": 4.0}",1111,softmax_fragility,T1498.001 - Impact: Direct Network Flood,195
stochastic_normalized_fragility,stochastic_normalized_loo_fragility,{},1111,all,T1498.002 - Impact: Reflection/Amplification Attack,195
stochastic_normalized_fragility,stochastic_normalized_loo_fragility,{},1111,stochastic_fragility,T1498.002 - Impact: Reflection/Amplification Attack,195
uniform_positive_fragility,uniform_positive_loo_fragility,{},1111,all,T1498.002 - Impact: Reflection/Amplification Attack,195
uniform_positive_fragility,uniform_positive_loo_fragility,{},1111,uniform_positive_fragility,T1498.002 - Impact: Reflection/Amplification Attack,195
softmax_normalized_fragility_temp0.25,softmax_normalized_loo_fragility,"{""temperature"": 0.25}",1111,all,T1498.002 - Impact: Reflection/Amplification Attack,195
softmax_normalized_fragility_temp0.25,softmax_normalized_loo_fragility,"{""temperature"": 0.25}",1111,softmax_fragility,T1498.002 - Impact: Reflection/Amplification Attack,195
softmax_normalized_fragility_temp0.5,softmax_normalized_loo_fragility,"{""temperature"": 0.5}",1111,all,T1498.002 - Impact: Reflection/Amplification Attack,195
softmax_normalized_fragility_temp0.5,softmax_normalized_loo_fragility,"{""temperature"": 0.5}",1111,softmax_fragility,T1498.002 - Impact: Reflection/Amplification Attack,195
softmax_normalized_fragility_temp1.0,softmax_normalized_loo_fragility,"{""temperature"": 1.0}",1111,all,T1498.002 - Impact: Reflection/Amplification Attack,195
softmax_normalized_fragility_temp1.0,softmax_normalized_loo_fragility,"{""temperature"": 1.0}",1111,softmax_fragility,T1498.002 - Impact: Reflection/Amplification Attack,195
softmax_normalized_fragility_temp2.0,softmax_normalized_loo_fragility,"{""temperature"": 2.0}",1111,all,T1498.002 - Impact: Reflection/Amplification Attack,195
softmax_normalized_fragility_temp2.0,softmax_normalized_loo_fragility,"{""temperature"": 2.0}",1111,softmax_fragility,T1498.002 - Impact: Reflection/Amplification Attack,195
softmax_normalized_fragility_temp4.0,softmax_normalized_loo_fragility,"{""temperature"": 4.0}",1111,all,T1498.002 - Impact: Reflection/Amplification Attack,195
softmax_normalized_fragility_temp4.0,softmax_normalized_loo_fragility,"{""temperature"": 4.0}",1111,softmax_fragility,T1498.002 - Impact: Reflection/Amplification Attack,195
stochastic_normalized_fragility,stochastic_normalized_loo_fragility,{},1111,all,T1571 - Defense Evasion: Non-Standard Port,195
stochastic_normalized_fragility,stochastic_normalized_loo_fragility,{},1111,stochastic_fragility,T1571 - Defense Evasion: Non-Standard Port,195
uniform_positive_fragility,uniform_positive_loo_fragility,{},1111,all,T1571 - Defense Evasion: Non-Standard Port,195
uniform_positive_fragility,uniform_positive_loo_fragility,{},1111,uniform_positive_fragility,T1571 - Defense Evasion: Non-Standard Port,195
softmax_normalized_fragility_temp0.25,softmax_normalized_loo_fragility,"{""temperature"": 0.25}",1111,all,T1571 - Defense Evasion: Non-Standard Port,195
softmax_normalized_fragility_temp0.25,softmax_normalized_loo_fragility,"{""temperature"": 0.25}",1111,softmax_fragility,T1571 - Defense Evasion: Non-Standard Port,195
softmax_normalized_fragility_temp0.5,softmax_normalized_loo_fragility,"{""temperature"": 0.5}",1111,all,T1571 - Defense Evasion: Non-Standard Port,195
softmax_normalized_fragility_temp0.5,softmax_normalized_loo_fragility,"{""temperature"": 0.5}",1111,softmax_fragility,T1571 - Defense Evasion: Non-Standard Port,195
softmax_normalized_fragility_temp1.0,softmax_normalized_loo_fragility,"{""temperature"": 1.0}",1111,all,T1571 - Defense Evasion: Non-Standard Port,195
softmax_normalized_fragility_temp1.0,softmax_normalized_loo_fragility,"{""temperature"": 1.0}",1111,softmax_fragility,T1571 - Defense Evasion: Non-Standard Port,195
softmax_normalized_fragility_temp2.0,softmax_normalized_loo_fragility,"{""temperature"": 2.0}",1111,all,T1571 - Defense Evasion: Non-Standard Port,195
softmax_normalized_fragility_temp2.0,softmax_normalized_loo_fragility,"{""temperature"": 2.0}",1111,softmax_fragility,T1571 - Defense Evasion: Non-Standard Port,195
softmax_normalized_fragility_temp4.0,softmax_normalized_loo_fragility,"{""temperature"": 4.0}",1111,all,T1571 - Defense Evasion: Non-Standard Port,195
softmax_normalized_fragility_temp4.0,softmax_normalized_loo_fragility,"{""temperature"": 4.0}",1111,softmax_fragility,T1571 - Defense Evasion: Non-Standard Port,195
stochastic_normalized_fragility,stochastic_normalized_loo_fragility,{},1111,all,T1583.005 - Resource Development: Acquire Botnet,195
stochastic_normalized_fragility,stochastic_normalized_loo_fragility,{},1111,stochastic_fragility,T1583.005 - Resource Development: Acquire Botnet,195
uniform_positive_fragility,uniform_positive_loo_fragility,{},1111,all,T1583.005 - Resource Development: Acquire Botnet,195
uniform_positive_fragility,uniform_positive_loo_fragility,{},1111,uniform_positive_fragility,T1583.005 - Resource Development: Acquire Botnet,195
softmax_normalized_fragility_temp0.25,softmax_normalized_loo_fragility,"{""temperature"": 0.25}",1111,all,T1583.005 - Resource Development: Acquire Botnet,195
softmax_normalized_fragility_temp0.25,softmax_normalized_loo_fragility,"{""temperature"": 0.25}",1111,softmax_fragility,T1583.005 - Resource Development: Acquire Botnet,195
softmax_normalized_fragility_temp0.5,softmax_normalized_loo_fragility,"{""temperature"": 0.5}",1111,all,T1583.005 - Resource Development: Acquire Botnet,195
softmax_normalized_fragility_temp0.5,softmax_normalized_loo_fragility,"{""temperature"": 0.5}",1111,softmax_fragility,T1583.005 - Resource Development: Acquire Botnet,195
softmax_normalized_fragility_temp1.0,softmax_normalized_loo_fragility,"{""temperature"": 1.0}",1111,all,T1583.005 - Resource Development: Acquire Botnet,195
softmax_normalized_fragility_temp1.0,softmax_normalized_loo_fragility,"{""temperature"": 1.0}",1111,softmax_fragility,T1583.005 - Resource Development: Acquire Botnet,195
softmax_normalized_fragility_temp2.0,softmax_normalized_loo_fragility,"{""temperature"": 2.0}",1111,all,T1583.005 - Resource Development: Acquire Botnet,195
softmax_normalized_fragility_temp2.0,softmax_normalized_loo_fragility,"{""temperature"": 2.0}",1111,softmax_fragility,T1583.005 - Resource Development: Acquire Botnet,195
softmax_normalized_fragility_temp4.0,softmax_normalized_loo_fragility,"{""temperature"": 4.0}",1111,all,T1583.005 - Resource Development: Acquire Botnet,195
softmax_normalized_fragility_temp4.0,softmax_normalized_loo_fragility,"{""temperature"": 4.0}",1111,softmax_fragility,T1583.005 - Resource Development: Acquire Botnet,195
stochastic_normalized_fragility,stochastic_normalized_loo_fragility,{},1111,all,T1584.005 - Resource Development: Build/Compromise Botnet,194
stochastic_normalized_fragility,stochastic_normalized_loo_fragility,{},1111,stochastic_fragility,T1584.005 - Resource Development: Build/Compromise Botnet,194
uniform_positive_fragility,uniform_positive_loo_fragility,{},1111,all,T1584.005 - Resource Development: Build/Compromise Botnet,194
uniform_positive_fragility,uniform_positive_loo_fragility,{},1111,uniform_positive_fragility,T1584.005 - Resource Development: Build/Compromise Botnet,194
softmax_normalized_fragility_temp0.25,softmax_normalized_loo_fragility,"{""temperature"": 0.25}",1111,all,T1584.005 - Resource Development: Build/Compromise Botnet,194
softmax_normalized_fragility_temp0.25,softmax_normalized_loo_fragility,"{""temperature"": 0.25}",1111,softmax_fragility,T1584.005 - Resource Development: Build/Compromise Botnet,194
softmax_normalized_fragility_temp0.5,softmax_normalized_loo_fragility,"{""temperature"": 0.5}",1111,all,T1584.005 - Resource Development: Build/Compromise Botnet,194
softmax_normalized_fragility_temp0.5,softmax_normalized_loo_fragility,"{""temperature"": 0.5}",1111,softmax_fragility,T1584.005 - Resource Development: Build/Compromise Botnet,194
softmax_normalized_fragility_temp1.0,softmax_normalized_loo_fragility,"{""temperature"": 1.0}",1111,all,T1584.005 - Resource Development: Build/Compromise Botnet,194
softmax_normalized_fragility_temp1.0,softmax_normalized_loo_fragility,"{""temperature"": 1.0}",1111,softmax_fragility,T1584.005 - Resource Development: Build/Compromise Botnet,194
softmax_normalized_fragility_temp2.0,softmax_normalized_loo_fragility,"{""temperature"": 2.0}",1111,all,T1584.005 - Resource Development: Build/Compromise Botnet,194
softmax_normalized_fragility_temp2.0,softmax_normalized_loo_fragility,"{""temperature"": 2.0}",1111,softmax_fragility,T1584.005 - Resource Development: Build/Compromise Botnet,194
softmax_normalized_fragility_temp4.0,softmax_normalized_loo_fragility,"{""temperature"": 4.0}",1111,all,T1584.005 - Resource Development: Build/Compromise Botnet,194
softmax_normalized_fragility_temp4.0,softmax_normalized_loo_fragility,"{""temperature"": 4.0}",1111,softmax_fragility,T1584.005 - Resource Development: Build/Compromise Botnet,194
stochastic_normalized_fragility,stochastic_normalized_loo_fragility,{},1111,all,T1590 - Reconnaissance: Gather Victim Network Information,194
stochastic_normalized_fragility,stochastic_normalized_loo_fragility,{},1111,stochastic_fragility,T1590 - Reconnaissance: Gather Victim Network Information,194
uniform_positive_fragility,uniform_positive_loo_fragility,{},1111,all,T1590 - Reconnaissance: Gather Victim Network Information,194
uniform_positive_fragility,uniform_positive_loo_fragility,{},1111,uniform_positive_fragility,T1590 - Reconnaissance: Gather Victim Network Information,194
softmax_normalized_fragility_temp0.25,softmax_normalized_loo_fragility,"{""temperature"": 0.25}",1111,all,T1590 - Reconnaissance: Gather Victim Network Information,194
softmax_normalized_fragility_temp0.25,softmax_normalized_loo_fragility,"{""temperature"": 0.25}",1111,softmax_fragility,T1590 - Reconnaissance: Gather Victim Network Information,194
softmax_normalized_fragility_temp0.5,softmax_normalized_loo_fragility,"{""temperature"": 0.5}",1111,all,T1590 - Reconnaissance: Gather Victim Network Information,194
softmax_normalized_fragility_temp0.5,softmax_normalized_loo_fragility,"{""temperature"": 0.5}",1111,softmax_fragility,T1590 - Reconnaissance: Gather Victim Network Information,194
softmax_normalized_fragility_temp1.0,softmax_normalized_loo_fragility,"{""temperature"": 1.0}",1111,all,T1590 - Reconnaissance: Gather Victim Network Information,194
softmax_normalized_fragility_temp1.0,softmax_normalized_loo_fragility,"{""temperature"": 1.0}",1111,softmax_fragility,T1590 - Reconnaissance: Gather Victim Network Information,194
softmax_normalized_fragility_temp2.0,softmax_normalized_loo_fragility,"{""temperature"": 2.0}",1111,all,T1590 - Reconnaissance: Gather Victim Network Information,194
softmax_normalized_fragility_temp2.0,softmax_normalized_loo_fragility,"{""temperature"": 2.0}",1111,softmax_fragility,T1590 - Reconnaissance: Gather Victim Network Information,194
softmax_normalized_fragility_temp4.0,softmax_normalized_loo_fragility,"{""temperature"": 4.0}",1111,all,T1590 - Reconnaissance: Gather Victim Network Information,194
softmax_normalized_fragility_temp4.0,softmax_normalized_loo_fragility,"{""temperature"": 4.0}",1111,softmax_fragility,T1590 - Reconnaissance: Gather Victim Network Information,194
stochastic_normalized_fragility,stochastic_normalized_loo_fragility,{},1111,all,T1595 - Reconnaissance: Active Scanning,195
stochastic_normalized_fragility,stochastic_normalized_loo_fragility,{},1111,stochastic_fragility,T1595 - Reconnaissance: Active Scanning,195
uniform_positive_fragility,uniform_positive_loo_fragility,{},1111,all,T1595 - Reconnaissance: Active Scanning,195
uniform_positive_fragility,uniform_positive_loo_fragility,{},1111,uniform_positive_fragility,T1595 - Reconnaissance: Active Scanning,195
softmax_normalized_fragility_temp0.25,softmax_normalized_loo_fragility,"{""temperature"": 0.25}",1111,all,T1595 - Reconnaissance: Active Scanning,195
softmax_normalized_fragility_temp0.25,softmax_normalized_loo_fragility,"{""temperature"": 0.25}",1111,softmax_fragility,T1595 - Reconnaissance: Active Scanning,195
softmax_normalized_fragility_temp0.5,softmax_normalized_loo_fragility,"{""temperature"": 0.5}",1111,all,T1595 - Reconnaissance: Active Scanning,195
softmax_normalized_fragility_temp0.5,softmax_normalized_loo_fragility,"{""temperature"": 0.5}",1111,softmax_fragility,T1595 - Reconnaissance: Active Scanning,195
softmax_normalized_fragility_temp1.0,softmax_normalized_loo_fragility,"{""temperature"": 1.0}",1111,all,T1595 - Reconnaissance: Active Scanning,195
softmax_normalized_fragility_temp1.0,softmax_normalized_loo_fragility,"{""temperature"": 1.0}",1111,softmax_fragility,T1595 - Reconnaissance: Active Scanning,195
softmax_normalized_fragility_temp2.0,softmax_normalized_loo_fragility,"{""temperature"": 2.0}",1111,all,T1595 - Reconnaissance: Active Scanning,195
softmax_normalized_fragility_temp2.0,softmax_normalized_loo_fragility,"{""temperature"": 2.0}",1111,softmax_fragility,T1595 - Reconnaissance: Active Scanning,195
softmax_normalized_fragility_temp4.0,softmax_normalized_loo_fragility,"{""temperature"": 4.0}",1111,all,T1595 - Reconnaissance: Active Scanning,195
softmax_normalized_fragility_temp4.0,softmax_normalized_loo_fragility,"{""temperature"": 4.0}",1111,softmax_fragility,T1595 - Reconnaissance: Active Scanning,195
stochastic_normalized_fragility,stochastic_normalized_loo_fragility,{},1111,all,TA0011 - Command-and-Control,195
stochastic_normalized_fragility,stochastic_normalized_loo_fragility,{},1111,stochastic_fragility,TA0011 - Command-and-Control,195
uniform_positive_fragility,uniform_positive_loo_fragility,{},1111,all,TA0011 - Command-and-Control,195
uniform_positive_fragility,uniform_positive_loo_fragility,{},1111,uniform_positive_fragility,TA0011 - Command-and-Control,195
softmax_normalized_fragility_temp0.25,softmax_normalized_loo_fragility,"{""temperature"": 0.25}",1111,all,TA0011 - Command-and-Control,195
softmax_normalized_fragility_temp0.25,softmax_normalized_loo_fragility,"{""temperature"": 0.25}",1111,softmax_fragility,TA0011 - Command-and-Control,195
softmax_normalized_fragility_temp0.5,softmax_normalized_loo_fragility,"{""temperature"": 0.5}",1111,all,TA0011 - Command-and-Control,195
softmax_normalized_fragility_temp0.5,softmax_normalized_loo_fragility,"{""temperature"": 0.5}",1111,softmax_fragility,TA0011 - Command-and-Control,195
softmax_normalized_fragility_temp1.0,softmax_normalized_loo_fragility,"{""temperature"": 1.0}",1111,all,TA0011 - Command-and-Control,195
softmax_normalized_fragility_temp1.0,softmax_normalized_loo_fragility,"{""temperature"": 1.0}",1111,softmax_fragility,TA0011 - Command-and-Control,195
softmax_normalized_fragility_temp2.0,softmax_normalized_loo_fragility,"{""temperature"": 2.0}",1111,all,TA0011 - Command-and-Control,195
softmax_normalized_fragility_temp2.0,softmax_normalized_loo_fragility,"{""temperature"": 2.0}",1111,softmax_fragility,TA0011 - Command-and-Control,195
softmax_normalized_fragility_temp4.0,softmax_normalized_loo_fragility,"{""temperature"": 4.0}",1111,all,TA0011 - Command-and-Control,195
softmax_normalized_fragility_temp4.0,softmax_normalized_loo_fragility,"{""temperature"": 4.0}",1111,softmax_fragility,TA0011 - Command-and-Control,195
stochastic_normalized_fragility,stochastic_normalized_loo_fragility,{},1212,all,T1036 - Defense Evasion: Masquerading,195
stochastic_normalized_fragility,stochastic_normalized_loo_fragility,{},1212,stochastic_fragility,T1036 - Defense Evasion: Masquerading,195
uniform_positive_fragility,uniform_positive_loo_fragility,{},1212,all,T1036 - Defense Evasion: Masquerading,195
uniform_positive_fragility,uniform_positive_loo_fragility,{},1212,uniform_positive_fragility,T1036 - Defense Evasion: Masquerading,195
softmax_normalized_fragility_temp0.25,softmax_normalized_loo_fragility,"{""temperature"": 0.25}",1212,all,T1036 - Defense Evasion: Masquerading,195
softmax_normalized_fragility_temp0.25,softmax_normalized_loo_fragility,"{""temperature"": 0.25}",1212,softmax_fragility,T1036 - Defense Evasion: Masquerading,195
softmax_normalized_fragility_temp0.5,softmax_normalized_loo_fragility,"{""temperature"": 0.5}",1212,all,T1036 - Defense Evasion: Masquerading,195
softmax_normalized_fragility_temp0.5,softmax_normalized_loo_fragility,"{""temperature"": 0.5}",1212,softmax_fragility,T1036 - Defense Evasion: Masquerading,195
softmax_normalized_fragility_temp1.0,softmax_normalized_loo_fragility,"{""temperature"": 1.0}",1212,all,T1036 - Defense Evasion: Masquerading,195
softmax_normalized_fragility_temp1.0,softmax_normalized_loo_fragility,"{""temperature"": 1.0}",1212,softmax_fragility,T1036 - Defense Evasion: Masquerading,195
softmax_normalized_fragility_temp2.0,softmax_normalized_loo_fragility,"{""temperature"": 2.0}",1212,all,T1036 - Defense Evasion: Masquerading,195
softmax_normalized_fragility_temp2.0,softmax_normalized_loo_fragility,"{""temperature"": 2.0}",1212,softmax_fragility,T1036 - Defense Evasion: Masquerading,195
softmax_normalized_fragility_temp4.0,softmax_normalized_loo_fragility,"{""temperature"": 4.0}",1212,all,T1036 - Defense Evasion: Masquerading,195
softmax_normalized_fragility_temp4.0,softmax_normalized_loo_fragility,"{""temperature"": 4.0}",1212,softmax_fragility,T1036 - Defense Evasion: Masquerading,195
stochastic_normalized_fragility,stochastic_normalized_loo_fragility,{},1212,all,T1498.001 - Impact: Direct Network Flood,195
stochastic_normalized_fragility,stochastic_normalized_loo_fragility,{},1212,stochastic_fragility,T1498.001 - Impact: Direct Network Flood,195
uniform_positive_fragility,uniform_positive_loo_fragility,{},1212,all,T1498.001 - Impact: Direct Network Flood,195
uniform_positive_fragility,uniform_positive_loo_fragility,{},1212,uniform_positive_fragility,T1498.001 - Impact: Direct Network Flood,195
softmax_normalized_fragility_temp0.25,softmax_normalized_loo_fragility,"{""temperature"": 0.25}",1212,all,T1498.001 - Impact: Direct Network Flood,195
softmax_normalized_fragility_temp0.25,softmax_normalized_loo_fragility,"{""temperature"": 0.25}",1212,softmax_fragility,T1498.001 - Impact: Direct Network Flood,195
softmax_normalized_fragility_temp0.5,softmax_normalized_loo_fragility,"{""temperature"": 0.5}",1212,all,T1498.001 - Impact: Direct Network Flood,195
softmax_normalized_fragility_temp0.5,softmax_normalized_loo_fragility,"{""temperature"": 0.5}",1212,softmax_fragility,T1498.001 - Impact: Direct Network Flood,195
softmax_normalized_fragility_temp1.0,softmax_normalized_loo_fragility,"{""temperature"": 1.0}",1212,all,T1498.001 - Impact: Direct Network Flood,195
softmax_normalized_fragility_temp1.0,softmax_normalized_loo_fragility,"{""temperature"": 1.0}",1212,softmax_fragility,T1498.001 - Impact: Direct Network Flood,195
softmax_normalized_fragility_temp2.0,softmax_normalized_loo_fragility,"{""temperature"": 2.0}",1212,all,T1498.001 - Impact: Direct Network Flood,195
softmax_normalized_fragility_temp2.0,softmax_normalized_loo_fragility,"{""temperature"": 2.0}",1212,softmax_fragility,T1498.001 - Impact: Direct Network Flood,195
softmax_normalized_fragility_temp4.0,softmax_normalized_loo_fragility,"{""temperature"": 4.0}",1212,all,T1498.001 - Impact: Direct Network Flood,195
softmax_normalized_fragility_temp4.0,softmax_normalized_loo_fragility,"{""temperature"": 4.0}",1212,softmax_fragility,T1498.001 - Impact: Direct Network Flood,195
stochastic_normalized_fragility,stochastic_normalized_loo_fragility,{},1212,all,T1498.002 - Impact: Reflection/Amplification Attack,195
stochastic_normalized_fragility,stochastic_normalized_loo_fragility,{},1212,stochastic_fragility,T1498.002 - Impact: Reflection/Amplification Attack,195
uniform_positive_fragility,uniform_positive_loo_fragility,{},1212,all,T1498.002 - Impact: Reflection/Amplification Attack,195
uniform_positive_fragility,uniform_positive_loo_fragility,{},1212,uniform_positive_fragility,T1498.002 - Impact: Reflection/Amplification Attack,195
softmax_normalized_fragility_temp0.25,softmax_normalized_loo_fragility,"{""temperature"": 0.25}",1212,all,T1498.002 - Impact: Reflection/Amplification Attack,195
softmax_normalized_fragility_temp0.25,softmax_normalized_loo_fragility,"{""temperature"": 0.25}",1212,softmax_fragility,T1498.002 - Impact: Reflection/Amplification Attack,195
softmax_normalized_fragility_temp0.5,softmax_normalized_loo_fragility,"{""temperature"": 0.5}",1212,all,T1498.002 - Impact: Reflection/Amplification Attack,195
softmax_normalized_fragility_temp0.5,softmax_normalized_loo_fragility,"{""temperature"": 0.5}",1212,softmax_fragility,T1498.002 - Impact: Reflection/Amplification Attack,195
softmax_normalized_fragility_temp1.0,softmax_normalized_loo_fragility,"{""temperature"": 1.0}",1212,all,T1498.002 - Impact: Reflection/Amplification Attack,195
softmax_normalized_fragility_temp1.0,softmax_normalized_loo_fragility,"{""temperature"": 1.0}",1212,softmax_fragility,T1498.002 - Impact: Reflection/Amplification Attack,195
softmax_normalized_fragility_temp2.0,softmax_normalized_loo_fragility,"{""temperature"": 2.0}",1212,all,T1498.002 - Impact: Reflection/Amplification Attack,195
softmax_normalized_fragility_temp2.0,softmax_normalized_loo_fragility,"{""temperature"": 2.0}",1212,softmax_fragility,T1498.002 - Impact: Reflection/Amplification Attack,195
softmax_normalized_fragility_temp4.0,softmax_normalized_loo_fragility,"{""temperature"": 4.0}",1212,all,T1498.002 - Impact: Reflection/Amplification Attack,195
softmax_normalized_fragility_temp4.0,softmax_normalized_loo_fragility,"{""temperature"": 4.0}",1212,softmax_fragility,T1498.002 - Impact: Reflection/Amplification Attack,195
stochastic_normalized_fragility,stochastic_normalized_loo_fragility,{},1212,all,T1571 - Defense Evasion: Non-Standard Port,195
stochastic_normalized_fragility,stochastic_normalized_loo_fragility,{},1212,stochastic_fragility,T1571 - Defense Evasion: Non-Standard Port,195
uniform_positive_fragility,uniform_positive_loo_fragility,{},1212,all,T1571 - Defense Evasion: Non-Standard Port,195
uniform_positive_fragility,uniform_positive_loo_fragility,{},1212,uniform_positive_fragility,T1571 - Defense Evasion: Non-Standard Port,195
softmax_normalized_fragility_temp0.25,softmax_normalized_loo_fragility,"{""temperature"": 0.25}",1212,all,T1571 - Defense Evasion: Non-Standard Port,195
softmax_normalized_fragility_temp0.25,softmax_normalized_loo_fragility,"{""temperature"": 0.25}",1212,softmax_fragility,T1571 - Defense Evasion: Non-Standard Port,195
softmax_normalized_fragility_temp0.5,softmax_normalized_loo_fragility,"{""temperature"": 0.5}",1212,all,T1571 - Defense Evasion: Non-Standard Port,195
softmax_normalized_fragility_temp0.5,softmax_normalized_loo_fragility,"{""temperature"": 0.5}",1212,softmax_fragility,T1571 - Defense Evasion: Non-Standard Port,195
softmax_normalized_fragility_temp1.0,softmax_normalized_loo_fragility,"{""temperature"": 1.0}",1212,all,T1571 - Defense Evasion: Non-Standard Port,195
softmax_normalized_fragility_temp1.0,softmax_normalized_loo_fragility,"{""temperature"": 1.0}",1212,softmax_fragility,T1571 - Defense Evasion: Non-Standard Port,195
softmax_normalized_fragility_temp2.0,softmax_normalized_loo_fragility,"{""temperature"": 2.0}",1212,all,T1571 - Defense Evasion: Non-Standard Port,195
softmax_normalized_fragility_temp2.0,softmax_normalized_loo_fragility,"{""temperature"": 2.0}",1212,softmax_fragility,T1571 - Defense Evasion: Non-Standard Port,195
softmax_normalized_fragility_temp4.0,softmax_normalized_loo_fragility,"{""temperature"": 4.0}",1212,all,T1571 - Defense Evasion: Non-Standard Port,195
softmax_normalized_fragility_temp4.0,softmax_normalized_loo_fragility,"{""temperature"": 4.0}",1212,softmax_fragility,T1571 - Defense Evasion: Non-Standard Port,195
stochastic_normalized_fragility,stochastic_normalized_loo_fragility,{},1212,all,T1583.005 - Resource Development: Acquire Botnet,195
stochastic_normalized_fragility,stochastic_normalized_loo_fragility,{},1212,stochastic_fragility,T1583.005 - Resource Development: Acquire Botnet,195
uniform_positive_fragility,uniform_positive_loo_fragility,{},1212,all,T1583.005 - Resource Development: Acquire Botnet,195
uniform_positive_fragility,uniform_positive_loo_fragility,{},1212,uniform_positive_fragility,T1583.005 - Resource Development: Acquire Botnet,195
softmax_normalized_fragility_temp0.25,softmax_normalized_loo_fragility,"{""temperature"": 0.25}",1212,all,T1583.005 - Resource Development: Acquire Botnet,195
softmax_normalized_fragility_temp0.25,softmax_normalized_loo_fragility,"{""temperature"": 0.25}",1212,softmax_fragility,T1583.005 - Resource Development: Acquire Botnet,195
softmax_normalized_fragility_temp0.5,softmax_normalized_loo_fragility,"{""temperature"": 0.5}",1212,all,T1583.005 - Resource Development: Acquire Botnet,195
softmax_normalized_fragility_temp0.5,softmax_normalized_loo_fragility,"{""temperature"": 0.5}",1212,softmax_fragility,T1583.005 - Resource Development: Acquire Botnet,195
softmax_normalized_fragility_temp1.0,softmax_normalized_loo_fragility,"{""temperature"": 1.0}",1212,all,T1583.005 - Resource Development: Acquire Botnet,195
softmax_normalized_fragility_temp1.0,softmax_normalized_loo_fragility,"{""temperature"": 1.0}",1212,softmax_fragility,T1583.005 - Resource Development: Acquire Botnet,195
softmax_normalized_fragility_temp2.0,softmax_normalized_loo_fragility,"{""temperature"": 2.0}",1212,all,T1583.005 - Resource Development: Acquire Botnet,195
softmax_normalized_fragility_temp2.0,softmax_normalized_loo_fragility,"{""temperature"": 2.0}",1212,softmax_fragility,T1583.005 - Resource Development: Acquire Botnet,195
softmax_normalized_fragility_temp4.0,softmax_normalized_loo_fragility,"{""temperature"": 4.0}",1212,all,T1583.005 - Resource Development: Acquire Botnet,195
softmax_normalized_fragility_temp4.0,softmax_normalized_loo_fragility,"{""temperature"": 4.0}",1212,softmax_fragility,T1583.005 - Resource Development: Acquire Botnet,195
stochastic_normalized_fragility,stochastic_normalized_loo_fragility,{},1212,all,T1584.005 - Resource Development: Build/Compromise Botnet,194
stochastic_normalized_fragility,stochastic_normalized_loo_fragility,{},1212,stochastic_fragility,T1584.005 - Resource Development: Build/Compromise Botnet,194
uniform_positive_fragility,uniform_positive_loo_fragility,{},1212,all,T1584.005 - Resource Development: Build/Compromise Botnet,194
uniform_positive_fragility,uniform_positive_loo_fragility,{},1212,uniform_positive_fragility,T1584.005 - Resource Development: Build/Compromise Botnet,194
softmax_normalized_fragility_temp0.25,softmax_normalized_loo_fragility,"{""temperature"": 0.25}",1212,all,T1584.005 - Resource Development: Build/Compromise Botnet,194
softmax_normalized_fragility_temp0.25,softmax_normalized_loo_fragility,"{""temperature"": 0.25}",1212,softmax_fragility,T1584.005 - Resource Development: Build/Compromise Botnet,194
softmax_normalized_fragility_temp0.5,softmax_normalized_loo_fragility,"{""temperature"": 0.5}",1212,all,T1584.005 - Resource Development: Build/Compromise Botnet,194
softmax_normalized_fragility_temp0.5,softmax_normalized_loo_fragility,"{""temperature"": 0.5}",1212,softmax_fragility,T1584.005 - Resource Development: Build/Compromise Botnet,194
softmax_normalized_fragility_temp1.0,softmax_normalized_loo_fragility,"{""temperature"": 1.0}",1212,all,T1584.005 - Resource Development: Build/Compromise Botnet,194
softmax_normalized_fragility_temp1.0,softmax_normalized_loo_fragility,"{""temperature"": 1.0}",1212,softmax_fragility,T1584.005 - Resource Development: Build/Compromise Botnet,194
softmax_normalized_fragility_temp2.0,softmax_normalized_loo_fragility,"{""temperature"": 2.0}",1212,all,T1584.005 - Resource Development: Build/Compromise Botnet,194
softmax_normalized_fragility_temp2.0,softmax_normalized_loo_fragility,"{""temperature"": 2.0}",1212,softmax_fragility,T1584.005 - Resource Development: Build/Compromise Botnet,194
softmax_normalized_fragility_temp4.0,softmax_normalized_loo_fragility,"{""temperature"": 4.0}",1212,all,T1584.005 - Resource Development: Build/Compromise Botnet,194
softmax_normalized_fragility_temp4.0,softmax_normalized_loo_fragility,"{""temperature"": 4.0}",1212,softmax_fragility,T1584.005 - Resource Development: Build/Compromise Botnet,194
stochastic_normalized_fragility,stochastic_normalized_loo_fragility,{},1212,all,T1590 - Reconnaissance: Gather Victim Network Information,194
stochastic_normalized_fragility,stochastic_normalized_loo_fragility,{},1212,stochastic_fragility,T1590 - Reconnaissance: Gather Victim Network Information,194
uniform_positive_fragility,uniform_positive_loo_fragility,{},1212,all,T1590 - Reconnaissance: Gather Victim Network Information,194
uniform_positive_fragility,uniform_positive_loo_fragility,{},1212,uniform_positive_fragility,T1590 - Reconnaissance: Gather Victim Network Information,194
softmax_normalized_fragility_temp0.25,softmax_normalized_loo_fragility,"{""temperature"": 0.25}",1212,all,T1590 - Reconnaissance: Gather Victim Network Information,194
softmax_normalized_fragility_temp0.25,softmax_normalized_loo_fragility,"{""temperature"": 0.25}",1212,softmax_fragility,T1590 - Reconnaissance: Gather Victim Network Information,194
softmax_normalized_fragility_temp0.5,softmax_normalized_loo_fragility,"{""temperature"": 0.5}",1212,all,T1590 - Reconnaissance: Gather Victim Network Information,194
softmax_normalized_fragility_temp0.5,softmax_normalized_loo_fragility,"{""temperature"": 0.5}",1212,softmax_fragility,T1590 - Reconnaissance: Gather Victim Network Information,194
softmax_normalized_fragility_temp1.0,softmax_normalized_loo_fragility,"{""temperature"": 1.0}",1212,all,T1590 - Reconnaissance: Gather Victim Network Information,194
softmax_normalized_fragility_temp1.0,softmax_normalized_loo_fragility,"{""temperature"": 1.0}",1212,softmax_fragility,T1590 - Reconnaissance: Gather Victim Network Information,194
softmax_normalized_fragility_temp2.0,softmax_normalized_loo_fragility,"{""temperature"": 2.0}",1212,all,T1590 - Reconnaissance: Gather Victim Network Information,194
softmax_normalized_fragility_temp2.0,softmax_normalized_loo_fragility,"{""temperature"": 2.0}",1212,softmax_fragility,T1590 - Reconnaissance: Gather Victim Network Information,194
softmax_normalized_fragility_temp4.0,softmax_normalized_loo_fragility,"{""temperature"": 4.0}",1212,all,T1590 - Reconnaissance: Gather Victim Network Information,194
softmax_normalized_fragility_temp4.0,softmax_normalized_loo_fragility,"{""temperature"": 4.0}",1212,softmax_fragility,T1590 - Reconnaissance: Gather Victim Network Information,194
stochastic_normalized_fragility,stochastic_normalized_loo_fragility,{},1212,all,T1595 - Reconnaissance: Active Scanning,195
stochastic_normalized_fragility,stochastic_normalized_loo_fragility,{},1212,stochastic_fragility,T1595 - Reconnaissance: Active Scanning,195
uniform_positive_fragility,uniform_positive_loo_fragility,{},1212,all,T1595 - Reconnaissance: Active Scanning,195
uniform_positive_fragility,uniform_positive_loo_fragility,{},1212,uniform_positive_fragility,T1595 - Reconnaissance: Active Scanning,195
softmax_normalized_fragility_temp0.25,softmax_normalized_loo_fragility,"{""temperature"": 0.25}",1212,all,T1595 - Reconnaissance: Active Scanning,195
softmax_normalized_fragility_temp0.25,softmax_normalized_loo_fragility,"{""temperature"": 0.25}",1212,softmax_fragility,T1595 - Reconnaissance: Active Scanning,195
softmax_normalized_fragility_temp0.5,softmax_normalized_loo_fragility,"{""temperature"": 0.5}",1212,all,T1595 - Reconnaissance: Active Scanning,195
softmax_normalized_fragility_temp0.5,softmax_normalized_loo_fragility,"{""temperature"": 0.5}",1212,softmax_fragility,T1595 - Reconnaissance: Active Scanning,195
softmax_normalized_fragility_temp1.0,softmax_normalized_loo_fragility,"{""temperature"": 1.0}",1212,all,T1595 - Reconnaissance: Active Scanning,195
softmax_normalized_fragility_temp1.0,softmax_normalized_loo_fragility,"{""temperature"": 1.0}",1212,softmax_fragility,T1595 - Reconnaissance: Active Scanning,195
softmax_normalized_fragility_temp2.0,softmax_normalized_loo_fragility,"{""temperature"": 2.0}",1212,all,T1595 - Reconnaissance: Active Scanning,195
softmax_normalized_fragility_temp2.0,softmax_normalized_loo_fragility,"{""temperature"": 2.0}",1212,softmax_fragility,T1595 - Reconnaissance: Active Scanning,195
softmax_normalized_fragility_temp4.0,softmax_normalized_loo_fragility,"{""temperature"": 4.0}",1212,all,T1595 - Reconnaissance: Active Scanning,195
softmax_normalized_fragility_temp4.0,softmax_normalized_loo_fragility,"{""temperature"": 4.0}",1212,softmax_fragility,T1595 - Reconnaissance: Active Scanning,195
stochastic_normalized_fragility,stochastic_normalized_loo_fragility,{},1212,all,TA0011 - Command-and-Control,195
stochastic_normalized_fragility,stochastic_normalized_loo_fragility,{},1212,stochastic_fragility,TA0011 - Command-and-Control,195
uniform_positive_fragility,uniform_positive_loo_fragility,{},1212,all,TA0011 - Command-and-Control,195
uniform_positive_fragility,uniform_positive_loo_fragility,{},1212,uniform_positive_fragility,TA0011 - Command-and-Control,195
softmax_normalized_fragility_temp0.25,softmax_normalized_loo_fragility,"{""temperature"": 0.25}",1212,all,TA0011 - Command-and-Control,195
softmax_normalized_fragility_temp0.25,softmax_normalized_loo_fragility,"{""temperature"": 0.25}",1212,softmax_fragility,TA0011 - Command-and-Control,195
softmax_normalized_fragility_temp0.5,softmax_normalized_loo_fragility,"{""temperature"": 0.5}",1212,all,TA0011 - Command-and-Control,195
softmax_normalized_fragility_temp0.5,softmax_normalized_loo_fragility,"{""temperature"": 0.5}",1212,softmax_fragility,TA0011 - Command-and-Control,195
softmax_normalized_fragility_temp1.0,softmax_normalized_loo_fragility,"{""temperature"": 1.0}",1212,all,TA0011 - Command-and-Control,195
softmax_normalized_fragility_temp1.0,softmax_normalized_loo_fragility,"{""temperature"": 1.0}",1212,softmax_fragility,TA0011 - Command-and-Control,195
softmax_normalized_fragility_temp2.0,softmax_normalized_loo_fragility,"{""temperature"": 2.0}",1212,all,TA0011 - Command-and-Control,195
softmax_normalized_fragility_temp2.0,softmax_normalized_loo_fragility,"{""temperature"": 2.0}",1212,softmax_fragility,TA0011 - Command-and-Control,195
softmax_normalized_fragility_temp4.0,softmax_normalized_loo_fragility,"{""temperature"": 4.0}",1212,all,TA0011 - Command-and-Control,195
softmax_normalized_fragility_temp4.0,softmax_normalized_loo_fragility,"{""temperature"": 4.0}",1212,softmax_fragility,TA0011 - Command-and-Control,195
stochastic_normalized_fragility,stochastic_normalized_loo_fragility,{},1313,all,T1036 - Defense Evasion: Masquerading,195
stochastic_normalized_fragility,stochastic_normalized_loo_fragility,{},1313,stochastic_fragility,T1036 - Defense Evasion: Masquerading,195
uniform_positive_fragility,uniform_positive_loo_fragility,{},1313,all,T1036 - Defense Evasion: Masquerading,195
uniform_positive_fragility,uniform_positive_loo_fragility,{},1313,uniform_positive_fragility,T1036 - Defense Evasion: Masquerading,195
softmax_normalized_fragility_temp0.25,softmax_normalized_loo_fragility,"{""temperature"": 0.25}",1313,all,T1036 - Defense Evasion: Masquerading,195
softmax_normalized_fragility_temp0.25,softmax_normalized_loo_fragility,"{""temperature"": 0.25}",1313,softmax_fragility,T1036 - Defense Evasion: Masquerading,195
softmax_normalized_fragility_temp0.5,softmax_normalized_loo_fragility,"{""temperature"": 0.5}",1313,all,T1036 - Defense Evasion: Masquerading,195
softmax_normalized_fragility_temp0.5,softmax_normalized_loo_fragility,"{""temperature"": 0.5}",1313,softmax_fragility,T1036 - Defense Evasion: Masquerading,195
softmax_normalized_fragility_temp1.0,softmax_normalized_loo_fragility,"{""temperature"": 1.0}",1313,all,T1036 - Defense Evasion: Masquerading,195
softmax_normalized_fragility_temp1.0,softmax_normalized_loo_fragility,"{""temperature"": 1.0}",1313,softmax_fragility,T1036 - Defense Evasion: Masquerading,195
softmax_normalized_fragility_temp2.0,softmax_normalized_loo_fragility,"{""temperature"": 2.0}",1313,all,T1036 - Defense Evasion: Masquerading,195
softmax_normalized_fragility_temp2.0,softmax_normalized_loo_fragility,"{""temperature"": 2.0}",1313,softmax_fragility,T1036 - Defense Evasion: Masquerading,195
softmax_normalized_fragility_temp4.0,softmax_normalized_loo_fragility,"{""temperature"": 4.0}",1313,all,T1036 - Defense Evasion: Masquerading,195
softmax_normalized_fragility_temp4.0,softmax_normalized_loo_fragility,"{""temperature"": 4.0}",1313,softmax_fragility,T1036 - Defense Evasion: Masquerading,195
stochastic_normalized_fragility,stochastic_normalized_loo_fragility,{},1313,all,T1498.001 - Impact: Direct Network Flood,195
stochastic_normalized_fragility,stochastic_normalized_loo_fragility,{},1313,stochastic_fragility,T1498.001 - Impact: Direct Network Flood,195
uniform_positive_fragility,uniform_positive_loo_fragility,{},1313,all,T1498.001 - Impact: Direct Network Flood,195
uniform_positive_fragility,uniform_positive_loo_fragility,{},1313,uniform_positive_fragility,T1498.001 - Impact: Direct Network Flood,195
softmax_normalized_fragility_temp0.25,softmax_normalized_loo_fragility,"{""temperature"": 0.25}",1313,all,T1498.001 - Impact: Direct Network Flood,195
softmax_normalized_fragility_temp0.25,softmax_normalized_loo_fragility,"{""temperature"": 0.25}",1313,softmax_fragility,T1498.001 - Impact: Direct Network Flood,195
softmax_normalized_fragility_temp0.5,softmax_normalized_loo_fragility,"{""temperature"": 0.5}",1313,all,T1498.001 - Impact: Direct Network Flood,195
softmax_normalized_fragility_temp0.5,softmax_normalized_loo_fragility,"{""temperature"": 0.5}",1313,softmax_fragility,T1498.001 - Impact: Direct Network Flood,195
softmax_normalized_fragility_temp1.0,softmax_normalized_loo_fragility,"{""temperature"": 1.0}",1313,all,T1498.001 - Impact: Direct Network Flood,195
softmax_normalized_fragility_temp1.0,softmax_normalized_loo_fragility,"{""temperature"": 1.0}",1313,softmax_fragility,T1498.001 - Impact: Direct Network Flood,195
softmax_normalized_fragility_temp2.0,softmax_normalized_loo_fragility,"{""temperature"": 2.0}",1313,all,T1498.001 - Impact: Direct Network Flood,195
softmax_normalized_fragility_temp2.0,softmax_normalized_loo_fragility,"{""temperature"": 2.0}",1313,softmax_fragility,T1498.001 - Impact: Direct Network Flood,195
softmax_normalized_fragility_temp4.0,softmax_normalized_loo_fragility,"{""temperature"": 4.0}",1313,all,T1498.001 - Impact: Direct Network Flood,195
softmax_normalized_fragility_temp4.0,softmax_normalized_loo_fragility,"{""temperature"": 4.0}",1313,softmax_fragility,T1498.001 - Impact: Direct Network Flood,195
stochastic_normalized_fragility,stochastic_normalized_loo_fragility,{},1313,all,T1498.002 - Impact: Reflection/Amplification Attack,195
stochastic_normalized_fragility,stochastic_normalized_loo_fragility,{},1313,stochastic_fragility,T1498.002 - Impact: Reflection/Amplification Attack,195
uniform_positive_fragility,uniform_positive_loo_fragility,{},1313,all,T1498.002 - Impact: Reflection/Amplification Attack,195
uniform_positive_fragility,uniform_positive_loo_fragility,{},1313,uniform_positive_fragility,T1498.002 - Impact: Reflection/Amplification Attack,195
softmax_normalized_fragility_temp0.25,softmax_normalized_loo_fragility,"{""temperature"": 0.25}",1313,all,T1498.002 - Impact: Reflection/Amplification Attack,195
softmax_normalized_fragility_temp0.25,softmax_normalized_loo_fragility,"{""temperature"": 0.25}",1313,softmax_fragility,T1498.002 - Impact: Reflection/Amplification Attack,195
softmax_normalized_fragility_temp0.5,softmax_normalized_loo_fragility,"{""temperature"": 0.5}",1313,all,T1498.002 - Impact: Reflection/Amplification Attack,195
softmax_normalized_fragility_temp0.5,softmax_normalized_loo_fragility,"{""temperature"": 0.5}",1313,softmax_fragility,T1498.002 - Impact: Reflection/Amplification Attack,195
softmax_normalized_fragility_temp1.0,softmax_normalized_loo_fragility,"{""temperature"": 1.0}",1313,all,T1498.002 - Impact: Reflection/Amplification Attack,195
softmax_normalized_fragility_temp1.0,softmax_normalized_loo_fragility,"{""temperature"": 1.0}",1313,softmax_fragility,T1498.002 - Impact: Reflection/Amplification Attack,195
softmax_normalized_fragility_temp2.0,softmax_normalized_loo_fragility,"{""temperature"": 2.0}",1313,all,T1498.002 - Impact: Reflection/Amplification Attack,195
softmax_normalized_fragility_temp2.0,softmax_normalized_loo_fragility,"{""temperature"": 2.0}",1313,softmax_fragility,T1498.002 - Impact: Reflection/Amplification Attack,195
softmax_normalized_fragility_temp4.0,softmax_normalized_loo_fragility,"{""temperature"": 4.0}",1313,all,T1498.002 - Impact: Reflection/Amplification Attack,195
softmax_normalized_fragility_temp4.0,softmax_normalized_loo_fragility,"{""temperature"": 4.0}",1313,softmax_fragility,T1498.002 - Impact: Reflection/Amplification Attack,195
stochastic_normalized_fragility,stochastic_normalized_loo_fragility,{},1313,all,T1571 - Defense Evasion: Non-Standard Port,195
stochastic_normalized_fragility,stochastic_normalized_loo_fragility,{},1313,stochastic_fragility,T1571 - Defense Evasion: Non-Standard Port,195
uniform_positive_fragility,uniform_positive_loo_fragility,{},1313,all,T1571 - Defense Evasion: Non-Standard Port,195
uniform_positive_fragility,uniform_positive_loo_fragility,{},1313,uniform_positive_fragility,T1571 - Defense Evasion: Non-Standard Port,195
softmax_normalized_fragility_temp0.25,softmax_normalized_loo_fragility,"{""temperature"": 0.25}",1313,all,T1571 - Defense Evasion: Non-Standard Port,195
softmax_normalized_fragility_temp0.25,softmax_normalized_loo_fragility,"{""temperature"": 0.25}",1313,softmax_fragility,T1571 - Defense Evasion: Non-Standard Port,195
softmax_normalized_fragility_temp0.5,softmax_normalized_loo_fragility,"{""temperature"": 0.5}",1313,all,T1571 - Defense Evasion: Non-Standard Port,195
softmax_normalized_fragility_temp0.5,softmax_normalized_loo_fragility,"{""temperature"": 0.5}",1313,softmax_fragility,T1571 - Defense Evasion: Non-Standard Port,195
softmax_normalized_fragility_temp1.0,softmax_normalized_loo_fragility,"{""temperature"": 1.0}",1313,all,T1571 - Defense Evasion: Non-Standard Port,195
softmax_normalized_fragility_temp1.0,softmax_normalized_loo_fragility,"{""temperature"": 1.0}",1313,softmax_fragility,T1571 - Defense Evasion: Non-Standard Port,195
softmax_normalized_fragility_temp2.0,softmax_normalized_loo_fragility,"{""temperature"": 2.0}",1313,all,T1571 - Defense Evasion: Non-Standard Port,195
softmax_normalized_fragility_temp2.0,softmax_normalized_loo_fragility,"{""temperature"": 2.0}",1313,softmax_fragility,T1571 - Defense Evasion: Non-Standard Port,195
softmax_normalized_fragility_temp4.0,softmax_normalized_loo_fragility,"{""temperature"": 4.0}",1313,all,T1571 - Defense Evasion: Non-Standard Port,195
softmax_normalized_fragility_temp4.0,softmax_normalized_loo_fragility,"{""temperature"": 4.0}",1313,softmax_fragility,T1571 - Defense Evasion: Non-Standard Port,195
stochastic_normalized_fragility,stochastic_normalized_loo_fragility,{},1313,all,T1583.005 - Resource Development: Acquire Botnet,195
stochastic_normalized_fragility,stochastic_normalized_loo_fragility,{},1313,stochastic_fragility,T1583.005 - Resource Development: Acquire Botnet,195
uniform_positive_fragility,uniform_positive_loo_fragility,{},1313,all,T1583.005 - Resource Development: Acquire Botnet,195
uniform_positive_fragility,uniform_positive_loo_fragility,{},1313,uniform_positive_fragility,T1583.005 - Resource Development: Acquire Botnet,195
softmax_normalized_fragility_temp0.25,softmax_normalized_loo_fragility,"{""temperature"": 0.25}",1313,all,T1583.005 - Resource Development: Acquire Botnet,195
softmax_normalized_fragility_temp0.25,softmax_normalized_loo_fragility,"{""temperature"": 0.25}",1313,softmax_fragility,T1583.005 - Resource Development: Acquire Botnet,195
softmax_normalized_fragility_temp0.5,softmax_normalized_loo_fragility,"{""temperature"": 0.5}",1313,all,T1583.005 - Resource Development: Acquire Botnet,195
softmax_normalized_fragility_temp0.5,softmax_normalized_loo_fragility,"{""temperature"": 0.5}",1313,softmax_fragility,T1583.005 - Resource Development: Acquire Botnet,195
softmax_normalized_fragility_temp1.0,softmax_normalized_loo_fragility,"{""temperature"": 1.0}",1313,all,T1583.005 - Resource Development: Acquire Botnet,195
softmax_normalized_fragility_temp1.0,softmax_normalized_loo_fragility,"{""temperature"": 1.0}",1313,softmax_fragility,T1583.005 - Resource Development: Acquire Botnet,195
softmax_normalized_fragility_temp2.0,softmax_normalized_loo_fragility,"{""temperature"": 2.0}",1313,all,T1583.005 - Resource Development: Acquire Botnet,195
softmax_normalized_fragility_temp2.0,softmax_normalized_loo_fragility,"{""temperature"": 2.0}",1313,softmax_fragility,T1583.005 - Resource Development: Acquire Botnet,195
softmax_normalized_fragility_temp4.0,softmax_normalized_loo_fragility,"{""temperature"": 4.0}",1313,all,T1583.005 - Resource Development: Acquire Botnet,195
softmax_normalized_fragility_temp4.0,softmax_normalized_loo_fragility,"{""temperature"": 4.0}",1313,softmax_fragility,T1583.005 - Resource Development: Acquire Botnet,195
stochastic_normalized_fragility,stochastic_normalized_loo_fragility,{},1313,all,T1584.005 - Resource Development: Build/Compromise Botnet,194
stochastic_normalized_fragility,stochastic_normalized_loo_fragility,{},1313,stochastic_fragility,T1584.005 - Resource Development: Build/Compromise Botnet,194
uniform_positive_fragility,uniform_positive_loo_fragility,{},1313,all,T1584.005 - Resource Development: Build/Compromise Botnet,194
uniform_positive_fragility,uniform_positive_loo_fragility,{},1313,uniform_positive_fragility,T1584.005 - Resource Development: Build/Compromise Botnet,194
softmax_normalized_fragility_temp0.25,softmax_normalized_loo_fragility,"{""temperature"": 0.25}",1313,all,T1584.005 - Resource Development: Build/Compromise Botnet,194
softmax_normalized_fragility_temp0.25,softmax_normalized_loo_fragility,"{""temperature"": 0.25}",1313,softmax_fragility,T1584.005 - Resource Development: Build/Compromise Botnet,194
softmax_normalized_fragility_temp0.5,softmax_normalized_loo_fragility,"{""temperature"": 0.5}",1313,all,T1584.005 - Resource Development: Build/Compromise Botnet,194
softmax_normalized_fragility_temp0.5,softmax_normalized_loo_fragility,"{""temperature"": 0.5}",1313,softmax_fragility,T1584.005 - Resource Development: Build/Compromise Botnet,194
softmax_normalized_fragility_temp1.0,softmax_normalized_loo_fragility,"{""temperature"": 1.0}",1313,all,T1584.005 - Resource Development: Build/Compromise Botnet,194
softmax_normalized_fragility_temp1.0,softmax_normalized_loo_fragility,"{""temperature"": 1.0}",1313,softmax_fragility,T1584.005 - Resource Development: Build/Compromise Botnet,194
softmax_normalized_fragility_temp2.0,softmax_normalized_loo_fragility,"{""temperature"": 2.0}",1313,all,T1584.005 - Resource Development: Build/Compromise Botnet,194
softmax_normalized_fragility_temp2.0,softmax_normalized_loo_fragility,"{""temperature"": 2.0}",1313,softmax_fragility,T1584.005 - Resource Development: Build/Compromise Botnet,194
softmax_normalized_fragility_temp4.0,softmax_normalized_loo_fragility,"{""temperature"": 4.0}",1313,all,T1584.005 - Resource Development: Build/Compromise Botnet,194
softmax_normalized_fragility_temp4.0,softmax_normalized_loo_fragility,"{""temperature"": 4.0}",1313,softmax_fragility,T1584.005 - Resource Development: Build/Compromise Botnet,194
stochastic_normalized_fragility,stochastic_normalized_loo_fragility,{},1313,all,T1590 - Reconnaissance: Gather Victim Network Information,194
stochastic_normalized_fragility,stochastic_normalized_loo_fragility,{},1313,stochastic_fragility,T1590 - Reconnaissance: Gather Victim Network Information,194
uniform_positive_fragility,uniform_positive_loo_fragility,{},1313,all,T1590 - Reconnaissance: Gather Victim Network Information,194
uniform_positive_fragility,uniform_positive_loo_fragility,{},1313,uniform_positive_fragility,T1590 - Reconnaissance: Gather Victim Network Information,194
softmax_normalized_fragility_temp0.25,softmax_normalized_loo_fragility,"{""temperature"": 0.25}",1313,all,T1590 - Reconnaissance: Gather Victim Network Information,194
softmax_normalized_fragility_temp0.25,softmax_normalized_loo_fragility,"{""temperature"": 0.25}",1313,softmax_fragility,T1590 - Reconnaissance: Gather Victim Network Information,194
softmax_normalized_fragility_temp0.5,softmax_normalized_loo_fragility,"{""temperature"": 0.5}",1313,all,T1590 - Reconnaissance: Gather Victim Network Information,194
softmax_normalized_fragility_temp0.5,softmax_normalized_loo_fragility,"{""temperature"": 0.5}",1313,softmax_fragility,T1590 - Reconnaissance: Gather Victim Network Information,194
softmax_normalized_fragility_temp1.0,softmax_normalized_loo_fragility,"{""temperature"": 1.0}",1313,all,T1590 - Reconnaissance: Gather Victim Network Information,194
softmax_normalized_fragility_temp1.0,softmax_normalized_loo_fragility,"{""temperature"": 1.0}",1313,softmax_fragility,T1590 - Reconnaissance: Gather Victim Network Information,194
softmax_normalized_fragility_temp2.0,softmax_normalized_loo_fragility,"{""temperature"": 2.0}",1313,all,T1590 - Reconnaissance: Gather Victim Network Information,194
softmax_normalized_fragility_temp2.0,softmax_normalized_loo_fragility,"{""temperature"": 2.0}",1313,softmax_fragility,T1590 - Reconnaissance: Gather Victim Network Information,194
softmax_normalized_fragility_temp4.0,softmax_normalized_loo_fragility,"{""temperature"": 4.0}",1313,all,T1590 - Reconnaissance: Gather Victim Network Information,194
softmax_normalized_fragility_temp4.0,softmax_normalized_loo_fragility,"{""temperature"": 4.0}",1313,softmax_fragility,T1590 - Reconnaissance: Gather Victim Network Information,194
stochastic_normalized_fragility,stochastic_normalized_loo_fragility,{},1313,all,T1595 - Reconnaissance: Active Scanning,195
stochastic_normalized_fragility,stochastic_normalized_loo_fragility,{},1313,stochastic_fragility,T1595 - Reconnaissance: Active Scanning,195
uniform_positive_fragility,uniform_positive_loo_fragility,{},1313,all,T1595 - Reconnaissance: Active Scanning,195
uniform_positive_fragility,uniform_positive_loo_fragility,{},1313,uniform_positive_fragility,T1595 - Reconnaissance: Active Scanning,195
softmax_normalized_fragility_temp0.25,softmax_normalized_loo_fragility,"{""temperature"": 0.25}",1313,all,T1595 - Reconnaissance: Active Scanning,195
softmax_normalized_fragility_temp0.25,softmax_normalized_loo_fragility,"{""temperature"": 0.25}",1313,softmax_fragility,T1595 - Reconnaissance: Active Scanning,195
softmax_normalized_fragility_temp0.5,softmax_normalized_loo_fragility,"{""temperature"": 0.5}",1313,all,T1595 - Reconnaissance: Active Scanning,195
softmax_normalized_fragility_temp0.5,softmax_normalized_loo_fragility,"{""temperature"": 0.5}",1313,softmax_fragility,T1595 - Reconnaissance: Active Scanning,195
softmax_normalized_fragility_temp1.0,softmax_normalized_loo_fragility,"{""temperature"": 1.0}",1313,all,T1595 - Reconnaissance: Active Scanning,195
softmax_normalized_fragility_temp1.0,softmax_normalized_loo_fragility,"{""temperature"": 1.0}",1313,softmax_fragility,T1595 - Reconnaissance: Active Scanning,195
softmax_normalized_fragility_temp2.0,softmax_normalized_loo_fragility,"{""temperature"": 2.0}",1313,all,T1595 - Reconnaissance: Active Scanning,195
softmax_normalized_fragility_temp2.0,softmax_normalized_loo_fragility,"{""temperature"": 2.0}",1313,softmax_fragility,T1595 - Reconnaissance: Active Scanning,195
softmax_normalized_fragility_temp4.0,softmax_normalized_loo_fragility,"{""temperature"": 4.0}",1313,all,T1595 - Reconnaissance: Active Scanning,195
softmax_normalized_fragility_temp4.0,softmax_normalized_loo_fragility,"{""temperature"": 4.0}",1313,softmax_fragility,T1595 - Reconnaissance: Active Scanning,195
stochastic_normalized_fragility,stochastic_normalized_loo_fragility,{},1313,all,TA0011 - Command-and-Control,195
stochastic_normalized_fragility,stochastic_normalized_loo_fragility,{},1313,stochastic_fragility,TA0011 - Command-and-Control,195
uniform_positive_fragility,uniform_positive_loo_fragility,{},1313,all,TA0011 - Command-and-Control,195
uniform_positive_fragility,uniform_positive_loo_fragility,{},1313,uniform_positive_fragility,TA0011 - Command-and-Control,195
softmax_normalized_fragility_temp0.25,softmax_normalized_loo_fragility,"{""temperature"": 0.25}",1313,all,TA0011 - Command-and-Control,195
softmax_normalized_fragility_temp0.25,softmax_normalized_loo_fragility,"{""temperature"": 0.25}",1313,softmax_fragility,TA0011 - Command-and-Control,195
softmax_normalized_fragility_temp0.5,softmax_normalized_loo_fragility,"{""temperature"": 0.5}",1313,all,TA0011 - Command-and-Control,195
softmax_normalized_fragility_temp0.5,softmax_normalized_loo_fragility,"{""temperature"": 0.5}",1313,softmax_fragility,TA0011 - Command-and-Control,195
softmax_normalized_fragility_temp1.0,softmax_normalized_loo_fragility,"{""temperature"": 1.0}",1313,all,TA0011 - Command-and-Control,195
softmax_normalized_fragility_temp1.0,softmax_normalized_loo_fragility,"{""temperature"": 1.0}",1313,softmax_fragility,TA0011 - Command-and-Control,195
softmax_normalized_fragility_temp2.0,softmax_normalized_loo_fragility,"{""temperature"": 2.0}",1313,all,TA0011 - Command-and-Control,195
softmax_normalized_fragility_temp2.0,softmax_normalized_loo_fragility,"{""temperature"": 2.0}",1313,softmax_fragility,TA0011 - Command-and-Control,195
softmax_normalized_fragility_temp4.0,softmax_normalized_loo_fragility,"{""temperature"": 4.0}",1313,all,TA0011 - Command-and-Control,195
softmax_normalized_fragility_temp4.0,softmax_normalized_loo_fragility,"{""temperature"": 4.0}",1313,softmax_fragility,TA0011 - Command-and-Control,195
stochastic_normalized_fragility,stochastic_normalized_loo_fragility,{},1414,all,T1036 - Defense Evasion: Masquerading,195
stochastic_normalized_fragility,stochastic_normalized_loo_fragility,{},1414,stochastic_fragility,T1036 - Defense Evasion: Masquerading,195
uniform_positive_fragility,uniform_positive_loo_fragility,{},1414,all,T1036 - Defense Evasion: Masquerading,195
uniform_positive_fragility,uniform_positive_loo_fragility,{},1414,uniform_positive_fragility,T1036 - Defense Evasion: Masquerading,195
softmax_normalized_fragility_temp0.25,softmax_normalized_loo_fragility,"{""temperature"": 0.25}",1414,all,T1036 - Defense Evasion: Masquerading,195
softmax_normalized_fragility_temp0.25,softmax_normalized_loo_fragility,"{""temperature"": 0.25}",1414,softmax_fragility,T1036 - Defense Evasion: Masquerading,195
softmax_normalized_fragility_temp0.5,softmax_normalized_loo_fragility,"{""temperature"": 0.5}",1414,all,T1036 - Defense Evasion: Masquerading,195
softmax_normalized_fragility_temp0.5,softmax_normalized_loo_fragility,"{""temperature"": 0.5}",1414,softmax_fragility,T1036 - Defense Evasion: Masquerading,195
softmax_normalized_fragility_temp1.0,softmax_normalized_loo_fragility,"{""temperature"": 1.0}",1414,all,T1036 - Defense Evasion: Masquerading,195
softmax_normalized_fragility_temp1.0,softmax_normalized_loo_fragility,"{""temperature"": 1.0}",1414,softmax_fragility,T1036 - Defense Evasion: Masquerading,195
softmax_normalized_fragility_temp2.0,softmax_normalized_loo_fragility,"{""temperature"": 2.0}",1414,all,T1036 - Defense Evasion: Masquerading,195
softmax_normalized_fragility_temp2.0,softmax_normalized_loo_fragility,"{""temperature"": 2.0}",1414,softmax_fragility,T1036 - Defense Evasion: Masquerading,195
softmax_normalized_fragility_temp4.0,softmax_normalized_loo_fragility,"{""temperature"": 4.0}",1414,all,T1036 - Defense Evasion: Masquerading,195
softmax_normalized_fragility_temp4.0,softmax_normalized_loo_fragility,"{""temperature"": 4.0}",1414,softmax_fragility,T1036 - Defense Evasion: Masquerading,195
stochastic_normalized_fragility,stochastic_normalized_loo_fragility,{},1414,all,T1498.001 - Impact: Direct Network Flood,195
stochastic_normalized_fragility,stochastic_normalized_loo_fragility,{},1414,stochastic_fragility,T1498.001 - Impact: Direct Network Flood,195
uniform_positive_fragility,uniform_positive_loo_fragility,{},1414,all,T1498.001 - Impact: Direct Network Flood,195
uniform_positive_fragility,uniform_positive_loo_fragility,{},1414,uniform_positive_fragility,T1498.001 - Impact: Direct Network Flood,195
softmax_normalized_fragility_temp0.25,softmax_normalized_loo_fragility,"{""temperature"": 0.25}",1414,all,T1498.001 - Impact: Direct Network Flood,195
softmax_normalized_fragility_temp0.25,softmax_normalized_loo_fragility,"{""temperature"": 0.25}",1414,softmax_fragility,T1498.001 - Impact: Direct Network Flood,195
softmax_normalized_fragility_temp0.5,softmax_normalized_loo_fragility,"{""temperature"": 0.5}",1414,all,T1498.001 - Impact: Direct Network Flood,195
softmax_normalized_fragility_temp0.5,softmax_normalized_loo_fragility,"{""temperature"": 0.5}",1414,softmax_fragility,T1498.001 - Impact: Direct Network Flood,195
softmax_normalized_fragility_temp1.0,softmax_normalized_loo_fragility,"{""temperature"": 1.0}",1414,all,T1498.001 - Impact: Direct Network Flood,195
softmax_normalized_fragility_temp1.0,softmax_normalized_loo_fragility,"{""temperature"": 1.0}",1414,softmax_fragility,T1498.001 - Impact: Direct Network Flood,195
softmax_normalized_fragility_temp2.0,softmax_normalized_loo_fragility,"{""temperature"": 2.0}",1414,all,T1498.001 - Impact: Direct Network Flood,195
softmax_normalized_fragility_temp2.0,softmax_normalized_loo_fragility,"{""temperature"": 2.0}",1414,softmax_fragility,T1498.001 - Impact: Direct Network Flood,195
softmax_normalized_fragility_temp4.0,softmax_normalized_loo_fragility,"{""temperature"": 4.0}",1414,all,T1498.001 - Impact: Direct Network Flood,195
softmax_normalized_fragility_temp4.0,softmax_normalized_loo_fragility,"{""temperature"": 4.0}",1414,softmax_fragility,T1498.001 - Impact: Direct Network Flood,195
stochastic_normalized_fragility,stochastic_normalized_loo_fragility,{},1414,all,T1498.002 - Impact: Reflection/Amplification Attack,195
stochastic_normalized_fragility,stochastic_normalized_loo_fragility,{},1414,stochastic_fragility,T1498.002 - Impact: Reflection/Amplification Attack,195
uniform_positive_fragility,uniform_positive_loo_fragility,{},1414,all,T1498.002 - Impact: Reflection/Amplification Attack,195
uniform_positive_fragility,uniform_positive_loo_fragility,{},1414,uniform_positive_fragility,T1498.002 - Impact: Reflection/Amplification Attack,195
softmax_normalized_fragility_temp0.25,softmax_normalized_loo_fragility,"{""temperature"": 0.25}",1414,all,T1498.002 - Impact: Reflection/Amplification Attack,195
softmax_normalized_fragility_temp0.25,softmax_normalized_loo_fragility,"{""temperature"": 0.25}",1414,softmax_fragility,T1498.002 - Impact: Reflection/Amplification Attack,195
softmax_normalized_fragility_temp0.5,softmax_normalized_loo_fragility,"{""temperature"": 0.5}",1414,all,T1498.002 - Impact: Reflection/Amplification Attack,195
softmax_normalized_fragility_temp0.5,softmax_normalized_loo_fragility,"{""temperature"": 0.5}",1414,softmax_fragility,T1498.002 - Impact: Reflection/Amplification Attack,195
softmax_normalized_fragility_temp1.0,softmax_normalized_loo_fragility,"{""temperature"": 1.0}",1414,all,T1498.002 - Impact: Reflection/Amplification Attack,195
softmax_normalized_fragility_temp1.0,softmax_normalized_loo_fragility,"{""temperature"": 1.0}",1414,softmax_fragility,T1498.002 - Impact: Reflection/Amplification Attack,195
softmax_normalized_fragility_temp2.0,softmax_normalized_loo_fragility,"{""temperature"": 2.0}",1414,all,T1498.002 - Impact: Reflection/Amplification Attack,195
softmax_normalized_fragility_temp2.0,softmax_normalized_loo_fragility,"{""temperature"": 2.0}",1414,softmax_fragility,T1498.002 - Impact: Reflection/Amplification Attack,195
softmax_normalized_fragility_temp4.0,softmax_normalized_loo_fragility,"{""temperature"": 4.0}",1414,all,T1498.002 - Impact: Reflection/Amplification Attack,195
softmax_normalized_fragility_temp4.0,softmax_normalized_loo_fragility,"{""temperature"": 4.0}",1414,softmax_fragility,T1498.002 - Impact: Reflection/Amplification Attack,195
stochastic_normalized_fragility,stochastic_normalized_loo_fragility,{},1414,all,T1571 - Defense Evasion: Non-Standard Port,195
stochastic_normalized_fragility,stochastic_normalized_loo_fragility,{},1414,stochastic_fragility,T1571 - Defense Evasion: Non-Standard Port,195
uniform_positive_fragility,uniform_positive_loo_fragility,{},1414,all,T1571 - Defense Evasion: Non-Standard Port,195
uniform_positive_fragility,uniform_positive_loo_fragility,{},1414,uniform_positive_fragility,T1571 - Defense Evasion: Non-Standard Port,195
softmax_normalized_fragility_temp0.25,softmax_normalized_loo_fragility,"{""temperature"": 0.25}",1414,all,T1571 - Defense Evasion: Non-Standard Port,195
softmax_normalized_fragility_temp0.25,softmax_normalized_loo_fragility,"{""temperature"": 0.25}",1414,softmax_fragility,T1571 - Defense Evasion: Non-Standard Port,195
softmax_normalized_fragility_temp0.5,softmax_normalized_loo_fragility,"{""temperature"": 0.5}",1414,all,T1571 - Defense Evasion: Non-Standard Port,195
softmax_normalized_fragility_temp0.5,softmax_normalized_loo_fragility,"{""temperature"": 0.5}",1414,softmax_fragility,T1571 - Defense Evasion: Non-Standard Port,195
softmax_normalized_fragility_temp1.0,softmax_normalized_loo_fragility,"{""temperature"": 1.0}",1414,all,T1571 - Defense Evasion: Non-Standard Port,195
softmax_normalized_fragility_temp1.0,softmax_normalized_loo_fragility,"{""temperature"": 1.0}",1414,softmax_fragility,T1571 - Defense Evasion: Non-Standard Port,195
softmax_normalized_fragility_temp2.0,softmax_normalized_loo_fragility,"{""temperature"": 2.0}",1414,all,T1571 - Defense Evasion: Non-Standard Port,195
softmax_normalized_fragility_temp2.0,softmax_normalized_loo_fragility,"{""temperature"": 2.0}",1414,softmax_fragility,T1571 - Defense Evasion: Non-Standard Port,195
softmax_normalized_fragility_temp4.0,softmax_normalized_loo_fragility,"{""temperature"": 4.0}",1414,all,T1571 - Defense Evasion: Non-Standard Port,195
softmax_normalized_fragility_temp4.0,softmax_normalized_loo_fragility,"{""temperature"": 4.0}",1414,softmax_fragility,T1571 - Defense Evasion: Non-Standard Port,195
stochastic_normalized_fragility,stochastic_normalized_loo_fragility,{},1414,all,T1583.005 - Resource Development: Acquire Botnet,195
stochastic_normalized_fragility,stochastic_normalized_loo_fragility,{},1414,stochastic_fragility,T1583.005 - Resource Development: Acquire Botnet,195
uniform_positive_fragility,uniform_positive_loo_fragility,{},1414,all,T1583.005 - Resource Development: Acquire Botnet,195
uniform_positive_fragility,uniform_positive_loo_fragility,{},1414,uniform_positive_fragility,T1583.005 - Resource Development: Acquire Botnet,195
softmax_normalized_fragility_temp0.25,softmax_normalized_loo_fragility,"{""temperature"": 0.25}",1414,all,T1583.005 - Resource Development: Acquire Botnet,195
softmax_normalized_fragility_temp0.25,softmax_normalized_loo_fragility,"{""temperature"": 0.25}",1414,softmax_fragility,T1583.005 - Resource Development: Acquire Botnet,195
softmax_normalized_fragility_temp0.5,softmax_normalized_loo_fragility,"{""temperature"": 0.5}",1414,all,T1583.005 - Resource Development: Acquire Botnet,195
softmax_normalized_fragility_temp0.5,softmax_normalized_loo_fragility,"{""temperature"": 0.5}",1414,softmax_fragility,T1583.005 - Resource Development: Acquire Botnet,195
softmax_normalized_fragility_temp1.0,softmax_normalized_loo_fragility,"{""temperature"": 1.0}",1414,all,T1583.005 - Resource Development: Acquire Botnet,195
softmax_normalized_fragility_temp1.0,softmax_normalized_loo_fragility,"{""temperature"": 1.0}",1414,softmax_fragility,T1583.005 - Resource Development: Acquire Botnet,195
softmax_normalized_fragility_temp2.0,softmax_normalized_loo_fragility,"{""temperature"": 2.0}",1414,all,T1583.005 - Resource Development: Acquire Botnet,195
softmax_normalized_fragility_temp2.0,softmax_normalized_loo_fragility,"{""temperature"": 2.0}",1414,softmax_fragility,T1583.005 - Resource Development: Acquire Botnet,195
softmax_normalized_fragility_temp4.0,softmax_normalized_loo_fragility,"{""temperature"": 4.0}",1414,all,T1583.005 - Resource Development: Acquire Botnet,195
softmax_normalized_fragility_temp4.0,softmax_normalized_loo_fragility,"{""temperature"": 4.0}",1414,softmax_fragility,T1583.005 - Resource Development: Acquire Botnet,195
stochastic_normalized_fragility,stochastic_normalized_loo_fragility,{},1414,all,T1584.005 - Resource Development: Build/Compromise Botnet,194
stochastic_normalized_fragility,stochastic_normalized_loo_fragility,{},1414,stochastic_fragility,T1584.005 - Resource Development: Build/Compromise Botnet,194
uniform_positive_fragility,uniform_positive_loo_fragility,{},1414,all,T1584.005 - Resource Development: Build/Compromise Botnet,194
uniform_positive_fragility,uniform_positive_loo_fragility,{},1414,uniform_positive_fragility,T1584.005 - Resource Development: Build/Compromise Botnet,194
softmax_normalized_fragility_temp0.25,softmax_normalized_loo_fragility,"{""temperature"": 0.25}",1414,all,T1584.005 - Resource Development: Build/Compromise Botnet,194
softmax_normalized_fragility_temp0.25,softmax_normalized_loo_fragility,"{""temperature"": 0.25}",1414,softmax_fragility,T1584.005 - Resource Development: Build/Compromise Botnet,194
softmax_normalized_fragility_temp0.5,softmax_normalized_loo_fragility,"{""temperature"": 0.5}",1414,all,T1584.005 - Resource Development: Build/Compromise Botnet,194
softmax_normalized_fragility_temp0.5,softmax_normalized_loo_fragility,"{""temperature"": 0.5}",1414,softmax_fragility,T1584.005 - Resource Development: Build/Compromise Botnet,194
softmax_normalized_fragility_temp1.0,softmax_normalized_loo_fragility,"{""temperature"": 1.0}",1414,all,T1584.005 - Resource Development: Build/Compromise Botnet,194
softmax_normalized_fragility_temp1.0,softmax_normalized_loo_fragility,"{""temperature"": 1.0}",1414,softmax_fragility,T1584.005 - Resource Development: Build/Compromise Botnet,194
softmax_normalized_fragility_temp2.0,softmax_normalized_loo_fragility,"{""temperature"": 2.0}",1414,all,T1584.005 - Resource Development: Build/Compromise Botnet,194
softmax_normalized_fragility_temp2.0,softmax_normalized_loo_fragility,"{""temperature"": 2.0}",1414,softmax_fragility,T1584.005 - Resource Development: Build/Compromise Botnet,194
softmax_normalized_fragility_temp4.0,softmax_normalized_loo_fragility,"{""temperature"": 4.0}",1414,all,T1584.005 - Resource Development: Build/Compromise Botnet,194
softmax_normalized_fragility_temp4.0,softmax_normalized_loo_fragility,"{""temperature"": 4.0}",1414,softmax_fragility,T1584.005 - Resource Development: Build/Compromise Botnet,194
stochastic_normalized_fragility,stochastic_normalized_loo_fragility,{},1414,all,T1590 - Reconnaissance: Gather Victim Network Information,194
stochastic_normalized_fragility,stochastic_normalized_loo_fragility,{},1414,stochastic_fragility,T1590 - Reconnaissance: Gather Victim Network Information,194
uniform_positive_fragility,uniform_positive_loo_fragility,{},1414,all,T1590 - Reconnaissance: Gather Victim Network Information,194
uniform_positive_fragility,uniform_positive_loo_fragility,{},1414,uniform_positive_fragility,T1590 - Reconnaissance: Gather Victim Network Information,194
softmax_normalized_fragility_temp0.25,softmax_normalized_loo_fragility,"{""temperature"": 0.25}",1414,all,T1590 - Reconnaissance: Gather Victim Network Information,194
softmax_normalized_fragility_temp0.25,softmax_normalized_loo_fragility,"{""temperature"": 0.25}",1414,softmax_fragility,T1590 - Reconnaissance: Gather Victim Network Information,194
softmax_normalized_fragility_temp0.5,softmax_normalized_loo_fragility,"{""temperature"": 0.5}",1414,all,T1590 - Reconnaissance: Gather Victim Network Information,194
softmax_normalized_fragility_temp0.5,softmax_normalized_loo_fragility,"{""temperature"": 0.5}",1414,softmax_fragility,T1590 - Reconnaissance: Gather Victim Network Information,194
softmax_normalized_fragility_temp1.0,softmax_normalized_loo_fragility,"{""temperature"": 1.0}",1414,all,T1590 - Reconnaissance: Gather Victim Network Information,194
softmax_normalized_fragility_temp1.0,softmax_normalized_loo_fragility,"{""temperature"": 1.0}",1414,softmax_fragility,T1590 - Reconnaissance: Gather Victim Network Information,194
softmax_normalized_fragility_temp2.0,softmax_normalized_loo_fragility,"{""temperature"": 2.0}",1414,all,T1590 - Reconnaissance: Gather Victim Network Information,194
softmax_normalized_fragility_temp2.0,softmax_normalized_loo_fragility,"{""temperature"": 2.0}",1414,softmax_fragility,T1590 - Reconnaissance: Gather Victim Network Information,194
softmax_normalized_fragility_temp4.0,softmax_normalized_loo_fragility,"{""temperature"": 4.0}",1414,all,T1590 - Reconnaissance: Gather Victim Network Information,194
softmax_normalized_fragility_temp4.0,softmax_normalized_loo_fragility,"{""temperature"": 4.0}",1414,softmax_fragility,T1590 - Reconnaissance: Gather Victim Network Information,194
stochastic_normalized_fragility,stochastic_normalized_loo_fragility,{},1414,all,T1595 - Reconnaissance: Active Scanning,195
stochastic_normalized_fragility,stochastic_normalized_loo_fragility,{},1414,stochastic_fragility,T1595 - Reconnaissance: Active Scanning,195
uniform_positive_fragility,uniform_positive_loo_fragility,{},1414,all,T1595 - Reconnaissance: Active Scanning,195
uniform_positive_fragility,uniform_positive_loo_fragility,{},1414,uniform_positive_fragility,T1595 - Reconnaissance: Active Scanning,195
softmax_normalized_fragility_temp0.25,softmax_normalized_loo_fragility,"{""temperature"": 0.25}",1414,all,T1595 - Reconnaissance: Active Scanning,195
softmax_normalized_fragility_temp0.25,softmax_normalized_loo_fragility,"{""temperature"": 0.25}",1414,softmax_fragility,T1595 - Reconnaissance: Active Scanning,195
softmax_normalized_fragility_temp0.5,softmax_normalized_loo_fragility,"{""temperature"": 0.5}",1414,all,T1595 - Reconnaissance: Active Scanning,195
softmax_normalized_fragility_temp0.5,softmax_normalized_loo_fragility,"{""temperature"": 0.5}",1414,softmax_fragility,T1595 - Reconnaissance: Active Scanning,195
softmax_normalized_fragility_temp1.0,softmax_normalized_loo_fragility,"{""temperature"": 1.0}",1414,all,T1595 - Reconnaissance: Active Scanning,195
softmax_normalized_fragility_temp1.0,softmax_normalized_loo_fragility,"{""temperature"": 1.0}",1414,softmax_fragility,T1595 - Reconnaissance: Active Scanning,195
softmax_normalized_fragility_temp2.0,softmax_normalized_loo_fragility,"{""temperature"": 2.0}",1414,all,T1595 - Reconnaissance: Active Scanning,195
softmax_normalized_fragility_temp2.0,softmax_normalized_loo_fragility,"{""temperature"": 2.0}",1414,softmax_fragility,T1595 - Reconnaissance: Active Scanning,195
softmax_normalized_fragility_temp4.0,softmax_normalized_loo_fragility,"{""temperature"": 4.0}",1414,all,T1595 - Reconnaissance: Active Scanning,195
softmax_normalized_fragility_temp4.0,softmax_normalized_loo_fragility,"{""temperature"": 4.0}",1414,softmax_fragility,T1595 - Reconnaissance: Active Scanning,195
stochastic_normalized_fragility,stochastic_normalized_loo_fragility,{},1414,all,TA0011 - Command-and-Control,195
stochastic_normalized_fragility,stochastic_normalized_loo_fragility,{},1414,stochastic_fragility,TA0011 - Command-and-Control,195
uniform_positive_fragility,uniform_positive_loo_fragility,{},1414,all,TA0011 - Command-and-Control,195
uniform_positive_fragility,uniform_positive_loo_fragility,{},1414,uniform_positive_fragility,TA0011 - Command-and-Control,195
softmax_normalized_fragility_temp0.25,softmax_normalized_loo_fragility,"{""temperature"": 0.25}",1414,all,TA0011 - Command-and-Control,195
softmax_normalized_fragility_temp0.25,softmax_normalized_loo_fragility,"{""temperature"": 0.25}",1414,softmax_fragility,TA0011 - Command-and-Control,195
softmax_normalized_fragility_temp0.5,softmax_normalized_loo_fragility,"{""temperature"": 0.5}",1414,all,TA0011 - Command-and-Control,195
softmax_normalized_fragility_temp0.5,softmax_normalized_loo_fragility,"{""temperature"": 0.5}",1414,softmax_fragility,TA0011 - Command-and-Control,195
softmax_normalized_fragility_temp1.0,softmax_normalized_loo_fragility,"{""temperature"": 1.0}",1414,all,TA0011 - Command-and-Control,195
softmax_normalized_fragility_temp1.0,softmax_normalized_loo_fragility,"{""temperature"": 1.0}",1414,softmax_fragility,TA0011 - Command-and-Control,195
softmax_normalized_fragility_temp2.0,softmax_normalized_loo_fragility,"{""temperature"": 2.0}",1414,all,TA0011 - Command-and-Control,195
softmax_normalized_fragility_temp2.0,softmax_normalized_loo_fragility,"{""temperature"": 2.0}",1414,softmax_fragility,TA0011 - Command-and-Control,195
softmax_normalized_fragility_temp4.0,softmax_normalized_loo_fragility,"{""temperature"": 4.0}",1414,all,TA0011 - Command-and-Control,195
softmax_normalized_fragility_temp4.0,softmax_normalized_loo_fragility,"{""temperature"": 4.0}",1414,softmax_fragility,TA0011 - Command-and-Control,195
stochastic_normalized_fragility,stochastic_normalized_loo_fragility,{},1515,all,T1036 - Defense Evasion: Masquerading,195
stochastic_normalized_fragility,stochastic_normalized_loo_fragility,{},1515,stochastic_fragility,T1036 - Defense Evasion: Masquerading,195
uniform_positive_fragility,uniform_positive_loo_fragility,{},1515,all,T1036 - Defense Evasion: Masquerading,195
uniform_positive_fragility,uniform_positive_loo_fragility,{},1515,uniform_positive_fragility,T1036 - Defense Evasion: Masquerading,195
softmax_normalized_fragility_temp0.25,softmax_normalized_loo_fragility,"{""temperature"": 0.25}",1515,all,T1036 - Defense Evasion: Masquerading,195
softmax_normalized_fragility_temp0.25,softmax_normalized_loo_fragility,"{""temperature"": 0.25}",1515,softmax_fragility,T1036 - Defense Evasion: Masquerading,195
softmax_normalized_fragility_temp0.5,softmax_normalized_loo_fragility,"{""temperature"": 0.5}",1515,all,T1036 - Defense Evasion: Masquerading,195
softmax_normalized_fragility_temp0.5,softmax_normalized_loo_fragility,"{""temperature"": 0.5}",1515,softmax_fragility,T1036 - Defense Evasion: Masquerading,195
softmax_normalized_fragility_temp1.0,softmax_normalized_loo_fragility,"{""temperature"": 1.0}",1515,all,T1036 - Defense Evasion: Masquerading,195
softmax_normalized_fragility_temp1.0,softmax_normalized_loo_fragility,"{""temperature"": 1.0}",1515,softmax_fragility,T1036 - Defense Evasion: Masquerading,195
softmax_normalized_fragility_temp2.0,softmax_normalized_loo_fragility,"{""temperature"": 2.0}",1515,all,T1036 - Defense Evasion: Masquerading,195
softmax_normalized_fragility_temp2.0,softmax_normalized_loo_fragility,"{""temperature"": 2.0}",1515,softmax_fragility,T1036 - Defense Evasion: Masquerading,195
softmax_normalized_fragility_temp4.0,softmax_normalized_loo_fragility,"{""temperature"": 4.0}",1515,all,T1036 - Defense Evasion: Masquerading,195
softmax_normalized_fragility_temp4.0,softmax_normalized_loo_fragility,"{""temperature"": 4.0}",1515,softmax_fragility,T1036 - Defense Evasion: Masquerading,195
stochastic_normalized_fragility,stochastic_normalized_loo_fragility,{},1515,all,T1498.001 - Impact: Direct Network Flood,195
stochastic_normalized_fragility,stochastic_normalized_loo_fragility,{},1515,stochastic_fragility,T1498.001 - Impact: Direct Network Flood,195
uniform_positive_fragility,uniform_positive_loo_fragility,{},1515,all,T1498.001 - Impact: Direct Network Flood,195
uniform_positive_fragility,uniform_positive_loo_fragility,{},1515,uniform_positive_fragility,T1498.001 - Impact: Direct Network Flood,195
softmax_normalized_fragility_temp0.25,softmax_normalized_loo_fragility,"{""temperature"": 0.25}",1515,all,T1498.001 - Impact: Direct Network Flood,195
softmax_normalized_fragility_temp0.25,softmax_normalized_loo_fragility,"{""temperature"": 0.25}",1515,softmax_fragility,T1498.001 - Impact: Direct Network Flood,195
softmax_normalized_fragility_temp0.5,softmax_normalized_loo_fragility,"{""temperature"": 0.5}",1515,all,T1498.001 - Impact: Direct Network Flood,195
softmax_normalized_fragility_temp0.5,softmax_normalized_loo_fragility,"{""temperature"": 0.5}",1515,softmax_fragility,T1498.001 - Impact: Direct Network Flood,195
softmax_normalized_fragility_temp1.0,softmax_normalized_loo_fragility,"{""temperature"": 1.0}",1515,all,T1498.001 - Impact: Direct Network Flood,195
softmax_normalized_fragility_temp1.0,softmax_normalized_loo_fragility,"{""temperature"": 1.0}",1515,softmax_fragility,T1498.001 - Impact: Direct Network Flood,195
softmax_normalized_fragility_temp2.0,softmax_normalized_loo_fragility,"{""temperature"": 2.0}",1515,all,T1498.001 - Impact: Direct Network Flood,195
softmax_normalized_fragility_temp2.0,softmax_normalized_loo_fragility,"{""temperature"": 2.0}",1515,softmax_fragility,T1498.001 - Impact: Direct Network Flood,195
softmax_normalized_fragility_temp4.0,softmax_normalized_loo_fragility,"{""temperature"": 4.0}",1515,all,T1498.001 - Impact: Direct Network Flood,195
softmax_normalized_fragility_temp4.0,softmax_normalized_loo_fragility,"{""temperature"": 4.0}",1515,softmax_fragility,T1498.001 - Impact: Direct Network Flood,195
stochastic_normalized_fragility,stochastic_normalized_loo_fragility,{},1515,all,T1498.002 - Impact: Reflection/Amplification Attack,195
stochastic_normalized_fragility,stochastic_normalized_loo_fragility,{},1515,stochastic_fragility,T1498.002 - Impact: Reflection/Amplification Attack,195
uniform_positive_fragility,uniform_positive_loo_fragility,{},1515,all,T1498.002 - Impact: Reflection/Amplification Attack,195
uniform_positive_fragility,uniform_positive_loo_fragility,{},1515,uniform_positive_fragility,T1498.002 - Impact: Reflection/Amplification Attack,195
softmax_normalized_fragility_temp0.25,softmax_normalized_loo_fragility,"{""temperature"": 0.25}",1515,all,T1498.002 - Impact: Reflection/Amplification Attack,195
softmax_normalized_fragility_temp0.25,softmax_normalized_loo_fragility,"{""temperature"": 0.25}",1515,softmax_fragility,T1498.002 - Impact: Reflection/Amplification Attack,195
softmax_normalized_fragility_temp0.5,softmax_normalized_loo_fragility,"{""temperature"": 0.5}",1515,all,T1498.002 - Impact: Reflection/Amplification Attack,195
softmax_normalized_fragility_temp0.5,softmax_normalized_loo_fragility,"{""temperature"": 0.5}",1515,softmax_fragility,T1498.002 - Impact: Reflection/Amplification Attack,195
softmax_normalized_fragility_temp1.0,softmax_normalized_loo_fragility,"{""temperature"": 1.0}",1515,all,T1498.002 - Impact: Reflection/Amplification Attack,195
softmax_normalized_fragility_temp1.0,softmax_normalized_loo_fragility,"{""temperature"": 1.0}",1515,softmax_fragility,T1498.002 - Impact: Reflection/Amplification Attack,195
softmax_normalized_fragility_temp2.0,softmax_normalized_loo_fragility,"{""temperature"": 2.0}",1515,all,T1498.002 - Impact: Reflection/Amplification Attack,195
softmax_normalized_fragility_temp2.0,softmax_normalized_loo_fragility,"{""temperature"": 2.0}",1515,softmax_fragility,T1498.002 - Impact: Reflection/Amplification Attack,195
softmax_normalized_fragility_temp4.0,softmax_normalized_loo_fragility,"{""temperature"": 4.0}",1515,all,T1498.002 - Impact: Reflection/Amplification Attack,195
softmax_normalized_fragility_temp4.0,softmax_normalized_loo_fragility,"{""temperature"": 4.0}",1515,softmax_fragility,T1498.002 - Impact: Reflection/Amplification Attack,195
stochastic_normalized_fragility,stochastic_normalized_loo_fragility,{},1515,all,T1571 - Defense Evasion: Non-Standard Port,195
stochastic_normalized_fragility,stochastic_normalized_loo_fragility,{},1515,stochastic_fragility,T1571 - Defense Evasion: Non-Standard Port,195
uniform_positive_fragility,uniform_positive_loo_fragility,{},1515,all,T1571 - Defense Evasion: Non-Standard Port,195
uniform_positive_fragility,uniform_positive_loo_fragility,{},1515,uniform_positive_fragility,T1571 - Defense Evasion: Non-Standard Port,195
softmax_normalized_fragility_temp0.25,softmax_normalized_loo_fragility,"{""temperature"": 0.25}",1515,all,T1571 - Defense Evasion: Non-Standard Port,195
softmax_normalized_fragility_temp0.25,softmax_normalized_loo_fragility,"{""temperature"": 0.25}",1515,softmax_fragility,T1571 - Defense Evasion: Non-Standard Port,195
softmax_normalized_fragility_temp0.5,softmax_normalized_loo_fragility,"{""temperature"": 0.5}",1515,all,T1571 - Defense Evasion: Non-Standard Port,195
softmax_normalized_fragility_temp0.5,softmax_normalized_loo_fragility,"{""temperature"": 0.5}",1515,softmax_fragility,T1571 - Defense Evasion: Non-Standard Port,195
softmax_normalized_fragility_temp1.0,softmax_normalized_loo_fragility,"{""temperature"": 1.0}",1515,all,T1571 - Defense Evasion: Non-Standard Port,195
softmax_normalized_fragility_temp1.0,softmax_normalized_loo_fragility,"{""temperature"": 1.0}",1515,softmax_fragility,T1571 - Defense Evasion: Non-Standard Port,195
softmax_normalized_fragility_temp2.0,softmax_normalized_loo_fragility,"{""temperature"": 2.0}",1515,all,T1571 - Defense Evasion: Non-Standard Port,195
softmax_normalized_fragility_temp2.0,softmax_normalized_loo_fragility,"{""temperature"": 2.0}",1515,softmax_fragility,T1571 - Defense Evasion: Non-Standard Port,195
softmax_normalized_fragility_temp4.0,softmax_normalized_loo_fragility,"{""temperature"": 4.0}",1515,all,T1571 - Defense Evasion: Non-Standard Port,195
softmax_normalized_fragility_temp4.0,softmax_normalized_loo_fragility,"{""temperature"": 4.0}",1515,softmax_fragility,T1571 - Defense Evasion: Non-Standard Port,195
stochastic_normalized_fragility,stochastic_normalized_loo_fragility,{},1515,all,T1583.005 - Resource Development: Acquire Botnet,195
stochastic_normalized_fragility,stochastic_normalized_loo_fragility,{},1515,stochastic_fragility,T1583.005 - Resource Development: Acquire Botnet,195
uniform_positive_fragility,uniform_positive_loo_fragility,{},1515,all,T1583.005 - Resource Development: Acquire Botnet,195
uniform_positive_fragility,uniform_positive_loo_fragility,{},1515,uniform_positive_fragility,T1583.005 - Resource Development: Acquire Botnet,195
softmax_normalized_fragility_temp0.25,softmax_normalized_loo_fragility,"{""temperature"": 0.25}",1515,all,T1583.005 - Resource Development: Acquire Botnet,195
softmax_normalized_fragility_temp0.25,softmax_normalized_loo_fragility,"{""temperature"": 0.25}",1515,softmax_fragility,T1583.005 - Resource Development: Acquire Botnet,195
softmax_normalized_fragility_temp0.5,softmax_normalized_loo_fragility,"{""temperature"": 0.5}",1515,all,T1583.005 - Resource Development: Acquire Botnet,195
softmax_normalized_fragility_temp0.5,softmax_normalized_loo_fragility,"{""temperature"": 0.5}",1515,softmax_fragility,T1583.005 - Resource Development: Acquire Botnet,195
softmax_normalized_fragility_temp1.0,softmax_normalized_loo_fragility,"{""temperature"": 1.0}",1515,all,T1583.005 - Resource Development: Acquire Botnet,195
softmax_normalized_fragility_temp1.0,softmax_normalized_loo_fragility,"{""temperature"": 1.0}",1515,softmax_fragility,T1583.005 - Resource Development: Acquire Botnet,195
softmax_normalized_fragility_temp2.0,softmax_normalized_loo_fragility,"{""temperature"": 2.0}",1515,all,T1583.005 - Resource Development: Acquire Botnet,195
softmax_normalized_fragility_temp2.0,softmax_normalized_loo_fragility,"{""temperature"": 2.0}",1515,softmax_fragility,T1583.005 - Resource Development: Acquire Botnet,195
softmax_normalized_fragility_temp4.0,softmax_normalized_loo_fragility,"{""temperature"": 4.0}",1515,all,T1583.005 - Resource Development: Acquire Botnet,195
softmax_normalized_fragility_temp4.0,softmax_normalized_loo_fragility,"{""temperature"": 4.0}",1515,softmax_fragility,T1583.005 - Resource Development: Acquire Botnet,195
stochastic_normalized_fragility,stochastic_normalized_loo_fragility,{},1515,all,T1584.005 - Resource Development: Build/Compromise Botnet,194
stochastic_normalized_fragility,stochastic_normalized_loo_fragility,{},1515,stochastic_fragility,T1584.005 - Resource Development: Build/Compromise Botnet,194
uniform_positive_fragility,uniform_positive_loo_fragility,{},1515,all,T1584.005 - Resource Development: Build/Compromise Botnet,194
uniform_positive_fragility,uniform_positive_loo_fragility,{},1515,uniform_positive_fragility,T1584.005 - Resource Development: Build/Compromise Botnet,194
softmax_normalized_fragility_temp0.25,softmax_normalized_loo_fragility,"{""temperature"": 0.25}",1515,all,T1584.005 - Resource Development: Build/Compromise Botnet,194
softmax_normalized_fragility_temp0.25,softmax_normalized_loo_fragility,"{""temperature"": 0.25}",1515,softmax_fragility,T1584.005 - Resource Development: Build/Compromise Botnet,194
softmax_normalized_fragility_temp0.5,softmax_normalized_loo_fragility,"{""temperature"": 0.5}",1515,all,T1584.005 - Resource Development: Build/Compromise Botnet,194
softmax_normalized_fragility_temp0.5,softmax_normalized_loo_fragility,"{""temperature"": 0.5}",1515,softmax_fragility,T1584.005 - Resource Development: Build/Compromise Botnet,194
softmax_normalized_fragility_temp1.0,softmax_normalized_loo_fragility,"{""temperature"": 1.0}",1515,all,T1584.005 - Resource Development: Build/Compromise Botnet,194
softmax_normalized_fragility_temp1.0,softmax_normalized_loo_fragility,"{""temperature"": 1.0}",1515,softmax_fragility,T1584.005 - Resource Development: Build/Compromise Botnet,194
softmax_normalized_fragility_temp2.0,softmax_normalized_loo_fragility,"{""temperature"": 2.0}",1515,all,T1584.005 - Resource Development: Build/Compromise Botnet,194
softmax_normalized_fragility_temp2.0,softmax_normalized_loo_fragility,"{""temperature"": 2.0}",1515,softmax_fragility,T1584.005 - Resource Development: Build/Compromise Botnet,194
softmax_normalized_fragility_temp4.0,softmax_normalized_loo_fragility,"{""temperature"": 4.0}",1515,all,T1584.005 - Resource Development: Build/Compromise Botnet,194
softmax_normalized_fragility_temp4.0,softmax_normalized_loo_fragility,"{""temperature"": 4.0}",1515,softmax_fragility,T1584.005 - Resource Development: Build/Compromise Botnet,194
stochastic_normalized_fragility,stochastic_normalized_loo_fragility,{},1515,all,T1590 - Reconnaissance: Gather Victim Network Information,194
stochastic_normalized_fragility,stochastic_normalized_loo_fragility,{},1515,stochastic_fragility,T1590 - Reconnaissance: Gather Victim Network Information,194
uniform_positive_fragility,uniform_positive_loo_fragility,{},1515,all,T1590 - Reconnaissance: Gather Victim Network Information,194
uniform_positive_fragility,uniform_positive_loo_fragility,{},1515,uniform_positive_fragility,T1590 - Reconnaissance: Gather Victim Network Information,194
softmax_normalized_fragility_temp0.25,softmax_normalized_loo_fragility,"{""temperature"": 0.25}",1515,all,T1590 - Reconnaissance: Gather Victim Network Information,194
softmax_normalized_fragility_temp0.25,softmax_normalized_loo_fragility,"{""temperature"": 0.25}",1515,softmax_fragility,T1590 - Reconnaissance: Gather Victim Network Information,194
softmax_normalized_fragility_temp0.5,softmax_normalized_loo_fragility,"{""temperature"": 0.5}",1515,all,T1590 - Reconnaissance: Gather Victim Network Information,194
softmax_normalized_fragility_temp0.5,softmax_normalized_loo_fragility,"{""temperature"": 0.5}",1515,softmax_fragility,T1590 - Reconnaissance: Gather Victim Network Information,194
softmax_normalized_fragility_temp1.0,softmax_normalized_loo_fragility,"{""temperature"": 1.0}",1515,all,T1590 - Reconnaissance: Gather Victim Network Information,194
softmax_normalized_fragility_temp1.0,softmax_normalized_loo_fragility,"{""temperature"": 1.0}",1515,softmax_fragility,T1590 - Reconnaissance: Gather Victim Network Information,194
softmax_normalized_fragility_temp2.0,softmax_normalized_loo_fragility,"{""temperature"": 2.0}",1515,all,T1590 - Reconnaissance: Gather Victim Network Information,194
softmax_normalized_fragility_temp2.0,softmax_normalized_loo_fragility,"{""temperature"": 2.0}",1515,softmax_fragility,T1590 - Reconnaissance: Gather Victim Network Information,194
softmax_normalized_fragility_temp4.0,softmax_normalized_loo_fragility,"{""temperature"": 4.0}",1515,all,T1590 - Reconnaissance: Gather Victim Network Information,194
softmax_normalized_fragility_temp4.0,softmax_normalized_loo_fragility,"{""temperature"": 4.0}",1515,softmax_fragility,T1590 - Reconnaissance: Gather Victim Network Information,194
stochastic_normalized_fragility,stochastic_normalized_loo_fragility,{},1515,all,T1595 - Reconnaissance: Active Scanning,195
stochastic_normalized_fragility,stochastic_normalized_loo_fragility,{},1515,stochastic_fragility,T1595 - Reconnaissance: Active Scanning,195
uniform_positive_fragility,uniform_positive_loo_fragility,{},1515,all,T1595 - Reconnaissance: Active Scanning,195
uniform_positive_fragility,uniform_positive_loo_fragility,{},1515,uniform_positive_fragility,T1595 - Reconnaissance: Active Scanning,195
softmax_normalized_fragility_temp0.25,softmax_normalized_loo_fragility,"{""temperature"": 0.25}",1515,all,T1595 - Reconnaissance: Active Scanning,195
softmax_normalized_fragility_temp0.25,softmax_normalized_loo_fragility,"{""temperature"": 0.25}",1515,softmax_fragility,T1595 - Reconnaissance: Active Scanning,195
softmax_normalized_fragility_temp0.5,softmax_normalized_loo_fragility,"{""temperature"": 0.5}",1515,all,T1595 - Reconnaissance: Active Scanning,195
softmax_normalized_fragility_temp0.5,softmax_normalized_loo_fragility,"{""temperature"": 0.5}",1515,softmax_fragility,T1595 - Reconnaissance: Active Scanning,195
softmax_normalized_fragility_temp1.0,softmax_normalized_loo_fragility,"{""temperature"": 1.0}",1515,all,T1595 - Reconnaissance: Active Scanning,195
softmax_normalized_fragility_temp1.0,softmax_normalized_loo_fragility,"{""temperature"": 1.0}",1515,softmax_fragility,T1595 - Reconnaissance: Active Scanning,195
softmax_normalized_fragility_temp2.0,softmax_normalized_loo_fragility,"{""temperature"": 2.0}",1515,all,T1595 - Reconnaissance: Active Scanning,195
softmax_normalized_fragility_temp2.0,softmax_normalized_loo_fragility,"{""temperature"": 2.0}",1515,softmax_fragility,T1595 - Reconnaissance: Active Scanning,195
softmax_normalized_fragility_temp4.0,softmax_normalized_loo_fragility,"{""temperature"": 4.0}",1515,all,T1595 - Reconnaissance: Active Scanning,195
softmax_normalized_fragility_temp4.0,softmax_normalized_loo_fragility,"{""temperature"": 4.0}",1515,softmax_fragility,T1595 - Reconnaissance: Active Scanning,195
stochastic_normalized_fragility,stochastic_normalized_loo_fragility,{},1515,all,TA0011 - Command-and-Control,195
stochastic_normalized_fragility,stochastic_normalized_loo_fragility,{},1515,stochastic_fragility,TA0011 - Command-and-Control,195
uniform_positive_fragility,uniform_positive_loo_fragility,{},1515,all,TA0011 - Command-and-Control,195
uniform_positive_fragility,uniform_positive_loo_fragility,{},1515,uniform_positive_fragility,TA0011 - Command-and-Control,195
softmax_normalized_fragility_temp0.25,softmax_normalized_loo_fragility,"{""temperature"": 0.25}",1515,all,TA0011 - Command-and-Control,195
softmax_normalized_fragility_temp0.25,softmax_normalized_loo_fragility,"{""temperature"": 0.25}",1515,softmax_fragility,TA0011 - Command-and-Control,195
softmax_normalized_fragility_temp0.5,softmax_normalized_loo_fragility,"{""temperature"": 0.5}",1515,all,TA0011 - Command-and-Control,195
softmax_normalized_fragility_temp0.5,softmax_normalized_loo_fragility,"{""temperature"": 0.5}",1515,softmax_fragility,TA0011 - Command-and-Control,195
softmax_normalized_fragility_temp1.0,softmax_normalized_loo_fragility,"{""temperature"": 1.0}",1515,all,TA0011 - Command-and-Control,195
softmax_normalized_fragility_temp1.0,softmax_normalized_loo_fragility,"{""temperature"": 1.0}",1515,softmax_fragility,TA0011 - Command-and-Control,195
softmax_normalized_fragility_temp2.0,softmax_normalized_loo_fragility,"{""temperature"": 2.0}",1515,all,TA0011 - Command-and-Control,195
softmax_normalized_fragility_temp2.0,softmax_normalized_loo_fragility,"{""temperature"": 2.0}",1515,softmax_fragility,TA0011 - Command-and-Control,195
softmax_normalized_fragility_temp4.0,softmax_normalized_loo_fragility,"{""temperature"": 4.0}",1515,all,TA0011 - Command-and-Control,195
softmax_normalized_fragility_temp4.0,softmax_normalized_loo_fragility,"{""temperature"": 4.0}",1515,softmax_fragility,TA0011 - Command-and-Control,195
stochastic_normalized_fragility,stochastic_normalized_loo_fragility,{},1616,all,T1036 - Defense Evasion: Masquerading,195
stochastic_normalized_fragility,stochastic_normalized_loo_fragility,{},1616,stochastic_fragility,T1036 - Defense Evasion: Masquerading,195
uniform_positive_fragility,uniform_positive_loo_fragility,{},1616,all,T1036 - Defense Evasion: Masquerading,195
uniform_positive_fragility,uniform_positive_loo_fragility,{},1616,uniform_positive_fragility,T1036 - Defense Evasion: Masquerading,195
softmax_normalized_fragility_temp0.25,softmax_normalized_loo_fragility,"{""temperature"": 0.25}",1616,all,T1036 - Defense Evasion: Masquerading,195
softmax_normalized_fragility_temp0.25,softmax_normalized_loo_fragility,"{""temperature"": 0.25}",1616,softmax_fragility,T1036 - Defense Evasion: Masquerading,195
softmax_normalized_fragility_temp0.5,softmax_normalized_loo_fragility,"{""temperature"": 0.5}",1616,all,T1036 - Defense Evasion: Masquerading,195
softmax_normalized_fragility_temp0.5,softmax_normalized_loo_fragility,"{""temperature"": 0.5}",1616,softmax_fragility,T1036 - Defense Evasion: Masquerading,195
softmax_normalized_fragility_temp1.0,softmax_normalized_loo_fragility,"{""temperature"": 1.0}",1616,all,T1036 - Defense Evasion: Masquerading,195
softmax_normalized_fragility_temp1.0,softmax_normalized_loo_fragility,"{""temperature"": 1.0}",1616,softmax_fragility,T1036 - Defense Evasion: Masquerading,195
softmax_normalized_fragility_temp2.0,softmax_normalized_loo_fragility,"{""temperature"": 2.0}",1616,all,T1036 - Defense Evasion: Masquerading,195
softmax_normalized_fragility_temp2.0,softmax_normalized_loo_fragility,"{""temperature"": 2.0}",1616,softmax_fragility,T1036 - Defense Evasion: Masquerading,195
softmax_normalized_fragility_temp4.0,softmax_normalized_loo_fragility,"{""temperature"": 4.0}",1616,all,T1036 - Defense Evasion: Masquerading,195
softmax_normalized_fragility_temp4.0,softmax_normalized_loo_fragility,"{""temperature"": 4.0}",1616,softmax_fragility,T1036 - Defense Evasion: Masquerading,195
stochastic_normalized_fragility,stochastic_normalized_loo_fragility,{},1616,all,T1498.001 - Impact: Direct Network Flood,195
stochastic_normalized_fragility,stochastic_normalized_loo_fragility,{},1616,stochastic_fragility,T1498.001 - Impact: Direct Network Flood,195
uniform_positive_fragility,uniform_positive_loo_fragility,{},1616,all,T1498.001 - Impact: Direct Network Flood,195
uniform_positive_fragility,uniform_positive_loo_fragility,{},1616,uniform_positive_fragility,T1498.001 - Impact: Direct Network Flood,195
softmax_normalized_fragility_temp0.25,softmax_normalized_loo_fragility,"{""temperature"": 0.25}",1616,all,T1498.001 - Impact: Direct Network Flood,195
softmax_normalized_fragility_temp0.25,softmax_normalized_loo_fragility,"{""temperature"": 0.25}",1616,softmax_fragility,T1498.001 - Impact: Direct Network Flood,195
softmax_normalized_fragility_temp0.5,softmax_normalized_loo_fragility,"{""temperature"": 0.5}",1616,all,T1498.001 - Impact: Direct Network Flood,195
softmax_normalized_fragility_temp0.5,softmax_normalized_loo_fragility,"{""temperature"": 0.5}",1616,softmax_fragility,T1498.001 - Impact: Direct Network Flood,195
softmax_normalized_fragility_temp1.0,softmax_normalized_loo_fragility,"{""temperature"": 1.0}",1616,all,T1498.001 - Impact: Direct Network Flood,195
softmax_normalized_fragility_temp1.0,softmax_normalized_loo_fragility,"{""temperature"": 1.0}",1616,softmax_fragility,T1498.001 - Impact: Direct Network Flood,195
softmax_normalized_fragility_temp2.0,softmax_normalized_loo_fragility,"{""temperature"": 2.0}",1616,all,T1498.001 - Impact: Direct Network Flood,195
softmax_normalized_fragility_temp2.0,softmax_normalized_loo_fragility,"{""temperature"": 2.0}",1616,softmax_fragility,T1498.001 - Impact: Direct Network Flood,195
softmax_normalized_fragility_temp4.0,softmax_normalized_loo_fragility,"{""temperature"": 4.0}",1616,all,T1498.001 - Impact: Direct Network Flood,195
softmax_normalized_fragility_temp4.0,softmax_normalized_loo_fragility,"{""temperature"": 4.0}",1616,softmax_fragility,T1498.001 - Impact: Direct Network Flood,195
stochastic_normalized_fragility,stochastic_normalized_loo_fragility,{},1616,all,T1498.002 - Impact: Reflection/Amplification Attack,195
stochastic_normalized_fragility,stochastic_normalized_loo_fragility,{},1616,stochastic_fragility,T1498.002 - Impact: Reflection/Amplification Attack,195
uniform_positive_fragility,uniform_positive_loo_fragility,{},1616,all,T1498.002 - Impact: Reflection/Amplification Attack,195
uniform_positive_fragility,uniform_positive_loo_fragility,{},1616,uniform_positive_fragility,T1498.002 - Impact: Reflection/Amplification Attack,195
softmax_normalized_fragility_temp0.25,softmax_normalized_loo_fragility,"{""temperature"": 0.25}",1616,all,T1498.002 - Impact: Reflection/Amplification Attack,195
softmax_normalized_fragility_temp0.25,softmax_normalized_loo_fragility,"{""temperature"": 0.25}",1616,softmax_fragility,T1498.002 - Impact: Reflection/Amplification Attack,195
softmax_normalized_fragility_temp0.5,softmax_normalized_loo_fragility,"{""temperature"": 0.5}",1616,all,T1498.002 - Impact: Reflection/Amplification Attack,195
softmax_normalized_fragility_temp0.5,softmax_normalized_loo_fragility,"{""temperature"": 0.5}",1616,softmax_fragility,T1498.002 - Impact: Reflection/Amplification Attack,195
softmax_normalized_fragility_temp1.0,softmax_normalized_loo_fragility,"{""temperature"": 1.0}",1616,all,T1498.002 - Impact: Reflection/Amplification Attack,195
softmax_normalized_fragility_temp1.0,softmax_normalized_loo_fragility,"{""temperature"": 1.0}",1616,softmax_fragility,T1498.002 - Impact: Reflection/Amplification Attack,195
softmax_normalized_fragility_temp2.0,softmax_normalized_loo_fragility,"{""temperature"": 2.0}",1616,all,T1498.002 - Impact: Reflection/Amplification Attack,195
softmax_normalized_fragility_temp2.0,softmax_normalized_loo_fragility,"{""temperature"": 2.0}",1616,softmax_fragility,T1498.002 - Impact: Reflection/Amplification Attack,195
softmax_normalized_fragility_temp4.0,softmax_normalized_loo_fragility,"{""temperature"": 4.0}",1616,all,T1498.002 - Impact: Reflection/Amplification Attack,195
softmax_normalized_fragility_temp4.0,softmax_normalized_loo_fragility,"{""temperature"": 4.0}",1616,softmax_fragility,T1498.002 - Impact: Reflection/Amplification Attack,195
stochastic_normalized_fragility,stochastic_normalized_loo_fragility,{},1616,all,T1571 - Defense Evasion: Non-Standard Port,195
stochastic_normalized_fragility,stochastic_normalized_loo_fragility,{},1616,stochastic_fragility,T1571 - Defense Evasion: Non-Standard Port,195
uniform_positive_fragility,uniform_positive_loo_fragility,{},1616,all,T1571 - Defense Evasion: Non-Standard Port,195
uniform_positive_fragility,uniform_positive_loo_fragility,{},1616,uniform_positive_fragility,T1571 - Defense Evasion: Non-Standard Port,195
softmax_normalized_fragility_temp0.25,softmax_normalized_loo_fragility,"{""temperature"": 0.25}",1616,all,T1571 - Defense Evasion: Non-Standard Port,195
softmax_normalized_fragility_temp0.25,softmax_normalized_loo_fragility,"{""temperature"": 0.25}",1616,softmax_fragility,T1571 - Defense Evasion: Non-Standard Port,195
softmax_normalized_fragility_temp0.5,softmax_normalized_loo_fragility,"{""temperature"": 0.5}",1616,all,T1571 - Defense Evasion: Non-Standard Port,195
softmax_normalized_fragility_temp0.5,softmax_normalized_loo_fragility,"{""temperature"": 0.5}",1616,softmax_fragility,T1571 - Defense Evasion: Non-Standard Port,195
softmax_normalized_fragility_temp1.0,softmax_normalized_loo_fragility,"{""temperature"": 1.0}",1616,all,T1571 - Defense Evasion: Non-Standard Port,195
softmax_normalized_fragility_temp1.0,softmax_normalized_loo_fragility,"{""temperature"": 1.0}",1616,softmax_fragility,T1571 - Defense Evasion: Non-Standard Port,195
softmax_normalized_fragility_temp2.0,softmax_normalized_loo_fragility,"{""temperature"": 2.0}",1616,all,T1571 - Defense Evasion: Non-Standard Port,195
softmax_normalized_fragility_temp2.0,softmax_normalized_loo_fragility,"{""temperature"": 2.0}",1616,softmax_fragility,T1571 - Defense Evasion: Non-Standard Port,195
softmax_normalized_fragility_temp4.0,softmax_normalized_loo_fragility,"{""temperature"": 4.0}",1616,all,T1571 - Defense Evasion: Non-Standard Port,195
softmax_normalized_fragility_temp4.0,softmax_normalized_loo_fragility,"{""temperature"": 4.0}",1616,softmax_fragility,T1571 - Defense Evasion: Non-Standard Port,195
stochastic_normalized_fragility,stochastic_normalized_loo_fragility,{},1616,all,T1583.005 - Resource Development: Acquire Botnet,195
stochastic_normalized_fragility,stochastic_normalized_loo_fragility,{},1616,stochastic_fragility,T1583.005 - Resource Development: Acquire Botnet,195
uniform_positive_fragility,uniform_positive_loo_fragility,{},1616,all,T1583.005 - Resource Development: Acquire Botnet,195
uniform_positive_fragility,uniform_positive_loo_fragility,{},1616,uniform_positive_fragility,T1583.005 - Resource Development: Acquire Botnet,195
softmax_normalized_fragility_temp0.25,softmax_normalized_loo_fragility,"{""temperature"": 0.25}",1616,all,T1583.005 - Resource Development: Acquire Botnet,195
softmax_normalized_fragility_temp0.25,softmax_normalized_loo_fragility,"{""temperature"": 0.25}",1616,softmax_fragility,T1583.005 - Resource Development: Acquire Botnet,195
softmax_normalized_fragility_temp0.5,softmax_normalized_loo_fragility,"{""temperature"": 0.5}",1616,all,T1583.005 - Resource Development: Acquire Botnet,195
softmax_normalized_fragility_temp0.5,softmax_normalized_loo_fragility,"{""temperature"": 0.5}",1616,softmax_fragility,T1583.005 - Resource Development: Acquire Botnet,195
softmax_normalized_fragility_temp1.0,softmax_normalized_loo_fragility,"{""temperature"": 1.0}",1616,all,T1583.005 - Resource Development: Acquire Botnet,195
softmax_normalized_fragility_temp1.0,softmax_normalized_loo_fragility,"{""temperature"": 1.0}",1616,softmax_fragility,T1583.005 - Resource Development: Acquire Botnet,195
softmax_normalized_fragility_temp2.0,softmax_normalized_loo_fragility,"{""temperature"": 2.0}",1616,all,T1583.005 - Resource Development: Acquire Botnet,195
softmax_normalized_fragility_temp2.0,softmax_normalized_loo_fragility,"{""temperature"": 2.0}",1616,softmax_fragility,T1583.005 - Resource Development: Acquire Botnet,195
softmax_normalized_fragility_temp4.0,softmax_normalized_loo_fragility,"{""temperature"": 4.0}",1616,all,T1583.005 - Resource Development: Acquire Botnet,195
softmax_normalized_fragility_temp4.0,softmax_normalized_loo_fragility,"{""temperature"": 4.0}",1616,softmax_fragility,T1583.005 - Resource Development: Acquire Botnet,195
stochastic_normalized_fragility,stochastic_normalized_loo_fragility,{},1616,all,T1584.005 - Resource Development: Build/Compromise Botnet,194
stochastic_normalized_fragility,stochastic_normalized_loo_fragility,{},1616,stochastic_fragility,T1584.005 - Resource Development: Build/Compromise Botnet,194
uniform_positive_fragility,uniform_positive_loo_fragility,{},1616,all,T1584.005 - Resource Development: Build/Compromise Botnet,194
uniform_positive_fragility,uniform_positive_loo_fragility,{},1616,uniform_positive_fragility,T1584.005 - Resource Development: Build/Compromise Botnet,194
softmax_normalized_fragility_temp0.25,softmax_normalized_loo_fragility,"{""temperature"": 0.25}",1616,all,T1584.005 - Resource Development: Build/Compromise Botnet,194
softmax_normalized_fragility_temp0.25,softmax_normalized_loo_fragility,"{""temperature"": 0.25}",1616,softmax_fragility,T1584.005 - Resource Development: Build/Compromise Botnet,194
softmax_normalized_fragility_temp0.5,softmax_normalized_loo_fragility,"{""temperature"": 0.5}",1616,all,T1584.005 - Resource Development: Build/Compromise Botnet,194
softmax_normalized_fragility_temp0.5,softmax_normalized_loo_fragility,"{""temperature"": 0.5}",1616,softmax_fragility,T1584.005 - Resource Development: Build/Compromise Botnet,194
softmax_normalized_fragility_temp1.0,softmax_normalized_loo_fragility,"{""temperature"": 1.0}",1616,all,T1584.005 - Resource Development: Build/Compromise Botnet,194
softmax_normalized_fragility_temp1.0,softmax_normalized_loo_fragility,"{""temperature"": 1.0}",1616,softmax_fragility,T1584.005 - Resource Development: Build/Compromise Botnet,194
softmax_normalized_fragility_temp2.0,softmax_normalized_loo_fragility,"{""temperature"": 2.0}",1616,all,T1584.005 - Resource Development: Build/Compromise Botnet,194
softmax_normalized_fragility_temp2.0,softmax_normalized_loo_fragility,"{""temperature"": 2.0}",1616,softmax_fragility,T1584.005 - Resource Development: Build/Compromise Botnet,194
softmax_normalized_fragility_temp4.0,softmax_normalized_loo_fragility,"{""temperature"": 4.0}",1616,all,T1584.005 - Resource Development: Build/Compromise Botnet,194
softmax_normalized_fragility_temp4.0,softmax_normalized_loo_fragility,"{""temperature"": 4.0}",1616,softmax_fragility,T1584.005 - Resource Development: Build/Compromise Botnet,194
stochastic_normalized_fragility,stochastic_normalized_loo_fragility,{},1616,all,T1590 - Reconnaissance: Gather Victim Network Information,194
stochastic_normalized_fragility,stochastic_normalized_loo_fragility,{},1616,stochastic_fragility,T1590 - Reconnaissance: Gather Victim Network Information,194
uniform_positive_fragility,uniform_positive_loo_fragility,{},1616,all,T1590 - Reconnaissance: Gather Victim Network Information,194
uniform_positive_fragility,uniform_positive_loo_fragility,{},1616,uniform_positive_fragility,T1590 - Reconnaissance: Gather Victim Network Information,194
softmax_normalized_fragility_temp0.25,softmax_normalized_loo_fragility,"{""temperature"": 0.25}",1616,all,T1590 - Reconnaissance: Gather Victim Network Information,194
softmax_normalized_fragility_temp0.25,softmax_normalized_loo_fragility,"{""temperature"": 0.25}",1616,softmax_fragility,T1590 - Reconnaissance: Gather Victim Network Information,194
softmax_normalized_fragility_temp0.5,softmax_normalized_loo_fragility,"{""temperature"": 0.5}",1616,all,T1590 - Reconnaissance: Gather Victim Network Information,194
softmax_normalized_fragility_temp0.5,softmax_normalized_loo_fragility,"{""temperature"": 0.5}",1616,softmax_fragility,T1590 - Reconnaissance: Gather Victim Network Information,194
softmax_normalized_fragility_temp1.0,softmax_normalized_loo_fragility,"{""temperature"": 1.0}",1616,all,T1590 - Reconnaissance: Gather Victim Network Information,194
softmax_normalized_fragility_temp1.0,softmax_normalized_loo_fragility,"{""temperature"": 1.0}",1616,softmax_fragility,T1590 - Reconnaissance: Gather Victim Network Information,194
softmax_normalized_fragility_temp2.0,softmax_normalized_loo_fragility,"{""temperature"": 2.0}",1616,all,T1590 - Reconnaissance: Gather Victim Network Information,194
softmax_normalized_fragility_temp2.0,softmax_normalized_loo_fragility,"{""temperature"": 2.0}",1616,softmax_fragility,T1590 - Reconnaissance: Gather Victim Network Information,194
softmax_normalized_fragility_temp4.0,softmax_normalized_loo_fragility,"{""temperature"": 4.0}",1616,all,T1590 - Reconnaissance: Gather Victim Network Information,194
softmax_normalized_fragility_temp4.0,softmax_normalized_loo_fragility,"{""temperature"": 4.0}",1616,softmax_fragility,T1590 - Reconnaissance: Gather Victim Network Information,194
stochastic_normalized_fragility,stochastic_normalized_loo_fragility,{},1616,all,T1595 - Reconnaissance: Active Scanning,195
stochastic_normalized_fragility,stochastic_normalized_loo_fragility,{},1616,stochastic_fragility,T1595 - Reconnaissance: Active Scanning,195
uniform_positive_fragility,uniform_positive_loo_fragility,{},1616,all,T1595 - Reconnaissance: Active Scanning,195
uniform_positive_fragility,uniform_positive_loo_fragility,{},1616,uniform_positive_fragility,T1595 - Reconnaissance: Active Scanning,195
softmax_normalized_fragility_temp0.25,softmax_normalized_loo_fragility,"{""temperature"": 0.25}",1616,all,T1595 - Reconnaissance: Active Scanning,195
softmax_normalized_fragility_temp0.25,softmax_normalized_loo_fragility,"{""temperature"": 0.25}",1616,softmax_fragility,T1595 - Reconnaissance: Active Scanning,195
softmax_normalized_fragility_temp0.5,softmax_normalized_loo_fragility,"{""temperature"": 0.5}",1616,all,T1595 - Reconnaissance: Active Scanning,195
softmax_normalized_fragility_temp0.5,softmax_normalized_loo_fragility,"{""temperature"": 0.5}",1616,softmax_fragility,T1595 - Reconnaissance: Active Scanning,195
softmax_normalized_fragility_temp1.0,softmax_normalized_loo_fragility,"{""temperature"": 1.0}",1616,all,T1595 - Reconnaissance: Active Scanning,195
softmax_normalized_fragility_temp1.0,softmax_normalized_loo_fragility,"{""temperature"": 1.0}",1616,softmax_fragility,T1595 - Reconnaissance: Active Scanning,195
softmax_normalized_fragility_temp2.0,softmax_normalized_loo_fragility,"{""temperature"": 2.0}",1616,all,T1595 - Reconnaissance: Active Scanning,195
softmax_normalized_fragility_temp2.0,softmax_normalized_loo_fragility,"{""temperature"": 2.0}",1616,softmax_fragility,T1595 - Reconnaissance: Active Scanning,195
softmax_normalized_fragility_temp4.0,softmax_normalized_loo_fragility,"{""temperature"": 4.0}",1616,all,T1595 - Reconnaissance: Active Scanning,195
softmax_normalized_fragility_temp4.0,softmax_normalized_loo_fragility,"{""temperature"": 4.0}",1616,softmax_fragility,T1595 - Reconnaissance: Active Scanning,195
stochastic_normalized_fragility,stochastic_normalized_loo_fragility,{},1616,all,TA0011 - Command-and-Control,195
stochastic_normalized_fragility,stochastic_normalized_loo_fragility,{},1616,stochastic_fragility,TA0011 - Command-and-Control,195
uniform_positive_fragility,uniform_positive_loo_fragility,{},1616,all,TA0011 - Command-and-Control,195
uniform_positive_fragility,uniform_positive_loo_fragility,{},1616,uniform_positive_fragility,TA0011 - Command-and-Control,195
softmax_normalized_fragility_temp0.25,softmax_normalized_loo_fragility,"{""temperature"": 0.25}",1616,all,TA0011 - Command-and-Control,195
softmax_normalized_fragility_temp0.25,softmax_normalized_loo_fragility,"{""temperature"": 0.25}",1616,softmax_fragility,TA0011 - Command-and-Control,195
softmax_normalized_fragility_temp0.5,softmax_normalized_loo_fragility,"{""temperature"": 0.5}",1616,all,TA0011 - Command-and-Control,195
softmax_normalized_fragility_temp0.5,softmax_normalized_loo_fragility,"{""temperature"": 0.5}",1616,softmax_fragility,TA0011 - Command-and-Control,195
softmax_normalized_fragility_temp1.0,softmax_normalized_loo_fragility,"{""temperature"": 1.0}",1616,all,TA0011 - Command-and-Control,195
softmax_normalized_fragility_temp1.0,softmax_normalized_loo_fragility,"{""temperature"": 1.0}",1616,softmax_fragility,TA0011 - Command-and-Control,195
softmax_normalized_fragility_temp2.0,softmax_normalized_loo_fragility,"{""temperature"": 2.0}",1616,all,TA0011 - Command-and-Control,195
softmax_normalized_fragility_temp2.0,softmax_normalized_loo_fragility,"{""temperature"": 2.0}",1616,softmax_fragility,TA0011 - Command-and-Control,195
softmax_normalized_fragility_temp4.0,softmax_normalized_loo_fragility,"{""temperature"": 4.0}",1616,all,TA0011 - Command-and-Control,195
softmax_normalized_fragility_temp4.0,softmax_normalized_loo_fragility,"{""temperature"": 4.0}",1616,softmax_fragility,TA0011 - Command-and-Control,195
stochastic_normalized_fragility,stochastic_normalized_loo_fragility,{},1717,all,T1036 - Defense Evasion: Masquerading,195
stochastic_normalized_fragility,stochastic_normalized_loo_fragility,{},1717,stochastic_fragility,T1036 - Defense Evasion: Masquerading,195
uniform_positive_fragility,uniform_positive_loo_fragility,{},1717,all,T1036 - Defense Evasion: Masquerading,195
uniform_positive_fragility,uniform_positive_loo_fragility,{},1717,uniform_positive_fragility,T1036 - Defense Evasion: Masquerading,195
softmax_normalized_fragility_temp0.25,softmax_normalized_loo_fragility,"{""temperature"": 0.25}",1717,all,T1036 - Defense Evasion: Masquerading,195
softmax_normalized_fragility_temp0.25,softmax_normalized_loo_fragility,"{""temperature"": 0.25}",1717,softmax_fragility,T1036 - Defense Evasion: Masquerading,195
softmax_normalized_fragility_temp0.5,softmax_normalized_loo_fragility,"{""temperature"": 0.5}",1717,all,T1036 - Defense Evasion: Masquerading,195
softmax_normalized_fragility_temp0.5,softmax_normalized_loo_fragility,"{""temperature"": 0.5}",1717,softmax_fragility,T1036 - Defense Evasion: Masquerading,195
softmax_normalized_fragility_temp1.0,softmax_normalized_loo_fragility,"{""temperature"": 1.0}",1717,all,T1036 - Defense Evasion: Masquerading,195
softmax_normalized_fragility_temp1.0,softmax_normalized_loo_fragility,"{""temperature"": 1.0}",1717,softmax_fragility,T1036 - Defense Evasion: Masquerading,195
softmax_normalized_fragility_temp2.0,softmax_normalized_loo_fragility,"{""temperature"": 2.0}",1717,all,T1036 - Defense Evasion: Masquerading,195
softmax_normalized_fragility_temp2.0,softmax_normalized_loo_fragility,"{""temperature"": 2.0}",1717,softmax_fragility,T1036 - Defense Evasion: Masquerading,195
softmax_normalized_fragility_temp4.0,softmax_normalized_loo_fragility,"{""temperature"": 4.0}",1717,all,T1036 - Defense Evasion: Masquerading,195
softmax_normalized_fragility_temp4.0,softmax_normalized_loo_fragility,"{""temperature"": 4.0}",1717,softmax_fragility,T1036 - Defense Evasion: Masquerading,195
stochastic_normalized_fragility,stochastic_normalized_loo_fragility,{},1717,all,T1498.001 - Impact: Direct Network Flood,195
stochastic_normalized_fragility,stochastic_normalized_loo_fragility,{},1717,stochastic_fragility,T1498.001 - Impact: Direct Network Flood,195
uniform_positive_fragility,uniform_positive_loo_fragility,{},1717,all,T1498.001 - Impact: Direct Network Flood,195
uniform_positive_fragility,uniform_positive_loo_fragility,{},1717,uniform_positive_fragility,T1498.001 - Impact: Direct Network Flood,195
softmax_normalized_fragility_temp0.25,softmax_normalized_loo_fragility,"{""temperature"": 0.25}",1717,all,T1498.001 - Impact: Direct Network Flood,195
softmax_normalized_fragility_temp0.25,softmax_normalized_loo_fragility,"{""temperature"": 0.25}",1717,softmax_fragility,T1498.001 - Impact: Direct Network Flood,195
softmax_normalized_fragility_temp0.5,softmax_normalized_loo_fragility,"{""temperature"": 0.5}",1717,all,T1498.001 - Impact: Direct Network Flood,195
softmax_normalized_fragility_temp0.5,softmax_normalized_loo_fragility,"{""temperature"": 0.5}",1717,softmax_fragility,T1498.001 - Impact: Direct Network Flood,195
softmax_normalized_fragility_temp1.0,softmax_normalized_loo_fragility,"{""temperature"": 1.0}",1717,all,T1498.001 - Impact: Direct Network Flood,195
softmax_normalized_fragility_temp1.0,softmax_normalized_loo_fragility,"{""temperature"": 1.0}",1717,softmax_fragility,T1498.001 - Impact: Direct Network Flood,195
softmax_normalized_fragility_temp2.0,softmax_normalized_loo_fragility,"{""temperature"": 2.0}",1717,all,T1498.001 - Impact: Direct Network Flood,195
softmax_normalized_fragility_temp2.0,softmax_normalized_loo_fragility,"{""temperature"": 2.0}",1717,softmax_fragility,T1498.001 - Impact: Direct Network Flood,195
softmax_normalized_fragility_temp4.0,softmax_normalized_loo_fragility,"{""temperature"": 4.0}",1717,all,T1498.001 - Impact: Direct Network Flood,195
softmax_normalized_fragility_temp4.0,softmax_normalized_loo_fragility,"{""temperature"": 4.0}",1717,softmax_fragility,T1498.001 - Impact: Direct Network Flood,195
stochastic_normalized_fragility,stochastic_normalized_loo_fragility,{},1717,all,T1498.002 - Impact: Reflection/Amplification Attack,195
stochastic_normalized_fragility,stochastic_normalized_loo_fragility,{},1717,stochastic_fragility,T1498.002 - Impact: Reflection/Amplification Attack,195
uniform_positive_fragility,uniform_positive_loo_fragility,{},1717,all,T1498.002 - Impact: Reflection/Amplification Attack,195
uniform_positive_fragility,uniform_positive_loo_fragility,{},1717,uniform_positive_fragility,T1498.002 - Impact: Reflection/Amplification Attack,195
softmax_normalized_fragility_temp0.25,softmax_normalized_loo_fragility,"{""temperature"": 0.25}",1717,all,T1498.002 - Impact: Reflection/Amplification Attack,195
softmax_normalized_fragility_temp0.25,softmax_normalized_loo_fragility,"{""temperature"": 0.25}",1717,softmax_fragility,T1498.002 - Impact: Reflection/Amplification Attack,195
softmax_normalized_fragility_temp0.5,softmax_normalized_loo_fragility,"{""temperature"": 0.5}",1717,all,T1498.002 - Impact: Reflection/Amplification Attack,195
softmax_normalized_fragility_temp0.5,softmax_normalized_loo_fragility,"{""temperature"": 0.5}",1717,softmax_fragility,T1498.002 - Impact: Reflection/Amplification Attack,195
softmax_normalized_fragility_temp1.0,softmax_normalized_loo_fragility,"{""temperature"": 1.0}",1717,all,T1498.002 - Impact: Reflection/Amplification Attack,195
softmax_normalized_fragility_temp1.0,softmax_normalized_loo_fragility,"{""temperature"": 1.0}",1717,softmax_fragility,T1498.002 - Impact: Reflection/Amplification Attack,195
softmax_normalized_fragility_temp2.0,softmax_normalized_loo_fragility,"{""temperature"": 2.0}",1717,all,T1498.002 - Impact: Reflection/Amplification Attack,195
softmax_normalized_fragility_temp2.0,softmax_normalized_loo_fragility,"{""temperature"": 2.0}",1717,softmax_fragility,T1498.002 - Impact: Reflection/Amplification Attack,195
softmax_normalized_fragility_temp4.0,softmax_normalized_loo_fragility,"{""temperature"": 4.0}",1717,all,T1498.002 - Impact: Reflection/Amplification Attack,195
softmax_normalized_fragility_temp4.0,softmax_normalized_loo_fragility,"{""temperature"": 4.0}",1717,softmax_fragility,T1498.002 - Impact: Reflection/Amplification Attack,195
stochastic_normalized_fragility,stochastic_normalized_loo_fragility,{},1717,all,T1571 - Defense Evasion: Non-Standard Port,195
stochastic_normalized_fragility,stochastic_normalized_loo_fragility,{},1717,stochastic_fragility,T1571 - Defense Evasion: Non-Standard Port,195
uniform_positive_fragility,uniform_positive_loo_fragility,{},1717,all,T1571 - Defense Evasion: Non-Standard Port,195
uniform_positive_fragility,uniform_positive_loo_fragility,{},1717,uniform_positive_fragility,T1571 - Defense Evasion: Non-Standard Port,195
softmax_normalized_fragility_temp0.25,softmax_normalized_loo_fragility,"{""temperature"": 0.25}",1717,all,T1571 - Defense Evasion: Non-Standard Port,195
softmax_normalized_fragility_temp0.25,softmax_normalized_loo_fragility,"{""temperature"": 0.25}",1717,softmax_fragility,T1571 - Defense Evasion: Non-Standard Port,195
softmax_normalized_fragility_temp0.5,softmax_normalized_loo_fragility,"{""temperature"": 0.5}",1717,all,T1571 - Defense Evasion: Non-Standard Port,195
softmax_normalized_fragility_temp0.5,softmax_normalized_loo_fragility,"{""temperature"": 0.5}",1717,softmax_fragility,T1571 - Defense Evasion: Non-Standard Port,195
softmax_normalized_fragility_temp1.0,softmax_normalized_loo_fragility,"{""temperature"": 1.0}",1717,all,T1571 - Defense Evasion: Non-Standard Port,195
softmax_normalized_fragility_temp1.0,softmax_normalized_loo_fragility,"{""temperature"": 1.0}",1717,softmax_fragility,T1571 - Defense Evasion: Non-Standard Port,195
softmax_normalized_fragility_temp2.0,softmax_normalized_loo_fragility,"{""temperature"": 2.0}",1717,all,T1571 - Defense Evasion: Non-Standard Port,195
softmax_normalized_fragility_temp2.0,softmax_normalized_loo_fragility,"{""temperature"": 2.0}",1717,softmax_fragility,T1571 - Defense Evasion: Non-Standard Port,195
softmax_normalized_fragility_temp4.0,softmax_normalized_loo_fragility,"{""temperature"": 4.0}",1717,all,T1571 - Defense Evasion: Non-Standard Port,195
softmax_normalized_fragility_temp4.0,softmax_normalized_loo_fragility,"{""temperature"": 4.0}",1717,softmax_fragility,T1571 - Defense Evasion: Non-Standard Port,195
stochastic_normalized_fragility,stochastic_normalized_loo_fragility,{},1717,all,T1583.005 - Resource Development: Acquire Botnet,195
stochastic_normalized_fragility,stochastic_normalized_loo_fragility,{},1717,stochastic_fragility,T1583.005 - Resource Development: Acquire Botnet,195
uniform_positive_fragility,uniform_positive_loo_fragility,{},1717,all,T1583.005 - Resource Development: Acquire Botnet,195
uniform_positive_fragility,uniform_positive_loo_fragility,{},1717,uniform_positive_fragility,T1583.005 - Resource Development: Acquire Botnet,195
softmax_normalized_fragility_temp0.25,softmax_normalized_loo_fragility,"{""temperature"": 0.25}",1717,all,T1583.005 - Resource Development: Acquire Botnet,195
softmax_normalized_fragility_temp0.25,softmax_normalized_loo_fragility,"{""temperature"": 0.25}",1717,softmax_fragility,T1583.005 - Resource Development: Acquire Botnet,195
softmax_normalized_fragility_temp0.5,softmax_normalized_loo_fragility,"{""temperature"": 0.5}",1717,all,T1583.005 - Resource Development: Acquire Botnet,195
softmax_normalized_fragility_temp0.5,softmax_normalized_loo_fragility,"{""temperature"": 0.5}",1717,softmax_fragility,T1583.005 - Resource Development: Acquire Botnet,195
softmax_normalized_fragility_temp1.0,softmax_normalized_loo_fragility,"{""temperature"": 1.0}",1717,all,T1583.005 - Resource Development: Acquire Botnet,195
softmax_normalized_fragility_temp1.0,softmax_normalized_loo_fragility,"{""temperature"": 1.0}",1717,softmax_fragility,T1583.005 - Resource Development: Acquire Botnet,195
softmax_normalized_fragility_temp2.0,softmax_normalized_loo_fragility,"{""temperature"": 2.0}",1717,all,T1583.005 - Resource Development: Acquire Botnet,195
softmax_normalized_fragility_temp2.0,softmax_normalized_loo_fragility,"{""temperature"": 2.0}",1717,softmax_fragility,T1583.005 - Resource Development: Acquire Botnet,195
softmax_normalized_fragility_temp4.0,softmax_normalized_loo_fragility,"{""temperature"": 4.0}",1717,all,T1583.005 - Resource Development: Acquire Botnet,195
softmax_normalized_fragility_temp4.0,softmax_normalized_loo_fragility,"{""temperature"": 4.0}",1717,softmax_fragility,T1583.005 - Resource Development: Acquire Botnet,195
stochastic_normalized_fragility,stochastic_normalized_loo_fragility,{},1717,all,T1584.005 - Resource Development: Build/Compromise Botnet,194
stochastic_normalized_fragility,stochastic_normalized_loo_fragility,{},1717,stochastic_fragility,T1584.005 - Resource Development: Build/Compromise Botnet,194
uniform_positive_fragility,uniform_positive_loo_fragility,{},1717,all,T1584.005 - Resource Development: Build/Compromise Botnet,194
uniform_positive_fragility,uniform_positive_loo_fragility,{},1717,uniform_positive_fragility,T1584.005 - Resource Development: Build/Compromise Botnet,194
softmax_normalized_fragility_temp0.25,softmax_normalized_loo_fragility,"{""temperature"": 0.25}",1717,all,T1584.005 - Resource Development: Build/Compromise Botnet,194
softmax_normalized_fragility_temp0.25,softmax_normalized_loo_fragility,"{""temperature"": 0.25}",1717,softmax_fragility,T1584.005 - Resource Development: Build/Compromise Botnet,194
softmax_normalized_fragility_temp0.5,softmax_normalized_loo_fragility,"{""temperature"": 0.5}",1717,all,T1584.005 - Resource Development: Build/Compromise Botnet,194
softmax_normalized_fragility_temp0.5,softmax_normalized_loo_fragility,"{""temperature"": 0.5}",1717,softmax_fragility,T1584.005 - Resource Development: Build/Compromise Botnet,194
softmax_normalized_fragility_temp1.0,softmax_normalized_loo_fragility,"{""temperature"": 1.0}",1717,all,T1584.005 - Resource Development: Build/Compromise Botnet,194
softmax_normalized_fragility_temp1.0,softmax_normalized_loo_fragility,"{""temperature"": 1.0}",1717,softmax_fragility,T1584.005 - Resource Development: Build/Compromise Botnet,194
softmax_normalized_fragility_temp2.0,softmax_normalized_loo_fragility,"{""temperature"": 2.0}",1717,all,T1584.005 - Resource Development: Build/Compromise Botnet,194
softmax_normalized_fragility_temp2.0,softmax_normalized_loo_fragility,"{""temperature"": 2.0}",1717,softmax_fragility,T1584.005 - Resource Development: Build/Compromise Botnet,194
softmax_normalized_fragility_temp4.0,softmax_normalized_loo_fragility,"{""temperature"": 4.0}",1717,all,T1584.005 - Resource Development: Build/Compromise Botnet,194
softmax_normalized_fragility_temp4.0,softmax_normalized_loo_fragility,"{""temperature"": 4.0}",1717,softmax_fragility,T1584.005 - Resource Development: Build/Compromise Botnet,194
stochastic_normalized_fragility,stochastic_normalized_loo_fragility,{},1717,all,T1590 - Reconnaissance: Gather Victim Network Information,194
stochastic_normalized_fragility,stochastic_normalized_loo_fragility,{},1717,stochastic_fragility,T1590 - Reconnaissance: Gather Victim Network Information,194
uniform_positive_fragility,uniform_positive_loo_fragility,{},1717,all,T1590 - Reconnaissance: Gather Victim Network Information,194
uniform_positive_fragility,uniform_positive_loo_fragility,{},1717,uniform_positive_fragility,T1590 - Reconnaissance: Gather Victim Network Information,194
softmax_normalized_fragility_temp0.25,softmax_normalized_loo_fragility,"{""temperature"": 0.25}",1717,all,T1590 - Reconnaissance: Gather Victim Network Information,194
softmax_normalized_fragility_temp0.25,softmax_normalized_loo_fragility,"{""temperature"": 0.25}",1717,softmax_fragility,T1590 - Reconnaissance: Gather Victim Network Information,194
softmax_normalized_fragility_temp0.5,softmax_normalized_loo_fragility,"{""temperature"": 0.5}",1717,all,T1590 - Reconnaissance: Gather Victim Network Information,194
softmax_normalized_fragility_temp0.5,softmax_normalized_loo_fragility,"{""temperature"": 0.5}",1717,softmax_fragility,T1590 - Reconnaissance: Gather Victim Network Information,194
softmax_normalized_fragility_temp1.0,softmax_normalized_loo_fragility,"{""temperature"": 1.0}",1717,all,T1590 - Reconnaissance: Gather Victim Network Information,194
softmax_normalized_fragility_temp1.0,softmax_normalized_loo_fragility,"{""temperature"": 1.0}",1717,softmax_fragility,T1590 - Reconnaissance: Gather Victim Network Information,194
softmax_normalized_fragility_temp2.0,softmax_normalized_loo_fragility,"{""temperature"": 2.0}",1717,all,T1590 - Reconnaissance: Gather Victim Network Information,194
softmax_normalized_fragility_temp2.0,softmax_normalized_loo_fragility,"{""temperature"": 2.0}",1717,softmax_fragility,T1590 - Reconnaissance: Gather Victim Network Information,194
softmax_normalized_fragility_temp4.0,softmax_normalized_loo_fragility,"{""temperature"": 4.0}",1717,all,T1590 - Reconnaissance: Gather Victim Network Information,194
softmax_normalized_fragility_temp4.0,softmax_normalized_loo_fragility,"{""temperature"": 4.0}",1717,softmax_fragility,T1590 - Reconnaissance: Gather Victim Network Information,194
stochastic_normalized_fragility,stochastic_normalized_loo_fragility,{},1717,all,T1595 - Reconnaissance: Active Scanning,195
stochastic_normalized_fragility,stochastic_normalized_loo_fragility,{},1717,stochastic_fragility,T1595 - Reconnaissance: Active Scanning,195
uniform_positive_fragility,uniform_positive_loo_fragility,{},1717,all,T1595 - Reconnaissance: Active Scanning,195
uniform_positive_fragility,uniform_positive_loo_fragility,{},1717,uniform_positive_fragility,T1595 - Reconnaissance: Active Scanning,195
softmax_normalized_fragility_temp0.25,softmax_normalized_loo_fragility,"{""temperature"": 0.25}",1717,all,T1595 - Reconnaissance: Active Scanning,195
softmax_normalized_fragility_temp0.25,softmax_normalized_loo_fragility,"{""temperature"": 0.25}",1717,softmax_fragility,T1595 - Reconnaissance: Active Scanning,195
softmax_normalized_fragility_temp0.5,softmax_normalized_loo_fragility,"{""temperature"": 0.5}",1717,all,T1595 - Reconnaissance: Active Scanning,195
softmax_normalized_fragility_temp0.5,softmax_normalized_loo_fragility,"{""temperature"": 0.5}",1717,softmax_fragility,T1595 - Reconnaissance: Active Scanning,195
softmax_normalized_fragility_temp1.0,softmax_normalized_loo_fragility,"{""temperature"": 1.0}",1717,all,T1595 - Reconnaissance: Active Scanning,195
softmax_normalized_fragility_temp1.0,softmax_normalized_loo_fragility,"{""temperature"": 1.0}",1717,softmax_fragility,T1595 - Reconnaissance: Active Scanning,195
softmax_normalized_fragility_temp2.0,softmax_normalized_loo_fragility,"{""temperature"": 2.0}",1717,all,T1595 - Reconnaissance: Active Scanning,195
softmax_normalized_fragility_temp2.0,softmax_normalized_loo_fragility,"{""temperature"": 2.0}",1717,softmax_fragility,T1595 - Reconnaissance: Active Scanning,195
softmax_normalized_fragility_temp4.0,softmax_normalized_loo_fragility,"{""temperature"": 4.0}",1717,all,T1595 - Reconnaissance: Active Scanning,195
softmax_normalized_fragility_temp4.0,softmax_normalized_loo_fragility,"{""temperature"": 4.0}",1717,softmax_fragility,T1595 - Reconnaissance: Active Scanning,195
stochastic_normalized_fragility,stochastic_normalized_loo_fragility,{},1717,all,TA0011 - Command-and-Control,195
stochastic_normalized_fragility,stochastic_normalized_loo_fragility,{},1717,stochastic_fragility,TA0011 - Command-and-Control,195
uniform_positive_fragility,uniform_positive_loo_fragility,{},1717,all,TA0011 - Command-and-Control,195
uniform_positive_fragility,uniform_positive_loo_fragility,{},1717,uniform_positive_fragility,TA0011 - Command-and-Control,195
softmax_normalized_fragility_temp0.25,softmax_normalized_loo_fragility,"{""temperature"": 0.25}",1717,all,TA0011 - Command-and-Control,195
softmax_normalized_fragility_temp0.25,softmax_normalized_loo_fragility,"{""temperature"": 0.25}",1717,softmax_fragility,TA0011 - Command-and-Control,195
softmax_normalized_fragility_temp0.5,softmax_normalized_loo_fragility,"{""temperature"": 0.5}",1717,all,TA0011 - Command-and-Control,195
softmax_normalized_fragility_temp0.5,softmax_normalized_loo_fragility,"{""temperature"": 0.5}",1717,softmax_fragility,TA0011 - Command-and-Control,195
softmax_normalized_fragility_temp1.0,softmax_normalized_loo_fragility,"{""temperature"": 1.0}",1717,all,TA0011 - Command-and-Control,195
softmax_normalized_fragility_temp1.0,softmax_normalized_loo_fragility,"{""temperature"": 1.0}",1717,softmax_fragility,TA0011 - Command-and-Control,195
softmax_normalized_fragility_temp2.0,softmax_normalized_loo_fragility,"{""temperature"": 2.0}",1717,all,TA0011 - Command-and-Control,195
softmax_normalized_fragility_temp2.0,softmax_normalized_loo_fragility,"{""temperature"": 2.0}",1717,softmax_fragility,TA0011 - Command-and-Control,195
softmax_normalized_fragility_temp4.0,softmax_normalized_loo_fragility,"{""temperature"": 4.0}",1717,all,TA0011 - Command-and-Control,195
softmax_normalized_fragility_temp4.0,softmax_normalized_loo_fragility,"{""temperature"": 4.0}",1717,softmax_fragility,TA0011 - Command-and-Control,195
stochastic_normalized_fragility,stochastic_normalized_loo_fragility,{},1818,all,T1036 - Defense Evasion: Masquerading,195
stochastic_normalized_fragility,stochastic_normalized_loo_fragility,{},1818,stochastic_fragility,T1036 - Defense Evasion: Masquerading,195
uniform_positive_fragility,uniform_positive_loo_fragility,{},1818,all,T1036 - Defense Evasion: Masquerading,195
uniform_positive_fragility,uniform_positive_loo_fragility,{},1818,uniform_positive_fragility,T1036 - Defense Evasion: Masquerading,195
softmax_normalized_fragility_temp0.25,softmax_normalized_loo_fragility,"{""temperature"": 0.25}",1818,all,T1036 - Defense Evasion: Masquerading,195
softmax_normalized_fragility_temp0.25,softmax_normalized_loo_fragility,"{""temperature"": 0.25}",1818,softmax_fragility,T1036 - Defense Evasion: Masquerading,195
softmax_normalized_fragility_temp0.5,softmax_normalized_loo_fragility,"{""temperature"": 0.5}",1818,all,T1036 - Defense Evasion: Masquerading,195
softmax_normalized_fragility_temp0.5,softmax_normalized_loo_fragility,"{""temperature"": 0.5}",1818,softmax_fragility,T1036 - Defense Evasion: Masquerading,195
softmax_normalized_fragility_temp1.0,softmax_normalized_loo_fragility,"{""temperature"": 1.0}",1818,all,T1036 - Defense Evasion: Masquerading,195
softmax_normalized_fragility_temp1.0,softmax_normalized_loo_fragility,"{""temperature"": 1.0}",1818,softmax_fragility,T1036 - Defense Evasion: Masquerading,195
softmax_normalized_fragility_temp2.0,softmax_normalized_loo_fragility,"{""temperature"": 2.0}",1818,all,T1036 - Defense Evasion: Masquerading,195
softmax_normalized_fragility_temp2.0,softmax_normalized_loo_fragility,"{""temperature"": 2.0}",1818,softmax_fragility,T1036 - Defense Evasion: Masquerading,195
softmax_normalized_fragility_temp4.0,softmax_normalized_loo_fragility,"{""temperature"": 4.0}",1818,all,T1036 - Defense Evasion: Masquerading,195
softmax_normalized_fragility_temp4.0,softmax_normalized_loo_fragility,"{""temperature"": 4.0}",1818,softmax_fragility,T1036 - Defense Evasion: Masquerading,195
stochastic_normalized_fragility,stochastic_normalized_loo_fragility,{},1818,all,T1498.001 - Impact: Direct Network Flood,195
stochastic_normalized_fragility,stochastic_normalized_loo_fragility,{},1818,stochastic_fragility,T1498.001 - Impact: Direct Network Flood,195
uniform_positive_fragility,uniform_positive_loo_fragility,{},1818,all,T1498.001 - Impact: Direct Network Flood,195
uniform_positive_fragility,uniform_positive_loo_fragility,{},1818,uniform_positive_fragility,T1498.001 - Impact: Direct Network Flood,195
softmax_normalized_fragility_temp0.25,softmax_normalized_loo_fragility,"{""temperature"": 0.25}",1818,all,T1498.001 - Impact: Direct Network Flood,195
softmax_normalized_fragility_temp0.25,softmax_normalized_loo_fragility,"{""temperature"": 0.25}",1818,softmax_fragility,T1498.001 - Impact: Direct Network Flood,195
softmax_normalized_fragility_temp0.5,softmax_normalized_loo_fragility,"{""temperature"": 0.5}",1818,all,T1498.001 - Impact: Direct Network Flood,195
softmax_normalized_fragility_temp0.5,softmax_normalized_loo_fragility,"{""temperature"": 0.5}",1818,softmax_fragility,T1498.001 - Impact: Direct Network Flood,195
softmax_normalized_fragility_temp1.0,softmax_normalized_loo_fragility,"{""temperature"": 1.0}",1818,all,T1498.001 - Impact: Direct Network Flood,195
softmax_normalized_fragility_temp1.0,softmax_normalized_loo_fragility,"{""temperature"": 1.0}",1818,softmax_fragility,T1498.001 - Impact: Direct Network Flood,195
softmax_normalized_fragility_temp2.0,softmax_normalized_loo_fragility,"{""temperature"": 2.0}",1818,all,T1498.001 - Impact: Direct Network Flood,195
softmax_normalized_fragility_temp2.0,softmax_normalized_loo_fragility,"{""temperature"": 2.0}",1818,softmax_fragility,T1498.001 - Impact: Direct Network Flood,195
softmax_normalized_fragility_temp4.0,softmax_normalized_loo_fragility,"{""temperature"": 4.0}",1818,all,T1498.001 - Impact: Direct Network Flood,195
softmax_normalized_fragility_temp4.0,softmax_normalized_loo_fragility,"{""temperature"": 4.0}",1818,softmax_fragility,T1498.001 - Impact: Direct Network Flood,195
stochastic_normalized_fragility,stochastic_normalized_loo_fragility,{},1818,all,T1498.002 - Impact: Reflection/Amplification Attack,195
stochastic_normalized_fragility,stochastic_normalized_loo_fragility,{},1818,stochastic_fragility,T1498.002 - Impact: Reflection/Amplification Attack,195
uniform_positive_fragility,uniform_positive_loo_fragility,{},1818,all,T1498.002 - Impact: Reflection/Amplification Attack,195
uniform_positive_fragility,uniform_positive_loo_fragility,{},1818,uniform_positive_fragility,T1498.002 - Impact: Reflection/Amplification Attack,195
softmax_normalized_fragility_temp0.25,softmax_normalized_loo_fragility,"{""temperature"": 0.25}",1818,all,T1498.002 - Impact: Reflection/Amplification Attack,195
softmax_normalized_fragility_temp0.25,softmax_normalized_loo_fragility,"{""temperature"": 0.25}",1818,softmax_fragility,T1498.002 - Impact: Reflection/Amplification Attack,195
softmax_normalized_fragility_temp0.5,softmax_normalized_loo_fragility,"{""temperature"": 0.5}",1818,all,T1498.002 - Impact: Reflection/Amplification Attack,195
softmax_normalized_fragility_temp0.5,softmax_normalized_loo_fragility,"{""temperature"": 0.5}",1818,softmax_fragility,T1498.002 - Impact: Reflection/Amplification Attack,195
softmax_normalized_fragility_temp1.0,softmax_normalized_loo_fragility,"{""temperature"": 1.0}",1818,all,T1498.002 - Impact: Reflection/Amplification Attack,195
softmax_normalized_fragility_temp1.0,softmax_normalized_loo_fragility,"{""temperature"": 1.0}",1818,softmax_fragility,T1498.002 - Impact: Reflection/Amplification Attack,195
softmax_normalized_fragility_temp2.0,softmax_normalized_loo_fragility,"{""temperature"": 2.0}",1818,all,T1498.002 - Impact: Reflection/Amplification Attack,195
softmax_normalized_fragility_temp2.0,softmax_normalized_loo_fragility,"{""temperature"": 2.0}",1818,softmax_fragility,T1498.002 - Impact: Reflection/Amplification Attack,195
softmax_normalized_fragility_temp4.0,softmax_normalized_loo_fragility,"{""temperature"": 4.0}",1818,all,T1498.002 - Impact: Reflection/Amplification Attack,195
softmax_normalized_fragility_temp4.0,softmax_normalized_loo_fragility,"{""temperature"": 4.0}",1818,softmax_fragility,T1498.002 - Impact: Reflection/Amplification Attack,195
stochastic_normalized_fragility,stochastic_normalized_loo_fragility,{},1818,all,T1571 - Defense Evasion: Non-Standard Port,195
stochastic_normalized_fragility,stochastic_normalized_loo_fragility,{},1818,stochastic_fragility,T1571 - Defense Evasion: Non-Standard Port,195
uniform_positive_fragility,uniform_positive_loo_fragility,{},1818,all,T1571 - Defense Evasion: Non-Standard Port,195
uniform_positive_fragility,uniform_positive_loo_fragility,{},1818,uniform_positive_fragility,T1571 - Defense Evasion: Non-Standard Port,195
softmax_normalized_fragility_temp0.25,softmax_normalized_loo_fragility,"{""temperature"": 0.25}",1818,all,T1571 - Defense Evasion: Non-Standard Port,195
softmax_normalized_fragility_temp0.25,softmax_normalized_loo_fragility,"{""temperature"": 0.25}",1818,softmax_fragility,T1571 - Defense Evasion: Non-Standard Port,195
softmax_normalized_fragility_temp0.5,softmax_normalized_loo_fragility,"{""temperature"": 0.5}",1818,all,T1571 - Defense Evasion: Non-Standard Port,195
softmax_normalized_fragility_temp0.5,softmax_normalized_loo_fragility,"{""temperature"": 0.5}",1818,softmax_fragility,T1571 - Defense Evasion: Non-Standard Port,195
softmax_normalized_fragility_temp1.0,softmax_normalized_loo_fragility,"{""temperature"": 1.0}",1818,all,T1571 - Defense Evasion: Non-Standard Port,195
softmax_normalized_fragility_temp1.0,softmax_normalized_loo_fragility,"{""temperature"": 1.0}",1818,softmax_fragility,T1571 - Defense Evasion: Non-Standard Port,195
softmax_normalized_fragility_temp2.0,softmax_normalized_loo_fragility,"{""temperature"": 2.0}",1818,all,T1571 - Defense Evasion: Non-Standard Port,195
softmax_normalized_fragility_temp2.0,softmax_normalized_loo_fragility,"{""temperature"": 2.0}",1818,softmax_fragility,T1571 - Defense Evasion: Non-Standard Port,195
softmax_normalized_fragility_temp4.0,softmax_normalized_loo_fragility,"{""temperature"": 4.0}",1818,all,T1571 - Defense Evasion: Non-Standard Port,195
softmax_normalized_fragility_temp4.0,softmax_normalized_loo_fragility,"{""temperature"": 4.0}",1818,softmax_fragility,T1571 - Defense Evasion: Non-Standard Port,195
stochastic_normalized_fragility,stochastic_normalized_loo_fragility,{},1818,all,T1583.005 - Resource Development: Acquire Botnet,195
stochastic_normalized_fragility,stochastic_normalized_loo_fragility,{},1818,stochastic_fragility,T1583.005 - Resource Development: Acquire Botnet,195
uniform_positive_fragility,uniform_positive_loo_fragility,{},1818,all,T1583.005 - Resource Development: Acquire Botnet,195
uniform_positive_fragility,uniform_positive_loo_fragility,{},1818,uniform_positive_fragility,T1583.005 - Resource Development: Acquire Botnet,195
softmax_normalized_fragility_temp0.25,softmax_normalized_loo_fragility,"{""temperature"": 0.25}",1818,all,T1583.005 - Resource Development: Acquire Botnet,195
softmax_normalized_fragility_temp0.25,softmax_normalized_loo_fragility,"{""temperature"": 0.25}",1818,softmax_fragility,T1583.005 - Resource Development: Acquire Botnet,195
softmax_normalized_fragility_temp0.5,softmax_normalized_loo_fragility,"{""temperature"": 0.5}",1818,all,T1583.005 - Resource Development: Acquire Botnet,195
softmax_normalized_fragility_temp0.5,softmax_normalized_loo_fragility,"{""temperature"": 0.5}",1818,softmax_fragility,T1583.005 - Resource Development: Acquire Botnet,195
softmax_normalized_fragility_temp1.0,softmax_normalized_loo_fragility,"{""temperature"": 1.0}",1818,all,T1583.005 - Resource Development: Acquire Botnet,195
softmax_normalized_fragility_temp1.0,softmax_normalized_loo_fragility,"{""temperature"": 1.0}",1818,softmax_fragility,T1583.005 - Resource Development: Acquire Botnet,195
softmax_normalized_fragility_temp2.0,softmax_normalized_loo_fragility,"{""temperature"": 2.0}",1818,all,T1583.005 - Resource Development: Acquire Botnet,195
softmax_normalized_fragility_temp2.0,softmax_normalized_loo_fragility,"{""temperature"": 2.0}",1818,softmax_fragility,T1583.005 - Resource Development: Acquire Botnet,195
softmax_normalized_fragility_temp4.0,softmax_normalized_loo_fragility,"{""temperature"": 4.0}",1818,all,T1583.005 - Resource Development: Acquire Botnet,195
softmax_normalized_fragility_temp4.0,softmax_normalized_loo_fragility,"{""temperature"": 4.0}",1818,softmax_fragility,T1583.005 - Resource Development: Acquire Botnet,195
stochastic_normalized_fragility,stochastic_normalized_loo_fragility,{},1818,all,T1584.005 - Resource Development: Build/Compromise Botnet,194
stochastic_normalized_fragility,stochastic_normalized_loo_fragility,{},1818,stochastic_fragility,T1584.005 - Resource Development: Build/Compromise Botnet,194
uniform_positive_fragility,uniform_positive_loo_fragility,{},1818,all,T1584.005 - Resource Development: Build/Compromise Botnet,194
uniform_positive_fragility,uniform_positive_loo_fragility,{},1818,uniform_positive_fragility,T1584.005 - Resource Development: Build/Compromise Botnet,194
softmax_normalized_fragility_temp0.25,softmax_normalized_loo_fragility,"{""temperature"": 0.25}",1818,all,T1584.005 - Resource Development: Build/Compromise Botnet,194
softmax_normalized_fragility_temp0.25,softmax_normalized_loo_fragility,"{""temperature"": 0.25}",1818,softmax_fragility,T1584.005 - Resource Development: Build/Compromise Botnet,194
softmax_normalized_fragility_temp0.5,softmax_normalized_loo_fragility,"{""temperature"": 0.5}",1818,all,T1584.005 - Resource Development: Build/Compromise Botnet,194
softmax_normalized_fragility_temp0.5,softmax_normalized_loo_fragility,"{""temperature"": 0.5}",1818,softmax_fragility,T1584.005 - Resource Development: Build/Compromise Botnet,194
softmax_normalized_fragility_temp1.0,softmax_normalized_loo_fragility,"{""temperature"": 1.0}",1818,all,T1584.005 - Resource Development: Build/Compromise Botnet,194
softmax_normalized_fragility_temp1.0,softmax_normalized_loo_fragility,"{""temperature"": 1.0}",1818,softmax_fragility,T1584.005 - Resource Development: Build/Compromise Botnet,194
softmax_normalized_fragility_temp2.0,softmax_normalized_loo_fragility,"{""temperature"": 2.0}",1818,all,T1584.005 - Resource Development: Build/Compromise Botnet,194
softmax_normalized_fragility_temp2.0,softmax_normalized_loo_fragility,"{""temperature"": 2.0}",1818,softmax_fragility,T1584.005 - Resource Development: Build/Compromise Botnet,194
softmax_normalized_fragility_temp4.0,softmax_normalized_loo_fragility,"{""temperature"": 4.0}",1818,all,T1584.005 - Resource Development: Build/Compromise Botnet,194
softmax_normalized_fragility_temp4.0,softmax_normalized_loo_fragility,"{""temperature"": 4.0}",1818,softmax_fragility,T1584.005 - Resource Development: Build/Compromise Botnet,194
stochastic_normalized_fragility,stochastic_normalized_loo_fragility,{},1818,all,T1590 - Reconnaissance: Gather Victim Network Information,194
stochastic_normalized_fragility,stochastic_normalized_loo_fragility,{},1818,stochastic_fragility,T1590 - Reconnaissance: Gather Victim Network Information,194
uniform_positive_fragility,uniform_positive_loo_fragility,{},1818,all,T1590 - Reconnaissance: Gather Victim Network Information,194
uniform_positive_fragility,uniform_positive_loo_fragility,{},1818,uniform_positive_fragility,T1590 - Reconnaissance: Gather Victim Network Information,194
softmax_normalized_fragility_temp0.25,softmax_normalized_loo_fragility,"{""temperature"": 0.25}",1818,all,T1590 - Reconnaissance: Gather Victim Network Information,194
softmax_normalized_fragility_temp0.25,softmax_normalized_loo_fragility,"{""temperature"": 0.25}",1818,softmax_fragility,T1590 - Reconnaissance: Gather Victim Network Information,194
softmax_normalized_fragility_temp0.5,softmax_normalized_loo_fragility,"{""temperature"": 0.5}",1818,all,T1590 - Reconnaissance: Gather Victim Network Information,194
softmax_normalized_fragility_temp0.5,softmax_normalized_loo_fragility,"{""temperature"": 0.5}",1818,softmax_fragility,T1590 - Reconnaissance: Gather Victim Network Information,194
softmax_normalized_fragility_temp1.0,softmax_normalized_loo_fragility,"{""temperature"": 1.0}",1818,all,T1590 - Reconnaissance: Gather Victim Network Information,194
softmax_normalized_fragility_temp1.0,softmax_normalized_loo_fragility,"{""temperature"": 1.0}",1818,softmax_fragility,T1590 - Reconnaissance: Gather Victim Network Information,194
softmax_normalized_fragility_temp2.0,softmax_normalized_loo_fragility,"{""temperature"": 2.0}",1818,all,T1590 - Reconnaissance: Gather Victim Network Information,194
softmax_normalized_fragility_temp2.0,softmax_normalized_loo_fragility,"{""temperature"": 2.0}",1818,softmax_fragility,T1590 - Reconnaissance: Gather Victim Network Information,194
softmax_normalized_fragility_temp4.0,softmax_normalized_loo_fragility,"{""temperature"": 4.0}",1818,all,T1590 - Reconnaissance: Gather Victim Network Information,194
softmax_normalized_fragility_temp4.0,softmax_normalized_loo_fragility,"{""temperature"": 4.0}",1818,softmax_fragility,T1590 - Reconnaissance: Gather Victim Network Information,194
stochastic_normalized_fragility,stochastic_normalized_loo_fragility,{},1818,all,T1595 - Reconnaissance: Active Scanning,195
stochastic_normalized_fragility,stochastic_normalized_loo_fragility,{},1818,stochastic_fragility,T1595 - Reconnaissance: Active Scanning,195
uniform_positive_fragility,uniform_positive_loo_fragility,{},1818,all,T1595 - Reconnaissance: Active Scanning,195
uniform_positive_fragility,uniform_positive_loo_fragility,{},1818,uniform_positive_fragility,T1595 - Reconnaissance: Active Scanning,195
softmax_normalized_fragility_temp0.25,softmax_normalized_loo_fragility,"{""temperature"": 0.25}",1818,all,T1595 - Reconnaissance: Active Scanning,195
softmax_normalized_fragility_temp0.25,softmax_normalized_loo_fragility,"{""temperature"": 0.25}",1818,softmax_fragility,T1595 - Reconnaissance: Active Scanning,195
softmax_normalized_fragility_temp0.5,softmax_normalized_loo_fragility,"{""temperature"": 0.5}",1818,all,T1595 - Reconnaissance: Active Scanning,195
softmax_normalized_fragility_temp0.5,softmax_normalized_loo_fragility,"{""temperature"": 0.5}",1818,softmax_fragility,T1595 - Reconnaissance: Active Scanning,195
softmax_normalized_fragility_temp1.0,softmax_normalized_loo_fragility,"{""temperature"": 1.0}",1818,all,T1595 - Reconnaissance: Active Scanning,195
softmax_normalized_fragility_temp1.0,softmax_normalized_loo_fragility,"{""temperature"": 1.0}",1818,softmax_fragility,T1595 - Reconnaissance: Active Scanning,195
softmax_normalized_fragility_temp2.0,softmax_normalized_loo_fragility,"{""temperature"": 2.0}",1818,all,T1595 - Reconnaissance: Active Scanning,195
softmax_normalized_fragility_temp2.0,softmax_normalized_loo_fragility,"{""temperature"": 2.0}",1818,softmax_fragility,T1595 - Reconnaissance: Active Scanning,195
softmax_normalized_fragility_temp4.0,softmax_normalized_loo_fragility,"{""temperature"": 4.0}",1818,all,T1595 - Reconnaissance: Active Scanning,195
softmax_normalized_fragility_temp4.0,softmax_normalized_loo_fragility,"{""temperature"": 4.0}",1818,softmax_fragility,T1595 - Reconnaissance: Active Scanning,195
stochastic_normalized_fragility,stochastic_normalized_loo_fragility,{},1818,all,TA0011 - Command-and-Control,195
stochastic_normalized_fragility,stochastic_normalized_loo_fragility,{},1818,stochastic_fragility,TA0011 - Command-and-Control,195
uniform_positive_fragility,uniform_positive_loo_fragility,{},1818,all,TA0011 - Command-and-Control,195
uniform_positive_fragility,uniform_positive_loo_fragility,{},1818,uniform_positive_fragility,TA0011 - Command-and-Control,195
softmax_normalized_fragility_temp0.25,softmax_normalized_loo_fragility,"{""temperature"": 0.25}",1818,all,TA0011 - Command-and-Control,195
softmax_normalized_fragility_temp0.25,softmax_normalized_loo_fragility,"{""temperature"": 0.25}",1818,softmax_fragility,TA0011 - Command-and-Control,195
softmax_normalized_fragility_temp0.5,softmax_normalized_loo_fragility,"{""temperature"": 0.5}",1818,all,TA0011 - Command-and-Control,195
softmax_normalized_fragility_temp0.5,softmax_normalized_loo_fragility,"{""temperature"": 0.5}",1818,softmax_fragility,TA0011 - Command-and-Control,195
softmax_normalized_fragility_temp1.0,softmax_normalized_loo_fragility,"{""temperature"": 1.0}",1818,all,TA0011 - Command-and-Control,195
softmax_normalized_fragility_temp1.0,softmax_normalized_loo_fragility,"{""temperature"": 1.0}",1818,softmax_fragility,TA0011 - Command-and-Control,195
softmax_normalized_fragility_temp2.0,softmax_normalized_loo_fragility,"{""temperature"": 2.0}",1818,all,TA0011 - Command-and-Control,195
softmax_normalized_fragility_temp2.0,softmax_normalized_loo_fragility,"{""temperature"": 2.0}",1818,softmax_fragility,TA0011 - Command-and-Control,195
softmax_normalized_fragility_temp4.0,softmax_normalized_loo_fragility,"{""temperature"": 4.0}",1818,all,TA0011 - Command-and-Control,195
softmax_normalized_fragility_temp4.0,softmax_normalized_loo_fragility,"{""temperature"": 4.0}",1818,softmax_fragility,TA0011 - Command-and-Control,195
stochastic_normalized_fragility,stochastic_normalized_loo_fragility,{},1919,all,T1036 - Defense Evasion: Masquerading,195
stochastic_normalized_fragility,stochastic_normalized_loo_fragility,{},1919,stochastic_fragility,T1036 - Defense Evasion: Masquerading,195
uniform_positive_fragility,uniform_positive_loo_fragility,{},1919,all,T1036 - Defense Evasion: Masquerading,195
uniform_positive_fragility,uniform_positive_loo_fragility,{},1919,uniform_positive_fragility,T1036 - Defense Evasion: Masquerading,195
softmax_normalized_fragility_temp0.25,softmax_normalized_loo_fragility,"{""temperature"": 0.25}",1919,all,T1036 - Defense Evasion: Masquerading,195
softmax_normalized_fragility_temp0.25,softmax_normalized_loo_fragility,"{""temperature"": 0.25}",1919,softmax_fragility,T1036 - Defense Evasion: Masquerading,195
softmax_normalized_fragility_temp0.5,softmax_normalized_loo_fragility,"{""temperature"": 0.5}",1919,all,T1036 - Defense Evasion: Masquerading,195
softmax_normalized_fragility_temp0.5,softmax_normalized_loo_fragility,"{""temperature"": 0.5}",1919,softmax_fragility,T1036 - Defense Evasion: Masquerading,195
softmax_normalized_fragility_temp1.0,softmax_normalized_loo_fragility,"{""temperature"": 1.0}",1919,all,T1036 - Defense Evasion: Masquerading,195
softmax_normalized_fragility_temp1.0,softmax_normalized_loo_fragility,"{""temperature"": 1.0}",1919,softmax_fragility,T1036 - Defense Evasion: Masquerading,195
softmax_normalized_fragility_temp2.0,softmax_normalized_loo_fragility,"{""temperature"": 2.0}",1919,all,T1036 - Defense Evasion: Masquerading,195
softmax_normalized_fragility_temp2.0,softmax_normalized_loo_fragility,"{""temperature"": 2.0}",1919,softmax_fragility,T1036 - Defense Evasion: Masquerading,195
softmax_normalized_fragility_temp4.0,softmax_normalized_loo_fragility,"{""temperature"": 4.0}",1919,all,T1036 - Defense Evasion: Masquerading,195
softmax_normalized_fragility_temp4.0,softmax_normalized_loo_fragility,"{""temperature"": 4.0}",1919,softmax_fragility,T1036 - Defense Evasion: Masquerading,195
stochastic_normalized_fragility,stochastic_normalized_loo_fragility,{},1919,all,T1498.001 - Impact: Direct Network Flood,195
stochastic_normalized_fragility,stochastic_normalized_loo_fragility,{},1919,stochastic_fragility,T1498.001 - Impact: Direct Network Flood,195
uniform_positive_fragility,uniform_positive_loo_fragility,{},1919,all,T1498.001 - Impact: Direct Network Flood,195
uniform_positive_fragility,uniform_positive_loo_fragility,{},1919,uniform_positive_fragility,T1498.001 - Impact: Direct Network Flood,195
softmax_normalized_fragility_temp0.25,softmax_normalized_loo_fragility,"{""temperature"": 0.25}",1919,all,T1498.001 - Impact: Direct Network Flood,195
softmax_normalized_fragility_temp0.25,softmax_normalized_loo_fragility,"{""temperature"": 0.25}",1919,softmax_fragility,T1498.001 - Impact: Direct Network Flood,195
softmax_normalized_fragility_temp0.5,softmax_normalized_loo_fragility,"{""temperature"": 0.5}",1919,all,T1498.001 - Impact: Direct Network Flood,195
softmax_normalized_fragility_temp0.5,softmax_normalized_loo_fragility,"{""temperature"": 0.5}",1919,softmax_fragility,T1498.001 - Impact: Direct Network Flood,195
softmax_normalized_fragility_temp1.0,softmax_normalized_loo_fragility,"{""temperature"": 1.0}",1919,all,T1498.001 - Impact: Direct Network Flood,195
softmax_normalized_fragility_temp1.0,softmax_normalized_loo_fragility,"{""temperature"": 1.0}",1919,softmax_fragility,T1498.001 - Impact: Direct Network Flood,195
softmax_normalized_fragility_temp2.0,softmax_normalized_loo_fragility,"{""temperature"": 2.0}",1919,all,T1498.001 - Impact: Direct Network Flood,195
softmax_normalized_fragility_temp2.0,softmax_normalized_loo_fragility,"{""temperature"": 2.0}",1919,softmax_fragility,T1498.001 - Impact: Direct Network Flood,195
softmax_normalized_fragility_temp4.0,softmax_normalized_loo_fragility,"{""temperature"": 4.0}",1919,all,T1498.001 - Impact: Direct Network Flood,195
softmax_normalized_fragility_temp4.0,softmax_normalized_loo_fragility,"{""temperature"": 4.0}",1919,softmax_fragility,T1498.001 - Impact: Direct Network Flood,195
stochastic_normalized_fragility,stochastic_normalized_loo_fragility,{},1919,all,T1498.002 - Impact: Reflection/Amplification Attack,195
stochastic_normalized_fragility,stochastic_normalized_loo_fragility,{},1919,stochastic_fragility,T1498.002 - Impact: Reflection/Amplification Attack,195
uniform_positive_fragility,uniform_positive_loo_fragility,{},1919,all,T1498.002 - Impact: Reflection/Amplification Attack,195
uniform_positive_fragility,uniform_positive_loo_fragility,{},1919,uniform_positive_fragility,T1498.002 - Impact: Reflection/Amplification Attack,195
softmax_normalized_fragility_temp0.25,softmax_normalized_loo_fragility,"{""temperature"": 0.25}",1919,all,T1498.002 - Impact: Reflection/Amplification Attack,195
softmax_normalized_fragility_temp0.25,softmax_normalized_loo_fragility,"{""temperature"": 0.25}",1919,softmax_fragility,T1498.002 - Impact: Reflection/Amplification Attack,195
softmax_normalized_fragility_temp0.5,softmax_normalized_loo_fragility,"{""temperature"": 0.5}",1919,all,T1498.002 - Impact: Reflection/Amplification Attack,195
softmax_normalized_fragility_temp0.5,softmax_normalized_loo_fragility,"{""temperature"": 0.5}",1919,softmax_fragility,T1498.002 - Impact: Reflection/Amplification Attack,195
softmax_normalized_fragility_temp1.0,softmax_normalized_loo_fragility,"{""temperature"": 1.0}",1919,all,T1498.002 - Impact: Reflection/Amplification Attack,195
softmax_normalized_fragility_temp1.0,softmax_normalized_loo_fragility,"{""temperature"": 1.0}",1919,softmax_fragility,T1498.002 - Impact: Reflection/Amplification Attack,195
softmax_normalized_fragility_temp2.0,softmax_normalized_loo_fragility,"{""temperature"": 2.0}",1919,all,T1498.002 - Impact: Reflection/Amplification Attack,195
softmax_normalized_fragility_temp2.0,softmax_normalized_loo_fragility,"{""temperature"": 2.0}",1919,softmax_fragility,T1498.002 - Impact: Reflection/Amplification Attack,195
softmax_normalized_fragility_temp4.0,softmax_normalized_loo_fragility,"{""temperature"": 4.0}",1919,all,T1498.002 - Impact: Reflection/Amplification Attack,195
softmax_normalized_fragility_temp4.0,softmax_normalized_loo_fragility,"{""temperature"": 4.0}",1919,softmax_fragility,T1498.002 - Impact: Reflection/Amplification Attack,195
stochastic_normalized_fragility,stochastic_normalized_loo_fragility,{},1919,all,T1571 - Defense Evasion: Non-Standard Port,195
stochastic_normalized_fragility,stochastic_normalized_loo_fragility,{},1919,stochastic_fragility,T1571 - Defense Evasion: Non-Standard Port,195
uniform_positive_fragility,uniform_positive_loo_fragility,{},1919,all,T1571 - Defense Evasion: Non-Standard Port,195
uniform_positive_fragility,uniform_positive_loo_fragility,{},1919,uniform_positive_fragility,T1571 - Defense Evasion: Non-Standard Port,195
softmax_normalized_fragility_temp0.25,softmax_normalized_loo_fragility,"{""temperature"": 0.25}",1919,all,T1571 - Defense Evasion: Non-Standard Port,195
softmax_normalized_fragility_temp0.25,softmax_normalized_loo_fragility,"{""temperature"": 0.25}",1919,softmax_fragility,T1571 - Defense Evasion: Non-Standard Port,195
softmax_normalized_fragility_temp0.5,softmax_normalized_loo_fragility,"{""temperature"": 0.5}",1919,all,T1571 - Defense Evasion: Non-Standard Port,195
softmax_normalized_fragility_temp0.5,softmax_normalized_loo_fragility,"{""temperature"": 0.5}",1919,softmax_fragility,T1571 - Defense Evasion: Non-Standard Port,195
softmax_normalized_fragility_temp1.0,softmax_normalized_loo_fragility,"{""temperature"": 1.0}",1919,all,T1571 - Defense Evasion: Non-Standard Port,195
softmax_normalized_fragility_temp1.0,softmax_normalized_loo_fragility,"{""temperature"": 1.0}",1919,softmax_fragility,T1571 - Defense Evasion: Non-Standard Port,195
softmax_normalized_fragility_temp2.0,softmax_normalized_loo_fragility,"{""temperature"": 2.0}",1919,all,T1571 - Defense Evasion: Non-Standard Port,195
softmax_normalized_fragility_temp2.0,softmax_normalized_loo_fragility,"{""temperature"": 2.0}",1919,softmax_fragility,T1571 - Defense Evasion: Non-Standard Port,195
softmax_normalized_fragility_temp4.0,softmax_normalized_loo_fragility,"{""temperature"": 4.0}",1919,all,T1571 - Defense Evasion: Non-Standard Port,195
softmax_normalized_fragility_temp4.0,softmax_normalized_loo_fragility,"{""temperature"": 4.0}",1919,softmax_fragility,T1571 - Defense Evasion: Non-Standard Port,195
stochastic_normalized_fragility,stochastic_normalized_loo_fragility,{},1919,all,T1583.005 - Resource Development: Acquire Botnet,195
stochastic_normalized_fragility,stochastic_normalized_loo_fragility,{},1919,stochastic_fragility,T1583.005 - Resource Development: Acquire Botnet,195
uniform_positive_fragility,uniform_positive_loo_fragility,{},1919,all,T1583.005 - Resource Development: Acquire Botnet,195
uniform_positive_fragility,uniform_positive_loo_fragility,{},1919,uniform_positive_fragility,T1583.005 - Resource Development: Acquire Botnet,195
softmax_normalized_fragility_temp0.25,softmax_normalized_loo_fragility,"{""temperature"": 0.25}",1919,all,T1583.005 - Resource Development: Acquire Botnet,195
softmax_normalized_fragility_temp0.25,softmax_normalized_loo_fragility,"{""temperature"": 0.25}",1919,softmax_fragility,T1583.005 - Resource Development: Acquire Botnet,195
softmax_normalized_fragility_temp0.5,softmax_normalized_loo_fragility,"{""temperature"": 0.5}",1919,all,T1583.005 - Resource Development: Acquire Botnet,195
softmax_normalized_fragility_temp0.5,softmax_normalized_loo_fragility,"{""temperature"": 0.5}",1919,softmax_fragility,T1583.005 - Resource Development: Acquire Botnet,195
softmax_normalized_fragility_temp1.0,softmax_normalized_loo_fragility,"{""temperature"": 1.0}",1919,all,T1583.005 - Resource Development: Acquire Botnet,195
softmax_normalized_fragility_temp1.0,softmax_normalized_loo_fragility,"{""temperature"": 1.0}",1919,softmax_fragility,T1583.005 - Resource Development: Acquire Botnet,195
softmax_normalized_fragility_temp2.0,softmax_normalized_loo_fragility,"{""temperature"": 2.0}",1919,all,T1583.005 - Resource Development: Acquire Botnet,195
softmax_normalized_fragility_temp2.0,softmax_normalized_loo_fragility,"{""temperature"": 2.0}",1919,softmax_fragility,T1583.005 - Resource Development: Acquire Botnet,195
softmax_normalized_fragility_temp4.0,softmax_normalized_loo_fragility,"{""temperature"": 4.0}",1919,all,T1583.005 - Resource Development: Acquire Botnet,195
softmax_normalized_fragility_temp4.0,softmax_normalized_loo_fragility,"{""temperature"": 4.0}",1919,softmax_fragility,T1583.005 - Resource Development: Acquire Botnet,195
stochastic_normalized_fragility,stochastic_normalized_loo_fragility,{},1919,all,T1584.005 - Resource Development: Build/Compromise Botnet,194
stochastic_normalized_fragility,stochastic_normalized_loo_fragility,{},1919,stochastic_fragility,T1584.005 - Resource Development: Build/Compromise Botnet,194
uniform_positive_fragility,uniform_positive_loo_fragility,{},1919,all,T1584.005 - Resource Development: Build/Compromise Botnet,194
uniform_positive_fragility,uniform_positive_loo_fragility,{},1919,uniform_positive_fragility,T1584.005 - Resource Development: Build/Compromise Botnet,194
softmax_normalized_fragility_temp0.25,softmax_normalized_loo_fragility,"{""temperature"": 0.25}",1919,all,T1584.005 - Resource Development: Build/Compromise Botnet,194
softmax_normalized_fragility_temp0.25,softmax_normalized_loo_fragility,"{""temperature"": 0.25}",1919,softmax_fragility,T1584.005 - Resource Development: Build/Compromise Botnet,194
softmax_normalized_fragility_temp0.5,softmax_normalized_loo_fragility,"{""temperature"": 0.5}",1919,all,T1584.005 - Resource Development: Build/Compromise Botnet,194
softmax_normalized_fragility_temp0.5,softmax_normalized_loo_fragility,"{""temperature"": 0.5}",1919,softmax_fragility,T1584.005 - Resource Development: Build/Compromise Botnet,194
softmax_normalized_fragility_temp1.0,softmax_normalized_loo_fragility,"{""temperature"": 1.0}",1919,all,T1584.005 - Resource Development: Build/Compromise Botnet,194
softmax_normalized_fragility_temp1.0,softmax_normalized_loo_fragility,"{""temperature"": 1.0}",1919,softmax_fragility,T1584.005 - Resource Development: Build/Compromise Botnet,194
softmax_normalized_fragility_temp2.0,softmax_normalized_loo_fragility,"{""temperature"": 2.0}",1919,all,T1584.005 - Resource Development: Build/Compromise Botnet,194
softmax_normalized_fragility_temp2.0,softmax_normalized_loo_fragility,"{""temperature"": 2.0}",1919,softmax_fragility,T1584.005 - Resource Development: Build/Compromise Botnet,194
softmax_normalized_fragility_temp4.0,softmax_normalized_loo_fragility,"{""temperature"": 4.0}",1919,all,T1584.005 - Resource Development: Build/Compromise Botnet,194
softmax_normalized_fragility_temp4.0,softmax_normalized_loo_fragility,"{""temperature"": 4.0}",1919,softmax_fragility,T1584.005 - Resource Development: Build/Compromise Botnet,194
stochastic_normalized_fragility,stochastic_normalized_loo_fragility,{},1919,all,T1590 - Reconnaissance: Gather Victim Network Information,194
stochastic_normalized_fragility,stochastic_normalized_loo_fragility,{},1919,stochastic_fragility,T1590 - Reconnaissance: Gather Victim Network Information,194
uniform_positive_fragility,uniform_positive_loo_fragility,{},1919,all,T1590 - Reconnaissance: Gather Victim Network Information,194
uniform_positive_fragility,uniform_positive_loo_fragility,{},1919,uniform_positive_fragility,T1590 - Reconnaissance: Gather Victim Network Information,194
softmax_normalized_fragility_temp0.25,softmax_normalized_loo_fragility,"{""temperature"": 0.25}",1919,all,T1590 - Reconnaissance: Gather Victim Network Information,194
softmax_normalized_fragility_temp0.25,softmax_normalized_loo_fragility,"{""temperature"": 0.25}",1919,softmax_fragility,T1590 - Reconnaissance: Gather Victim Network Information,194
softmax_normalized_fragility_temp0.5,softmax_normalized_loo_fragility,"{""temperature"": 0.5}",1919,all,T1590 - Reconnaissance: Gather Victim Network Information,194
softmax_normalized_fragility_temp0.5,softmax_normalized_loo_fragility,"{""temperature"": 0.5}",1919,softmax_fragility,T1590 - Reconnaissance: Gather Victim Network Information,194
softmax_normalized_fragility_temp1.0,softmax_normalized_loo_fragility,"{""temperature"": 1.0}",1919,all,T1590 - Reconnaissance: Gather Victim Network Information,194
softmax_normalized_fragility_temp1.0,softmax_normalized_loo_fragility,"{""temperature"": 1.0}",1919,softmax_fragility,T1590 - Reconnaissance: Gather Victim Network Information,194
softmax_normalized_fragility_temp2.0,softmax_normalized_loo_fragility,"{""temperature"": 2.0}",1919,all,T1590 - Reconnaissance: Gather Victim Network Information,194
softmax_normalized_fragility_temp2.0,softmax_normalized_loo_fragility,"{""temperature"": 2.0}",1919,softmax_fragility,T1590 - Reconnaissance: Gather Victim Network Information,194
softmax_normalized_fragility_temp4.0,softmax_normalized_loo_fragility,"{""temperature"": 4.0}",1919,all,T1590 - Reconnaissance: Gather Victim Network Information,194
softmax_normalized_fragility_temp4.0,softmax_normalized_loo_fragility,"{""temperature"": 4.0}",1919,softmax_fragility,T1590 - Reconnaissance: Gather Victim Network Information,194
stochastic_normalized_fragility,stochastic_normalized_loo_fragility,{},1919,all,T1595 - Reconnaissance: Active Scanning,195
stochastic_normalized_fragility,stochastic_normalized_loo_fragility,{},1919,stochastic_fragility,T1595 - Reconnaissance: Active Scanning,195
uniform_positive_fragility,uniform_positive_loo_fragility,{},1919,all,T1595 - Reconnaissance: Active Scanning,195
uniform_positive_fragility,uniform_positive_loo_fragility,{},1919,uniform_positive_fragility,T1595 - Reconnaissance: Active Scanning,195
softmax_normalized_fragility_temp0.25,softmax_normalized_loo_fragility,"{""temperature"": 0.25}",1919,all,T1595 - Reconnaissance: Active Scanning,195
softmax_normalized_fragility_temp0.25,softmax_normalized_loo_fragility,"{""temperature"": 0.25}",1919,softmax_fragility,T1595 - Reconnaissance: Active Scanning,195
softmax_normalized_fragility_temp0.5,softmax_normalized_loo_fragility,"{""temperature"": 0.5}",1919,all,T1595 - Reconnaissance: Active Scanning,195
softmax_normalized_fragility_temp0.5,softmax_normalized_loo_fragility,"{""temperature"": 0.5}",1919,softmax_fragility,T1595 - Reconnaissance: Active Scanning,195
softmax_normalized_fragility_temp1.0,softmax_normalized_loo_fragility,"{""temperature"": 1.0}",1919,all,T1595 - Reconnaissance: Active Scanning,195
softmax_normalized_fragility_temp1.0,softmax_normalized_loo_fragility,"{""temperature"": 1.0}",1919,softmax_fragility,T1595 - Reconnaissance: Active Scanning,195
softmax_normalized_fragility_temp2.0,softmax_normalized_loo_fragility,"{""temperature"": 2.0}",1919,all,T1595 - Reconnaissance: Active Scanning,195
softmax_normalized_fragility_temp2.0,softmax_normalized_loo_fragility,"{""temperature"": 2.0}",1919,softmax_fragility,T1595 - Reconnaissance: Active Scanning,195
softmax_normalized_fragility_temp4.0,softmax_normalized_loo_fragility,"{""temperature"": 4.0}",1919,all,T1595 - Reconnaissance: Active Scanning,195
softmax_normalized_fragility_temp4.0,softmax_normalized_loo_fragility,"{""temperature"": 4.0}",1919,softmax_fragility,T1595 - Reconnaissance: Active Scanning,195
stochastic_normalized_fragility,stochastic_normalized_loo_fragility,{},1919,all,TA0011 - Command-and-Control,195
stochastic_normalized_fragility,stochastic_normalized_loo_fragility,{},1919,stochastic_fragility,TA0011 - Command-and-Control,195
uniform_positive_fragility,uniform_positive_loo_fragility,{},1919,all,TA0011 - Command-and-Control,195
uniform_positive_fragility,uniform_positive_loo_fragility,{},1919,uniform_positive_fragility,TA0011 - Command-and-Control,195
softmax_normalized_fragility_temp0.25,softmax_normalized_loo_fragility,"{""temperature"": 0.25}",1919,all,TA0011 - Command-and-Control,195
softmax_normalized_fragility_temp0.25,softmax_normalized_loo_fragility,"{""temperature"": 0.25}",1919,softmax_fragility,TA0011 - Command-and-Control,195
softmax_normalized_fragility_temp0.5,softmax_normalized_loo_fragility,"{""temperature"": 0.5}",1919,all,TA0011 - Command-and-Control,195
softmax_normalized_fragility_temp0.5,softmax_normalized_loo_fragility,"{""temperature"": 0.5}",1919,softmax_fragility,TA0011 - Command-and-Control,195
softmax_normalized_fragility_temp1.0,softmax_normalized_loo_fragility,"{""temperature"": 1.0}",1919,all,TA0011 - Command-and-Control,195
softmax_normalized_fragility_temp1.0,softmax_normalized_loo_fragility,"{""temperature"": 1.0}",1919,softmax_fragility,TA0011 - Command-and-Control,195
softmax_normalized_fragility_temp2.0,softmax_normalized_loo_fragility,"{""temperature"": 2.0}",1919,all,TA0011 - Command-and-Control,195
softmax_normalized_fragility_temp2.0,softmax_normalized_loo_fragility,"{""temperature"": 2.0}",1919,softmax_fragility,TA0011 - Command-and-Control,195
softmax_normalized_fragility_temp4.0,softmax_normalized_loo_fragility,"{""temperature"": 4.0}",1919,all,TA0011 - Command-and-Control,195
softmax_normalized_fragility_temp4.0,softmax_normalized_loo_fragility,"{""temperature"": 4.0}",1919,softmax_fragility,TA0011 - Command-and-Control,195
stochastic_normalized_fragility,stochastic_normalized_loo_fragility,{},2020,all,T1036 - Defense Evasion: Masquerading,195
stochastic_normalized_fragility,stochastic_normalized_loo_fragility,{},2020,stochastic_fragility,T1036 - Defense Evasion: Masquerading,195
uniform_positive_fragility,uniform_positive_loo_fragility,{},2020,all,T1036 - Defense Evasion: Masquerading,195
uniform_positive_fragility,uniform_positive_loo_fragility,{},2020,uniform_positive_fragility,T1036 - Defense Evasion: Masquerading,195
softmax_normalized_fragility_temp0.25,softmax_normalized_loo_fragility,"{""temperature"": 0.25}",2020,all,T1036 - Defense Evasion: Masquerading,195
softmax_normalized_fragility_temp0.25,softmax_normalized_loo_fragility,"{""temperature"": 0.25}",2020,softmax_fragility,T1036 - Defense Evasion: Masquerading,195
softmax_normalized_fragility_temp0.5,softmax_normalized_loo_fragility,"{""temperature"": 0.5}",2020,all,T1036 - Defense Evasion: Masquerading,195
softmax_normalized_fragility_temp0.5,softmax_normalized_loo_fragility,"{""temperature"": 0.5}",2020,softmax_fragility,T1036 - Defense Evasion: Masquerading,195
softmax_normalized_fragility_temp1.0,softmax_normalized_loo_fragility,"{""temperature"": 1.0}",2020,all,T1036 - Defense Evasion: Masquerading,195
softmax_normalized_fragility_temp1.0,softmax_normalized_loo_fragility,"{""temperature"": 1.0}",2020,softmax_fragility,T1036 - Defense Evasion: Masquerading,195
softmax_normalized_fragility_temp2.0,softmax_normalized_loo_fragility,"{""temperature"": 2.0}",2020,all,T1036 - Defense Evasion: Masquerading,195
softmax_normalized_fragility_temp2.0,softmax_normalized_loo_fragility,"{""temperature"": 2.0}",2020,softmax_fragility,T1036 - Defense Evasion: Masquerading,195
softmax_normalized_fragility_temp4.0,softmax_normalized_loo_fragility,"{""temperature"": 4.0}",2020,all,T1036 - Defense Evasion: Masquerading,195
softmax_normalized_fragility_temp4.0,softmax_normalized_loo_fragility,"{""temperature"": 4.0}",2020,softmax_fragility,T1036 - Defense Evasion: Masquerading,195
stochastic_normalized_fragility,stochastic_normalized_loo_fragility,{},2020,all,T1498.001 - Impact: Direct Network Flood,195
stochastic_normalized_fragility,stochastic_normalized_loo_fragility,{},2020,stochastic_fragility,T1498.001 - Impact: Direct Network Flood,195
uniform_positive_fragility,uniform_positive_loo_fragility,{},2020,all,T1498.001 - Impact: Direct Network Flood,195
uniform_positive_fragility,uniform_positive_loo_fragility,{},2020,uniform_positive_fragility,T1498.001 - Impact: Direct Network Flood,195
softmax_normalized_fragility_temp0.25,softmax_normalized_loo_fragility,"{""temperature"": 0.25}",2020,all,T1498.001 - Impact: Direct Network Flood,195
softmax_normalized_fragility_temp0.25,softmax_normalized_loo_fragility,"{""temperature"": 0.25}",2020,softmax_fragility,T1498.001 - Impact: Direct Network Flood,195
softmax_normalized_fragility_temp0.5,softmax_normalized_loo_fragility,"{""temperature"": 0.5}",2020,all,T1498.001 - Impact: Direct Network Flood,195
softmax_normalized_fragility_temp0.5,softmax_normalized_loo_fragility,"{""temperature"": 0.5}",2020,softmax_fragility,T1498.001 - Impact: Direct Network Flood,195
softmax_normalized_fragility_temp1.0,softmax_normalized_loo_fragility,"{""temperature"": 1.0}",2020,all,T1498.001 - Impact: Direct Network Flood,195
softmax_normalized_fragility_temp1.0,softmax_normalized_loo_fragility,"{""temperature"": 1.0}",2020,softmax_fragility,T1498.001 - Impact: Direct Network Flood,195
softmax_normalized_fragility_temp2.0,softmax_normalized_loo_fragility,"{""temperature"": 2.0}",2020,all,T1498.001 - Impact: Direct Network Flood,195
softmax_normalized_fragility_temp2.0,softmax_normalized_loo_fragility,"{""temperature"": 2.0}",2020,softmax_fragility,T1498.001 - Impact: Direct Network Flood,195
softmax_normalized_fragility_temp4.0,softmax_normalized_loo_fragility,"{""temperature"": 4.0}",2020,all,T1498.001 - Impact: Direct Network Flood,195
softmax_normalized_fragility_temp4.0,softmax_normalized_loo_fragility,"{""temperature"": 4.0}",2020,softmax_fragility,T1498.001 - Impact: Direct Network Flood,195
stochastic_normalized_fragility,stochastic_normalized_loo_fragility,{},2020,all,T1498.002 - Impact: Reflection/Amplification Attack,195
stochastic_normalized_fragility,stochastic_normalized_loo_fragility,{},2020,stochastic_fragility,T1498.002 - Impact: Reflection/Amplification Attack,195
uniform_positive_fragility,uniform_positive_loo_fragility,{},2020,all,T1498.002 - Impact: Reflection/Amplification Attack,195
uniform_positive_fragility,uniform_positive_loo_fragility,{},2020,uniform_positive_fragility,T1498.002 - Impact: Reflection/Amplification Attack,195
softmax_normalized_fragility_temp0.25,softmax_normalized_loo_fragility,"{""temperature"": 0.25}",2020,all,T1498.002 - Impact: Reflection/Amplification Attack,195
softmax_normalized_fragility_temp0.25,softmax_normalized_loo_fragility,"{""temperature"": 0.25}",2020,softmax_fragility,T1498.002 - Impact: Reflection/Amplification Attack,195
softmax_normalized_fragility_temp0.5,softmax_normalized_loo_fragility,"{""temperature"": 0.5}",2020,all,T1498.002 - Impact: Reflection/Amplification Attack,195
softmax_normalized_fragility_temp0.5,softmax_normalized_loo_fragility,"{""temperature"": 0.5}",2020,softmax_fragility,T1498.002 - Impact: Reflection/Amplification Attack,195
softmax_normalized_fragility_temp1.0,softmax_normalized_loo_fragility,"{""temperature"": 1.0}",2020,all,T1498.002 - Impact: Reflection/Amplification Attack,195
softmax_normalized_fragility_temp1.0,softmax_normalized_loo_fragility,"{""temperature"": 1.0}",2020,softmax_fragility,T1498.002 - Impact: Reflection/Amplification Attack,195
softmax_normalized_fragility_temp2.0,softmax_normalized_loo_fragility,"{""temperature"": 2.0}",2020,all,T1498.002 - Impact: Reflection/Amplification Attack,195
softmax_normalized_fragility_temp2.0,softmax_normalized_loo_fragility,"{""temperature"": 2.0}",2020,softmax_fragility,T1498.002 - Impact: Reflection/Amplification Attack,195
softmax_normalized_fragility_temp4.0,softmax_normalized_loo_fragility,"{""temperature"": 4.0}",2020,all,T1498.002 - Impact: Reflection/Amplification Attack,195
softmax_normalized_fragility_temp4.0,softmax_normalized_loo_fragility,"{""temperature"": 4.0}",2020,softmax_fragility,T1498.002 - Impact: Reflection/Amplification Attack,195
stochastic_normalized_fragility,stochastic_normalized_loo_fragility,{},2020,all,T1571 - Defense Evasion: Non-Standard Port,195
stochastic_normalized_fragility,stochastic_normalized_loo_fragility,{},2020,stochastic_fragility,T1571 - Defense Evasion: Non-Standard Port,195
uniform_positive_fragility,uniform_positive_loo_fragility,{},2020,all,T1571 - Defense Evasion: Non-Standard Port,195
uniform_positive_fragility,uniform_positive_loo_fragility,{},2020,uniform_positive_fragility,T1571 - Defense Evasion: Non-Standard Port,195
softmax_normalized_fragility_temp0.25,softmax_normalized_loo_fragility,"{""temperature"": 0.25}",2020,all,T1571 - Defense Evasion: Non-Standard Port,195
softmax_normalized_fragility_temp0.25,softmax_normalized_loo_fragility,"{""temperature"": 0.25}",2020,softmax_fragility,T1571 - Defense Evasion: Non-Standard Port,195
softmax_normalized_fragility_temp0.5,softmax_normalized_loo_fragility,"{""temperature"": 0.5}",2020,all,T1571 - Defense Evasion: Non-Standard Port,195
softmax_normalized_fragility_temp0.5,softmax_normalized_loo_fragility,"{""temperature"": 0.5}",2020,softmax_fragility,T1571 - Defense Evasion: Non-Standard Port,195
softmax_normalized_fragility_temp1.0,softmax_normalized_loo_fragility,"{""temperature"": 1.0}",2020,all,T1571 - Defense Evasion: Non-Standard Port,195
softmax_normalized_fragility_temp1.0,softmax_normalized_loo_fragility,"{""temperature"": 1.0}",2020,softmax_fragility,T1571 - Defense Evasion: Non-Standard Port,195
softmax_normalized_fragility_temp2.0,softmax_normalized_loo_fragility,"{""temperature"": 2.0}",2020,all,T1571 - Defense Evasion: Non-Standard Port,195
softmax_normalized_fragility_temp2.0,softmax_normalized_loo_fragility,"{""temperature"": 2.0}",2020,softmax_fragility,T1571 - Defense Evasion: Non-Standard Port,195
softmax_normalized_fragility_temp4.0,softmax_normalized_loo_fragility,"{""temperature"": 4.0}",2020,all,T1571 - Defense Evasion: Non-Standard Port,195
softmax_normalized_fragility_temp4.0,softmax_normalized_loo_fragility,"{""temperature"": 4.0}",2020,softmax_fragility,T1571 - Defense Evasion: Non-Standard Port,195
stochastic_normalized_fragility,stochastic_normalized_loo_fragility,{},2020,all,T1583.005 - Resource Development: Acquire Botnet,195
stochastic_normalized_fragility,stochastic_normalized_loo_fragility,{},2020,stochastic_fragility,T1583.005 - Resource Development: Acquire Botnet,195
uniform_positive_fragility,uniform_positive_loo_fragility,{},2020,all,T1583.005 - Resource Development: Acquire Botnet,195
uniform_positive_fragility,uniform_positive_loo_fragility,{},2020,uniform_positive_fragility,T1583.005 - Resource Development: Acquire Botnet,195
softmax_normalized_fragility_temp0.25,softmax_normalized_loo_fragility,"{""temperature"": 0.25}",2020,all,T1583.005 - Resource Development: Acquire Botnet,195
softmax_normalized_fragility_temp0.25,softmax_normalized_loo_fragility,"{""temperature"": 0.25}",2020,softmax_fragility,T1583.005 - Resource Development: Acquire Botnet,195
softmax_normalized_fragility_temp0.5,softmax_normalized_loo_fragility,"{""temperature"": 0.5}",2020,all,T1583.005 - Resource Development: Acquire Botnet,195
softmax_normalized_fragility_temp0.5,softmax_normalized_loo_fragility,"{""temperature"": 0.5}",2020,softmax_fragility,T1583.005 - Resource Development: Acquire Botnet,195
softmax_normalized_fragility_temp1.0,softmax_normalized_loo_fragility,"{""temperature"": 1.0}",2020,all,T1583.005 - Resource Development: Acquire Botnet,195
softmax_normalized_fragility_temp1.0,softmax_normalized_loo_fragility,"{""temperature"": 1.0}",2020,softmax_fragility,T1583.005 - Resource Development: Acquire Botnet,195
softmax_normalized_fragility_temp2.0,softmax_normalized_loo_fragility,"{""temperature"": 2.0}",2020,all,T1583.005 - Resource Development: Acquire Botnet,195
softmax_normalized_fragility_temp2.0,softmax_normalized_loo_fragility,"{""temperature"": 2.0}",2020,softmax_fragility,T1583.005 - Resource Development: Acquire Botnet,195
softmax_normalized_fragility_temp4.0,softmax_normalized_loo_fragility,"{""temperature"": 4.0}",2020,all,T1583.005 - Resource Development: Acquire Botnet,195
softmax_normalized_fragility_temp4.0,softmax_normalized_loo_fragility,"{""temperature"": 4.0}",2020,softmax_fragility,T1583.005 - Resource Development: Acquire Botnet,195
stochastic_normalized_fragility,stochastic_normalized_loo_fragility,{},2020,all,T1584.005 - Resource Development: Build/Compromise Botnet,194
stochastic_normalized_fragility,stochastic_normalized_loo_fragility,{},2020,stochastic_fragility,T1584.005 - Resource Development: Build/Compromise Botnet,194
uniform_positive_fragility,uniform_positive_loo_fragility,{},2020,all,T1584.005 - Resource Development: Build/Compromise Botnet,194
uniform_positive_fragility,uniform_positive_loo_fragility,{},2020,uniform_positive_fragility,T1584.005 - Resource Development: Build/Compromise Botnet,194
softmax_normalized_fragility_temp0.25,softmax_normalized_loo_fragility,"{""temperature"": 0.25}",2020,all,T1584.005 - Resource Development: Build/Compromise Botnet,194
softmax_normalized_fragility_temp0.25,softmax_normalized_loo_fragility,"{""temperature"": 0.25}",2020,softmax_fragility,T1584.005 - Resource Development: Build/Compromise Botnet,194
softmax_normalized_fragility_temp0.5,softmax_normalized_loo_fragility,"{""temperature"": 0.5}",2020,all,T1584.005 - Resource Development: Build/Compromise Botnet,194
softmax_normalized_fragility_temp0.5,softmax_normalized_loo_fragility,"{""temperature"": 0.5}",2020,softmax_fragility,T1584.005 - Resource Development: Build/Compromise Botnet,194
softmax_normalized_fragility_temp1.0,softmax_normalized_loo_fragility,"{""temperature"": 1.0}",2020,all,T1584.005 - Resource Development: Build/Compromise Botnet,194
softmax_normalized_fragility_temp1.0,softmax_normalized_loo_fragility,"{""temperature"": 1.0}",2020,softmax_fragility,T1584.005 - Resource Development: Build/Compromise Botnet,194
softmax_normalized_fragility_temp2.0,softmax_normalized_loo_fragility,"{""temperature"": 2.0}",2020,all,T1584.005 - Resource Development: Build/Compromise Botnet,194
softmax_normalized_fragility_temp2.0,softmax_normalized_loo_fragility,"{""temperature"": 2.0}",2020,softmax_fragility,T1584.005 - Resource Development: Build/Compromise Botnet,194
softmax_normalized_fragility_temp4.0,softmax_normalized_loo_fragility,"{""temperature"": 4.0}",2020,all,T1584.005 - Resource Development: Build/Compromise Botnet,194
softmax_normalized_fragility_temp4.0,softmax_normalized_loo_fragility,"{""temperature"": 4.0}",2020,softmax_fragility,T1584.005 - Resource Development: Build/Compromise Botnet,194
stochastic_normalized_fragility,stochastic_normalized_loo_fragility,{},2020,all,T1590 - Reconnaissance: Gather Victim Network Information,194
stochastic_normalized_fragility,stochastic_normalized_loo_fragility,{},2020,stochastic_fragility,T1590 - Reconnaissance: Gather Victim Network Information,194
uniform_positive_fragility,uniform_positive_loo_fragility,{},2020,all,T1590 - Reconnaissance: Gather Victim Network Information,194
uniform_positive_fragility,uniform_positive_loo_fragility,{},2020,uniform_positive_fragility,T1590 - Reconnaissance: Gather Victim Network Information,194
softmax_normalized_fragility_temp0.25,softmax_normalized_loo_fragility,"{""temperature"": 0.25}",2020,all,T1590 - Reconnaissance: Gather Victim Network Information,194
softmax_normalized_fragility_temp0.25,softmax_normalized_loo_fragility,"{""temperature"": 0.25}",2020,softmax_fragility,T1590 - Reconnaissance: Gather Victim Network Information,194
softmax_normalized_fragility_temp0.5,softmax_normalized_loo_fragility,"{""temperature"": 0.5}",2020,all,T1590 - Reconnaissance: Gather Victim Network Information,194
softmax_normalized_fragility_temp0.5,softmax_normalized_loo_fragility,"{""temperature"": 0.5}",2020,softmax_fragility,T1590 - Reconnaissance: Gather Victim Network Information,194
softmax_normalized_fragility_temp1.0,softmax_normalized_loo_fragility,"{""temperature"": 1.0}",2020,all,T1590 - Reconnaissance: Gather Victim Network Information,194
softmax_normalized_fragility_temp1.0,softmax_normalized_loo_fragility,"{""temperature"": 1.0}",2020,softmax_fragility,T1590 - Reconnaissance: Gather Victim Network Information,194
softmax_normalized_fragility_temp2.0,softmax_normalized_loo_fragility,"{""temperature"": 2.0}",2020,all,T1590 - Reconnaissance: Gather Victim Network Information,194
softmax_normalized_fragility_temp2.0,softmax_normalized_loo_fragility,"{""temperature"": 2.0}",2020,softmax_fragility,T1590 - Reconnaissance: Gather Victim Network Information,194
softmax_normalized_fragility_temp4.0,softmax_normalized_loo_fragility,"{""temperature"": 4.0}",2020,all,T1590 - Reconnaissance: Gather Victim Network Information,194
softmax_normalized_fragility_temp4.0,softmax_normalized_loo_fragility,"{""temperature"": 4.0}",2020,softmax_fragility,T1590 - Reconnaissance: Gather Victim Network Information,194
stochastic_normalized_fragility,stochastic_normalized_loo_fragility,{},2020,all,T1595 - Reconnaissance: Active Scanning,195
stochastic_normalized_fragility,stochastic_normalized_loo_fragility,{},2020,stochastic_fragility,T1595 - Reconnaissance: Active Scanning,195
uniform_positive_fragility,uniform_positive_loo_fragility,{},2020,all,T1595 - Reconnaissance: Active Scanning,195
uniform_positive_fragility,uniform_positive_loo_fragility,{},2020,uniform_positive_fragility,T1595 - Reconnaissance: Active Scanning,195
softmax_normalized_fragility_temp0.25,softmax_normalized_loo_fragility,"{""temperature"": 0.25}",2020,all,T1595 - Reconnaissance: Active Scanning,195
softmax_normalized_fragility_temp0.25,softmax_normalized_loo_fragility,"{""temperature"": 0.25}",2020,softmax_fragility,T1595 - Reconnaissance: Active Scanning,195
softmax_normalized_fragility_temp0.5,softmax_normalized_loo_fragility,"{""temperature"": 0.5}",2020,all,T1595 - Reconnaissance: Active Scanning,195
softmax_normalized_fragility_temp0.5,softmax_normalized_loo_fragility,"{""temperature"": 0.5}",2020,softmax_fragility,T1595 - Reconnaissance: Active Scanning,195
softmax_normalized_fragility_temp1.0,softmax_normalized_loo_fragility,"{""temperature"": 1.0}",2020,all,T1595 - Reconnaissance: Active Scanning,195
softmax_normalized_fragility_temp1.0,softmax_normalized_loo_fragility,"{""temperature"": 1.0}",2020,softmax_fragility,T1595 - Reconnaissance: Active Scanning,195
softmax_normalized_fragility_temp2.0,softmax_normalized_loo_fragility,"{""temperature"": 2.0}",2020,all,T1595 - Reconnaissance: Active Scanning,195
softmax_normalized_fragility_temp2.0,softmax_normalized_loo_fragility,"{""temperature"": 2.0}",2020,softmax_fragility,T1595 - Reconnaissance: Active Scanning,195
softmax_normalized_fragility_temp4.0,softmax_normalized_loo_fragility,"{""temperature"": 4.0}",2020,all,T1595 - Reconnaissance: Active Scanning,195
softmax_normalized_fragility_temp4.0,softmax_normalized_loo_fragility,"{""temperature"": 4.0}",2020,softmax_fragility,T1595 - Reconnaissance: Active Scanning,195
stochastic_normalized_fragility,stochastic_normalized_loo_fragility,{},2020,all,TA0011 - Command-and-Control,195
stochastic_normalized_fragility,stochastic_normalized_loo_fragility,{},2020,stochastic_fragility,TA0011 - Command-and-Control,195
uniform_positive_fragility,uniform_positive_loo_fragility,{},2020,all,TA0011 - Command-and-Control,195
uniform_positive_fragility,uniform_positive_loo_fragility,{},2020,uniform_positive_fragility,TA0011 - Command-and-Control,195
softmax_normalized_fragility_temp0.25,softmax_normalized_loo_fragility,"{""temperature"": 0.25}",2020,all,TA0011 - Command-and-Control,195
softmax_normalized_fragility_temp0.25,softmax_normalized_loo_fragility,"{""temperature"": 0.25}",2020,softmax_fragility,TA0011 - Command-and-Control,195
softmax_normalized_fragility_temp0.5,softmax_normalized_loo_fragility,"{""temperature"": 0.5}",2020,all,TA0011 - Command-and-Control,195
softmax_normalized_fragility_temp0.5,softmax_normalized_loo_fragility,"{""temperature"": 0.5}",2020,softmax_fragility,TA0011 - Command-and-Control,195
softmax_normalized_fragility_temp1.0,softmax_normalized_loo_fragility,"{""temperature"": 1.0}",2020,all,TA0011 - Command-and-Control,195
softmax_normalized_fragility_temp1.0,softmax_normalized_loo_fragility,"{""temperature"": 1.0}",2020,softmax_fragility,TA0011 - Command-and-Control,195
softmax_normalized_fragility_temp2.0,softmax_normalized_loo_fragility,"{""temperature"": 2.0}",2020,all,TA0011 - Command-and-Control,195
softmax_normalized_fragility_temp2.0,softmax_normalized_loo_fragility,"{""temperature"": 2.0}",2020,softmax_fragility,TA0011 - Command-and-Control,195
softmax_normalized_fragility_temp4.0,softmax_normalized_loo_fragility,"{""temperature"": 4.0}",2020,all,TA0011 - Command-and-Control,195
softmax_normalized_fragility_temp4.0,softmax_normalized_loo_fragility,"{""temperature"": 4.0}",2020,softmax_fragility,TA0011 - Command-and-Control,195
stochastic_normalized_fragility,stochastic_normalized_loo_fragility,{},2121,all,T1036 - Defense Evasion: Masquerading,195
stochastic_normalized_fragility,stochastic_normalized_loo_fragility,{},2121,stochastic_fragility,T1036 - Defense Evasion: Masquerading,195
uniform_positive_fragility,uniform_positive_loo_fragility,{},2121,all,T1036 - Defense Evasion: Masquerading,195
uniform_positive_fragility,uniform_positive_loo_fragility,{},2121,uniform_positive_fragility,T1036 - Defense Evasion: Masquerading,195
softmax_normalized_fragility_temp0.25,softmax_normalized_loo_fragility,"{""temperature"": 0.25}",2121,all,T1036 - Defense Evasion: Masquerading,195
softmax_normalized_fragility_temp0.25,softmax_normalized_loo_fragility,"{""temperature"": 0.25}",2121,softmax_fragility,T1036 - Defense Evasion: Masquerading,195
softmax_normalized_fragility_temp0.5,softmax_normalized_loo_fragility,"{""temperature"": 0.5}",2121,all,T1036 - Defense Evasion: Masquerading,195
softmax_normalized_fragility_temp0.5,softmax_normalized_loo_fragility,"{""temperature"": 0.5}",2121,softmax_fragility,T1036 - Defense Evasion: Masquerading,195
softmax_normalized_fragility_temp1.0,softmax_normalized_loo_fragility,"{""temperature"": 1.0}",2121,all,T1036 - Defense Evasion: Masquerading,195
softmax_normalized_fragility_temp1.0,softmax_normalized_loo_fragility,"{""temperature"": 1.0}",2121,softmax_fragility,T1036 - Defense Evasion: Masquerading,195
softmax_normalized_fragility_temp2.0,softmax_normalized_loo_fragility,"{""temperature"": 2.0}",2121,all,T1036 - Defense Evasion: Masquerading,195
softmax_normalized_fragility_temp2.0,softmax_normalized_loo_fragility,"{""temperature"": 2.0}",2121,softmax_fragility,T1036 - Defense Evasion: Masquerading,195
softmax_normalized_fragility_temp4.0,softmax_normalized_loo_fragility,"{""temperature"": 4.0}",2121,all,T1036 - Defense Evasion: Masquerading,195
softmax_normalized_fragility_temp4.0,softmax_normalized_loo_fragility,"{""temperature"": 4.0}",2121,softmax_fragility,T1036 - Defense Evasion: Masquerading,195
stochastic_normalized_fragility,stochastic_normalized_loo_fragility,{},2121,all,T1498.001 - Impact: Direct Network Flood,195
stochastic_normalized_fragility,stochastic_normalized_loo_fragility,{},2121,stochastic_fragility,T1498.001 - Impact: Direct Network Flood,195
uniform_positive_fragility,uniform_positive_loo_fragility,{},2121,all,T1498.001 - Impact: Direct Network Flood,195
uniform_positive_fragility,uniform_positive_loo_fragility,{},2121,uniform_positive_fragility,T1498.001 - Impact: Direct Network Flood,195
softmax_normalized_fragility_temp0.25,softmax_normalized_loo_fragility,"{""temperature"": 0.25}",2121,all,T1498.001 - Impact: Direct Network Flood,195
softmax_normalized_fragility_temp0.25,softmax_normalized_loo_fragility,"{""temperature"": 0.25}",2121,softmax_fragility,T1498.001 - Impact: Direct Network Flood,195
softmax_normalized_fragility_temp0.5,softmax_normalized_loo_fragility,"{""temperature"": 0.5}",2121,all,T1498.001 - Impact: Direct Network Flood,195
softmax_normalized_fragility_temp0.5,softmax_normalized_loo_fragility,"{""temperature"": 0.5}",2121,softmax_fragility,T1498.001 - Impact: Direct Network Flood,195
softmax_normalized_fragility_temp1.0,softmax_normalized_loo_fragility,"{""temperature"": 1.0}",2121,all,T1498.001 - Impact: Direct Network Flood,195
softmax_normalized_fragility_temp1.0,softmax_normalized_loo_fragility,"{""temperature"": 1.0}",2121,softmax_fragility,T1498.001 - Impact: Direct Network Flood,195
softmax_normalized_fragility_temp2.0,softmax_normalized_loo_fragility,"{""temperature"": 2.0}",2121,all,T1498.001 - Impact: Direct Network Flood,195
softmax_normalized_fragility_temp2.0,softmax_normalized_loo_fragility,"{""temperature"": 2.0}",2121,softmax_fragility,T1498.001 - Impact: Direct Network Flood,195
softmax_normalized_fragility_temp4.0,softmax_normalized_loo_fragility,"{""temperature"": 4.0}",2121,all,T1498.001 - Impact: Direct Network Flood,195
softmax_normalized_fragility_temp4.0,softmax_normalized_loo_fragility,"{""temperature"": 4.0}",2121,softmax_fragility,T1498.001 - Impact: Direct Network Flood,195
stochastic_normalized_fragility,stochastic_normalized_loo_fragility,{},2121,all,T1498.002 - Impact: Reflection/Amplification Attack,195
stochastic_normalized_fragility,stochastic_normalized_loo_fragility,{},2121,stochastic_fragility,T1498.002 - Impact: Reflection/Amplification Attack,195
uniform_positive_fragility,uniform_positive_loo_fragility,{},2121,all,T1498.002 - Impact: Reflection/Amplification Attack,195
uniform_positive_fragility,uniform_positive_loo_fragility,{},2121,uniform_positive_fragility,T1498.002 - Impact: Reflection/Amplification Attack,195
softmax_normalized_fragility_temp0.25,softmax_normalized_loo_fragility,"{""temperature"": 0.25}",2121,all,T1498.002 - Impact: Reflection/Amplification Attack,195
softmax_normalized_fragility_temp0.25,softmax_normalized_loo_fragility,"{""temperature"": 0.25}",2121,softmax_fragility,T1498.002 - Impact: Reflection/Amplification Attack,195
softmax_normalized_fragility_temp0.5,softmax_normalized_loo_fragility,"{""temperature"": 0.5}",2121,all,T1498.002 - Impact: Reflection/Amplification Attack,195
softmax_normalized_fragility_temp0.5,softmax_normalized_loo_fragility,"{""temperature"": 0.5}",2121,softmax_fragility,T1498.002 - Impact: Reflection/Amplification Attack,195
softmax_normalized_fragility_temp1.0,softmax_normalized_loo_fragility,"{""temperature"": 1.0}",2121,all,T1498.002 - Impact: Reflection/Amplification Attack,195
softmax_normalized_fragility_temp1.0,softmax_normalized_loo_fragility,"{""temperature"": 1.0}",2121,softmax_fragility,T1498.002 - Impact: Reflection/Amplification Attack,195
softmax_normalized_fragility_temp2.0,softmax_normalized_loo_fragility,"{""temperature"": 2.0}",2121,all,T1498.002 - Impact: Reflection/Amplification Attack,195
softmax_normalized_fragility_temp2.0,softmax_normalized_loo_fragility,"{""temperature"": 2.0}",2121,softmax_fragility,T1498.002 - Impact: Reflection/Amplification Attack,195
softmax_normalized_fragility_temp4.0,softmax_normalized_loo_fragility,"{""temperature"": 4.0}",2121,all,T1498.002 - Impact: Reflection/Amplification Attack,195
softmax_normalized_fragility_temp4.0,softmax_normalized_loo_fragility,"{""temperature"": 4.0}",2121,softmax_fragility,T1498.002 - Impact: Reflection/Amplification Attack,195
stochastic_normalized_fragility,stochastic_normalized_loo_fragility,{},2121,all,T1571 - Defense Evasion: Non-Standard Port,195
stochastic_normalized_fragility,stochastic_normalized_loo_fragility,{},2121,stochastic_fragility,T1571 - Defense Evasion: Non-Standard Port,195
uniform_positive_fragility,uniform_positive_loo_fragility,{},2121,all,T1571 - Defense Evasion: Non-Standard Port,195
uniform_positive_fragility,uniform_positive_loo_fragility,{},2121,uniform_positive_fragility,T1571 - Defense Evasion: Non-Standard Port,195
softmax_normalized_fragility_temp0.25,softmax_normalized_loo_fragility,"{""temperature"": 0.25}",2121,all,T1571 - Defense Evasion: Non-Standard Port,195
softmax_normalized_fragility_temp0.25,softmax_normalized_loo_fragility,"{""temperature"": 0.25}",2121,softmax_fragility,T1571 - Defense Evasion: Non-Standard Port,195
softmax_normalized_fragility_temp0.5,softmax_normalized_loo_fragility,"{""temperature"": 0.5}",2121,all,T1571 - Defense Evasion: Non-Standard Port,195
softmax_normalized_fragility_temp0.5,softmax_normalized_loo_fragility,"{""temperature"": 0.5}",2121,softmax_fragility,T1571 - Defense Evasion: Non-Standard Port,195
softmax_normalized_fragility_temp1.0,softmax_normalized_loo_fragility,"{""temperature"": 1.0}",2121,all,T1571 - Defense Evasion: Non-Standard Port,195
softmax_normalized_fragility_temp1.0,softmax_normalized_loo_fragility,"{""temperature"": 1.0}",2121,softmax_fragility,T1571 - Defense Evasion: Non-Standard Port,195
softmax_normalized_fragility_temp2.0,softmax_normalized_loo_fragility,"{""temperature"": 2.0}",2121,all,T1571 - Defense Evasion: Non-Standard Port,195
softmax_normalized_fragility_temp2.0,softmax_normalized_loo_fragility,"{""temperature"": 2.0}",2121,softmax_fragility,T1571 - Defense Evasion: Non-Standard Port,195
softmax_normalized_fragility_temp4.0,softmax_normalized_loo_fragility,"{""temperature"": 4.0}",2121,all,T1571 - Defense Evasion: Non-Standard Port,195
softmax_normalized_fragility_temp4.0,softmax_normalized_loo_fragility,"{""temperature"": 4.0}",2121,softmax_fragility,T1571 - Defense Evasion: Non-Standard Port,195
stochastic_normalized_fragility,stochastic_normalized_loo_fragility,{},2121,all,T1583.005 - Resource Development: Acquire Botnet,195
stochastic_normalized_fragility,stochastic_normalized_loo_fragility,{},2121,stochastic_fragility,T1583.005 - Resource Development: Acquire Botnet,195
uniform_positive_fragility,uniform_positive_loo_fragility,{},2121,all,T1583.005 - Resource Development: Acquire Botnet,195
uniform_positive_fragility,uniform_positive_loo_fragility,{},2121,uniform_positive_fragility,T1583.005 - Resource Development: Acquire Botnet,195
softmax_normalized_fragility_temp0.25,softmax_normalized_loo_fragility,"{""temperature"": 0.25}",2121,all,T1583.005 - Resource Development: Acquire Botnet,195
softmax_normalized_fragility_temp0.25,softmax_normalized_loo_fragility,"{""temperature"": 0.25}",2121,softmax_fragility,T1583.005 - Resource Development: Acquire Botnet,195
softmax_normalized_fragility_temp0.5,softmax_normalized_loo_fragility,"{""temperature"": 0.5}",2121,all,T1583.005 - Resource Development: Acquire Botnet,195
softmax_normalized_fragility_temp0.5,softmax_normalized_loo_fragility,"{""temperature"": 0.5}",2121,softmax_fragility,T1583.005 - Resource Development: Acquire Botnet,195
softmax_normalized_fragility_temp1.0,softmax_normalized_loo_fragility,"{""temperature"": 1.0}",2121,all,T1583.005 - Resource Development: Acquire Botnet,195
softmax_normalized_fragility_temp1.0,softmax_normalized_loo_fragility,"{""temperature"": 1.0}",2121,softmax_fragility,T1583.005 - Resource Development: Acquire Botnet,195
softmax_normalized_fragility_temp2.0,softmax_normalized_loo_fragility,"{""temperature"": 2.0}",2121,all,T1583.005 - Resource Development: Acquire Botnet,195
softmax_normalized_fragility_temp2.0,softmax_normalized_loo_fragility,"{""temperature"": 2.0}",2121,softmax_fragility,T1583.005 - Resource Development: Acquire Botnet,195
softmax_normalized_fragility_temp4.0,softmax_normalized_loo_fragility,"{""temperature"": 4.0}",2121,all,T1583.005 - Resource Development: Acquire Botnet,195
softmax_normalized_fragility_temp4.0,softmax_normalized_loo_fragility,"{""temperature"": 4.0}",2121,softmax_fragility,T1583.005 - Resource Development: Acquire Botnet,195
stochastic_normalized_fragility,stochastic_normalized_loo_fragility,{},2121,all,T1584.005 - Resource Development: Build/Compromise Botnet,194
stochastic_normalized_fragility,stochastic_normalized_loo_fragility,{},2121,stochastic_fragility,T1584.005 - Resource Development: Build/Compromise Botnet,194
uniform_positive_fragility,uniform_positive_loo_fragility,{},2121,all,T1584.005 - Resource Development: Build/Compromise Botnet,194
uniform_positive_fragility,uniform_positive_loo_fragility,{},2121,uniform_positive_fragility,T1584.005 - Resource Development: Build/Compromise Botnet,194
softmax_normalized_fragility_temp0.25,softmax_normalized_loo_fragility,"{""temperature"": 0.25}",2121,all,T1584.005 - Resource Development: Build/Compromise Botnet,194
softmax_normalized_fragility_temp0.25,softmax_normalized_loo_fragility,"{""temperature"": 0.25}",2121,softmax_fragility,T1584.005 - Resource Development: Build/Compromise Botnet,194
softmax_normalized_fragility_temp0.5,softmax_normalized_loo_fragility,"{""temperature"": 0.5}",2121,all,T1584.005 - Resource Development: Build/Compromise Botnet,194
softmax_normalized_fragility_temp0.5,softmax_normalized_loo_fragility,"{""temperature"": 0.5}",2121,softmax_fragility,T1584.005 - Resource Development: Build/Compromise Botnet,194
softmax_normalized_fragility_temp1.0,softmax_normalized_loo_fragility,"{""temperature"": 1.0}",2121,all,T1584.005 - Resource Development: Build/Compromise Botnet,194
softmax_normalized_fragility_temp1.0,softmax_normalized_loo_fragility,"{""temperature"": 1.0}",2121,softmax_fragility,T1584.005 - Resource Development: Build/Compromise Botnet,194
softmax_normalized_fragility_temp2.0,softmax_normalized_loo_fragility,"{""temperature"": 2.0}",2121,all,T1584.005 - Resource Development: Build/Compromise Botnet,194
softmax_normalized_fragility_temp2.0,softmax_normalized_loo_fragility,"{""temperature"": 2.0}",2121,softmax_fragility,T1584.005 - Resource Development: Build/Compromise Botnet,194
softmax_normalized_fragility_temp4.0,softmax_normalized_loo_fragility,"{""temperature"": 4.0}",2121,all,T1584.005 - Resource Development: Build/Compromise Botnet,194
softmax_normalized_fragility_temp4.0,softmax_normalized_loo_fragility,"{""temperature"": 4.0}",2121,softmax_fragility,T1584.005 - Resource Development: Build/Compromise Botnet,194
stochastic_normalized_fragility,stochastic_normalized_loo_fragility,{},2121,all,T1590 - Reconnaissance: Gather Victim Network Information,194
stochastic_normalized_fragility,stochastic_normalized_loo_fragility,{},2121,stochastic_fragility,T1590 - Reconnaissance: Gather Victim Network Information,194
uniform_positive_fragility,uniform_positive_loo_fragility,{},2121,all,T1590 - Reconnaissance: Gather Victim Network Information,194
uniform_positive_fragility,uniform_positive_loo_fragility,{},2121,uniform_positive_fragility,T1590 - Reconnaissance: Gather Victim Network Information,194
softmax_normalized_fragility_temp0.25,softmax_normalized_loo_fragility,"{""temperature"": 0.25}",2121,all,T1590 - Reconnaissance: Gather Victim Network Information,194
softmax_normalized_fragility_temp0.25,softmax_normalized_loo_fragility,"{""temperature"": 0.25}",2121,softmax_fragility,T1590 - Reconnaissance: Gather Victim Network Information,194
softmax_normalized_fragility_temp0.5,softmax_normalized_loo_fragility,"{""temperature"": 0.5}",2121,all,T1590 - Reconnaissance: Gather Victim Network Information,194
softmax_normalized_fragility_temp0.5,softmax_normalized_loo_fragility,"{""temperature"": 0.5}",2121,softmax_fragility,T1590 - Reconnaissance: Gather Victim Network Information,194
softmax_normalized_fragility_temp1.0,softmax_normalized_loo_fragility,"{""temperature"": 1.0}",2121,all,T1590 - Reconnaissance: Gather Victim Network Information,194
softmax_normalized_fragility_temp1.0,softmax_normalized_loo_fragility,"{""temperature"": 1.0}",2121,softmax_fragility,T1590 - Reconnaissance: Gather Victim Network Information,194
softmax_normalized_fragility_temp2.0,softmax_normalized_loo_fragility,"{""temperature"": 2.0}",2121,all,T1590 - Reconnaissance: Gather Victim Network Information,194
softmax_normalized_fragility_temp2.0,softmax_normalized_loo_fragility,"{""temperature"": 2.0}",2121,softmax_fragility,T1590 - Reconnaissance: Gather Victim Network Information,194
softmax_normalized_fragility_temp4.0,softmax_normalized_loo_fragility,"{""temperature"": 4.0}",2121,all,T1590 - Reconnaissance: Gather Victim Network Information,194
softmax_normalized_fragility_temp4.0,softmax_normalized_loo_fragility,"{""temperature"": 4.0}",2121,softmax_fragility,T1590 - Reconnaissance: Gather Victim Network Information,194
stochastic_normalized_fragility,stochastic_normalized_loo_fragility,{},2121,all,T1595 - Reconnaissance: Active Scanning,195
stochastic_normalized_fragility,stochastic_normalized_loo_fragility,{},2121,stochastic_fragility,T1595 - Reconnaissance: Active Scanning,195
uniform_positive_fragility,uniform_positive_loo_fragility,{},2121,all,T1595 - Reconnaissance: Active Scanning,195
uniform_positive_fragility,uniform_positive_loo_fragility,{},2121,uniform_positive_fragility,T1595 - Reconnaissance: Active Scanning,195
softmax_normalized_fragility_temp0.25,softmax_normalized_loo_fragility,"{""temperature"": 0.25}",2121,all,T1595 - Reconnaissance: Active Scanning,195
softmax_normalized_fragility_temp0.25,softmax_normalized_loo_fragility,"{""temperature"": 0.25}",2121,softmax_fragility,T1595 - Reconnaissance: Active Scanning,195
softmax_normalized_fragility_temp0.5,softmax_normalized_loo_fragility,"{""temperature"": 0.5}",2121,all,T1595 - Reconnaissance: Active Scanning,195
softmax_normalized_fragility_temp0.5,softmax_normalized_loo_fragility,"{""temperature"": 0.5}",2121,softmax_fragility,T1595 - Reconnaissance: Active Scanning,195
softmax_normalized_fragility_temp1.0,softmax_normalized_loo_fragility,"{""temperature"": 1.0}",2121,all,T1595 - Reconnaissance: Active Scanning,195
softmax_normalized_fragility_temp1.0,softmax_normalized_loo_fragility,"{""temperature"": 1.0}",2121,softmax_fragility,T1595 - Reconnaissance: Active Scanning,195
softmax_normalized_fragility_temp2.0,softmax_normalized_loo_fragility,"{""temperature"": 2.0}",2121,all,T1595 - Reconnaissance: Active Scanning,195
softmax_normalized_fragility_temp2.0,softmax_normalized_loo_fragility,"{""temperature"": 2.0}",2121,softmax_fragility,T1595 - Reconnaissance: Active Scanning,195
softmax_normalized_fragility_temp4.0,softmax_normalized_loo_fragility,"{""temperature"": 4.0}",2121,all,T1595 - Reconnaissance: Active Scanning,195
softmax_normalized_fragility_temp4.0,softmax_normalized_loo_fragility,"{""temperature"": 4.0}",2121,softmax_fragility,T1595 - Reconnaissance: Active Scanning,195
stochastic_normalized_fragility,stochastic_normalized_loo_fragility,{},2121,all,TA0011 - Command-and-Control,195
stochastic_normalized_fragility,stochastic_normalized_loo_fragility,{},2121,stochastic_fragility,TA0011 - Command-and-Control,195
uniform_positive_fragility,uniform_positive_loo_fragility,{},2121,all,TA0011 - Command-and-Control,195
uniform_positive_fragility,uniform_positive_loo_fragility,{},2121,uniform_positive_fragility,TA0011 - Command-and-Control,195
softmax_normalized_fragility_temp0.25,softmax_normalized_loo_fragility,"{""temperature"": 0.25}",2121,all,TA0011 - Command-and-Control,195
softmax_normalized_fragility_temp0.25,softmax_normalized_loo_fragility,"{""temperature"": 0.25}",2121,softmax_fragility,TA0011 - Command-and-Control,195
softmax_normalized_fragility_temp0.5,softmax_normalized_loo_fragility,"{""temperature"": 0.5}",2121,all,TA0011 - Command-and-Control,195
softmax_normalized_fragility_temp0.5,softmax_normalized_loo_fragility,"{""temperature"": 0.5}",2121,softmax_fragility,TA0011 - Command-and-Control,195
softmax_normalized_fragility_temp1.0,softmax_normalized_loo_fragility,"{""temperature"": 1.0}",2121,all,TA0011 - Command-and-Control,195
softmax_normalized_fragility_temp1.0,softmax_normalized_loo_fragility,"{""temperature"": 1.0}",2121,softmax_fragility,TA0011 - Command-and-Control,195
softmax_normalized_fragility_temp2.0,softmax_normalized_loo_fragility,"{""temperature"": 2.0}",2121,all,TA0011 - Command-and-Control,195
softmax_normalized_fragility_temp2.0,softmax_normalized_loo_fragility,"{""temperature"": 2.0}",2121,softmax_fragility,TA0011 - Command-and-Control,195
softmax_normalized_fragility_temp4.0,softmax_normalized_loo_fragility,"{""temperature"": 4.0}",2121,all,TA0011 - Command-and-Control,195
softmax_normalized_fragility_temp4.0,softmax_normalized_loo_fragility,"{""temperature"": 4.0}",2121,softmax_fragility,TA0011 - Command-and-Control,195
stochastic_normalized_fragility,stochastic_normalized_loo_fragility,{},2222,all,T1036 - Defense Evasion: Masquerading,195
stochastic_normalized_fragility,stochastic_normalized_loo_fragility,{},2222,stochastic_fragility,T1036 - Defense Evasion: Masquerading,195
uniform_positive_fragility,uniform_positive_loo_fragility,{},2222,all,T1036 - Defense Evasion: Masquerading,195
uniform_positive_fragility,uniform_positive_loo_fragility,{},2222,uniform_positive_fragility,T1036 - Defense Evasion: Masquerading,195
softmax_normalized_fragility_temp0.25,softmax_normalized_loo_fragility,"{""temperature"": 0.25}",2222,all,T1036 - Defense Evasion: Masquerading,195
softmax_normalized_fragility_temp0.25,softmax_normalized_loo_fragility,"{""temperature"": 0.25}",2222,softmax_fragility,T1036 - Defense Evasion: Masquerading,195
softmax_normalized_fragility_temp0.5,softmax_normalized_loo_fragility,"{""temperature"": 0.5}",2222,all,T1036 - Defense Evasion: Masquerading,195
softmax_normalized_fragility_temp0.5,softmax_normalized_loo_fragility,"{""temperature"": 0.5}",2222,softmax_fragility,T1036 - Defense Evasion: Masquerading,195
softmax_normalized_fragility_temp1.0,softmax_normalized_loo_fragility,"{""temperature"": 1.0}",2222,all,T1036 - Defense Evasion: Masquerading,195
softmax_normalized_fragility_temp1.0,softmax_normalized_loo_fragility,"{""temperature"": 1.0}",2222,softmax_fragility,T1036 - Defense Evasion: Masquerading,195
softmax_normalized_fragility_temp2.0,softmax_normalized_loo_fragility,"{""temperature"": 2.0}",2222,all,T1036 - Defense Evasion: Masquerading,195
softmax_normalized_fragility_temp2.0,softmax_normalized_loo_fragility,"{""temperature"": 2.0}",2222,softmax_fragility,T1036 - Defense Evasion: Masquerading,195
softmax_normalized_fragility_temp4.0,softmax_normalized_loo_fragility,"{""temperature"": 4.0}",2222,all,T1036 - Defense Evasion: Masquerading,195
softmax_normalized_fragility_temp4.0,softmax_normalized_loo_fragility,"{""temperature"": 4.0}",2222,softmax_fragility,T1036 - Defense Evasion: Masquerading,195
stochastic_normalized_fragility,stochastic_normalized_loo_fragility,{},2222,all,T1498.001 - Impact: Direct Network Flood,195
stochastic_normalized_fragility,stochastic_normalized_loo_fragility,{},2222,stochastic_fragility,T1498.001 - Impact: Direct Network Flood,195
uniform_positive_fragility,uniform_positive_loo_fragility,{},2222,all,T1498.001 - Impact: Direct Network Flood,195
uniform_positive_fragility,uniform_positive_loo_fragility,{},2222,uniform_positive_fragility,T1498.001 - Impact: Direct Network Flood,195
softmax_normalized_fragility_temp0.25,softmax_normalized_loo_fragility,"{""temperature"": 0.25}",2222,all,T1498.001 - Impact: Direct Network Flood,195
softmax_normalized_fragility_temp0.25,softmax_normalized_loo_fragility,"{""temperature"": 0.25}",2222,softmax_fragility,T1498.001 - Impact: Direct Network Flood,195
softmax_normalized_fragility_temp0.5,softmax_normalized_loo_fragility,"{""temperature"": 0.5}",2222,all,T1498.001 - Impact: Direct Network Flood,195
softmax_normalized_fragility_temp0.5,softmax_normalized_loo_fragility,"{""temperature"": 0.5}",2222,softmax_fragility,T1498.001 - Impact: Direct Network Flood,195
softmax_normalized_fragility_temp1.0,softmax_normalized_loo_fragility,"{""temperature"": 1.0}",2222,all,T1498.001 - Impact: Direct Network Flood,195
softmax_normalized_fragility_temp1.0,softmax_normalized_loo_fragility,"{""temperature"": 1.0}",2222,softmax_fragility,T1498.001 - Impact: Direct Network Flood,195
softmax_normalized_fragility_temp2.0,softmax_normalized_loo_fragility,"{""temperature"": 2.0}",2222,all,T1498.001 - Impact: Direct Network Flood,195
softmax_normalized_fragility_temp2.0,softmax_normalized_loo_fragility,"{""temperature"": 2.0}",2222,softmax_fragility,T1498.001 - Impact: Direct Network Flood,195
softmax_normalized_fragility_temp4.0,softmax_normalized_loo_fragility,"{""temperature"": 4.0}",2222,all,T1498.001 - Impact: Direct Network Flood,195
softmax_normalized_fragility_temp4.0,softmax_normalized_loo_fragility,"{""temperature"": 4.0}",2222,softmax_fragility,T1498.001 - Impact: Direct Network Flood,195
stochastic_normalized_fragility,stochastic_normalized_loo_fragility,{},2222,all,T1498.002 - Impact: Reflection/Amplification Attack,195
stochastic_normalized_fragility,stochastic_normalized_loo_fragility,{},2222,stochastic_fragility,T1498.002 - Impact: Reflection/Amplification Attack,195
uniform_positive_fragility,uniform_positive_loo_fragility,{},2222,all,T1498.002 - Impact: Reflection/Amplification Attack,195
uniform_positive_fragility,uniform_positive_loo_fragility,{},2222,uniform_positive_fragility,T1498.002 - Impact: Reflection/Amplification Attack,195
softmax_normalized_fragility_temp0.25,softmax_normalized_loo_fragility,"{""temperature"": 0.25}",2222,all,T1498.002 - Impact: Reflection/Amplification Attack,195
softmax_normalized_fragility_temp0.25,softmax_normalized_loo_fragility,"{""temperature"": 0.25}",2222,softmax_fragility,T1498.002 - Impact: Reflection/Amplification Attack,195
softmax_normalized_fragility_temp0.5,softmax_normalized_loo_fragility,"{""temperature"": 0.5}",2222,all,T1498.002 - Impact: Reflection/Amplification Attack,195
softmax_normalized_fragility_temp0.5,softmax_normalized_loo_fragility,"{""temperature"": 0.5}",2222,softmax_fragility,T1498.002 - Impact: Reflection/Amplification Attack,195
softmax_normalized_fragility_temp1.0,softmax_normalized_loo_fragility,"{""temperature"": 1.0}",2222,all,T1498.002 - Impact: Reflection/Amplification Attack,195
softmax_normalized_fragility_temp1.0,softmax_normalized_loo_fragility,"{""temperature"": 1.0}",2222,softmax_fragility,T1498.002 - Impact: Reflection/Amplification Attack,195
softmax_normalized_fragility_temp2.0,softmax_normalized_loo_fragility,"{""temperature"": 2.0}",2222,all,T1498.002 - Impact: Reflection/Amplification Attack,195
softmax_normalized_fragility_temp2.0,softmax_normalized_loo_fragility,"{""temperature"": 2.0}",2222,softmax_fragility,T1498.002 - Impact: Reflection/Amplification Attack,195
softmax_normalized_fragility_temp4.0,softmax_normalized_loo_fragility,"{""temperature"": 4.0}",2222,all,T1498.002 - Impact: Reflection/Amplification Attack,195
softmax_normalized_fragility_temp4.0,softmax_normalized_loo_fragility,"{""temperature"": 4.0}",2222,softmax_fragility,T1498.002 - Impact: Reflection/Amplification Attack,195
stochastic_normalized_fragility,stochastic_normalized_loo_fragility,{},2222,all,T1571 - Defense Evasion: Non-Standard Port,195
stochastic_normalized_fragility,stochastic_normalized_loo_fragility,{},2222,stochastic_fragility,T1571 - Defense Evasion: Non-Standard Port,195
uniform_positive_fragility,uniform_positive_loo_fragility,{},2222,all,T1571 - Defense Evasion: Non-Standard Port,195
uniform_positive_fragility,uniform_positive_loo_fragility,{},2222,uniform_positive_fragility,T1571 - Defense Evasion: Non-Standard Port,195
softmax_normalized_fragility_temp0.25,softmax_normalized_loo_fragility,"{""temperature"": 0.25}",2222,all,T1571 - Defense Evasion: Non-Standard Port,195
softmax_normalized_fragility_temp0.25,softmax_normalized_loo_fragility,"{""temperature"": 0.25}",2222,softmax_fragility,T1571 - Defense Evasion: Non-Standard Port,195
softmax_normalized_fragility_temp0.5,softmax_normalized_loo_fragility,"{""temperature"": 0.5}",2222,all,T1571 - Defense Evasion: Non-Standard Port,195
softmax_normalized_fragility_temp0.5,softmax_normalized_loo_fragility,"{""temperature"": 0.5}",2222,softmax_fragility,T1571 - Defense Evasion: Non-Standard Port,195
softmax_normalized_fragility_temp1.0,softmax_normalized_loo_fragility,"{""temperature"": 1.0}",2222,all,T1571 - Defense Evasion: Non-Standard Port,195
softmax_normalized_fragility_temp1.0,softmax_normalized_loo_fragility,"{""temperature"": 1.0}",2222,softmax_fragility,T1571 - Defense Evasion: Non-Standard Port,195
softmax_normalized_fragility_temp2.0,softmax_normalized_loo_fragility,"{""temperature"": 2.0}",2222,all,T1571 - Defense Evasion: Non-Standard Port,195
softmax_normalized_fragility_temp2.0,softmax_normalized_loo_fragility,"{""temperature"": 2.0}",2222,softmax_fragility,T1571 - Defense Evasion: Non-Standard Port,195
softmax_normalized_fragility_temp4.0,softmax_normalized_loo_fragility,"{""temperature"": 4.0}",2222,all,T1571 - Defense Evasion: Non-Standard Port,195
softmax_normalized_fragility_temp4.0,softmax_normalized_loo_fragility,"{""temperature"": 4.0}",2222,softmax_fragility,T1571 - Defense Evasion: Non-Standard Port,195
stochastic_normalized_fragility,stochastic_normalized_loo_fragility,{},2222,all,T1583.005 - Resource Development: Acquire Botnet,195
stochastic_normalized_fragility,stochastic_normalized_loo_fragility,{},2222,stochastic_fragility,T1583.005 - Resource Development: Acquire Botnet,195
uniform_positive_fragility,uniform_positive_loo_fragility,{},2222,all,T1583.005 - Resource Development: Acquire Botnet,195
uniform_positive_fragility,uniform_positive_loo_fragility,{},2222,uniform_positive_fragility,T1583.005 - Resource Development: Acquire Botnet,195
softmax_normalized_fragility_temp0.25,softmax_normalized_loo_fragility,"{""temperature"": 0.25}",2222,all,T1583.005 - Resource Development: Acquire Botnet,195
softmax_normalized_fragility_temp0.25,softmax_normalized_loo_fragility,"{""temperature"": 0.25}",2222,softmax_fragility,T1583.005 - Resource Development: Acquire Botnet,195
softmax_normalized_fragility_temp0.5,softmax_normalized_loo_fragility,"{""temperature"": 0.5}",2222,all,T1583.005 - Resource Development: Acquire Botnet,195
softmax_normalized_fragility_temp0.5,softmax_normalized_loo_fragility,"{""temperature"": 0.5}",2222,softmax_fragility,T1583.005 - Resource Development: Acquire Botnet,195
softmax_normalized_fragility_temp1.0,softmax_normalized_loo_fragility,"{""temperature"": 1.0}",2222,all,T1583.005 - Resource Development: Acquire Botnet,195
softmax_normalized_fragility_temp1.0,softmax_normalized_loo_fragility,"{""temperature"": 1.0}",2222,softmax_fragility,T1583.005 - Resource Development: Acquire Botnet,195
softmax_normalized_fragility_temp2.0,softmax_normalized_loo_fragility,"{""temperature"": 2.0}",2222,all,T1583.005 - Resource Development: Acquire Botnet,195
softmax_normalized_fragility_temp2.0,softmax_normalized_loo_fragility,"{""temperature"": 2.0}",2222,softmax_fragility,T1583.005 - Resource Development: Acquire Botnet,195
softmax_normalized_fragility_temp4.0,softmax_normalized_loo_fragility,"{""temperature"": 4.0}",2222,all,T1583.005 - Resource Development: Acquire Botnet,195
softmax_normalized_fragility_temp4.0,softmax_normalized_loo_fragility,"{""temperature"": 4.0}",2222,softmax_fragility,T1583.005 - Resource Development: Acquire Botnet,195
stochastic_normalized_fragility,stochastic_normalized_loo_fragility,{},2222,all,T1584.005 - Resource Development: Build/Compromise Botnet,194
stochastic_normalized_fragility,stochastic_normalized_loo_fragility,{},2222,stochastic_fragility,T1584.005 - Resource Development: Build/Compromise Botnet,194
uniform_positive_fragility,uniform_positive_loo_fragility,{},2222,all,T1584.005 - Resource Development: Build/Compromise Botnet,194
uniform_positive_fragility,uniform_positive_loo_fragility,{},2222,uniform_positive_fragility,T1584.005 - Resource Development: Build/Compromise Botnet,194
softmax_normalized_fragility_temp0.25,softmax_normalized_loo_fragility,"{""temperature"": 0.25}",2222,all,T1584.005 - Resource Development: Build/Compromise Botnet,194
softmax_normalized_fragility_temp0.25,softmax_normalized_loo_fragility,"{""temperature"": 0.25}",2222,softmax_fragility,T1584.005 - Resource Development: Build/Compromise Botnet,194
softmax_normalized_fragility_temp0.5,softmax_normalized_loo_fragility,"{""temperature"": 0.5}",2222,all,T1584.005 - Resource Development: Build/Compromise Botnet,194
softmax_normalized_fragility_temp0.5,softmax_normalized_loo_fragility,"{""temperature"": 0.5}",2222,softmax_fragility,T1584.005 - Resource Development: Build/Compromise Botnet,194
softmax_normalized_fragility_temp1.0,softmax_normalized_loo_fragility,"{""temperature"": 1.0}",2222,all,T1584.005 - Resource Development: Build/Compromise Botnet,194
softmax_normalized_fragility_temp1.0,softmax_normalized_loo_fragility,"{""temperature"": 1.0}",2222,softmax_fragility,T1584.005 - Resource Development: Build/Compromise Botnet,194
softmax_normalized_fragility_temp2.0,softmax_normalized_loo_fragility,"{""temperature"": 2.0}",2222,all,T1584.005 - Resource Development: Build/Compromise Botnet,194
softmax_normalized_fragility_temp2.0,softmax_normalized_loo_fragility,"{""temperature"": 2.0}",2222,softmax_fragility,T1584.005 - Resource Development: Build/Compromise Botnet,194
softmax_normalized_fragility_temp4.0,softmax_normalized_loo_fragility,"{""temperature"": 4.0}",2222,all,T1584.005 - Resource Development: Build/Compromise Botnet,194
softmax_normalized_fragility_temp4.0,softmax_normalized_loo_fragility,"{""temperature"": 4.0}",2222,softmax_fragility,T1584.005 - Resource Development: Build/Compromise Botnet,194
stochastic_normalized_fragility,stochastic_normalized_loo_fragility,{},2222,all,T1590 - Reconnaissance: Gather Victim Network Information,194
stochastic_normalized_fragility,stochastic_normalized_loo_fragility,{},2222,stochastic_fragility,T1590 - Reconnaissance: Gather Victim Network Information,194
uniform_positive_fragility,uniform_positive_loo_fragility,{},2222,all,T1590 - Reconnaissance: Gather Victim Network Information,194
uniform_positive_fragility,uniform_positive_loo_fragility,{},2222,uniform_positive_fragility,T1590 - Reconnaissance: Gather Victim Network Information,194
softmax_normalized_fragility_temp0.25,softmax_normalized_loo_fragility,"{""temperature"": 0.25}",2222,all,T1590 - Reconnaissance: Gather Victim Network Information,194
softmax_normalized_fragility_temp0.25,softmax_normalized_loo_fragility,"{""temperature"": 0.25}",2222,softmax_fragility,T1590 - Reconnaissance: Gather Victim Network Information,194
softmax_normalized_fragility_temp0.5,softmax_normalized_loo_fragility,"{""temperature"": 0.5}",2222,all,T1590 - Reconnaissance: Gather Victim Network Information,194
softmax_normalized_fragility_temp0.5,softmax_normalized_loo_fragility,"{""temperature"": 0.5}",2222,softmax_fragility,T1590 - Reconnaissance: Gather Victim Network Information,194
softmax_normalized_fragility_temp1.0,softmax_normalized_loo_fragility,"{""temperature"": 1.0}",2222,all,T1590 - Reconnaissance: Gather Victim Network Information,194
softmax_normalized_fragility_temp1.0,softmax_normalized_loo_fragility,"{""temperature"": 1.0}",2222,softmax_fragility,T1590 - Reconnaissance: Gather Victim Network Information,194
softmax_normalized_fragility_temp2.0,softmax_normalized_loo_fragility,"{""temperature"": 2.0}",2222,all,T1590 - Reconnaissance: Gather Victim Network Information,194
softmax_normalized_fragility_temp2.0,softmax_normalized_loo_fragility,"{""temperature"": 2.0}",2222,softmax_fragility,T1590 - Reconnaissance: Gather Victim Network Information,194
softmax_normalized_fragility_temp4.0,softmax_normalized_loo_fragility,"{""temperature"": 4.0}",2222,all,T1590 - Reconnaissance: Gather Victim Network Information,194
softmax_normalized_fragility_temp4.0,softmax_normalized_loo_fragility,"{""temperature"": 4.0}",2222,softmax_fragility,T1590 - Reconnaissance: Gather Victim Network Information,194
stochastic_normalized_fragility,stochastic_normalized_loo_fragility,{},2222,all,T1595 - Reconnaissance: Active Scanning,195
stochastic_normalized_fragility,stochastic_normalized_loo_fragility,{},2222,stochastic_fragility,T1595 - Reconnaissance: Active Scanning,195
uniform_positive_fragility,uniform_positive_loo_fragility,{},2222,all,T1595 - Reconnaissance: Active Scanning,195
uniform_positive_fragility,uniform_positive_loo_fragility,{},2222,uniform_positive_fragility,T1595 - Reconnaissance: Active Scanning,195
softmax_normalized_fragility_temp0.25,softmax_normalized_loo_fragility,"{""temperature"": 0.25}",2222,all,T1595 - Reconnaissance: Active Scanning,195
softmax_normalized_fragility_temp0.25,softmax_normalized_loo_fragility,"{""temperature"": 0.25}",2222,softmax_fragility,T1595 - Reconnaissance: Active Scanning,195
softmax_normalized_fragility_temp0.5,softmax_normalized_loo_fragility,"{""temperature"": 0.5}",2222,all,T1595 - Reconnaissance: Active Scanning,195
softmax_normalized_fragility_temp0.5,softmax_normalized_loo_fragility,"{""temperature"": 0.5}",2222,softmax_fragility,T1595 - Reconnaissance: Active Scanning,195
softmax_normalized_fragility_temp1.0,softmax_normalized_loo_fragility,"{""temperature"": 1.0}",2222,all,T1595 - Reconnaissance: Active Scanning,195
softmax_normalized_fragility_temp1.0,softmax_normalized_loo_fragility,"{""temperature"": 1.0}",2222,softmax_fragility,T1595 - Reconnaissance: Active Scanning,195
softmax_normalized_fragility_temp2.0,softmax_normalized_loo_fragility,"{""temperature"": 2.0}",2222,all,T1595 - Reconnaissance: Active Scanning,195
softmax_normalized_fragility_temp2.0,softmax_normalized_loo_fragility,"{""temperature"": 2.0}",2222,softmax_fragility,T1595 - Reconnaissance: Active Scanning,195
softmax_normalized_fragility_temp4.0,softmax_normalized_loo_fragility,"{""temperature"": 4.0}",2222,all,T1595 - Reconnaissance: Active Scanning,195
softmax_normalized_fragility_temp4.0,softmax_normalized_loo_fragility,"{""temperature"": 4.0}",2222,softmax_fragility,T1595 - Reconnaissance: Active Scanning,195
stochastic_normalized_fragility,stochastic_normalized_loo_fragility,{},2222,all,TA0011 - Command-and-Control,195
stochastic_normalized_fragility,stochastic_normalized_loo_fragility,{},2222,stochastic_fragility,TA0011 - Command-and-Control,195
uniform_positive_fragility,uniform_positive_loo_fragility,{},2222,all,TA0011 - Command-and-Control,195
uniform_positive_fragility,uniform_positive_loo_fragility,{},2222,uniform_positive_fragility,TA0011 - Command-and-Control,195
softmax_normalized_fragility_temp0.25,softmax_normalized_loo_fragility,"{""temperature"": 0.25}",2222,all,TA0011 - Command-and-Control,195
softmax_normalized_fragility_temp0.25,softmax_normalized_loo_fragility,"{""temperature"": 0.25}",2222,softmax_fragility,TA0011 - Command-and-Control,195
softmax_normalized_fragility_temp0.5,softmax_normalized_loo_fragility,"{""temperature"": 0.5}",2222,all,TA0011 - Command-and-Control,195
softmax_normalized_fragility_temp0.5,softmax_normalized_loo_fragility,"{""temperature"": 0.5}",2222,softmax_fragility,TA0011 - Command-and-Control,195
softmax_normalized_fragility_temp1.0,softmax_normalized_loo_fragility,"{""temperature"": 1.0}",2222,all,TA0011 - Command-and-Control,195
softmax_normalized_fragility_temp1.0,softmax_normalized_loo_fragility,"{""temperature"": 1.0}",2222,softmax_fragility,TA0011 - Command-and-Control,195
softmax_normalized_fragility_temp2.0,softmax_normalized_loo_fragility,"{""temperature"": 2.0}",2222,all,TA0011 - Command-and-Control,195
softmax_normalized_fragility_temp2.0,softmax_normalized_loo_fragility,"{""temperature"": 2.0}",2222,softmax_fragility,TA0011 - Command-and-Control,195
softmax_normalized_fragility_temp4.0,softmax_normalized_loo_fragility,"{""temperature"": 4.0}",2222,all,TA0011 - Command-and-Control,195
softmax_normalized_fragility_temp4.0,softmax_normalized_loo_fragility,"{""temperature"": 4.0}",2222,softmax_fragility,TA0011 - Command-and-Control,195
stochastic_normalized_fragility,stochastic_normalized_loo_fragility,{},2323,all,T1036 - Defense Evasion: Masquerading,195
stochastic_normalized_fragility,stochastic_normalized_loo_fragility,{},2323,stochastic_fragility,T1036 - Defense Evasion: Masquerading,195
uniform_positive_fragility,uniform_positive_loo_fragility,{},2323,all,T1036 - Defense Evasion: Masquerading,195
uniform_positive_fragility,uniform_positive_loo_fragility,{},2323,uniform_positive_fragility,T1036 - Defense Evasion: Masquerading,195
softmax_normalized_fragility_temp0.25,softmax_normalized_loo_fragility,"{""temperature"": 0.25}",2323,all,T1036 - Defense Evasion: Masquerading,195
softmax_normalized_fragility_temp0.25,softmax_normalized_loo_fragility,"{""temperature"": 0.25}",2323,softmax_fragility,T1036 - Defense Evasion: Masquerading,195
softmax_normalized_fragility_temp0.5,softmax_normalized_loo_fragility,"{""temperature"": 0.5}",2323,all,T1036 - Defense Evasion: Masquerading,195
softmax_normalized_fragility_temp0.5,softmax_normalized_loo_fragility,"{""temperature"": 0.5}",2323,softmax_fragility,T1036 - Defense Evasion: Masquerading,195
softmax_normalized_fragility_temp1.0,softmax_normalized_loo_fragility,"{""temperature"": 1.0}",2323,all,T1036 - Defense Evasion: Masquerading,195
softmax_normalized_fragility_temp1.0,softmax_normalized_loo_fragility,"{""temperature"": 1.0}",2323,softmax_fragility,T1036 - Defense Evasion: Masquerading,195
softmax_normalized_fragility_temp2.0,softmax_normalized_loo_fragility,"{""temperature"": 2.0}",2323,all,T1036 - Defense Evasion: Masquerading,195
softmax_normalized_fragility_temp2.0,softmax_normalized_loo_fragility,"{""temperature"": 2.0}",2323,softmax_fragility,T1036 - Defense Evasion: Masquerading,195
softmax_normalized_fragility_temp4.0,softmax_normalized_loo_fragility,"{""temperature"": 4.0}",2323,all,T1036 - Defense Evasion: Masquerading,195
softmax_normalized_fragility_temp4.0,softmax_normalized_loo_fragility,"{""temperature"": 4.0}",2323,softmax_fragility,T1036 - Defense Evasion: Masquerading,195
stochastic_normalized_fragility,stochastic_normalized_loo_fragility,{},2323,all,T1498.001 - Impact: Direct Network Flood,195
stochastic_normalized_fragility,stochastic_normalized_loo_fragility,{},2323,stochastic_fragility,T1498.001 - Impact: Direct Network Flood,195
uniform_positive_fragility,uniform_positive_loo_fragility,{},2323,all,T1498.001 - Impact: Direct Network Flood,195
uniform_positive_fragility,uniform_positive_loo_fragility,{},2323,uniform_positive_fragility,T1498.001 - Impact: Direct Network Flood,195
softmax_normalized_fragility_temp0.25,softmax_normalized_loo_fragility,"{""temperature"": 0.25}",2323,all,T1498.001 - Impact: Direct Network Flood,195
softmax_normalized_fragility_temp0.25,softmax_normalized_loo_fragility,"{""temperature"": 0.25}",2323,softmax_fragility,T1498.001 - Impact: Direct Network Flood,195
softmax_normalized_fragility_temp0.5,softmax_normalized_loo_fragility,"{""temperature"": 0.5}",2323,all,T1498.001 - Impact: Direct Network Flood,195
softmax_normalized_fragility_temp0.5,softmax_normalized_loo_fragility,"{""temperature"": 0.5}",2323,softmax_fragility,T1498.001 - Impact: Direct Network Flood,195
softmax_normalized_fragility_temp1.0,softmax_normalized_loo_fragility,"{""temperature"": 1.0}",2323,all,T1498.001 - Impact: Direct Network Flood,195
softmax_normalized_fragility_temp1.0,softmax_normalized_loo_fragility,"{""temperature"": 1.0}",2323,softmax_fragility,T1498.001 - Impact: Direct Network Flood,195
softmax_normalized_fragility_temp2.0,softmax_normalized_loo_fragility,"{""temperature"": 2.0}",2323,all,T1498.001 - Impact: Direct Network Flood,195
softmax_normalized_fragility_temp2.0,softmax_normalized_loo_fragility,"{""temperature"": 2.0}",2323,softmax_fragility,T1498.001 - Impact: Direct Network Flood,195
softmax_normalized_fragility_temp4.0,softmax_normalized_loo_fragility,"{""temperature"": 4.0}",2323,all,T1498.001 - Impact: Direct Network Flood,195
softmax_normalized_fragility_temp4.0,softmax_normalized_loo_fragility,"{""temperature"": 4.0}",2323,softmax_fragility,T1498.001 - Impact: Direct Network Flood,195
stochastic_normalized_fragility,stochastic_normalized_loo_fragility,{},2323,all,T1498.002 - Impact: Reflection/Amplification Attack,195
stochastic_normalized_fragility,stochastic_normalized_loo_fragility,{},2323,stochastic_fragility,T1498.002 - Impact: Reflection/Amplification Attack,195
uniform_positive_fragility,uniform_positive_loo_fragility,{},2323,all,T1498.002 - Impact: Reflection/Amplification Attack,195
uniform_positive_fragility,uniform_positive_loo_fragility,{},2323,uniform_positive_fragility,T1498.002 - Impact: Reflection/Amplification Attack,195
softmax_normalized_fragility_temp0.25,softmax_normalized_loo_fragility,"{""temperature"": 0.25}",2323,all,T1498.002 - Impact: Reflection/Amplification Attack,195
softmax_normalized_fragility_temp0.25,softmax_normalized_loo_fragility,"{""temperature"": 0.25}",2323,softmax_fragility,T1498.002 - Impact: Reflection/Amplification Attack,195
softmax_normalized_fragility_temp0.5,softmax_normalized_loo_fragility,"{""temperature"": 0.5}",2323,all,T1498.002 - Impact: Reflection/Amplification Attack,195
softmax_normalized_fragility_temp0.5,softmax_normalized_loo_fragility,"{""temperature"": 0.5}",2323,softmax_fragility,T1498.002 - Impact: Reflection/Amplification Attack,195
softmax_normalized_fragility_temp1.0,softmax_normalized_loo_fragility,"{""temperature"": 1.0}",2323,all,T1498.002 - Impact: Reflection/Amplification Attack,195
softmax_normalized_fragility_temp1.0,softmax_normalized_loo_fragility,"{""temperature"": 1.0}",2323,softmax_fragility,T1498.002 - Impact: Reflection/Amplification Attack,195
softmax_normalized_fragility_temp2.0,softmax_normalized_loo_fragility,"{""temperature"": 2.0}",2323,all,T1498.002 - Impact: Reflection/Amplification Attack,195
softmax_normalized_fragility_temp2.0,softmax_normalized_loo_fragility,"{""temperature"": 2.0}",2323,softmax_fragility,T1498.002 - Impact: Reflection/Amplification Attack,195
softmax_normalized_fragility_temp4.0,softmax_normalized_loo_fragility,"{""temperature"": 4.0}",2323,all,T1498.002 - Impact: Reflection/Amplification Attack,195
softmax_normalized_fragility_temp4.0,softmax_normalized_loo_fragility,"{""temperature"": 4.0}",2323,softmax_fragility,T1498.002 - Impact: Reflection/Amplification Attack,195
stochastic_normalized_fragility,stochastic_normalized_loo_fragility,{},2323,all,T1571 - Defense Evasion: Non-Standard Port,195
stochastic_normalized_fragility,stochastic_normalized_loo_fragility,{},2323,stochastic_fragility,T1571 - Defense Evasion: Non-Standard Port,195
uniform_positive_fragility,uniform_positive_loo_fragility,{},2323,all,T1571 - Defense Evasion: Non-Standard Port,195
uniform_positive_fragility,uniform_positive_loo_fragility,{},2323,uniform_positive_fragility,T1571 - Defense Evasion: Non-Standard Port,195
softmax_normalized_fragility_temp0.25,softmax_normalized_loo_fragility,"{""temperature"": 0.25}",2323,all,T1571 - Defense Evasion: Non-Standard Port,195
softmax_normalized_fragility_temp0.25,softmax_normalized_loo_fragility,"{""temperature"": 0.25}",2323,softmax_fragility,T1571 - Defense Evasion: Non-Standard Port,195
softmax_normalized_fragility_temp0.5,softmax_normalized_loo_fragility,"{""temperature"": 0.5}",2323,all,T1571 - Defense Evasion: Non-Standard Port,195
softmax_normalized_fragility_temp0.5,softmax_normalized_loo_fragility,"{""temperature"": 0.5}",2323,softmax_fragility,T1571 - Defense Evasion: Non-Standard Port,195
softmax_normalized_fragility_temp1.0,softmax_normalized_loo_fragility,"{""temperature"": 1.0}",2323,all,T1571 - Defense Evasion: Non-Standard Port,195
softmax_normalized_fragility_temp1.0,softmax_normalized_loo_fragility,"{""temperature"": 1.0}",2323,softmax_fragility,T1571 - Defense Evasion: Non-Standard Port,195
softmax_normalized_fragility_temp2.0,softmax_normalized_loo_fragility,"{""temperature"": 2.0}",2323,all,T1571 - Defense Evasion: Non-Standard Port,195
softmax_normalized_fragility_temp2.0,softmax_normalized_loo_fragility,"{""temperature"": 2.0}",2323,softmax_fragility,T1571 - Defense Evasion: Non-Standard Port,195
softmax_normalized_fragility_temp4.0,softmax_normalized_loo_fragility,"{""temperature"": 4.0}",2323,all,T1571 - Defense Evasion: Non-Standard Port,195
softmax_normalized_fragility_temp4.0,softmax_normalized_loo_fragility,"{""temperature"": 4.0}",2323,softmax_fragility,T1571 - Defense Evasion: Non-Standard Port,195
stochastic_normalized_fragility,stochastic_normalized_loo_fragility,{},2323,all,T1583.005 - Resource Development: Acquire Botnet,195
stochastic_normalized_fragility,stochastic_normalized_loo_fragility,{},2323,stochastic_fragility,T1583.005 - Resource Development: Acquire Botnet,195
uniform_positive_fragility,uniform_positive_loo_fragility,{},2323,all,T1583.005 - Resource Development: Acquire Botnet,195
uniform_positive_fragility,uniform_positive_loo_fragility,{},2323,uniform_positive_fragility,T1583.005 - Resource Development: Acquire Botnet,195
softmax_normalized_fragility_temp0.25,softmax_normalized_loo_fragility,"{""temperature"": 0.25}",2323,all,T1583.005 - Resource Development: Acquire Botnet,195
softmax_normalized_fragility_temp0.25,softmax_normalized_loo_fragility,"{""temperature"": 0.25}",2323,softmax_fragility,T1583.005 - Resource Development: Acquire Botnet,195
softmax_normalized_fragility_temp0.5,softmax_normalized_loo_fragility,"{""temperature"": 0.5}",2323,all,T1583.005 - Resource Development: Acquire Botnet,195
softmax_normalized_fragility_temp0.5,softmax_normalized_loo_fragility,"{""temperature"": 0.5}",2323,softmax_fragility,T1583.005 - Resource Development: Acquire Botnet,195
softmax_normalized_fragility_temp1.0,softmax_normalized_loo_fragility,"{""temperature"": 1.0}",2323,all,T1583.005 - Resource Development: Acquire Botnet,195
softmax_normalized_fragility_temp1.0,softmax_normalized_loo_fragility,"{""temperature"": 1.0}",2323,softmax_fragility,T1583.005 - Resource Development: Acquire Botnet,195
softmax_normalized_fragility_temp2.0,softmax_normalized_loo_fragility,"{""temperature"": 2.0}",2323,all,T1583.005 - Resource Development: Acquire Botnet,195
softmax_normalized_fragility_temp2.0,softmax_normalized_loo_fragility,"{""temperature"": 2.0}",2323,softmax_fragility,T1583.005 - Resource Development: Acquire Botnet,195
softmax_normalized_fragility_temp4.0,softmax_normalized_loo_fragility,"{""temperature"": 4.0}",2323,all,T1583.005 - Resource Development: Acquire Botnet,195
softmax_normalized_fragility_temp4.0,softmax_normalized_loo_fragility,"{""temperature"": 4.0}",2323,softmax_fragility,T1583.005 - Resource Development: Acquire Botnet,195
stochastic_normalized_fragility,stochastic_normalized_loo_fragility,{},2323,all,T1584.005 - Resource Development: Build/Compromise Botnet,194
stochastic_normalized_fragility,stochastic_normalized_loo_fragility,{},2323,stochastic_fragility,T1584.005 - Resource Development: Build/Compromise Botnet,194
uniform_positive_fragility,uniform_positive_loo_fragility,{},2323,all,T1584.005 - Resource Development: Build/Compromise Botnet,194
uniform_positive_fragility,uniform_positive_loo_fragility,{},2323,uniform_positive_fragility,T1584.005 - Resource Development: Build/Compromise Botnet,194
softmax_normalized_fragility_temp0.25,softmax_normalized_loo_fragility,"{""temperature"": 0.25}",2323,all,T1584.005 - Resource Development: Build/Compromise Botnet,194
softmax_normalized_fragility_temp0.25,softmax_normalized_loo_fragility,"{""temperature"": 0.25}",2323,softmax_fragility,T1584.005 - Resource Development: Build/Compromise Botnet,194
softmax_normalized_fragility_temp0.5,softmax_normalized_loo_fragility,"{""temperature"": 0.5}",2323,all,T1584.005 - Resource Development: Build/Compromise Botnet,194
softmax_normalized_fragility_temp0.5,softmax_normalized_loo_fragility,"{""temperature"": 0.5}",2323,softmax_fragility,T1584.005 - Resource Development: Build/Compromise Botnet,194
softmax_normalized_fragility_temp1.0,softmax_normalized_loo_fragility,"{""temperature"": 1.0}",2323,all,T1584.005 - Resource Development: Build/Compromise Botnet,194
softmax_normalized_fragility_temp1.0,softmax_normalized_loo_fragility,"{""temperature"": 1.0}",2323,softmax_fragility,T1584.005 - Resource Development: Build/Compromise Botnet,194
softmax_normalized_fragility_temp2.0,softmax_normalized_loo_fragility,"{""temperature"": 2.0}",2323,all,T1584.005 - Resource Development: Build/Compromise Botnet,194
softmax_normalized_fragility_temp2.0,softmax_normalized_loo_fragility,"{""temperature"": 2.0}",2323,softmax_fragility,T1584.005 - Resource Development: Build/Compromise Botnet,194
softmax_normalized_fragility_temp4.0,softmax_normalized_loo_fragility,"{""temperature"": 4.0}",2323,all,T1584.005 - Resource Development: Build/Compromise Botnet,194
softmax_normalized_fragility_temp4.0,softmax_normalized_loo_fragility,"{""temperature"": 4.0}",2323,softmax_fragility,T1584.005 - Resource Development: Build/Compromise Botnet,194
stochastic_normalized_fragility,stochastic_normalized_loo_fragility,{},2323,all,T1590 - Reconnaissance: Gather Victim Network Information,194
stochastic_normalized_fragility,stochastic_normalized_loo_fragility,{},2323,stochastic_fragility,T1590 - Reconnaissance: Gather Victim Network Information,194
uniform_positive_fragility,uniform_positive_loo_fragility,{},2323,all,T1590 - Reconnaissance: Gather Victim Network Information,194
uniform_positive_fragility,uniform_positive_loo_fragility,{},2323,uniform_positive_fragility,T1590 - Reconnaissance: Gather Victim Network Information,194
softmax_normalized_fragility_temp0.25,softmax_normalized_loo_fragility,"{""temperature"": 0.25}",2323,all,T1590 - Reconnaissance: Gather Victim Network Information,194
softmax_normalized_fragility_temp0.25,softmax_normalized_loo_fragility,"{""temperature"": 0.25}",2323,softmax_fragility,T1590 - Reconnaissance: Gather Victim Network Information,194
softmax_normalized_fragility_temp0.5,softmax_normalized_loo_fragility,"{""temperature"": 0.5}",2323,all,T1590 - Reconnaissance: Gather Victim Network Information,194
softmax_normalized_fragility_temp0.5,softmax_normalized_loo_fragility,"{""temperature"": 0.5}",2323,softmax_fragility,T1590 - Reconnaissance: Gather Victim Network Information,194
softmax_normalized_fragility_temp1.0,softmax_normalized_loo_fragility,"{""temperature"": 1.0}",2323,all,T1590 - Reconnaissance: Gather Victim Network Information,194
softmax_normalized_fragility_temp1.0,softmax_normalized_loo_fragility,"{""temperature"": 1.0}",2323,softmax_fragility,T1590 - Reconnaissance: Gather Victim Network Information,194
softmax_normalized_fragility_temp2.0,softmax_normalized_loo_fragility,"{""temperature"": 2.0}",2323,all,T1590 - Reconnaissance: Gather Victim Network Information,194
softmax_normalized_fragility_temp2.0,softmax_normalized_loo_fragility,"{""temperature"": 2.0}",2323,softmax_fragility,T1590 - Reconnaissance: Gather Victim Network Information,194
softmax_normalized_fragility_temp4.0,softmax_normalized_loo_fragility,"{""temperature"": 4.0}",2323,all,T1590 - Reconnaissance: Gather Victim Network Information,194
softmax_normalized_fragility_temp4.0,softmax_normalized_loo_fragility,"{""temperature"": 4.0}",2323,softmax_fragility,T1590 - Reconnaissance: Gather Victim Network Information,194
stochastic_normalized_fragility,stochastic_normalized_loo_fragility,{},2323,all,T1595 - Reconnaissance: Active Scanning,195
stochastic_normalized_fragility,stochastic_normalized_loo_fragility,{},2323,stochastic_fragility,T1595 - Reconnaissance: Active Scanning,195
uniform_positive_fragility,uniform_positive_loo_fragility,{},2323,all,T1595 - Reconnaissance: Active Scanning,195
uniform_positive_fragility,uniform_positive_loo_fragility,{},2323,uniform_positive_fragility,T1595 - Reconnaissance: Active Scanning,195
softmax_normalized_fragility_temp0.25,softmax_normalized_loo_fragility,"{""temperature"": 0.25}",2323,all,T1595 - Reconnaissance: Active Scanning,195
softmax_normalized_fragility_temp0.25,softmax_normalized_loo_fragility,"{""temperature"": 0.25}",2323,softmax_fragility,T1595 - Reconnaissance: Active Scanning,195
softmax_normalized_fragility_temp0.5,softmax_normalized_loo_fragility,"{""temperature"": 0.5}",2323,all,T1595 - Reconnaissance: Active Scanning,195
softmax_normalized_fragility_temp0.5,softmax_normalized_loo_fragility,"{""temperature"": 0.5}",2323,softmax_fragility,T1595 - Reconnaissance: Active Scanning,195
softmax_normalized_fragility_temp1.0,softmax_normalized_loo_fragility,"{""temperature"": 1.0}",2323,all,T1595 - Reconnaissance: Active Scanning,195
softmax_normalized_fragility_temp1.0,softmax_normalized_loo_fragility,"{""temperature"": 1.0}",2323,softmax_fragility,T1595 - Reconnaissance: Active Scanning,195
softmax_normalized_fragility_temp2.0,softmax_normalized_loo_fragility,"{""temperature"": 2.0}",2323,all,T1595 - Reconnaissance: Active Scanning,195
softmax_normalized_fragility_temp2.0,softmax_normalized_loo_fragility,"{""temperature"": 2.0}",2323,softmax_fragility,T1595 - Reconnaissance: Active Scanning,195
softmax_normalized_fragility_temp4.0,softmax_normalized_loo_fragility,"{""temperature"": 4.0}",2323,all,T1595 - Reconnaissance: Active Scanning,195
softmax_normalized_fragility_temp4.0,softmax_normalized_loo_fragility,"{""temperature"": 4.0}",2323,softmax_fragility,T1595 - Reconnaissance: Active Scanning,195
stochastic_normalized_fragility,stochastic_normalized_loo_fragility,{},2323,all,TA0011 - Command-and-Control,195
stochastic_normalized_fragility,stochastic_normalized_loo_fragility,{},2323,stochastic_fragility,TA0011 - Command-and-Control,195
uniform_positive_fragility,uniform_positive_loo_fragility,{},2323,all,TA0011 - Command-and-Control,195
uniform_positive_fragility,uniform_positive_loo_fragility,{},2323,uniform_positive_fragility,TA0011 - Command-and-Control,195
softmax_normalized_fragility_temp0.25,softmax_normalized_loo_fragility,"{""temperature"": 0.25}",2323,all,TA0011 - Command-and-Control,195
softmax_normalized_fragility_temp0.25,softmax_normalized_loo_fragility,"{""temperature"": 0.25}",2323,softmax_fragility,TA0011 - Command-and-Control,195
softmax_normalized_fragility_temp0.5,softmax_normalized_loo_fragility,"{""temperature"": 0.5}",2323,all,TA0011 - Command-and-Control,195
softmax_normalized_fragility_temp0.5,softmax_normalized_loo_fragility,"{""temperature"": 0.5}",2323,softmax_fragility,TA0011 - Command-and-Control,195
softmax_normalized_fragility_temp1.0,softmax_normalized_loo_fragility,"{""temperature"": 1.0}",2323,all,TA0011 - Command-and-Control,195
softmax_normalized_fragility_temp1.0,softmax_normalized_loo_fragility,"{""temperature"": 1.0}",2323,softmax_fragility,TA0011 - Command-and-Control,195
softmax_normalized_fragility_temp2.0,softmax_normalized_loo_fragility,"{""temperature"": 2.0}",2323,all,TA0011 - Command-and-Control,195
softmax_normalized_fragility_temp2.0,softmax_normalized_loo_fragility,"{""temperature"": 2.0}",2323,softmax_fragility,TA0011 - Command-and-Control,195
softmax_normalized_fragility_temp4.0,softmax_normalized_loo_fragility,"{""temperature"": 4.0}",2323,all,TA0011 - Command-and-Control,195
softmax_normalized_fragility_temp4.0,softmax_normalized_loo_fragility,"{""temperature"": 4.0}",2323,softmax_fragility,TA0011 - Command-and-Control,195
stochastic_normalized_fragility,stochastic_normalized_loo_fragility,{},2424,all,T1036 - Defense Evasion: Masquerading,195
stochastic_normalized_fragility,stochastic_normalized_loo_fragility,{},2424,stochastic_fragility,T1036 - Defense Evasion: Masquerading,195
uniform_positive_fragility,uniform_positive_loo_fragility,{},2424,all,T1036 - Defense Evasion: Masquerading,195
uniform_positive_fragility,uniform_positive_loo_fragility,{},2424,uniform_positive_fragility,T1036 - Defense Evasion: Masquerading,195
softmax_normalized_fragility_temp0.25,softmax_normalized_loo_fragility,"{""temperature"": 0.25}",2424,all,T1036 - Defense Evasion: Masquerading,195
softmax_normalized_fragility_temp0.25,softmax_normalized_loo_fragility,"{""temperature"": 0.25}",2424,softmax_fragility,T1036 - Defense Evasion: Masquerading,195
softmax_normalized_fragility_temp0.5,softmax_normalized_loo_fragility,"{""temperature"": 0.5}",2424,all,T1036 - Defense Evasion: Masquerading,195
softmax_normalized_fragility_temp0.5,softmax_normalized_loo_fragility,"{""temperature"": 0.5}",2424,softmax_fragility,T1036 - Defense Evasion: Masquerading,195
softmax_normalized_fragility_temp1.0,softmax_normalized_loo_fragility,"{""temperature"": 1.0}",2424,all,T1036 - Defense Evasion: Masquerading,195
softmax_normalized_fragility_temp1.0,softmax_normalized_loo_fragility,"{""temperature"": 1.0}",2424,softmax_fragility,T1036 - Defense Evasion: Masquerading,195
softmax_normalized_fragility_temp2.0,softmax_normalized_loo_fragility,"{""temperature"": 2.0}",2424,all,T1036 - Defense Evasion: Masquerading,195
softmax_normalized_fragility_temp2.0,softmax_normalized_loo_fragility,"{""temperature"": 2.0}",2424,softmax_fragility,T1036 - Defense Evasion: Masquerading,195
softmax_normalized_fragility_temp4.0,softmax_normalized_loo_fragility,"{""temperature"": 4.0}",2424,all,T1036 - Defense Evasion: Masquerading,195
softmax_normalized_fragility_temp4.0,softmax_normalized_loo_fragility,"{""temperature"": 4.0}",2424,softmax_fragility,T1036 - Defense Evasion: Masquerading,195
stochastic_normalized_fragility,stochastic_normalized_loo_fragility,{},2424,all,T1498.001 - Impact: Direct Network Flood,195
stochastic_normalized_fragility,stochastic_normalized_loo_fragility,{},2424,stochastic_fragility,T1498.001 - Impact: Direct Network Flood,195
uniform_positive_fragility,uniform_positive_loo_fragility,{},2424,all,T1498.001 - Impact: Direct Network Flood,195
uniform_positive_fragility,uniform_positive_loo_fragility,{},2424,uniform_positive_fragility,T1498.001 - Impact: Direct Network Flood,195
softmax_normalized_fragility_temp0.25,softmax_normalized_loo_fragility,"{""temperature"": 0.25}",2424,all,T1498.001 - Impact: Direct Network Flood,195
softmax_normalized_fragility_temp0.25,softmax_normalized_loo_fragility,"{""temperature"": 0.25}",2424,softmax_fragility,T1498.001 - Impact: Direct Network Flood,195
softmax_normalized_fragility_temp0.5,softmax_normalized_loo_fragility,"{""temperature"": 0.5}",2424,all,T1498.001 - Impact: Direct Network Flood,195
softmax_normalized_fragility_temp0.5,softmax_normalized_loo_fragility,"{""temperature"": 0.5}",2424,softmax_fragility,T1498.001 - Impact: Direct Network Flood,195
softmax_normalized_fragility_temp1.0,softmax_normalized_loo_fragility,"{""temperature"": 1.0}",2424,all,T1498.001 - Impact: Direct Network Flood,195
softmax_normalized_fragility_temp1.0,softmax_normalized_loo_fragility,"{""temperature"": 1.0}",2424,softmax_fragility,T1498.001 - Impact: Direct Network Flood,195
softmax_normalized_fragility_temp2.0,softmax_normalized_loo_fragility,"{""temperature"": 2.0}",2424,all,T1498.001 - Impact: Direct Network Flood,195
softmax_normalized_fragility_temp2.0,softmax_normalized_loo_fragility,"{""temperature"": 2.0}",2424,softmax_fragility,T1498.001 - Impact: Direct Network Flood,195
softmax_normalized_fragility_temp4.0,softmax_normalized_loo_fragility,"{""temperature"": 4.0}",2424,all,T1498.001 - Impact: Direct Network Flood,195
softmax_normalized_fragility_temp4.0,softmax_normalized_loo_fragility,"{""temperature"": 4.0}",2424,softmax_fragility,T1498.001 - Impact: Direct Network Flood,195
stochastic_normalized_fragility,stochastic_normalized_loo_fragility,{},2424,all,T1498.002 - Impact: Reflection/Amplification Attack,195
stochastic_normalized_fragility,stochastic_normalized_loo_fragility,{},2424,stochastic_fragility,T1498.002 - Impact: Reflection/Amplification Attack,195
uniform_positive_fragility,uniform_positive_loo_fragility,{},2424,all,T1498.002 - Impact: Reflection/Amplification Attack,195
uniform_positive_fragility,uniform_positive_loo_fragility,{},2424,uniform_positive_fragility,T1498.002 - Impact: Reflection/Amplification Attack,195
softmax_normalized_fragility_temp0.25,softmax_normalized_loo_fragility,"{""temperature"": 0.25}",2424,all,T1498.002 - Impact: Reflection/Amplification Attack,195
softmax_normalized_fragility_temp0.25,softmax_normalized_loo_fragility,"{""temperature"": 0.25}",2424,softmax_fragility,T1498.002 - Impact: Reflection/Amplification Attack,195
softmax_normalized_fragility_temp0.5,softmax_normalized_loo_fragility,"{""temperature"": 0.5}",2424,all,T1498.002 - Impact: Reflection/Amplification Attack,195
softmax_normalized_fragility_temp0.5,softmax_normalized_loo_fragility,"{""temperature"": 0.5}",2424,softmax_fragility,T1498.002 - Impact: Reflection/Amplification Attack,195
softmax_normalized_fragility_temp1.0,softmax_normalized_loo_fragility,"{""temperature"": 1.0}",2424,all,T1498.002 - Impact: Reflection/Amplification Attack,195
softmax_normalized_fragility_temp1.0,softmax_normalized_loo_fragility,"{""temperature"": 1.0}",2424,softmax_fragility,T1498.002 - Impact: Reflection/Amplification Attack,195
softmax_normalized_fragility_temp2.0,softmax_normalized_loo_fragility,"{""temperature"": 2.0}",2424,all,T1498.002 - Impact: Reflection/Amplification Attack,195
softmax_normalized_fragility_temp2.0,softmax_normalized_loo_fragility,"{""temperature"": 2.0}",2424,softmax_fragility,T1498.002 - Impact: Reflection/Amplification Attack,195
softmax_normalized_fragility_temp4.0,softmax_normalized_loo_fragility,"{""temperature"": 4.0}",2424,all,T1498.002 - Impact: Reflection/Amplification Attack,195
softmax_normalized_fragility_temp4.0,softmax_normalized_loo_fragility,"{""temperature"": 4.0}",2424,softmax_fragility,T1498.002 - Impact: Reflection/Amplification Attack,195
stochastic_normalized_fragility,stochastic_normalized_loo_fragility,{},2424,all,T1571 - Defense Evasion: Non-Standard Port,195
stochastic_normalized_fragility,stochastic_normalized_loo_fragility,{},2424,stochastic_fragility,T1571 - Defense Evasion: Non-Standard Port,195
uniform_positive_fragility,uniform_positive_loo_fragility,{},2424,all,T1571 - Defense Evasion: Non-Standard Port,195
uniform_positive_fragility,uniform_positive_loo_fragility,{},2424,uniform_positive_fragility,T1571 - Defense Evasion: Non-Standard Port,195
softmax_normalized_fragility_temp0.25,softmax_normalized_loo_fragility,"{""temperature"": 0.25}",2424,all,T1571 - Defense Evasion: Non-Standard Port,195
softmax_normalized_fragility_temp0.25,softmax_normalized_loo_fragility,"{""temperature"": 0.25}",2424,softmax_fragility,T1571 - Defense Evasion: Non-Standard Port,195
softmax_normalized_fragility_temp0.5,softmax_normalized_loo_fragility,"{""temperature"": 0.5}",2424,all,T1571 - Defense Evasion: Non-Standard Port,195
softmax_normalized_fragility_temp0.5,softmax_normalized_loo_fragility,"{""temperature"": 0.5}",2424,softmax_fragility,T1571 - Defense Evasion: Non-Standard Port,195
softmax_normalized_fragility_temp1.0,softmax_normalized_loo_fragility,"{""temperature"": 1.0}",2424,all,T1571 - Defense Evasion: Non-Standard Port,195
softmax_normalized_fragility_temp1.0,softmax_normalized_loo_fragility,"{""temperature"": 1.0}",2424,softmax_fragility,T1571 - Defense Evasion: Non-Standard Port,195
softmax_normalized_fragility_temp2.0,softmax_normalized_loo_fragility,"{""temperature"": 2.0}",2424,all,T1571 - Defense Evasion: Non-Standard Port,195
softmax_normalized_fragility_temp2.0,softmax_normalized_loo_fragility,"{""temperature"": 2.0}",2424,softmax_fragility,T1571 - Defense Evasion: Non-Standard Port,195
softmax_normalized_fragility_temp4.0,softmax_normalized_loo_fragility,"{""temperature"": 4.0}",2424,all,T1571 - Defense Evasion: Non-Standard Port,195
softmax_normalized_fragility_temp4.0,softmax_normalized_loo_fragility,"{""temperature"": 4.0}",2424,softmax_fragility,T1571 - Defense Evasion: Non-Standard Port,195
stochastic_normalized_fragility,stochastic_normalized_loo_fragility,{},2424,all,T1583.005 - Resource Development: Acquire Botnet,195
stochastic_normalized_fragility,stochastic_normalized_loo_fragility,{},2424,stochastic_fragility,T1583.005 - Resource Development: Acquire Botnet,195
uniform_positive_fragility,uniform_positive_loo_fragility,{},2424,all,T1583.005 - Resource Development: Acquire Botnet,195
uniform_positive_fragility,uniform_positive_loo_fragility,{},2424,uniform_positive_fragility,T1583.005 - Resource Development: Acquire Botnet,195
softmax_normalized_fragility_temp0.25,softmax_normalized_loo_fragility,"{""temperature"": 0.25}",2424,all,T1583.005 - Resource Development: Acquire Botnet,195
softmax_normalized_fragility_temp0.25,softmax_normalized_loo_fragility,"{""temperature"": 0.25}",2424,softmax_fragility,T1583.005 - Resource Development: Acquire Botnet,195
softmax_normalized_fragility_temp0.5,softmax_normalized_loo_fragility,"{""temperature"": 0.5}",2424,all,T1583.005 - Resource Development: Acquire Botnet,195
softmax_normalized_fragility_temp0.5,softmax_normalized_loo_fragility,"{""temperature"": 0.5}",2424,softmax_fragility,T1583.005 - Resource Development: Acquire Botnet,195
softmax_normalized_fragility_temp1.0,softmax_normalized_loo_fragility,"{""temperature"": 1.0}",2424,all,T1583.005 - Resource Development: Acquire Botnet,195
softmax_normalized_fragility_temp1.0,softmax_normalized_loo_fragility,"{""temperature"": 1.0}",2424,softmax_fragility,T1583.005 - Resource Development: Acquire Botnet,195
softmax_normalized_fragility_temp2.0,softmax_normalized_loo_fragility,"{""temperature"": 2.0}",2424,all,T1583.005 - Resource Development: Acquire Botnet,195
softmax_normalized_fragility_temp2.0,softmax_normalized_loo_fragility,"{""temperature"": 2.0}",2424,softmax_fragility,T1583.005 - Resource Development: Acquire Botnet,195
softmax_normalized_fragility_temp4.0,softmax_normalized_loo_fragility,"{""temperature"": 4.0}",2424,all,T1583.005 - Resource Development: Acquire Botnet,195
softmax_normalized_fragility_temp4.0,softmax_normalized_loo_fragility,"{""temperature"": 4.0}",2424,softmax_fragility,T1583.005 - Resource Development: Acquire Botnet,195
stochastic_normalized_fragility,stochastic_normalized_loo_fragility,{},2424,all,T1584.005 - Resource Development: Build/Compromise Botnet,194
stochastic_normalized_fragility,stochastic_normalized_loo_fragility,{},2424,stochastic_fragility,T1584.005 - Resource Development: Build/Compromise Botnet,194
uniform_positive_fragility,uniform_positive_loo_fragility,{},2424,all,T1584.005 - Resource Development: Build/Compromise Botnet,194
uniform_positive_fragility,uniform_positive_loo_fragility,{},2424,uniform_positive_fragility,T1584.005 - Resource Development: Build/Compromise Botnet,194
softmax_normalized_fragility_temp0.25,softmax_normalized_loo_fragility,"{""temperature"": 0.25}",2424,all,T1584.005 - Resource Development: Build/Compromise Botnet,194
softmax_normalized_fragility_temp0.25,softmax_normalized_loo_fragility,"{""temperature"": 0.25}",2424,softmax_fragility,T1584.005 - Resource Development: Build/Compromise Botnet,194
softmax_normalized_fragility_temp0.5,softmax_normalized_loo_fragility,"{""temperature"": 0.5}",2424,all,T1584.005 - Resource Development: Build/Compromise Botnet,194
softmax_normalized_fragility_temp0.5,softmax_normalized_loo_fragility,"{""temperature"": 0.5}",2424,softmax_fragility,T1584.005 - Resource Development: Build/Compromise Botnet,194
softmax_normalized_fragility_temp1.0,softmax_normalized_loo_fragility,"{""temperature"": 1.0}",2424,all,T1584.005 - Resource Development: Build/Compromise Botnet,194
softmax_normalized_fragility_temp1.0,softmax_normalized_loo_fragility,"{""temperature"": 1.0}",2424,softmax_fragility,T1584.005 - Resource Development: Build/Compromise Botnet,194
softmax_normalized_fragility_temp2.0,softmax_normalized_loo_fragility,"{""temperature"": 2.0}",2424,all,T1584.005 - Resource Development: Build/Compromise Botnet,194
softmax_normalized_fragility_temp2.0,softmax_normalized_loo_fragility,"{""temperature"": 2.0}",2424,softmax_fragility,T1584.005 - Resource Development: Build/Compromise Botnet,194
softmax_normalized_fragility_temp4.0,softmax_normalized_loo_fragility,"{""temperature"": 4.0}",2424,all,T1584.005 - Resource Development: Build/Compromise Botnet,194
softmax_normalized_fragility_temp4.0,softmax_normalized_loo_fragility,"{""temperature"": 4.0}",2424,softmax_fragility,T1584.005 - Resource Development: Build/Compromise Botnet,194
stochastic_normalized_fragility,stochastic_normalized_loo_fragility,{},2424,all,T1590 - Reconnaissance: Gather Victim Network Information,194
stochastic_normalized_fragility,stochastic_normalized_loo_fragility,{},2424,stochastic_fragility,T1590 - Reconnaissance: Gather Victim Network Information,194
uniform_positive_fragility,uniform_positive_loo_fragility,{},2424,all,T1590 - Reconnaissance: Gather Victim Network Information,194
uniform_positive_fragility,uniform_positive_loo_fragility,{},2424,uniform_positive_fragility,T1590 - Reconnaissance: Gather Victim Network Information,194
softmax_normalized_fragility_temp0.25,softmax_normalized_loo_fragility,"{""temperature"": 0.25}",2424,all,T1590 - Reconnaissance: Gather Victim Network Information,194
softmax_normalized_fragility_temp0.25,softmax_normalized_loo_fragility,"{""temperature"": 0.25}",2424,softmax_fragility,T1590 - Reconnaissance: Gather Victim Network Information,194
softmax_normalized_fragility_temp0.5,softmax_normalized_loo_fragility,"{""temperature"": 0.5}",2424,all,T1590 - Reconnaissance: Gather Victim Network Information,194
softmax_normalized_fragility_temp0.5,softmax_normalized_loo_fragility,"{""temperature"": 0.5}",2424,softmax_fragility,T1590 - Reconnaissance: Gather Victim Network Information,194
softmax_normalized_fragility_temp1.0,softmax_normalized_loo_fragility,"{""temperature"": 1.0}",2424,all,T1590 - Reconnaissance: Gather Victim Network Information,194
softmax_normalized_fragility_temp1.0,softmax_normalized_loo_fragility,"{""temperature"": 1.0}",2424,softmax_fragility,T1590 - Reconnaissance: Gather Victim Network Information,194
softmax_normalized_fragility_temp2.0,softmax_normalized_loo_fragility,"{""temperature"": 2.0}",2424,all,T1590 - Reconnaissance: Gather Victim Network Information,194
softmax_normalized_fragility_temp2.0,softmax_normalized_loo_fragility,"{""temperature"": 2.0}",2424,softmax_fragility,T1590 - Reconnaissance: Gather Victim Network Information,194
softmax_normalized_fragility_temp4.0,softmax_normalized_loo_fragility,"{""temperature"": 4.0}",2424,all,T1590 - Reconnaissance: Gather Victim Network Information,194
softmax_normalized_fragility_temp4.0,softmax_normalized_loo_fragility,"{""temperature"": 4.0}",2424,softmax_fragility,T1590 - Reconnaissance: Gather Victim Network Information,194
stochastic_normalized_fragility,stochastic_normalized_loo_fragility,{},2424,all,T1595 - Reconnaissance: Active Scanning,195
stochastic_normalized_fragility,stochastic_normalized_loo_fragility,{},2424,stochastic_fragility,T1595 - Reconnaissance: Active Scanning,195
uniform_positive_fragility,uniform_positive_loo_fragility,{},2424,all,T1595 - Reconnaissance: Active Scanning,195
uniform_positive_fragility,uniform_positive_loo_fragility,{},2424,uniform_positive_fragility,T1595 - Reconnaissance: Active Scanning,195
softmax_normalized_fragility_temp0.25,softmax_normalized_loo_fragility,"{""temperature"": 0.25}",2424,all,T1595 - Reconnaissance: Active Scanning,195
softmax_normalized_fragility_temp0.25,softmax_normalized_loo_fragility,"{""temperature"": 0.25}",2424,softmax_fragility,T1595 - Reconnaissance: Active Scanning,195
softmax_normalized_fragility_temp0.5,softmax_normalized_loo_fragility,"{""temperature"": 0.5}",2424,all,T1595 - Reconnaissance: Active Scanning,195
softmax_normalized_fragility_temp0.5,softmax_normalized_loo_fragility,"{""temperature"": 0.5}",2424,softmax_fragility,T1595 - Reconnaissance: Active Scanning,195
softmax_normalized_fragility_temp1.0,softmax_normalized_loo_fragility,"{""temperature"": 1.0}",2424,all,T1595 - Reconnaissance: Active Scanning,195
softmax_normalized_fragility_temp1.0,softmax_normalized_loo_fragility,"{""temperature"": 1.0}",2424,softmax_fragility,T1595 - Reconnaissance: Active Scanning,195
softmax_normalized_fragility_temp2.0,softmax_normalized_loo_fragility,"{""temperature"": 2.0}",2424,all,T1595 - Reconnaissance: Active Scanning,195
softmax_normalized_fragility_temp2.0,softmax_normalized_loo_fragility,"{""temperature"": 2.0}",2424,softmax_fragility,T1595 - Reconnaissance: Active Scanning,195
softmax_normalized_fragility_temp4.0,softmax_normalized_loo_fragility,"{""temperature"": 4.0}",2424,all,T1595 - Reconnaissance: Active Scanning,195
softmax_normalized_fragility_temp4.0,softmax_normalized_loo_fragility,"{""temperature"": 4.0}",2424,softmax_fragility,T1595 - Reconnaissance: Active Scanning,195
stochastic_normalized_fragility,stochastic_normalized_loo_fragility,{},2424,all,TA0011 - Command-and-Control,195
stochastic_normalized_fragility,stochastic_normalized_loo_fragility,{},2424,stochastic_fragility,TA0011 - Command-and-Control,195
uniform_positive_fragility,uniform_positive_loo_fragility,{},2424,all,TA0011 - Command-and-Control,195
uniform_positive_fragility,uniform_positive_loo_fragility,{},2424,uniform_positive_fragility,TA0011 - Command-and-Control,195
softmax_normalized_fragility_temp0.25,softmax_normalized_loo_fragility,"{""temperature"": 0.25}",2424,all,TA0011 - Command-and-Control,195
softmax_normalized_fragility_temp0.25,softmax_normalized_loo_fragility,"{""temperature"": 0.25}",2424,softmax_fragility,TA0011 - Command-and-Control,195
softmax_normalized_fragility_temp0.5,softmax_normalized_loo_fragility,"{""temperature"": 0.5}",2424,all,TA0011 - Command-and-Control,195
softmax_normalized_fragility_temp0.5,softmax_normalized_loo_fragility,"{""temperature"": 0.5}",2424,softmax_fragility,TA0011 - Command-and-Control,195
softmax_normalized_fragility_temp1.0,softmax_normalized_loo_fragility,"{""temperature"": 1.0}",2424,all,TA0011 - Command-and-Control,195
softmax_normalized_fragility_temp1.0,softmax_normalized_loo_fragility,"{""temperature"": 1.0}",2424,softmax_fragility,TA0011 - Command-and-Control,195
softmax_normalized_fragility_temp2.0,softmax_normalized_loo_fragility,"{""temperature"": 2.0}",2424,all,TA0011 - Command-and-Control,195
softmax_normalized_fragility_temp2.0,softmax_normalized_loo_fragility,"{""temperature"": 2.0}",2424,softmax_fragility,TA0011 - Command-and-Control,195
softmax_normalized_fragility_temp4.0,softmax_normalized_loo_fragility,"{""temperature"": 4.0}",2424,all,TA0011 - Command-and-Control,195
softmax_normalized_fragility_temp4.0,softmax_normalized_loo_fragility,"{""temperature"": 4.0}",2424,softmax_fragility,TA0011 - Command-and-Control,195
stochastic_normalized_fragility,stochastic_normalized_loo_fragility,{},2525,all,T1036 - Defense Evasion: Masquerading,195
stochastic_normalized_fragility,stochastic_normalized_loo_fragility,{},2525,stochastic_fragility,T1036 - Defense Evasion: Masquerading,195
uniform_positive_fragility,uniform_positive_loo_fragility,{},2525,all,T1036 - Defense Evasion: Masquerading,195
uniform_positive_fragility,uniform_positive_loo_fragility,{},2525,uniform_positive_fragility,T1036 - Defense Evasion: Masquerading,195
softmax_normalized_fragility_temp0.25,softmax_normalized_loo_fragility,"{""temperature"": 0.25}",2525,all,T1036 - Defense Evasion: Masquerading,195
softmax_normalized_fragility_temp0.25,softmax_normalized_loo_fragility,"{""temperature"": 0.25}",2525,softmax_fragility,T1036 - Defense Evasion: Masquerading,195
softmax_normalized_fragility_temp0.5,softmax_normalized_loo_fragility,"{""temperature"": 0.5}",2525,all,T1036 - Defense Evasion: Masquerading,195
softmax_normalized_fragility_temp0.5,softmax_normalized_loo_fragility,"{""temperature"": 0.5}",2525,softmax_fragility,T1036 - Defense Evasion: Masquerading,195
softmax_normalized_fragility_temp1.0,softmax_normalized_loo_fragility,"{""temperature"": 1.0}",2525,all,T1036 - Defense Evasion: Masquerading,195
softmax_normalized_fragility_temp1.0,softmax_normalized_loo_fragility,"{""temperature"": 1.0}",2525,softmax_fragility,T1036 - Defense Evasion: Masquerading,195
softmax_normalized_fragility_temp2.0,softmax_normalized_loo_fragility,"{""temperature"": 2.0}",2525,all,T1036 - Defense Evasion: Masquerading,195
softmax_normalized_fragility_temp2.0,softmax_normalized_loo_fragility,"{""temperature"": 2.0}",2525,softmax_fragility,T1036 - Defense Evasion: Masquerading,195
softmax_normalized_fragility_temp4.0,softmax_normalized_loo_fragility,"{""temperature"": 4.0}",2525,all,T1036 - Defense Evasion: Masquerading,195
softmax_normalized_fragility_temp4.0,softmax_normalized_loo_fragility,"{""temperature"": 4.0}",2525,softmax_fragility,T1036 - Defense Evasion: Masquerading,195
stochastic_normalized_fragility,stochastic_normalized_loo_fragility,{},2525,all,T1498.001 - Impact: Direct Network Flood,195
stochastic_normalized_fragility,stochastic_normalized_loo_fragility,{},2525,stochastic_fragility,T1498.001 - Impact: Direct Network Flood,195
uniform_positive_fragility,uniform_positive_loo_fragility,{},2525,all,T1498.001 - Impact: Direct Network Flood,195
uniform_positive_fragility,uniform_positive_loo_fragility,{},2525,uniform_positive_fragility,T1498.001 - Impact: Direct Network Flood,195
softmax_normalized_fragility_temp0.25,softmax_normalized_loo_fragility,"{""temperature"": 0.25}",2525,all,T1498.001 - Impact: Direct Network Flood,195
softmax_normalized_fragility_temp0.25,softmax_normalized_loo_fragility,"{""temperature"": 0.25}",2525,softmax_fragility,T1498.001 - Impact: Direct Network Flood,195
softmax_normalized_fragility_temp0.5,softmax_normalized_loo_fragility,"{""temperature"": 0.5}",2525,all,T1498.001 - Impact: Direct Network Flood,195
softmax_normalized_fragility_temp0.5,softmax_normalized_loo_fragility,"{""temperature"": 0.5}",2525,softmax_fragility,T1498.001 - Impact: Direct Network Flood,195
softmax_normalized_fragility_temp1.0,softmax_normalized_loo_fragility,"{""temperature"": 1.0}",2525,all,T1498.001 - Impact: Direct Network Flood,195
softmax_normalized_fragility_temp1.0,softmax_normalized_loo_fragility,"{""temperature"": 1.0}",2525,softmax_fragility,T1498.001 - Impact: Direct Network Flood,195
softmax_normalized_fragility_temp2.0,softmax_normalized_loo_fragility,"{""temperature"": 2.0}",2525,all,T1498.001 - Impact: Direct Network Flood,195
softmax_normalized_fragility_temp2.0,softmax_normalized_loo_fragility,"{""temperature"": 2.0}",2525,softmax_fragility,T1498.001 - Impact: Direct Network Flood,195
softmax_normalized_fragility_temp4.0,softmax_normalized_loo_fragility,"{""temperature"": 4.0}",2525,all,T1498.001 - Impact: Direct Network Flood,195
softmax_normalized_fragility_temp4.0,softmax_normalized_loo_fragility,"{""temperature"": 4.0}",2525,softmax_fragility,T1498.001 - Impact: Direct Network Flood,195
stochastic_normalized_fragility,stochastic_normalized_loo_fragility,{},2525,all,T1498.002 - Impact: Reflection/Amplification Attack,195
stochastic_normalized_fragility,stochastic_normalized_loo_fragility,{},2525,stochastic_fragility,T1498.002 - Impact: Reflection/Amplification Attack,195
uniform_positive_fragility,uniform_positive_loo_fragility,{},2525,all,T1498.002 - Impact: Reflection/Amplification Attack,195
uniform_positive_fragility,uniform_positive_loo_fragility,{},2525,uniform_positive_fragility,T1498.002 - Impact: Reflection/Amplification Attack,195
softmax_normalized_fragility_temp0.25,softmax_normalized_loo_fragility,"{""temperature"": 0.25}",2525,all,T1498.002 - Impact: Reflection/Amplification Attack,195
softmax_normalized_fragility_temp0.25,softmax_normalized_loo_fragility,"{""temperature"": 0.25}",2525,softmax_fragility,T1498.002 - Impact: Reflection/Amplification Attack,195
softmax_normalized_fragility_temp0.5,softmax_normalized_loo_fragility,"{""temperature"": 0.5}",2525,all,T1498.002 - Impact: Reflection/Amplification Attack,195
softmax_normalized_fragility_temp0.5,softmax_normalized_loo_fragility,"{""temperature"": 0.5}",2525,softmax_fragility,T1498.002 - Impact: Reflection/Amplification Attack,195
softmax_normalized_fragility_temp1.0,softmax_normalized_loo_fragility,"{""temperature"": 1.0}",2525,all,T1498.002 - Impact: Reflection/Amplification Attack,195
softmax_normalized_fragility_temp1.0,softmax_normalized_loo_fragility,"{""temperature"": 1.0}",2525,softmax_fragility,T1498.002 - Impact: Reflection/Amplification Attack,195
softmax_normalized_fragility_temp2.0,softmax_normalized_loo_fragility,"{""temperature"": 2.0}",2525,all,T1498.002 - Impact: Reflection/Amplification Attack,195
softmax_normalized_fragility_temp2.0,softmax_normalized_loo_fragility,"{""temperature"": 2.0}",2525,softmax_fragility,T1498.002 - Impact: Reflection/Amplification Attack,195
softmax_normalized_fragility_temp4.0,softmax_normalized_loo_fragility,"{""temperature"": 4.0}",2525,all,T1498.002 - Impact: Reflection/Amplification Attack,195
softmax_normalized_fragility_temp4.0,softmax_normalized_loo_fragility,"{""temperature"": 4.0}",2525,softmax_fragility,T1498.002 - Impact: Reflection/Amplification Attack,195
stochastic_normalized_fragility,stochastic_normalized_loo_fragility,{},2525,all,T1571 - Defense Evasion: Non-Standard Port,195
stochastic_normalized_fragility,stochastic_normalized_loo_fragility,{},2525,stochastic_fragility,T1571 - Defense Evasion: Non-Standard Port,195
uniform_positive_fragility,uniform_positive_loo_fragility,{},2525,all,T1571 - Defense Evasion: Non-Standard Port,195
uniform_positive_fragility,uniform_positive_loo_fragility,{},2525,uniform_positive_fragility,T1571 - Defense Evasion: Non-Standard Port,195
softmax_normalized_fragility_temp0.25,softmax_normalized_loo_fragility,"{""temperature"": 0.25}",2525,all,T1571 - Defense Evasion: Non-Standard Port,195
softmax_normalized_fragility_temp0.25,softmax_normalized_loo_fragility,"{""temperature"": 0.25}",2525,softmax_fragility,T1571 - Defense Evasion: Non-Standard Port,195
softmax_normalized_fragility_temp0.5,softmax_normalized_loo_fragility,"{""temperature"": 0.5}",2525,all,T1571 - Defense Evasion: Non-Standard Port,195
softmax_normalized_fragility_temp0.5,softmax_normalized_loo_fragility,"{""temperature"": 0.5}",2525,softmax_fragility,T1571 - Defense Evasion: Non-Standard Port,195
softmax_normalized_fragility_temp1.0,softmax_normalized_loo_fragility,"{""temperature"": 1.0}",2525,all,T1571 - Defense Evasion: Non-Standard Port,195
softmax_normalized_fragility_temp1.0,softmax_normalized_loo_fragility,"{""temperature"": 1.0}",2525,softmax_fragility,T1571 - Defense Evasion: Non-Standard Port,195
softmax_normalized_fragility_temp2.0,softmax_normalized_loo_fragility,"{""temperature"": 2.0}",2525,all,T1571 - Defense Evasion: Non-Standard Port,195
softmax_normalized_fragility_temp2.0,softmax_normalized_loo_fragility,"{""temperature"": 2.0}",2525,softmax_fragility,T1571 - Defense Evasion: Non-Standard Port,195
softmax_normalized_fragility_temp4.0,softmax_normalized_loo_fragility,"{""temperature"": 4.0}",2525,all,T1571 - Defense Evasion: Non-Standard Port,195
softmax_normalized_fragility_temp4.0,softmax_normalized_loo_fragility,"{""temperature"": 4.0}",2525,softmax_fragility,T1571 - Defense Evasion: Non-Standard Port,195
stochastic_normalized_fragility,stochastic_normalized_loo_fragility,{},2525,all,T1583.005 - Resource Development: Acquire Botnet,195
stochastic_normalized_fragility,stochastic_normalized_loo_fragility,{},2525,stochastic_fragility,T1583.005 - Resource Development: Acquire Botnet,195
uniform_positive_fragility,uniform_positive_loo_fragility,{},2525,all,T1583.005 - Resource Development: Acquire Botnet,195
uniform_positive_fragility,uniform_positive_loo_fragility,{},2525,uniform_positive_fragility,T1583.005 - Resource Development: Acquire Botnet,195
softmax_normalized_fragility_temp0.25,softmax_normalized_loo_fragility,"{""temperature"": 0.25}",2525,all,T1583.005 - Resource Development: Acquire Botnet,195
softmax_normalized_fragility_temp0.25,softmax_normalized_loo_fragility,"{""temperature"": 0.25}",2525,softmax_fragility,T1583.005 - Resource Development: Acquire Botnet,195
softmax_normalized_fragility_temp0.5,softmax_normalized_loo_fragility,"{""temperature"": 0.5}",2525,all,T1583.005 - Resource Development: Acquire Botnet,195
softmax_normalized_fragility_temp0.5,softmax_normalized_loo_fragility,"{""temperature"": 0.5}",2525,softmax_fragility,T1583.005 - Resource Development: Acquire Botnet,195
softmax_normalized_fragility_temp1.0,softmax_normalized_loo_fragility,"{""temperature"": 1.0}",2525,all,T1583.005 - Resource Development: Acquire Botnet,195
softmax_normalized_fragility_temp1.0,softmax_normalized_loo_fragility,"{""temperature"": 1.0}",2525,softmax_fragility,T1583.005 - Resource Development: Acquire Botnet,195
softmax_normalized_fragility_temp2.0,softmax_normalized_loo_fragility,"{""temperature"": 2.0}",2525,all,T1583.005 - Resource Development: Acquire Botnet,195
softmax_normalized_fragility_temp2.0,softmax_normalized_loo_fragility,"{""temperature"": 2.0}",2525,softmax_fragility,T1583.005 - Resource Development: Acquire Botnet,195
softmax_normalized_fragility_temp4.0,softmax_normalized_loo_fragility,"{""temperature"": 4.0}",2525,all,T1583.005 - Resource Development: Acquire Botnet,195
softmax_normalized_fragility_temp4.0,softmax_normalized_loo_fragility,"{""temperature"": 4.0}",2525,softmax_fragility,T1583.005 - Resource Development: Acquire Botnet,195
stochastic_normalized_fragility,stochastic_normalized_loo_fragility,{},2525,all,T1584.005 - Resource Development: Build/Compromise Botnet,194
stochastic_normalized_fragility,stochastic_normalized_loo_fragility,{},2525,stochastic_fragility,T1584.005 - Resource Development: Build/Compromise Botnet,194
uniform_positive_fragility,uniform_positive_loo_fragility,{},2525,all,T1584.005 - Resource Development: Build/Compromise Botnet,194
uniform_positive_fragility,uniform_positive_loo_fragility,{},2525,uniform_positive_fragility,T1584.005 - Resource Development: Build/Compromise Botnet,194
softmax_normalized_fragility_temp0.25,softmax_normalized_loo_fragility,"{""temperature"": 0.25}",2525,all,T1584.005 - Resource Development: Build/Compromise Botnet,194
softmax_normalized_fragility_temp0.25,softmax_normalized_loo_fragility,"{""temperature"": 0.25}",2525,softmax_fragility,T1584.005 - Resource Development: Build/Compromise Botnet,194
softmax_normalized_fragility_temp0.5,softmax_normalized_loo_fragility,"{""temperature"": 0.5}",2525,all,T1584.005 - Resource Development: Build/Compromise Botnet,194
softmax_normalized_fragility_temp0.5,softmax_normalized_loo_fragility,"{""temperature"": 0.5}",2525,softmax_fragility,T1584.005 - Resource Development: Build/Compromise Botnet,194
softmax_normalized_fragility_temp1.0,softmax_normalized_loo_fragility,"{""temperature"": 1.0}",2525,all,T1584.005 - Resource Development: Build/Compromise Botnet,194
softmax_normalized_fragility_temp1.0,softmax_normalized_loo_fragility,"{""temperature"": 1.0}",2525,softmax_fragility,T1584.005 - Resource Development: Build/Compromise Botnet,194
softmax_normalized_fragility_temp2.0,softmax_normalized_loo_fragility,"{""temperature"": 2.0}",2525,all,T1584.005 - Resource Development: Build/Compromise Botnet,194
softmax_normalized_fragility_temp2.0,softmax_normalized_loo_fragility,"{""temperature"": 2.0}",2525,softmax_fragility,T1584.005 - Resource Development: Build/Compromise Botnet,194
softmax_normalized_fragility_temp4.0,softmax_normalized_loo_fragility,"{""temperature"": 4.0}",2525,all,T1584.005 - Resource Development: Build/Compromise Botnet,194
softmax_normalized_fragility_temp4.0,softmax_normalized_loo_fragility,"{""temperature"": 4.0}",2525,softmax_fragility,T1584.005 - Resource Development: Build/Compromise Botnet,194
stochastic_normalized_fragility,stochastic_normalized_loo_fragility,{},2525,all,T1590 - Reconnaissance: Gather Victim Network Information,194
stochastic_normalized_fragility,stochastic_normalized_loo_fragility,{},2525,stochastic_fragility,T1590 - Reconnaissance: Gather Victim Network Information,194
uniform_positive_fragility,uniform_positive_loo_fragility,{},2525,all,T1590 - Reconnaissance: Gather Victim Network Information,194
uniform_positive_fragility,uniform_positive_loo_fragility,{},2525,uniform_positive_fragility,T1590 - Reconnaissance: Gather Victim Network Information,194
softmax_normalized_fragility_temp0.25,softmax_normalized_loo_fragility,"{""temperature"": 0.25}",2525,all,T1590 - Reconnaissance: Gather Victim Network Information,194
softmax_normalized_fragility_temp0.25,softmax_normalized_loo_fragility,"{""temperature"": 0.25}",2525,softmax_fragility,T1590 - Reconnaissance: Gather Victim Network Information,194
softmax_normalized_fragility_temp0.5,softmax_normalized_loo_fragility,"{""temperature"": 0.5}",2525,all,T1590 - Reconnaissance: Gather Victim Network Information,194
softmax_normalized_fragility_temp0.5,softmax_normalized_loo_fragility,"{""temperature"": 0.5}",2525,softmax_fragility,T1590 - Reconnaissance: Gather Victim Network Information,194
softmax_normalized_fragility_temp1.0,softmax_normalized_loo_fragility,"{""temperature"": 1.0}",2525,all,T1590 - Reconnaissance: Gather Victim Network Information,194
softmax_normalized_fragility_temp1.0,softmax_normalized_loo_fragility,"{""temperature"": 1.0}",2525,softmax_fragility,T1590 - Reconnaissance: Gather Victim Network Information,194
softmax_normalized_fragility_temp2.0,softmax_normalized_loo_fragility,"{""temperature"": 2.0}",2525,all,T1590 - Reconnaissance: Gather Victim Network Information,194
softmax_normalized_fragility_temp2.0,softmax_normalized_loo_fragility,"{""temperature"": 2.0}",2525,softmax_fragility,T1590 - Reconnaissance: Gather Victim Network Information,194
softmax_normalized_fragility_temp4.0,softmax_normalized_loo_fragility,"{""temperature"": 4.0}",2525,all,T1590 - Reconnaissance: Gather Victim Network Information,194
softmax_normalized_fragility_temp4.0,softmax_normalized_loo_fragility,"{""temperature"": 4.0}",2525,softmax_fragility,T1590 - Reconnaissance: Gather Victim Network Information,194
stochastic_normalized_fragility,stochastic_normalized_loo_fragility,{},2525,all,T1595 - Reconnaissance: Active Scanning,195
stochastic_normalized_fragility,stochastic_normalized_loo_fragility,{},2525,stochastic_fragility,T1595 - Reconnaissance: Active Scanning,195
uniform_positive_fragility,uniform_positive_loo_fragility,{},2525,all,T1595 - Reconnaissance: Active Scanning,195
uniform_positive_fragility,uniform_positive_loo_fragility,{},2525,uniform_positive_fragility,T1595 - Reconnaissance: Active Scanning,195
softmax_normalized_fragility_temp0.25,softmax_normalized_loo_fragility,"{""temperature"": 0.25}",2525,all,T1595 - Reconnaissance: Active Scanning,195
softmax_normalized_fragility_temp0.25,softmax_normalized_loo_fragility,"{""temperature"": 0.25}",2525,softmax_fragility,T1595 - Reconnaissance: Active Scanning,195
softmax_normalized_fragility_temp0.5,softmax_normalized_loo_fragility,"{""temperature"": 0.5}",2525,all,T1595 - Reconnaissance: Active Scanning,195
softmax_normalized_fragility_temp0.5,softmax_normalized_loo_fragility,"{""temperature"": 0.5}",2525,softmax_fragility,T1595 - Reconnaissance: Active Scanning,195
softmax_normalized_fragility_temp1.0,softmax_normalized_loo_fragility,"{""temperature"": 1.0}",2525,all,T1595 - Reconnaissance: Active Scanning,195
softmax_normalized_fragility_temp1.0,softmax_normalized_loo_fragility,"{""temperature"": 1.0}",2525,softmax_fragility,T1595 - Reconnaissance: Active Scanning,195
softmax_normalized_fragility_temp2.0,softmax_normalized_loo_fragility,"{""temperature"": 2.0}",2525,all,T1595 - Reconnaissance: Active Scanning,195
softmax_normalized_fragility_temp2.0,softmax_normalized_loo_fragility,"{""temperature"": 2.0}",2525,softmax_fragility,T1595 - Reconnaissance: Active Scanning,195
softmax_normalized_fragility_temp4.0,softmax_normalized_loo_fragility,"{""temperature"": 4.0}",2525,all,T1595 - Reconnaissance: Active Scanning,195
softmax_normalized_fragility_temp4.0,softmax_normalized_loo_fragility,"{""temperature"": 4.0}",2525,softmax_fragility,T1595 - Reconnaissance: Active Scanning,195
stochastic_normalized_fragility,stochastic_normalized_loo_fragility,{},2525,all,TA0011 - Command-and-Control,195
stochastic_normalized_fragility,stochastic_normalized_loo_fragility,{},2525,stochastic_fragility,TA0011 - Command-and-Control,195
uniform_positive_fragility,uniform_positive_loo_fragility,{},2525,all,TA0011 - Command-and-Control,195
uniform_positive_fragility,uniform_positive_loo_fragility,{},2525,uniform_positive_fragility,TA0011 - Command-and-Control,195
softmax_normalized_fragility_temp0.25,softmax_normalized_loo_fragility,"{""temperature"": 0.25}",2525,all,TA0011 - Command-and-Control,195
softmax_normalized_fragility_temp0.25,softmax_normalized_loo_fragility,"{""temperature"": 0.25}",2525,softmax_fragility,TA0011 - Command-and-Control,195
softmax_normalized_fragility_temp0.5,softmax_normalized_loo_fragility,"{""temperature"": 0.5}",2525,all,TA0011 - Command-and-Control,195
softmax_normalized_fragility_temp0.5,softmax_normalized_loo_fragility,"{""temperature"": 0.5}",2525,softmax_fragility,TA0011 - Command-and-Control,195
softmax_normalized_fragility_temp1.0,softmax_normalized_loo_fragility,"{""temperature"": 1.0}",2525,all,TA0011 - Command-and-Control,195
softmax_normalized_fragility_temp1.0,softmax_normalized_loo_fragility,"{""temperature"": 1.0}",2525,softmax_fragility,TA0011 - Command-and-Control,195
softmax_normalized_fragility_temp2.0,softmax_normalized_loo_fragility,"{""temperature"": 2.0}",2525,all,TA0011 - Command-and-Control,195
softmax_normalized_fragility_temp2.0,softmax_normalized_loo_fragility,"{""temperature"": 2.0}",2525,softmax_fragility,TA0011 - Command-and-Control,195
softmax_normalized_fragility_temp4.0,softmax_normalized_loo_fragility,"{""temperature"": 4.0}",2525,all,TA0011 - Command-and-Control,195
softmax_normalized_fragility_temp4.0,softmax_normalized_loo_fragility,"{""temperature"": 4.0}",2525,softmax_fragility,TA0011 - Command-and-Control,195
stochastic_normalized_fragility,stochastic_normalized_loo_fragility,{},2626,all,T1036 - Defense Evasion: Masquerading,195
stochastic_normalized_fragility,stochastic_normalized_loo_fragility,{},2626,stochastic_fragility,T1036 - Defense Evasion: Masquerading,195
uniform_positive_fragility,uniform_positive_loo_fragility,{},2626,all,T1036 - Defense Evasion: Masquerading,195
uniform_positive_fragility,uniform_positive_loo_fragility,{},2626,uniform_positive_fragility,T1036 - Defense Evasion: Masquerading,195
softmax_normalized_fragility_temp0.25,softmax_normalized_loo_fragility,"{""temperature"": 0.25}",2626,all,T1036 - Defense Evasion: Masquerading,195
softmax_normalized_fragility_temp0.25,softmax_normalized_loo_fragility,"{""temperature"": 0.25}",2626,softmax_fragility,T1036 - Defense Evasion: Masquerading,195
softmax_normalized_fragility_temp0.5,softmax_normalized_loo_fragility,"{""temperature"": 0.5}",2626,all,T1036 - Defense Evasion: Masquerading,195
softmax_normalized_fragility_temp0.5,softmax_normalized_loo_fragility,"{""temperature"": 0.5}",2626,softmax_fragility,T1036 - Defense Evasion: Masquerading,195
softmax_normalized_fragility_temp1.0,softmax_normalized_loo_fragility,"{""temperature"": 1.0}",2626,all,T1036 - Defense Evasion: Masquerading,195
softmax_normalized_fragility_temp1.0,softmax_normalized_loo_fragility,"{""temperature"": 1.0}",2626,softmax_fragility,T1036 - Defense Evasion: Masquerading,195
softmax_normalized_fragility_temp2.0,softmax_normalized_loo_fragility,"{""temperature"": 2.0}",2626,all,T1036 - Defense Evasion: Masquerading,195
softmax_normalized_fragility_temp2.0,softmax_normalized_loo_fragility,"{""temperature"": 2.0}",2626,softmax_fragility,T1036 - Defense Evasion: Masquerading,195
softmax_normalized_fragility_temp4.0,softmax_normalized_loo_fragility,"{""temperature"": 4.0}",2626,all,T1036 - Defense Evasion: Masquerading,195
softmax_normalized_fragility_temp4.0,softmax_normalized_loo_fragility,"{""temperature"": 4.0}",2626,softmax_fragility,T1036 - Defense Evasion: Masquerading,195
stochastic_normalized_fragility,stochastic_normalized_loo_fragility,{},2626,all,T1498.001 - Impact: Direct Network Flood,195
stochastic_normalized_fragility,stochastic_normalized_loo_fragility,{},2626,stochastic_fragility,T1498.001 - Impact: Direct Network Flood,195
uniform_positive_fragility,uniform_positive_loo_fragility,{},2626,all,T1498.001 - Impact: Direct Network Flood,195
uniform_positive_fragility,uniform_positive_loo_fragility,{},2626,uniform_positive_fragility,T1498.001 - Impact: Direct Network Flood,195
softmax_normalized_fragility_temp0.25,softmax_normalized_loo_fragility,"{""temperature"": 0.25}",2626,all,T1498.001 - Impact: Direct Network Flood,195
softmax_normalized_fragility_temp0.25,softmax_normalized_loo_fragility,"{""temperature"": 0.25}",2626,softmax_fragility,T1498.001 - Impact: Direct Network Flood,195
softmax_normalized_fragility_temp0.5,softmax_normalized_loo_fragility,"{""temperature"": 0.5}",2626,all,T1498.001 - Impact: Direct Network Flood,195
softmax_normalized_fragility_temp0.5,softmax_normalized_loo_fragility,"{""temperature"": 0.5}",2626,softmax_fragility,T1498.001 - Impact: Direct Network Flood,195
softmax_normalized_fragility_temp1.0,softmax_normalized_loo_fragility,"{""temperature"": 1.0}",2626,all,T1498.001 - Impact: Direct Network Flood,195
softmax_normalized_fragility_temp1.0,softmax_normalized_loo_fragility,"{""temperature"": 1.0}",2626,softmax_fragility,T1498.001 - Impact: Direct Network Flood,195
softmax_normalized_fragility_temp2.0,softmax_normalized_loo_fragility,"{""temperature"": 2.0}",2626,all,T1498.001 - Impact: Direct Network Flood,195
softmax_normalized_fragility_temp2.0,softmax_normalized_loo_fragility,"{""temperature"": 2.0}",2626,softmax_fragility,T1498.001 - Impact: Direct Network Flood,195
softmax_normalized_fragility_temp4.0,softmax_normalized_loo_fragility,"{""temperature"": 4.0}",2626,all,T1498.001 - Impact: Direct Network Flood,195
softmax_normalized_fragility_temp4.0,softmax_normalized_loo_fragility,"{""temperature"": 4.0}",2626,softmax_fragility,T1498.001 - Impact: Direct Network Flood,195
stochastic_normalized_fragility,stochastic_normalized_loo_fragility,{},2626,all,T1498.002 - Impact: Reflection/Amplification Attack,195
stochastic_normalized_fragility,stochastic_normalized_loo_fragility,{},2626,stochastic_fragility,T1498.002 - Impact: Reflection/Amplification Attack,195
uniform_positive_fragility,uniform_positive_loo_fragility,{},2626,all,T1498.002 - Impact: Reflection/Amplification Attack,195
uniform_positive_fragility,uniform_positive_loo_fragility,{},2626,uniform_positive_fragility,T1498.002 - Impact: Reflection/Amplification Attack,195
softmax_normalized_fragility_temp0.25,softmax_normalized_loo_fragility,"{""temperature"": 0.25}",2626,all,T1498.002 - Impact: Reflection/Amplification Attack,195
softmax_normalized_fragility_temp0.25,softmax_normalized_loo_fragility,"{""temperature"": 0.25}",2626,softmax_fragility,T1498.002 - Impact: Reflection/Amplification Attack,195
softmax_normalized_fragility_temp0.5,softmax_normalized_loo_fragility,"{""temperature"": 0.5}",2626,all,T1498.002 - Impact: Reflection/Amplification Attack,195
softmax_normalized_fragility_temp0.5,softmax_normalized_loo_fragility,"{""temperature"": 0.5}",2626,softmax_fragility,T1498.002 - Impact: Reflection/Amplification Attack,195
softmax_normalized_fragility_temp1.0,softmax_normalized_loo_fragility,"{""temperature"": 1.0}",2626,all,T1498.002 - Impact: Reflection/Amplification Attack,195
softmax_normalized_fragility_temp1.0,softmax_normalized_loo_fragility,"{""temperature"": 1.0}",2626,softmax_fragility,T1498.002 - Impact: Reflection/Amplification Attack,195
softmax_normalized_fragility_temp2.0,softmax_normalized_loo_fragility,"{""temperature"": 2.0}",2626,all,T1498.002 - Impact: Reflection/Amplification Attack,195
softmax_normalized_fragility_temp2.0,softmax_normalized_loo_fragility,"{""temperature"": 2.0}",2626,softmax_fragility,T1498.002 - Impact: Reflection/Amplification Attack,195
softmax_normalized_fragility_temp4.0,softmax_normalized_loo_fragility,"{""temperature"": 4.0}",2626,all,T1498.002 - Impact: Reflection/Amplification Attack,195
softmax_normalized_fragility_temp4.0,softmax_normalized_loo_fragility,"{""temperature"": 4.0}",2626,softmax_fragility,T1498.002 - Impact: Reflection/Amplification Attack,195
stochastic_normalized_fragility,stochastic_normalized_loo_fragility,{},2626,all,T1571 - Defense Evasion: Non-Standard Port,195
stochastic_normalized_fragility,stochastic_normalized_loo_fragility,{},2626,stochastic_fragility,T1571 - Defense Evasion: Non-Standard Port,195
uniform_positive_fragility,uniform_positive_loo_fragility,{},2626,all,T1571 - Defense Evasion: Non-Standard Port,195
uniform_positive_fragility,uniform_positive_loo_fragility,{},2626,uniform_positive_fragility,T1571 - Defense Evasion: Non-Standard Port,195
softmax_normalized_fragility_temp0.25,softmax_normalized_loo_fragility,"{""temperature"": 0.25}",2626,all,T1571 - Defense Evasion: Non-Standard Port,195
softmax_normalized_fragility_temp0.25,softmax_normalized_loo_fragility,"{""temperature"": 0.25}",2626,softmax_fragility,T1571 - Defense Evasion: Non-Standard Port,195
softmax_normalized_fragility_temp0.5,softmax_normalized_loo_fragility,"{""temperature"": 0.5}",2626,all,T1571 - Defense Evasion: Non-Standard Port,195
softmax_normalized_fragility_temp0.5,softmax_normalized_loo_fragility,"{""temperature"": 0.5}",2626,softmax_fragility,T1571 - Defense Evasion: Non-Standard Port,195
softmax_normalized_fragility_temp1.0,softmax_normalized_loo_fragility,"{""temperature"": 1.0}",2626,all,T1571 - Defense Evasion: Non-Standard Port,195
softmax_normalized_fragility_temp1.0,softmax_normalized_loo_fragility,"{""temperature"": 1.0}",2626,softmax_fragility,T1571 - Defense Evasion: Non-Standard Port,195
softmax_normalized_fragility_temp2.0,softmax_normalized_loo_fragility,"{""temperature"": 2.0}",2626,all,T1571 - Defense Evasion: Non-Standard Port,195
softmax_normalized_fragility_temp2.0,softmax_normalized_loo_fragility,"{""temperature"": 2.0}",2626,softmax_fragility,T1571 - Defense Evasion: Non-Standard Port,195
softmax_normalized_fragility_temp4.0,softmax_normalized_loo_fragility,"{""temperature"": 4.0}",2626,all,T1571 - Defense Evasion: Non-Standard Port,195
softmax_normalized_fragility_temp4.0,softmax_normalized_loo_fragility,"{""temperature"": 4.0}",2626,softmax_fragility,T1571 - Defense Evasion: Non-Standard Port,195
stochastic_normalized_fragility,stochastic_normalized_loo_fragility,{},2626,all,T1583.005 - Resource Development: Acquire Botnet,195
stochastic_normalized_fragility,stochastic_normalized_loo_fragility,{},2626,stochastic_fragility,T1583.005 - Resource Development: Acquire Botnet,195
uniform_positive_fragility,uniform_positive_loo_fragility,{},2626,all,T1583.005 - Resource Development: Acquire Botnet,195
uniform_positive_fragility,uniform_positive_loo_fragility,{},2626,uniform_positive_fragility,T1583.005 - Resource Development: Acquire Botnet,195
softmax_normalized_fragility_temp0.25,softmax_normalized_loo_fragility,"{""temperature"": 0.25}",2626,all,T1583.005 - Resource Development: Acquire Botnet,195
softmax_normalized_fragility_temp0.25,softmax_normalized_loo_fragility,"{""temperature"": 0.25}",2626,softmax_fragility,T1583.005 - Resource Development: Acquire Botnet,195
softmax_normalized_fragility_temp0.5,softmax_normalized_loo_fragility,"{""temperature"": 0.5}",2626,all,T1583.005 - Resource Development: Acquire Botnet,195
softmax_normalized_fragility_temp0.5,softmax_normalized_loo_fragility,"{""temperature"": 0.5}",2626,softmax_fragility,T1583.005 - Resource Development: Acquire Botnet,195
softmax_normalized_fragility_temp1.0,softmax_normalized_loo_fragility,"{""temperature"": 1.0}",2626,all,T1583.005 - Resource Development: Acquire Botnet,195
softmax_normalized_fragility_temp1.0,softmax_normalized_loo_fragility,"{""temperature"": 1.0}",2626,softmax_fragility,T1583.005 - Resource Development: Acquire Botnet,195
softmax_normalized_fragility_temp2.0,softmax_normalized_loo_fragility,"{""temperature"": 2.0}",2626,all,T1583.005 - Resource Development: Acquire Botnet,195
softmax_normalized_fragility_temp2.0,softmax_normalized_loo_fragility,"{""temperature"": 2.0}",2626,softmax_fragility,T1583.005 - Resource Development: Acquire Botnet,195
softmax_normalized_fragility_temp4.0,softmax_normalized_loo_fragility,"{""temperature"": 4.0}",2626,all,T1583.005 - Resource Development: Acquire Botnet,195
softmax_normalized_fragility_temp4.0,softmax_normalized_loo_fragility,"{""temperature"": 4.0}",2626,softmax_fragility,T1583.005 - Resource Development: Acquire Botnet,195
stochastic_normalized_fragility,stochastic_normalized_loo_fragility,{},2626,all,T1584.005 - Resource Development: Build/Compromise Botnet,194
stochastic_normalized_fragility,stochastic_normalized_loo_fragility,{},2626,stochastic_fragility,T1584.005 - Resource Development: Build/Compromise Botnet,194
uniform_positive_fragility,uniform_positive_loo_fragility,{},2626,all,T1584.005 - Resource Development: Build/Compromise Botnet,194
uniform_positive_fragility,uniform_positive_loo_fragility,{},2626,uniform_positive_fragility,T1584.005 - Resource Development: Build/Compromise Botnet,194
softmax_normalized_fragility_temp0.25,softmax_normalized_loo_fragility,"{""temperature"": 0.25}",2626,all,T1584.005 - Resource Development: Build/Compromise Botnet,194
softmax_normalized_fragility_temp0.25,softmax_normalized_loo_fragility,"{""temperature"": 0.25}",2626,softmax_fragility,T1584.005 - Resource Development: Build/Compromise Botnet,194
softmax_normalized_fragility_temp0.5,softmax_normalized_loo_fragility,"{""temperature"": 0.5}",2626,all,T1584.005 - Resource Development: Build/Compromise Botnet,194
softmax_normalized_fragility_temp0.5,softmax_normalized_loo_fragility,"{""temperature"": 0.5}",2626,softmax_fragility,T1584.005 - Resource Development: Build/Compromise Botnet,194
softmax_normalized_fragility_temp1.0,softmax_normalized_loo_fragility,"{""temperature"": 1.0}",2626,all,T1584.005 - Resource Development: Build/Compromise Botnet,194
softmax_normalized_fragility_temp1.0,softmax_normalized_loo_fragility,"{""temperature"": 1.0}",2626,softmax_fragility,T1584.005 - Resource Development: Build/Compromise Botnet,194
softmax_normalized_fragility_temp2.0,softmax_normalized_loo_fragility,"{""temperature"": 2.0}",2626,all,T1584.005 - Resource Development: Build/Compromise Botnet,194
softmax_normalized_fragility_temp2.0,softmax_normalized_loo_fragility,"{""temperature"": 2.0}",2626,softmax_fragility,T1584.005 - Resource Development: Build/Compromise Botnet,194
softmax_normalized_fragility_temp4.0,softmax_normalized_loo_fragility,"{""temperature"": 4.0}",2626,all,T1584.005 - Resource Development: Build/Compromise Botnet,194
softmax_normalized_fragility_temp4.0,softmax_normalized_loo_fragility,"{""temperature"": 4.0}",2626,softmax_fragility,T1584.005 - Resource Development: Build/Compromise Botnet,194
stochastic_normalized_fragility,stochastic_normalized_loo_fragility,{},2626,all,T1590 - Reconnaissance: Gather Victim Network Information,194
stochastic_normalized_fragility,stochastic_normalized_loo_fragility,{},2626,stochastic_fragility,T1590 - Reconnaissance: Gather Victim Network Information,194
uniform_positive_fragility,uniform_positive_loo_fragility,{},2626,all,T1590 - Reconnaissance: Gather Victim Network Information,194
uniform_positive_fragility,uniform_positive_loo_fragility,{},2626,uniform_positive_fragility,T1590 - Reconnaissance: Gather Victim Network Information,194
softmax_normalized_fragility_temp0.25,softmax_normalized_loo_fragility,"{""temperature"": 0.25}",2626,all,T1590 - Reconnaissance: Gather Victim Network Information,194
softmax_normalized_fragility_temp0.25,softmax_normalized_loo_fragility,"{""temperature"": 0.25}",2626,softmax_fragility,T1590 - Reconnaissance: Gather Victim Network Information,194
softmax_normalized_fragility_temp0.5,softmax_normalized_loo_fragility,"{""temperature"": 0.5}",2626,all,T1590 - Reconnaissance: Gather Victim Network Information,194
softmax_normalized_fragility_temp0.5,softmax_normalized_loo_fragility,"{""temperature"": 0.5}",2626,softmax_fragility,T1590 - Reconnaissance: Gather Victim Network Information,194
softmax_normalized_fragility_temp1.0,softmax_normalized_loo_fragility,"{""temperature"": 1.0}",2626,all,T1590 - Reconnaissance: Gather Victim Network Information,194
softmax_normalized_fragility_temp1.0,softmax_normalized_loo_fragility,"{""temperature"": 1.0}",2626,softmax_fragility,T1590 - Reconnaissance: Gather Victim Network Information,194
softmax_normalized_fragility_temp2.0,softmax_normalized_loo_fragility,"{""temperature"": 2.0}",2626,all,T1590 - Reconnaissance: Gather Victim Network Information,194
softmax_normalized_fragility_temp2.0,softmax_normalized_loo_fragility,"{""temperature"": 2.0}",2626,softmax_fragility,T1590 - Reconnaissance: Gather Victim Network Information,194
softmax_normalized_fragility_temp4.0,softmax_normalized_loo_fragility,"{""temperature"": 4.0}",2626,all,T1590 - Reconnaissance: Gather Victim Network Information,194
softmax_normalized_fragility_temp4.0,softmax_normalized_loo_fragility,"{""temperature"": 4.0}",2626,softmax_fragility,T1590 - Reconnaissance: Gather Victim Network Information,194
stochastic_normalized_fragility,stochastic_normalized_loo_fragility,{},2626,all,T1595 - Reconnaissance: Active Scanning,195
stochastic_normalized_fragility,stochastic_normalized_loo_fragility,{},2626,stochastic_fragility,T1595 - Reconnaissance: Active Scanning,195
uniform_positive_fragility,uniform_positive_loo_fragility,{},2626,all,T1595 - Reconnaissance: Active Scanning,195
uniform_positive_fragility,uniform_positive_loo_fragility,{},2626,uniform_positive_fragility,T1595 - Reconnaissance: Active Scanning,195
softmax_normalized_fragility_temp0.25,softmax_normalized_loo_fragility,"{""temperature"": 0.25}",2626,all,T1595 - Reconnaissance: Active Scanning,195
softmax_normalized_fragility_temp0.25,softmax_normalized_loo_fragility,"{""temperature"": 0.25}",2626,softmax_fragility,T1595 - Reconnaissance: Active Scanning,195
softmax_normalized_fragility_temp0.5,softmax_normalized_loo_fragility,"{""temperature"": 0.5}",2626,all,T1595 - Reconnaissance: Active Scanning,195
softmax_normalized_fragility_temp0.5,softmax_normalized_loo_fragility,"{""temperature"": 0.5}",2626,softmax_fragility,T1595 - Reconnaissance: Active Scanning,195
softmax_normalized_fragility_temp1.0,softmax_normalized_loo_fragility,"{""temperature"": 1.0}",2626,all,T1595 - Reconnaissance: Active Scanning,195
softmax_normalized_fragility_temp1.0,softmax_normalized_loo_fragility,"{""temperature"": 1.0}",2626,softmax_fragility,T1595 - Reconnaissance: Active Scanning,195
softmax_normalized_fragility_temp2.0,softmax_normalized_loo_fragility,"{""temperature"": 2.0}",2626,all,T1595 - Reconnaissance: Active Scanning,195
softmax_normalized_fragility_temp2.0,softmax_normalized_loo_fragility,"{""temperature"": 2.0}",2626,softmax_fragility,T1595 - Reconnaissance: Active Scanning,195
softmax_normalized_fragility_temp4.0,softmax_normalized_loo_fragility,"{""temperature"": 4.0}",2626,all,T1595 - Reconnaissance: Active Scanning,195
softmax_normalized_fragility_temp4.0,softmax_normalized_loo_fragility,"{""temperature"": 4.0}",2626,softmax_fragility,T1595 - Reconnaissance: Active Scanning,195
stochastic_normalized_fragility,stochastic_normalized_loo_fragility,{},2626,all,TA0011 - Command-and-Control,195
stochastic_normalized_fragility,stochastic_normalized_loo_fragility,{},2626,stochastic_fragility,TA0011 - Command-and-Control,195
uniform_positive_fragility,uniform_positive_loo_fragility,{},2626,all,TA0011 - Command-and-Control,195
uniform_positive_fragility,uniform_positive_loo_fragility,{},2626,uniform_positive_fragility,TA0011 - Command-and-Control,195
softmax_normalized_fragility_temp0.25,softmax_normalized_loo_fragility,"{""temperature"": 0.25}",2626,all,TA0011 - Command-and-Control,195
softmax_normalized_fragility_temp0.25,softmax_normalized_loo_fragility,"{""temperature"": 0.25}",2626,softmax_fragility,TA0011 - Command-and-Control,195
softmax_normalized_fragility_temp0.5,softmax_normalized_loo_fragility,"{""temperature"": 0.5}",2626,all,TA0011 - Command-and-Control,195
softmax_normalized_fragility_temp0.5,softmax_normalized_loo_fragility,"{""temperature"": 0.5}",2626,softmax_fragility,TA0011 - Command-and-Control,195
softmax_normalized_fragility_temp1.0,softmax_normalized_loo_fragility,"{""temperature"": 1.0}",2626,all,TA0011 - Command-and-Control,195
softmax_normalized_fragility_temp1.0,softmax_normalized_loo_fragility,"{""temperature"": 1.0}",2626,softmax_fragility,TA0011 - Command-and-Control,195
softmax_normalized_fragility_temp2.0,softmax_normalized_loo_fragility,"{""temperature"": 2.0}",2626,all,TA0011 - Command-and-Control,195
softmax_normalized_fragility_temp2.0,softmax_normalized_loo_fragility,"{""temperature"": 2.0}",2626,softmax_fragility,TA0011 - Command-and-Control,195
softmax_normalized_fragility_temp4.0,softmax_normalized_loo_fragility,"{""temperature"": 4.0}",2626,all,TA0011 - Command-and-Control,195
softmax_normalized_fragility_temp4.0,softmax_normalized_loo_fragility,"{""temperature"": 4.0}",2626,softmax_fragility,TA0011 - Command-and-Control,195
stochastic_normalized_fragility,stochastic_normalized_loo_fragility,{},2727,all,T1036 - Defense Evasion: Masquerading,195
stochastic_normalized_fragility,stochastic_normalized_loo_fragility,{},2727,stochastic_fragility,T1036 - Defense Evasion: Masquerading,195
uniform_positive_fragility,uniform_positive_loo_fragility,{},2727,all,T1036 - Defense Evasion: Masquerading,195
uniform_positive_fragility,uniform_positive_loo_fragility,{},2727,uniform_positive_fragility,T1036 - Defense Evasion: Masquerading,195
softmax_normalized_fragility_temp0.25,softmax_normalized_loo_fragility,"{""temperature"": 0.25}",2727,all,T1036 - Defense Evasion: Masquerading,195
softmax_normalized_fragility_temp0.25,softmax_normalized_loo_fragility,"{""temperature"": 0.25}",2727,softmax_fragility,T1036 - Defense Evasion: Masquerading,195
softmax_normalized_fragility_temp0.5,softmax_normalized_loo_fragility,"{""temperature"": 0.5}",2727,all,T1036 - Defense Evasion: Masquerading,195
softmax_normalized_fragility_temp0.5,softmax_normalized_loo_fragility,"{""temperature"": 0.5}",2727,softmax_fragility,T1036 - Defense Evasion: Masquerading,195
softmax_normalized_fragility_temp1.0,softmax_normalized_loo_fragility,"{""temperature"": 1.0}",2727,all,T1036 - Defense Evasion: Masquerading,195
softmax_normalized_fragility_temp1.0,softmax_normalized_loo_fragility,"{""temperature"": 1.0}",2727,softmax_fragility,T1036 - Defense Evasion: Masquerading,195
softmax_normalized_fragility_temp2.0,softmax_normalized_loo_fragility,"{""temperature"": 2.0}",2727,all,T1036 - Defense Evasion: Masquerading,195
softmax_normalized_fragility_temp2.0,softmax_normalized_loo_fragility,"{""temperature"": 2.0}",2727,softmax_fragility,T1036 - Defense Evasion: Masquerading,195
softmax_normalized_fragility_temp4.0,softmax_normalized_loo_fragility,"{""temperature"": 4.0}",2727,all,T1036 - Defense Evasion: Masquerading,195
softmax_normalized_fragility_temp4.0,softmax_normalized_loo_fragility,"{""temperature"": 4.0}",2727,softmax_fragility,T1036 - Defense Evasion: Masquerading,195
stochastic_normalized_fragility,stochastic_normalized_loo_fragility,{},2727,all,T1498.001 - Impact: Direct Network Flood,195
stochastic_normalized_fragility,stochastic_normalized_loo_fragility,{},2727,stochastic_fragility,T1498.001 - Impact: Direct Network Flood,195
uniform_positive_fragility,uniform_positive_loo_fragility,{},2727,all,T1498.001 - Impact: Direct Network Flood,195
uniform_positive_fragility,uniform_positive_loo_fragility,{},2727,uniform_positive_fragility,T1498.001 - Impact: Direct Network Flood,195
softmax_normalized_fragility_temp0.25,softmax_normalized_loo_fragility,"{""temperature"": 0.25}",2727,all,T1498.001 - Impact: Direct Network Flood,195
softmax_normalized_fragility_temp0.25,softmax_normalized_loo_fragility,"{""temperature"": 0.25}",2727,softmax_fragility,T1498.001 - Impact: Direct Network Flood,195
softmax_normalized_fragility_temp0.5,softmax_normalized_loo_fragility,"{""temperature"": 0.5}",2727,all,T1498.001 - Impact: Direct Network Flood,195
softmax_normalized_fragility_temp0.5,softmax_normalized_loo_fragility,"{""temperature"": 0.5}",2727,softmax_fragility,T1498.001 - Impact: Direct Network Flood,195
softmax_normalized_fragility_temp1.0,softmax_normalized_loo_fragility,"{""temperature"": 1.0}",2727,all,T1498.001 - Impact: Direct Network Flood,195
softmax_normalized_fragility_temp1.0,softmax_normalized_loo_fragility,"{""temperature"": 1.0}",2727,softmax_fragility,T1498.001 - Impact: Direct Network Flood,195
softmax_normalized_fragility_temp2.0,softmax_normalized_loo_fragility,"{""temperature"": 2.0}",2727,all,T1498.001 - Impact: Direct Network Flood,195
softmax_normalized_fragility_temp2.0,softmax_normalized_loo_fragility,"{""temperature"": 2.0}",2727,softmax_fragility,T1498.001 - Impact: Direct Network Flood,195
softmax_normalized_fragility_temp4.0,softmax_normalized_loo_fragility,"{""temperature"": 4.0}",2727,all,T1498.001 - Impact: Direct Network Flood,195
softmax_normalized_fragility_temp4.0,softmax_normalized_loo_fragility,"{""temperature"": 4.0}",2727,softmax_fragility,T1498.001 - Impact: Direct Network Flood,195
stochastic_normalized_fragility,stochastic_normalized_loo_fragility,{},2727,all,T1498.002 - Impact: Reflection/Amplification Attack,195
stochastic_normalized_fragility,stochastic_normalized_loo_fragility,{},2727,stochastic_fragility,T1498.002 - Impact: Reflection/Amplification Attack,195
uniform_positive_fragility,uniform_positive_loo_fragility,{},2727,all,T1498.002 - Impact: Reflection/Amplification Attack,195
uniform_positive_fragility,uniform_positive_loo_fragility,{},2727,uniform_positive_fragility,T1498.002 - Impact: Reflection/Amplification Attack,195
softmax_normalized_fragility_temp0.25,softmax_normalized_loo_fragility,"{""temperature"": 0.25}",2727,all,T1498.002 - Impact: Reflection/Amplification Attack,195
softmax_normalized_fragility_temp0.25,softmax_normalized_loo_fragility,"{""temperature"": 0.25}",2727,softmax_fragility,T1498.002 - Impact: Reflection/Amplification Attack,195
softmax_normalized_fragility_temp0.5,softmax_normalized_loo_fragility,"{""temperature"": 0.5}",2727,all,T1498.002 - Impact: Reflection/Amplification Attack,195
softmax_normalized_fragility_temp0.5,softmax_normalized_loo_fragility,"{""temperature"": 0.5}",2727,softmax_fragility,T1498.002 - Impact: Reflection/Amplification Attack,195
softmax_normalized_fragility_temp1.0,softmax_normalized_loo_fragility,"{""temperature"": 1.0}",2727,all,T1498.002 - Impact: Reflection/Amplification Attack,195
softmax_normalized_fragility_temp1.0,softmax_normalized_loo_fragility,"{""temperature"": 1.0}",2727,softmax_fragility,T1498.002 - Impact: Reflection/Amplification Attack,195
softmax_normalized_fragility_temp2.0,softmax_normalized_loo_fragility,"{""temperature"": 2.0}",2727,all,T1498.002 - Impact: Reflection/Amplification Attack,195
softmax_normalized_fragility_temp2.0,softmax_normalized_loo_fragility,"{""temperature"": 2.0}",2727,softmax_fragility,T1498.002 - Impact: Reflection/Amplification Attack,195
softmax_normalized_fragility_temp4.0,softmax_normalized_loo_fragility,"{""temperature"": 4.0}",2727,all,T1498.002 - Impact: Reflection/Amplification Attack,195
softmax_normalized_fragility_temp4.0,softmax_normalized_loo_fragility,"{""temperature"": 4.0}",2727,softmax_fragility,T1498.002 - Impact: Reflection/Amplification Attack,195
stochastic_normalized_fragility,stochastic_normalized_loo_fragility,{},2727,all,T1571 - Defense Evasion: Non-Standard Port,195
stochastic_normalized_fragility,stochastic_normalized_loo_fragility,{},2727,stochastic_fragility,T1571 - Defense Evasion: Non-Standard Port,195
uniform_positive_fragility,uniform_positive_loo_fragility,{},2727,all,T1571 - Defense Evasion: Non-Standard Port,195
uniform_positive_fragility,uniform_positive_loo_fragility,{},2727,uniform_positive_fragility,T1571 - Defense Evasion: Non-Standard Port,195
softmax_normalized_fragility_temp0.25,softmax_normalized_loo_fragility,"{""temperature"": 0.25}",2727,all,T1571 - Defense Evasion: Non-Standard Port,195
softmax_normalized_fragility_temp0.25,softmax_normalized_loo_fragility,"{""temperature"": 0.25}",2727,softmax_fragility,T1571 - Defense Evasion: Non-Standard Port,195
softmax_normalized_fragility_temp0.5,softmax_normalized_loo_fragility,"{""temperature"": 0.5}",2727,all,T1571 - Defense Evasion: Non-Standard Port,195
softmax_normalized_fragility_temp0.5,softmax_normalized_loo_fragility,"{""temperature"": 0.5}",2727,softmax_fragility,T1571 - Defense Evasion: Non-Standard Port,195
softmax_normalized_fragility_temp1.0,softmax_normalized_loo_fragility,"{""temperature"": 1.0}",2727,all,T1571 - Defense Evasion: Non-Standard Port,195
softmax_normalized_fragility_temp1.0,softmax_normalized_loo_fragility,"{""temperature"": 1.0}",2727,softmax_fragility,T1571 - Defense Evasion: Non-Standard Port,195
softmax_normalized_fragility_temp2.0,softmax_normalized_loo_fragility,"{""temperature"": 2.0}",2727,all,T1571 - Defense Evasion: Non-Standard Port,195
softmax_normalized_fragility_temp2.0,softmax_normalized_loo_fragility,"{""temperature"": 2.0}",2727,softmax_fragility,T1571 - Defense Evasion: Non-Standard Port,195
softmax_normalized_fragility_temp4.0,softmax_normalized_loo_fragility,"{""temperature"": 4.0}",2727,all,T1571 - Defense Evasion: Non-Standard Port,195
softmax_normalized_fragility_temp4.0,softmax_normalized_loo_fragility,"{""temperature"": 4.0}",2727,softmax_fragility,T1571 - Defense Evasion: Non-Standard Port,195
stochastic_normalized_fragility,stochastic_normalized_loo_fragility,{},2727,all,T1583.005 - Resource Development: Acquire Botnet,195
stochastic_normalized_fragility,stochastic_normalized_loo_fragility,{},2727,stochastic_fragility,T1583.005 - Resource Development: Acquire Botnet,195
uniform_positive_fragility,uniform_positive_loo_fragility,{},2727,all,T1583.005 - Resource Development: Acquire Botnet,195
uniform_positive_fragility,uniform_positive_loo_fragility,{},2727,uniform_positive_fragility,T1583.005 - Resource Development: Acquire Botnet,195
softmax_normalized_fragility_temp0.25,softmax_normalized_loo_fragility,"{""temperature"": 0.25}",2727,all,T1583.005 - Resource Development: Acquire Botnet,195
softmax_normalized_fragility_temp0.25,softmax_normalized_loo_fragility,"{""temperature"": 0.25}",2727,softmax_fragility,T1583.005 - Resource Development: Acquire Botnet,195
softmax_normalized_fragility_temp0.5,softmax_normalized_loo_fragility,"{""temperature"": 0.5}",2727,all,T1583.005 - Resource Development: Acquire Botnet,195
softmax_normalized_fragility_temp0.5,softmax_normalized_loo_fragility,"{""temperature"": 0.5}",2727,softmax_fragility,T1583.005 - Resource Development: Acquire Botnet,195
softmax_normalized_fragility_temp1.0,softmax_normalized_loo_fragility,"{""temperature"": 1.0}",2727,all,T1583.005 - Resource Development: Acquire Botnet,195
softmax_normalized_fragility_temp1.0,softmax_normalized_loo_fragility,"{""temperature"": 1.0}",2727,softmax_fragility,T1583.005 - Resource Development: Acquire Botnet,195
softmax_normalized_fragility_temp2.0,softmax_normalized_loo_fragility,"{""temperature"": 2.0}",2727,all,T1583.005 - Resource Development: Acquire Botnet,195
softmax_normalized_fragility_temp2.0,softmax_normalized_loo_fragility,"{""temperature"": 2.0}",2727,softmax_fragility,T1583.005 - Resource Development: Acquire Botnet,195
softmax_normalized_fragility_temp4.0,softmax_normalized_loo_fragility,"{""temperature"": 4.0}",2727,all,T1583.005 - Resource Development: Acquire Botnet,195
softmax_normalized_fragility_temp4.0,softmax_normalized_loo_fragility,"{""temperature"": 4.0}",2727,softmax_fragility,T1583.005 - Resource Development: Acquire Botnet,195
stochastic_normalized_fragility,stochastic_normalized_loo_fragility,{},2727,all,T1584.005 - Resource Development: Build/Compromise Botnet,194
stochastic_normalized_fragility,stochastic_normalized_loo_fragility,{},2727,stochastic_fragility,T1584.005 - Resource Development: Build/Compromise Botnet,194
uniform_positive_fragility,uniform_positive_loo_fragility,{},2727,all,T1584.005 - Resource Development: Build/Compromise Botnet,194
uniform_positive_fragility,uniform_positive_loo_fragility,{},2727,uniform_positive_fragility,T1584.005 - Resource Development: Build/Compromise Botnet,194
softmax_normalized_fragility_temp0.25,softmax_normalized_loo_fragility,"{""temperature"": 0.25}",2727,all,T1584.005 - Resource Development: Build/Compromise Botnet,194
softmax_normalized_fragility_temp0.25,softmax_normalized_loo_fragility,"{""temperature"": 0.25}",2727,softmax_fragility,T1584.005 - Resource Development: Build/Compromise Botnet,194
softmax_normalized_fragility_temp0.5,softmax_normalized_loo_fragility,"{""temperature"": 0.5}",2727,all,T1584.005 - Resource Development: Build/Compromise Botnet,194
softmax_normalized_fragility_temp0.5,softmax_normalized_loo_fragility,"{""temperature"": 0.5}",2727,softmax_fragility,T1584.005 - Resource Development: Build/Compromise Botnet,194
softmax_normalized_fragility_temp1.0,softmax_normalized_loo_fragility,"{""temperature"": 1.0}",2727,all,T1584.005 - Resource Development: Build/Compromise Botnet,194
softmax_normalized_fragility_temp1.0,softmax_normalized_loo_fragility,"{""temperature"": 1.0}",2727,softmax_fragility,T1584.005 - Resource Development: Build/Compromise Botnet,194
softmax_normalized_fragility_temp2.0,softmax_normalized_loo_fragility,"{""temperature"": 2.0}",2727,all,T1584.005 - Resource Development: Build/Compromise Botnet,194
softmax_normalized_fragility_temp2.0,softmax_normalized_loo_fragility,"{""temperature"": 2.0}",2727,softmax_fragility,T1584.005 - Resource Development: Build/Compromise Botnet,194
softmax_normalized_fragility_temp4.0,softmax_normalized_loo_fragility,"{""temperature"": 4.0}",2727,all,T1584.005 - Resource Development: Build/Compromise Botnet,194
softmax_normalized_fragility_temp4.0,softmax_normalized_loo_fragility,"{""temperature"": 4.0}",2727,softmax_fragility,T1584.005 - Resource Development: Build/Compromise Botnet,194
stochastic_normalized_fragility,stochastic_normalized_loo_fragility,{},2727,all,T1590 - Reconnaissance: Gather Victim Network Information,194
stochastic_normalized_fragility,stochastic_normalized_loo_fragility,{},2727,stochastic_fragility,T1590 - Reconnaissance: Gather Victim Network Information,194
uniform_positive_fragility,uniform_positive_loo_fragility,{},2727,all,T1590 - Reconnaissance: Gather Victim Network Information,194
uniform_positive_fragility,uniform_positive_loo_fragility,{},2727,uniform_positive_fragility,T1590 - Reconnaissance: Gather Victim Network Information,194
softmax_normalized_fragility_temp0.25,softmax_normalized_loo_fragility,"{""temperature"": 0.25}",2727,all,T1590 - Reconnaissance: Gather Victim Network Information,194
softmax_normalized_fragility_temp0.25,softmax_normalized_loo_fragility,"{""temperature"": 0.25}",2727,softmax_fragility,T1590 - Reconnaissance: Gather Victim Network Information,194
softmax_normalized_fragility_temp0.5,softmax_normalized_loo_fragility,"{""temperature"": 0.5}",2727,all,T1590 - Reconnaissance: Gather Victim Network Information,194
softmax_normalized_fragility_temp0.5,softmax_normalized_loo_fragility,"{""temperature"": 0.5}",2727,softmax_fragility,T1590 - Reconnaissance: Gather Victim Network Information,194
softmax_normalized_fragility_temp1.0,softmax_normalized_loo_fragility,"{""temperature"": 1.0}",2727,all,T1590 - Reconnaissance: Gather Victim Network Information,194
softmax_normalized_fragility_temp1.0,softmax_normalized_loo_fragility,"{""temperature"": 1.0}",2727,softmax_fragility,T1590 - Reconnaissance: Gather Victim Network Information,194
softmax_normalized_fragility_temp2.0,softmax_normalized_loo_fragility,"{""temperature"": 2.0}",2727,all,T1590 - Reconnaissance: Gather Victim Network Information,194
softmax_normalized_fragility_temp2.0,softmax_normalized_loo_fragility,"{""temperature"": 2.0}",2727,softmax_fragility,T1590 - Reconnaissance: Gather Victim Network Information,194
softmax_normalized_fragility_temp4.0,softmax_normalized_loo_fragility,"{""temperature"": 4.0}",2727,all,T1590 - Reconnaissance: Gather Victim Network Information,194
softmax_normalized_fragility_temp4.0,softmax_normalized_loo_fragility,"{""temperature"": 4.0}",2727,softmax_fragility,T1590 - Reconnaissance: Gather Victim Network Information,194
stochastic_normalized_fragility,stochastic_normalized_loo_fragility,{},2727,all,T1595 - Reconnaissance: Active Scanning,195
stochastic_normalized_fragility,stochastic_normalized_loo_fragility,{},2727,stochastic_fragility,T1595 - Reconnaissance: Active Scanning,195
uniform_positive_fragility,uniform_positive_loo_fragility,{},2727,all,T1595 - Reconnaissance: Active Scanning,195
uniform_positive_fragility,uniform_positive_loo_fragility,{},2727,uniform_positive_fragility,T1595 - Reconnaissance: Active Scanning,195
softmax_normalized_fragility_temp0.25,softmax_normalized_loo_fragility,"{""temperature"": 0.25}",2727,all,T1595 - Reconnaissance: Active Scanning,195
softmax_normalized_fragility_temp0.25,softmax_normalized_loo_fragility,"{""temperature"": 0.25}",2727,softmax_fragility,T1595 - Reconnaissance: Active Scanning,195
softmax_normalized_fragility_temp0.5,softmax_normalized_loo_fragility,"{""temperature"": 0.5}",2727,all,T1595 - Reconnaissance: Active Scanning,195
softmax_normalized_fragility_temp0.5,softmax_normalized_loo_fragility,"{""temperature"": 0.5}",2727,softmax_fragility,T1595 - Reconnaissance: Active Scanning,195
softmax_normalized_fragility_temp1.0,softmax_normalized_loo_fragility,"{""temperature"": 1.0}",2727,all,T1595 - Reconnaissance: Active Scanning,195
softmax_normalized_fragility_temp1.0,softmax_normalized_loo_fragility,"{""temperature"": 1.0}",2727,softmax_fragility,T1595 - Reconnaissance: Active Scanning,195
softmax_normalized_fragility_temp2.0,softmax_normalized_loo_fragility,"{""temperature"": 2.0}",2727,all,T1595 - Reconnaissance: Active Scanning,195
softmax_normalized_fragility_temp2.0,softmax_normalized_loo_fragility,"{""temperature"": 2.0}",2727,softmax_fragility,T1595 - Reconnaissance: Active Scanning,195
softmax_normalized_fragility_temp4.0,softmax_normalized_loo_fragility,"{""temperature"": 4.0}",2727,all,T1595 - Reconnaissance: Active Scanning,195
softmax_normalized_fragility_temp4.0,softmax_normalized_loo_fragility,"{""temperature"": 4.0}",2727,softmax_fragility,T1595 - Reconnaissance: Active Scanning,195
stochastic_normalized_fragility,stochastic_normalized_loo_fragility,{},2727,all,TA0011 - Command-and-Control,195
stochastic_normalized_fragility,stochastic_normalized_loo_fragility,{},2727,stochastic_fragility,TA0011 - Command-and-Control,195
uniform_positive_fragility,uniform_positive_loo_fragility,{},2727,all,TA0011 - Command-and-Control,195
uniform_positive_fragility,uniform_positive_loo_fragility,{},2727,uniform_positive_fragility,TA0011 - Command-and-Control,195
softmax_normalized_fragility_temp0.25,softmax_normalized_loo_fragility,"{""temperature"": 0.25}",2727,all,TA0011 - Command-and-Control,195
softmax_normalized_fragility_temp0.25,softmax_normalized_loo_fragility,"{""temperature"": 0.25}",2727,softmax_fragility,TA0011 - Command-and-Control,195
softmax_normalized_fragility_temp0.5,softmax_normalized_loo_fragility,"{""temperature"": 0.5}",2727,all,TA0011 - Command-and-Control,195
softmax_normalized_fragility_temp0.5,softmax_normalized_loo_fragility,"{""temperature"": 0.5}",2727,softmax_fragility,TA0011 - Command-and-Control,195
softmax_normalized_fragility_temp1.0,softmax_normalized_loo_fragility,"{""temperature"": 1.0}",2727,all,TA0011 - Command-and-Control,195
softmax_normalized_fragility_temp1.0,softmax_normalized_loo_fragility,"{""temperature"": 1.0}",2727,softmax_fragility,TA0011 - Command-and-Control,195
softmax_normalized_fragility_temp2.0,softmax_normalized_loo_fragility,"{""temperature"": 2.0}",2727,all,TA0011 - Command-and-Control,195
softmax_normalized_fragility_temp2.0,softmax_normalized_loo_fragility,"{""temperature"": 2.0}",2727,softmax_fragility,TA0011 - Command-and-Control,195
softmax_normalized_fragility_temp4.0,softmax_normalized_loo_fragility,"{""temperature"": 4.0}",2727,all,TA0011 - Command-and-Control,195
softmax_normalized_fragility_temp4.0,softmax_normalized_loo_fragility,"{""temperature"": 4.0}",2727,softmax_fragility,TA0011 - Command-and-Control,195
stochastic_normalized_fragility,stochastic_normalized_loo_fragility,{},2828,all,T1036 - Defense Evasion: Masquerading,195
stochastic_normalized_fragility,stochastic_normalized_loo_fragility,{},2828,stochastic_fragility,T1036 - Defense Evasion: Masquerading,195
uniform_positive_fragility,uniform_positive_loo_fragility,{},2828,all,T1036 - Defense Evasion: Masquerading,195
uniform_positive_fragility,uniform_positive_loo_fragility,{},2828,uniform_positive_fragility,T1036 - Defense Evasion: Masquerading,195
softmax_normalized_fragility_temp0.25,softmax_normalized_loo_fragility,"{""temperature"": 0.25}",2828,all,T1036 - Defense Evasion: Masquerading,195
softmax_normalized_fragility_temp0.25,softmax_normalized_loo_fragility,"{""temperature"": 0.25}",2828,softmax_fragility,T1036 - Defense Evasion: Masquerading,195
softmax_normalized_fragility_temp0.5,softmax_normalized_loo_fragility,"{""temperature"": 0.5}",2828,all,T1036 - Defense Evasion: Masquerading,195
softmax_normalized_fragility_temp0.5,softmax_normalized_loo_fragility,"{""temperature"": 0.5}",2828,softmax_fragility,T1036 - Defense Evasion: Masquerading,195
softmax_normalized_fragility_temp1.0,softmax_normalized_loo_fragility,"{""temperature"": 1.0}",2828,all,T1036 - Defense Evasion: Masquerading,195
softmax_normalized_fragility_temp1.0,softmax_normalized_loo_fragility,"{""temperature"": 1.0}",2828,softmax_fragility,T1036 - Defense Evasion: Masquerading,195
softmax_normalized_fragility_temp2.0,softmax_normalized_loo_fragility,"{""temperature"": 2.0}",2828,all,T1036 - Defense Evasion: Masquerading,195
softmax_normalized_fragility_temp2.0,softmax_normalized_loo_fragility,"{""temperature"": 2.0}",2828,softmax_fragility,T1036 - Defense Evasion: Masquerading,195
softmax_normalized_fragility_temp4.0,softmax_normalized_loo_fragility,"{""temperature"": 4.0}",2828,all,T1036 - Defense Evasion: Masquerading,195
softmax_normalized_fragility_temp4.0,softmax_normalized_loo_fragility,"{""temperature"": 4.0}",2828,softmax_fragility,T1036 - Defense Evasion: Masquerading,195
stochastic_normalized_fragility,stochastic_normalized_loo_fragility,{},2828,all,T1498.001 - Impact: Direct Network Flood,195
stochastic_normalized_fragility,stochastic_normalized_loo_fragility,{},2828,stochastic_fragility,T1498.001 - Impact: Direct Network Flood,195
uniform_positive_fragility,uniform_positive_loo_fragility,{},2828,all,T1498.001 - Impact: Direct Network Flood,195
uniform_positive_fragility,uniform_positive_loo_fragility,{},2828,uniform_positive_fragility,T1498.001 - Impact: Direct Network Flood,195
softmax_normalized_fragility_temp0.25,softmax_normalized_loo_fragility,"{""temperature"": 0.25}",2828,all,T1498.001 - Impact: Direct Network Flood,195
softmax_normalized_fragility_temp0.25,softmax_normalized_loo_fragility,"{""temperature"": 0.25}",2828,softmax_fragility,T1498.001 - Impact: Direct Network Flood,195
softmax_normalized_fragility_temp0.5,softmax_normalized_loo_fragility,"{""temperature"": 0.5}",2828,all,T1498.001 - Impact: Direct Network Flood,195
softmax_normalized_fragility_temp0.5,softmax_normalized_loo_fragility,"{""temperature"": 0.5}",2828,softmax_fragility,T1498.001 - Impact: Direct Network Flood,195
softmax_normalized_fragility_temp1.0,softmax_normalized_loo_fragility,"{""temperature"": 1.0}",2828,all,T1498.001 - Impact: Direct Network Flood,195
softmax_normalized_fragility_temp1.0,softmax_normalized_loo_fragility,"{""temperature"": 1.0}",2828,softmax_fragility,T1498.001 - Impact: Direct Network Flood,195
softmax_normalized_fragility_temp2.0,softmax_normalized_loo_fragility,"{""temperature"": 2.0}",2828,all,T1498.001 - Impact: Direct Network Flood,195
softmax_normalized_fragility_temp2.0,softmax_normalized_loo_fragility,"{""temperature"": 2.0}",2828,softmax_fragility,T1498.001 - Impact: Direct Network Flood,195
softmax_normalized_fragility_temp4.0,softmax_normalized_loo_fragility,"{""temperature"": 4.0}",2828,all,T1498.001 - Impact: Direct Network Flood,195
softmax_normalized_fragility_temp4.0,softmax_normalized_loo_fragility,"{""temperature"": 4.0}",2828,softmax_fragility,T1498.001 - Impact: Direct Network Flood,195
stochastic_normalized_fragility,stochastic_normalized_loo_fragility,{},2828,all,T1498.002 - Impact: Reflection/Amplification Attack,195
stochastic_normalized_fragility,stochastic_normalized_loo_fragility,{},2828,stochastic_fragility,T1498.002 - Impact: Reflection/Amplification Attack,195
uniform_positive_fragility,uniform_positive_loo_fragility,{},2828,all,T1498.002 - Impact: Reflection/Amplification Attack,195
uniform_positive_fragility,uniform_positive_loo_fragility,{},2828,uniform_positive_fragility,T1498.002 - Impact: Reflection/Amplification Attack,195
softmax_normalized_fragility_temp0.25,softmax_normalized_loo_fragility,"{""temperature"": 0.25}",2828,all,T1498.002 - Impact: Reflection/Amplification Attack,195
softmax_normalized_fragility_temp0.25,softmax_normalized_loo_fragility,"{""temperature"": 0.25}",2828,softmax_fragility,T1498.002 - Impact: Reflection/Amplification Attack,195
softmax_normalized_fragility_temp0.5,softmax_normalized_loo_fragility,"{""temperature"": 0.5}",2828,all,T1498.002 - Impact: Reflection/Amplification Attack,195
softmax_normalized_fragility_temp0.5,softmax_normalized_loo_fragility,"{""temperature"": 0.5}",2828,softmax_fragility,T1498.002 - Impact: Reflection/Amplification Attack,195
softmax_normalized_fragility_temp1.0,softmax_normalized_loo_fragility,"{""temperature"": 1.0}",2828,all,T1498.002 - Impact: Reflection/Amplification Attack,195
softmax_normalized_fragility_temp1.0,softmax_normalized_loo_fragility,"{""temperature"": 1.0}",2828,softmax_fragility,T1498.002 - Impact: Reflection/Amplification Attack,195
softmax_normalized_fragility_temp2.0,softmax_normalized_loo_fragility,"{""temperature"": 2.0}",2828,all,T1498.002 - Impact: Reflection/Amplification Attack,195
softmax_normalized_fragility_temp2.0,softmax_normalized_loo_fragility,"{""temperature"": 2.0}",2828,softmax_fragility,T1498.002 - Impact: Reflection/Amplification Attack,195
softmax_normalized_fragility_temp4.0,softmax_normalized_loo_fragility,"{""temperature"": 4.0}",2828,all,T1498.002 - Impact: Reflection/Amplification Attack,195
softmax_normalized_fragility_temp4.0,softmax_normalized_loo_fragility,"{""temperature"": 4.0}",2828,softmax_fragility,T1498.002 - Impact: Reflection/Amplification Attack,195
stochastic_normalized_fragility,stochastic_normalized_loo_fragility,{},2828,all,T1571 - Defense Evasion: Non-Standard Port,195
stochastic_normalized_fragility,stochastic_normalized_loo_fragility,{},2828,stochastic_fragility,T1571 - Defense Evasion: Non-Standard Port,195
uniform_positive_fragility,uniform_positive_loo_fragility,{},2828,all,T1571 - Defense Evasion: Non-Standard Port,195
uniform_positive_fragility,uniform_positive_loo_fragility,{},2828,uniform_positive_fragility,T1571 - Defense Evasion: Non-Standard Port,195
softmax_normalized_fragility_temp0.25,softmax_normalized_loo_fragility,"{""temperature"": 0.25}",2828,all,T1571 - Defense Evasion: Non-Standard Port,195
softmax_normalized_fragility_temp0.25,softmax_normalized_loo_fragility,"{""temperature"": 0.25}",2828,softmax_fragility,T1571 - Defense Evasion: Non-Standard Port,195
softmax_normalized_fragility_temp0.5,softmax_normalized_loo_fragility,"{""temperature"": 0.5}",2828,all,T1571 - Defense Evasion: Non-Standard Port,195
softmax_normalized_fragility_temp0.5,softmax_normalized_loo_fragility,"{""temperature"": 0.5}",2828,softmax_fragility,T1571 - Defense Evasion: Non-Standard Port,195
softmax_normalized_fragility_temp1.0,softmax_normalized_loo_fragility,"{""temperature"": 1.0}",2828,all,T1571 - Defense Evasion: Non-Standard Port,195
softmax_normalized_fragility_temp1.0,softmax_normalized_loo_fragility,"{""temperature"": 1.0}",2828,softmax_fragility,T1571 - Defense Evasion: Non-Standard Port,195
softmax_normalized_fragility_temp2.0,softmax_normalized_loo_fragility,"{""temperature"": 2.0}",2828,all,T1571 - Defense Evasion: Non-Standard Port,195
softmax_normalized_fragility_temp2.0,softmax_normalized_loo_fragility,"{""temperature"": 2.0}",2828,softmax_fragility,T1571 - Defense Evasion: Non-Standard Port,195
softmax_normalized_fragility_temp4.0,softmax_normalized_loo_fragility,"{""temperature"": 4.0}",2828,all,T1571 - Defense Evasion: Non-Standard Port,195
softmax_normalized_fragility_temp4.0,softmax_normalized_loo_fragility,"{""temperature"": 4.0}",2828,softmax_fragility,T1571 - Defense Evasion: Non-Standard Port,195
stochastic_normalized_fragility,stochastic_normalized_loo_fragility,{},2828,all,T1583.005 - Resource Development: Acquire Botnet,195
stochastic_normalized_fragility,stochastic_normalized_loo_fragility,{},2828,stochastic_fragility,T1583.005 - Resource Development: Acquire Botnet,195
uniform_positive_fragility,uniform_positive_loo_fragility,{},2828,all,T1583.005 - Resource Development: Acquire Botnet,195
uniform_positive_fragility,uniform_positive_loo_fragility,{},2828,uniform_positive_fragility,T1583.005 - Resource Development: Acquire Botnet,195
softmax_normalized_fragility_temp0.25,softmax_normalized_loo_fragility,"{""temperature"": 0.25}",2828,all,T1583.005 - Resource Development: Acquire Botnet,195
softmax_normalized_fragility_temp0.25,softmax_normalized_loo_fragility,"{""temperature"": 0.25}",2828,softmax_fragility,T1583.005 - Resource Development: Acquire Botnet,195
softmax_normalized_fragility_temp0.5,softmax_normalized_loo_fragility,"{""temperature"": 0.5}",2828,all,T1583.005 - Resource Development: Acquire Botnet,195
softmax_normalized_fragility_temp0.5,softmax_normalized_loo_fragility,"{""temperature"": 0.5}",2828,softmax_fragility,T1583.005 - Resource Development: Acquire Botnet,195
softmax_normalized_fragility_temp1.0,softmax_normalized_loo_fragility,"{""temperature"": 1.0}",2828,all,T1583.005 - Resource Development: Acquire Botnet,195
softmax_normalized_fragility_temp1.0,softmax_normalized_loo_fragility,"{""temperature"": 1.0}",2828,softmax_fragility,T1583.005 - Resource Development: Acquire Botnet,195
softmax_normalized_fragility_temp2.0,softmax_normalized_loo_fragility,"{""temperature"": 2.0}",2828,all,T1583.005 - Resource Development: Acquire Botnet,195
softmax_normalized_fragility_temp2.0,softmax_normalized_loo_fragility,"{""temperature"": 2.0}",2828,softmax_fragility,T1583.005 - Resource Development: Acquire Botnet,195
softmax_normalized_fragility_temp4.0,softmax_normalized_loo_fragility,"{""temperature"": 4.0}",2828,all,T1583.005 - Resource Development: Acquire Botnet,195
softmax_normalized_fragility_temp4.0,softmax_normalized_loo_fragility,"{""temperature"": 4.0}",2828,softmax_fragility,T1583.005 - Resource Development: Acquire Botnet,195
stochastic_normalized_fragility,stochastic_normalized_loo_fragility,{},2828,all,T1584.005 - Resource Development: Build/Compromise Botnet,194
stochastic_normalized_fragility,stochastic_normalized_loo_fragility,{},2828,stochastic_fragility,T1584.005 - Resource Development: Build/Compromise Botnet,194
uniform_positive_fragility,uniform_positive_loo_fragility,{},2828,all,T1584.005 - Resource Development: Build/Compromise Botnet,194
uniform_positive_fragility,uniform_positive_loo_fragility,{},2828,uniform_positive_fragility,T1584.005 - Resource Development: Build/Compromise Botnet,194
softmax_normalized_fragility_temp0.25,softmax_normalized_loo_fragility,"{""temperature"": 0.25}",2828,all,T1584.005 - Resource Development: Build/Compromise Botnet,194
softmax_normalized_fragility_temp0.25,softmax_normalized_loo_fragility,"{""temperature"": 0.25}",2828,softmax_fragility,T1584.005 - Resource Development: Build/Compromise Botnet,194
softmax_normalized_fragility_temp0.5,softmax_normalized_loo_fragility,"{""temperature"": 0.5}",2828,all,T1584.005 - Resource Development: Build/Compromise Botnet,194
softmax_normalized_fragility_temp0.5,softmax_normalized_loo_fragility,"{""temperature"": 0.5}",2828,softmax_fragility,T1584.005 - Resource Development: Build/Compromise Botnet,194
softmax_normalized_fragility_temp1.0,softmax_normalized_loo_fragility,"{""temperature"": 1.0}",2828,all,T1584.005 - Resource Development: Build/Compromise Botnet,194
softmax_normalized_fragility_temp1.0,softmax_normalized_loo_fragility,"{""temperature"": 1.0}",2828,softmax_fragility,T1584.005 - Resource Development: Build/Compromise Botnet,194
softmax_normalized_fragility_temp2.0,softmax_normalized_loo_fragility,"{""temperature"": 2.0}",2828,all,T1584.005 - Resource Development: Build/Compromise Botnet,194
softmax_normalized_fragility_temp2.0,softmax_normalized_loo_fragility,"{""temperature"": 2.0}",2828,softmax_fragility,T1584.005 - Resource Development: Build/Compromise Botnet,194
softmax_normalized_fragility_temp4.0,softmax_normalized_loo_fragility,"{""temperature"": 4.0}",2828,all,T1584.005 - Resource Development: Build/Compromise Botnet,194
softmax_normalized_fragility_temp4.0,softmax_normalized_loo_fragility,"{""temperature"": 4.0}",2828,softmax_fragility,T1584.005 - Resource Development: Build/Compromise Botnet,194
stochastic_normalized_fragility,stochastic_normalized_loo_fragility,{},2828,all,T1590 - Reconnaissance: Gather Victim Network Information,194
stochastic_normalized_fragility,stochastic_normalized_loo_fragility,{},2828,stochastic_fragility,T1590 - Reconnaissance: Gather Victim Network Information,194
uniform_positive_fragility,uniform_positive_loo_fragility,{},2828,all,T1590 - Reconnaissance: Gather Victim Network Information,194
uniform_positive_fragility,uniform_positive_loo_fragility,{},2828,uniform_positive_fragility,T1590 - Reconnaissance: Gather Victim Network Information,194
softmax_normalized_fragility_temp0.25,softmax_normalized_loo_fragility,"{""temperature"": 0.25}",2828,all,T1590 - Reconnaissance: Gather Victim Network Information,194
softmax_normalized_fragility_temp0.25,softmax_normalized_loo_fragility,"{""temperature"": 0.25}",2828,softmax_fragility,T1590 - Reconnaissance: Gather Victim Network Information,194
softmax_normalized_fragility_temp0.5,softmax_normalized_loo_fragility,"{""temperature"": 0.5}",2828,all,T1590 - Reconnaissance: Gather Victim Network Information,194
softmax_normalized_fragility_temp0.5,softmax_normalized_loo_fragility,"{""temperature"": 0.5}",2828,softmax_fragility,T1590 - Reconnaissance: Gather Victim Network Information,194
softmax_normalized_fragility_temp1.0,softmax_normalized_loo_fragility,"{""temperature"": 1.0}",2828,all,T1590 - Reconnaissance: Gather Victim Network Information,194
softmax_normalized_fragility_temp1.0,softmax_normalized_loo_fragility,"{""temperature"": 1.0}",2828,softmax_fragility,T1590 - Reconnaissance: Gather Victim Network Information,194
softmax_normalized_fragility_temp2.0,softmax_normalized_loo_fragility,"{""temperature"": 2.0}",2828,all,T1590 - Reconnaissance: Gather Victim Network Information,194
softmax_normalized_fragility_temp2.0,softmax_normalized_loo_fragility,"{""temperature"": 2.0}",2828,softmax_fragility,T1590 - Reconnaissance: Gather Victim Network Information,194
softmax_normalized_fragility_temp4.0,softmax_normalized_loo_fragility,"{""temperature"": 4.0}",2828,all,T1590 - Reconnaissance: Gather Victim Network Information,194
softmax_normalized_fragility_temp4.0,softmax_normalized_loo_fragility,"{""temperature"": 4.0}",2828,softmax_fragility,T1590 - Reconnaissance: Gather Victim Network Information,194
stochastic_normalized_fragility,stochastic_normalized_loo_fragility,{},2828,all,T1595 - Reconnaissance: Active Scanning,195
stochastic_normalized_fragility,stochastic_normalized_loo_fragility,{},2828,stochastic_fragility,T1595 - Reconnaissance: Active Scanning,195
uniform_positive_fragility,uniform_positive_loo_fragility,{},2828,all,T1595 - Reconnaissance: Active Scanning,195
uniform_positive_fragility,uniform_positive_loo_fragility,{},2828,uniform_positive_fragility,T1595 - Reconnaissance: Active Scanning,195
softmax_normalized_fragility_temp0.25,softmax_normalized_loo_fragility,"{""temperature"": 0.25}",2828,all,T1595 - Reconnaissance: Active Scanning,195
softmax_normalized_fragility_temp0.25,softmax_normalized_loo_fragility,"{""temperature"": 0.25}",2828,softmax_fragility,T1595 - Reconnaissance: Active Scanning,195
softmax_normalized_fragility_temp0.5,softmax_normalized_loo_fragility,"{""temperature"": 0.5}",2828,all,T1595 - Reconnaissance: Active Scanning,195
softmax_normalized_fragility_temp0.5,softmax_normalized_loo_fragility,"{""temperature"": 0.5}",2828,softmax_fragility,T1595 - Reconnaissance: Active Scanning,195
softmax_normalized_fragility_temp1.0,softmax_normalized_loo_fragility,"{""temperature"": 1.0}",2828,all,T1595 - Reconnaissance: Active Scanning,195
softmax_normalized_fragility_temp1.0,softmax_normalized_loo_fragility,"{""temperature"": 1.0}",2828,softmax_fragility,T1595 - Reconnaissance: Active Scanning,195
softmax_normalized_fragility_temp2.0,softmax_normalized_loo_fragility,"{""temperature"": 2.0}",2828,all,T1595 - Reconnaissance: Active Scanning,195
softmax_normalized_fragility_temp2.0,softmax_normalized_loo_fragility,"{""temperature"": 2.0}",2828,softmax_fragility,T1595 - Reconnaissance: Active Scanning,195
softmax_normalized_fragility_temp4.0,softmax_normalized_loo_fragility,"{""temperature"": 4.0}",2828,all,T1595 - Reconnaissance: Active Scanning,195
softmax_normalized_fragility_temp4.0,softmax_normalized_loo_fragility,"{""temperature"": 4.0}",2828,softmax_fragility,T1595 - Reconnaissance: Active Scanning,195
stochastic_normalized_fragility,stochastic_normalized_loo_fragility,{},2828,all,TA0011 - Command-and-Control,195
stochastic_normalized_fragility,stochastic_normalized_loo_fragility,{},2828,stochastic_fragility,TA0011 - Command-and-Control,195
uniform_positive_fragility,uniform_positive_loo_fragility,{},2828,all,TA0011 - Command-and-Control,195
uniform_positive_fragility,uniform_positive_loo_fragility,{},2828,uniform_positive_fragility,TA0011 - Command-and-Control,195
softmax_normalized_fragility_temp0.25,softmax_normalized_loo_fragility,"{""temperature"": 0.25}",2828,all,TA0011 - Command-and-Control,195
softmax_normalized_fragility_temp0.25,softmax_normalized_loo_fragility,"{""temperature"": 0.25}",2828,softmax_fragility,TA0011 - Command-and-Control,195
softmax_normalized_fragility_temp0.5,softmax_normalized_loo_fragility,"{""temperature"": 0.5}",2828,all,TA0011 - Command-and-Control,195
softmax_normalized_fragility_temp0.5,softmax_normalized_loo_fragility,"{""temperature"": 0.5}",2828,softmax_fragility,TA0011 - Command-and-Control,195
softmax_normalized_fragility_temp1.0,softmax_normalized_loo_fragility,"{""temperature"": 1.0}",2828,all,TA0011 - Command-and-Control,195
softmax_normalized_fragility_temp1.0,softmax_normalized_loo_fragility,"{""temperature"": 1.0}",2828,softmax_fragility,TA0011 - Command-and-Control,195
softmax_normalized_fragility_temp2.0,softmax_normalized_loo_fragility,"{""temperature"": 2.0}",2828,all,TA0011 - Command-and-Control,195
softmax_normalized_fragility_temp2.0,softmax_normalized_loo_fragility,"{""temperature"": 2.0}",2828,softmax_fragility,TA0011 - Command-and-Control,195
softmax_normalized_fragility_temp4.0,softmax_normalized_loo_fragility,"{""temperature"": 4.0}",2828,all,TA0011 - Command-and-Control,195
softmax_normalized_fragility_temp4.0,softmax_normalized_loo_fragility,"{""temperature"": 4.0}",2828,softmax_fragility,TA0011 - Command-and-Control,195
stochastic_normalized_fragility,stochastic_normalized_loo_fragility,{},2929,all,T1036 - Defense Evasion: Masquerading,195
stochastic_normalized_fragility,stochastic_normalized_loo_fragility,{},2929,stochastic_fragility,T1036 - Defense Evasion: Masquerading,195
uniform_positive_fragility,uniform_positive_loo_fragility,{},2929,all,T1036 - Defense Evasion: Masquerading,195
uniform_positive_fragility,uniform_positive_loo_fragility,{},2929,uniform_positive_fragility,T1036 - Defense Evasion: Masquerading,195
softmax_normalized_fragility_temp0.25,softmax_normalized_loo_fragility,"{""temperature"": 0.25}",2929,all,T1036 - Defense Evasion: Masquerading,195
softmax_normalized_fragility_temp0.25,softmax_normalized_loo_fragility,"{""temperature"": 0.25}",2929,softmax_fragility,T1036 - Defense Evasion: Masquerading,195
softmax_normalized_fragility_temp0.5,softmax_normalized_loo_fragility,"{""temperature"": 0.5}",2929,all,T1036 - Defense Evasion: Masquerading,195
softmax_normalized_fragility_temp0.5,softmax_normalized_loo_fragility,"{""temperature"": 0.5}",2929,softmax_fragility,T1036 - Defense Evasion: Masquerading,195
softmax_normalized_fragility_temp1.0,softmax_normalized_loo_fragility,"{""temperature"": 1.0}",2929,all,T1036 - Defense Evasion: Masquerading,195
softmax_normalized_fragility_temp1.0,softmax_normalized_loo_fragility,"{""temperature"": 1.0}",2929,softmax_fragility,T1036 - Defense Evasion: Masquerading,195
softmax_normalized_fragility_temp2.0,softmax_normalized_loo_fragility,"{""temperature"": 2.0}",2929,all,T1036 - Defense Evasion: Masquerading,195
softmax_normalized_fragility_temp2.0,softmax_normalized_loo_fragility,"{""temperature"": 2.0}",2929,softmax_fragility,T1036 - Defense Evasion: Masquerading,195
softmax_normalized_fragility_temp4.0,softmax_normalized_loo_fragility,"{""temperature"": 4.0}",2929,all,T1036 - Defense Evasion: Masquerading,195
softmax_normalized_fragility_temp4.0,softmax_normalized_loo_fragility,"{""temperature"": 4.0}",2929,softmax_fragility,T1036 - Defense Evasion: Masquerading,195
stochastic_normalized_fragility,stochastic_normalized_loo_fragility,{},2929,all,T1498.001 - Impact: Direct Network Flood,195
stochastic_normalized_fragility,stochastic_normalized_loo_fragility,{},2929,stochastic_fragility,T1498.001 - Impact: Direct Network Flood,195
uniform_positive_fragility,uniform_positive_loo_fragility,{},2929,all,T1498.001 - Impact: Direct Network Flood,195
uniform_positive_fragility,uniform_positive_loo_fragility,{},2929,uniform_positive_fragility,T1498.001 - Impact: Direct Network Flood,195
softmax_normalized_fragility_temp0.25,softmax_normalized_loo_fragility,"{""temperature"": 0.25}",2929,all,T1498.001 - Impact: Direct Network Flood,195
softmax_normalized_fragility_temp0.25,softmax_normalized_loo_fragility,"{""temperature"": 0.25}",2929,softmax_fragility,T1498.001 - Impact: Direct Network Flood,195
softmax_normalized_fragility_temp0.5,softmax_normalized_loo_fragility,"{""temperature"": 0.5}",2929,all,T1498.001 - Impact: Direct Network Flood,195
softmax_normalized_fragility_temp0.5,softmax_normalized_loo_fragility,"{""temperature"": 0.5}",2929,softmax_fragility,T1498.001 - Impact: Direct Network Flood,195
softmax_normalized_fragility_temp1.0,softmax_normalized_loo_fragility,"{""temperature"": 1.0}",2929,all,T1498.001 - Impact: Direct Network Flood,195
softmax_normalized_fragility_temp1.0,softmax_normalized_loo_fragility,"{""temperature"": 1.0}",2929,softmax_fragility,T1498.001 - Impact: Direct Network Flood,195
softmax_normalized_fragility_temp2.0,softmax_normalized_loo_fragility,"{""temperature"": 2.0}",2929,all,T1498.001 - Impact: Direct Network Flood,195
softmax_normalized_fragility_temp2.0,softmax_normalized_loo_fragility,"{""temperature"": 2.0}",2929,softmax_fragility,T1498.001 - Impact: Direct Network Flood,195
softmax_normalized_fragility_temp4.0,softmax_normalized_loo_fragility,"{""temperature"": 4.0}",2929,all,T1498.001 - Impact: Direct Network Flood,195
softmax_normalized_fragility_temp4.0,softmax_normalized_loo_fragility,"{""temperature"": 4.0}",2929,softmax_fragility,T1498.001 - Impact: Direct Network Flood,195
stochastic_normalized_fragility,stochastic_normalized_loo_fragility,{},2929,all,T1498.002 - Impact: Reflection/Amplification Attack,195
stochastic_normalized_fragility,stochastic_normalized_loo_fragility,{},2929,stochastic_fragility,T1498.002 - Impact: Reflection/Amplification Attack,195
uniform_positive_fragility,uniform_positive_loo_fragility,{},2929,all,T1498.002 - Impact: Reflection/Amplification Attack,195
uniform_positive_fragility,uniform_positive_loo_fragility,{},2929,uniform_positive_fragility,T1498.002 - Impact: Reflection/Amplification Attack,195
softmax_normalized_fragility_temp0.25,softmax_normalized_loo_fragility,"{""temperature"": 0.25}",2929,all,T1498.002 - Impact: Reflection/Amplification Attack,195
softmax_normalized_fragility_temp0.25,softmax_normalized_loo_fragility,"{""temperature"": 0.25}",2929,softmax_fragility,T1498.002 - Impact: Reflection/Amplification Attack,195
softmax_normalized_fragility_temp0.5,softmax_normalized_loo_fragility,"{""temperature"": 0.5}",2929,all,T1498.002 - Impact: Reflection/Amplification Attack,195
softmax_normalized_fragility_temp0.5,softmax_normalized_loo_fragility,"{""temperature"": 0.5}",2929,softmax_fragility,T1498.002 - Impact: Reflection/Amplification Attack,195
softmax_normalized_fragility_temp1.0,softmax_normalized_loo_fragility,"{""temperature"": 1.0}",2929,all,T1498.002 - Impact: Reflection/Amplification Attack,195
softmax_normalized_fragility_temp1.0,softmax_normalized_loo_fragility,"{""temperature"": 1.0}",2929,softmax_fragility,T1498.002 - Impact: Reflection/Amplification Attack,195
softmax_normalized_fragility_temp2.0,softmax_normalized_loo_fragility,"{""temperature"": 2.0}",2929,all,T1498.002 - Impact: Reflection/Amplification Attack,195
softmax_normalized_fragility_temp2.0,softmax_normalized_loo_fragility,"{""temperature"": 2.0}",2929,softmax_fragility,T1498.002 - Impact: Reflection/Amplification Attack,195
softmax_normalized_fragility_temp4.0,softmax_normalized_loo_fragility,"{""temperature"": 4.0}",2929,all,T1498.002 - Impact: Reflection/Amplification Attack,195
softmax_normalized_fragility_temp4.0,softmax_normalized_loo_fragility,"{""temperature"": 4.0}",2929,softmax_fragility,T1498.002 - Impact: Reflection/Amplification Attack,195
stochastic_normalized_fragility,stochastic_normalized_loo_fragility,{},2929,all,T1571 - Defense Evasion: Non-Standard Port,195
stochastic_normalized_fragility,stochastic_normalized_loo_fragility,{},2929,stochastic_fragility,T1571 - Defense Evasion: Non-Standard Port,195
uniform_positive_fragility,uniform_positive_loo_fragility,{},2929,all,T1571 - Defense Evasion: Non-Standard Port,195
uniform_positive_fragility,uniform_positive_loo_fragility,{},2929,uniform_positive_fragility,T1571 - Defense Evasion: Non-Standard Port,195
softmax_normalized_fragility_temp0.25,softmax_normalized_loo_fragility,"{""temperature"": 0.25}",2929,all,T1571 - Defense Evasion: Non-Standard Port,195
softmax_normalized_fragility_temp0.25,softmax_normalized_loo_fragility,"{""temperature"": 0.25}",2929,softmax_fragility,T1571 - Defense Evasion: Non-Standard Port,195
softmax_normalized_fragility_temp0.5,softmax_normalized_loo_fragility,"{""temperature"": 0.5}",2929,all,T1571 - Defense Evasion: Non-Standard Port,195
softmax_normalized_fragility_temp0.5,softmax_normalized_loo_fragility,"{""temperature"": 0.5}",2929,softmax_fragility,T1571 - Defense Evasion: Non-Standard Port,195
softmax_normalized_fragility_temp1.0,softmax_normalized_loo_fragility,"{""temperature"": 1.0}",2929,all,T1571 - Defense Evasion: Non-Standard Port,195
softmax_normalized_fragility_temp1.0,softmax_normalized_loo_fragility,"{""temperature"": 1.0}",2929,softmax_fragility,T1571 - Defense Evasion: Non-Standard Port,195
softmax_normalized_fragility_temp2.0,softmax_normalized_loo_fragility,"{""temperature"": 2.0}",2929,all,T1571 - Defense Evasion: Non-Standard Port,195
softmax_normalized_fragility_temp2.0,softmax_normalized_loo_fragility,"{""temperature"": 2.0}",2929,softmax_fragility,T1571 - Defense Evasion: Non-Standard Port,195
softmax_normalized_fragility_temp4.0,softmax_normalized_loo_fragility,"{""temperature"": 4.0}",2929,all,T1571 - Defense Evasion: Non-Standard Port,195
softmax_normalized_fragility_temp4.0,softmax_normalized_loo_fragility,"{""temperature"": 4.0}",2929,softmax_fragility,T1571 - Defense Evasion: Non-Standard Port,195
stochastic_normalized_fragility,stochastic_normalized_loo_fragility,{},2929,all,T1583.005 - Resource Development: Acquire Botnet,195
stochastic_normalized_fragility,stochastic_normalized_loo_fragility,{},2929,stochastic_fragility,T1583.005 - Resource Development: Acquire Botnet,195
uniform_positive_fragility,uniform_positive_loo_fragility,{},2929,all,T1583.005 - Resource Development: Acquire Botnet,195
uniform_positive_fragility,uniform_positive_loo_fragility,{},2929,uniform_positive_fragility,T1583.005 - Resource Development: Acquire Botnet,195
softmax_normalized_fragility_temp0.25,softmax_normalized_loo_fragility,"{""temperature"": 0.25}",2929,all,T1583.005 - Resource Development: Acquire Botnet,195
softmax_normalized_fragility_temp0.25,softmax_normalized_loo_fragility,"{""temperature"": 0.25}",2929,softmax_fragility,T1583.005 - Resource Development: Acquire Botnet,195
softmax_normalized_fragility_temp0.5,softmax_normalized_loo_fragility,"{""temperature"": 0.5}",2929,all,T1583.005 - Resource Development: Acquire Botnet,195
softmax_normalized_fragility_temp0.5,softmax_normalized_loo_fragility,"{""temperature"": 0.5}",2929,softmax_fragility,T1583.005 - Resource Development: Acquire Botnet,195
softmax_normalized_fragility_temp1.0,softmax_normalized_loo_fragility,"{""temperature"": 1.0}",2929,all,T1583.005 - Resource Development: Acquire Botnet,195
softmax_normalized_fragility_temp1.0,softmax_normalized_loo_fragility,"{""temperature"": 1.0}",2929,softmax_fragility,T1583.005 - Resource Development: Acquire Botnet,195
softmax_normalized_fragility_temp2.0,softmax_normalized_loo_fragility,"{""temperature"": 2.0}",2929,all,T1583.005 - Resource Development: Acquire Botnet,195
softmax_normalized_fragility_temp2.0,softmax_normalized_loo_fragility,"{""temperature"": 2.0}",2929,softmax_fragility,T1583.005 - Resource Development: Acquire Botnet,195
softmax_normalized_fragility_temp4.0,softmax_normalized_loo_fragility,"{""temperature"": 4.0}",2929,all,T1583.005 - Resource Development: Acquire Botnet,195
softmax_normalized_fragility_temp4.0,softmax_normalized_loo_fragility,"{""temperature"": 4.0}",2929,softmax_fragility,T1583.005 - Resource Development: Acquire Botnet,195
stochastic_normalized_fragility,stochastic_normalized_loo_fragility,{},2929,all,T1584.005 - Resource Development: Build/Compromise Botnet,194
stochastic_normalized_fragility,stochastic_normalized_loo_fragility,{},2929,stochastic_fragility,T1584.005 - Resource Development: Build/Compromise Botnet,194
uniform_positive_fragility,uniform_positive_loo_fragility,{},2929,all,T1584.005 - Resource Development: Build/Compromise Botnet,194
uniform_positive_fragility,uniform_positive_loo_fragility,{},2929,uniform_positive_fragility,T1584.005 - Resource Development: Build/Compromise Botnet,194
softmax_normalized_fragility_temp0.25,softmax_normalized_loo_fragility,"{""temperature"": 0.25}",2929,all,T1584.005 - Resource Development: Build/Compromise Botnet,194
softmax_normalized_fragility_temp0.25,softmax_normalized_loo_fragility,"{""temperature"": 0.25}",2929,softmax_fragility,T1584.005 - Resource Development: Build/Compromise Botnet,194
softmax_normalized_fragility_temp0.5,softmax_normalized_loo_fragility,"{""temperature"": 0.5}",2929,all,T1584.005 - Resource Development: Build/Compromise Botnet,194
softmax_normalized_fragility_temp0.5,softmax_normalized_loo_fragility,"{""temperature"": 0.5}",2929,softmax_fragility,T1584.005 - Resource Development: Build/Compromise Botnet,194
softmax_normalized_fragility_temp1.0,softmax_normalized_loo_fragility,"{""temperature"": 1.0}",2929,all,T1584.005 - Resource Development: Build/Compromise Botnet,194
softmax_normalized_fragility_temp1.0,softmax_normalized_loo_fragility,"{""temperature"": 1.0}",2929,softmax_fragility,T1584.005 - Resource Development: Build/Compromise Botnet,194
softmax_normalized_fragility_temp2.0,softmax_normalized_loo_fragility,"{""temperature"": 2.0}",2929,all,T1584.005 - Resource Development: Build/Compromise Botnet,194
softmax_normalized_fragility_temp2.0,softmax_normalized_loo_fragility,"{""temperature"": 2.0}",2929,softmax_fragility,T1584.005 - Resource Development: Build/Compromise Botnet,194
softmax_normalized_fragility_temp4.0,softmax_normalized_loo_fragility,"{""temperature"": 4.0}",2929,all,T1584.005 - Resource Development: Build/Compromise Botnet,194
softmax_normalized_fragility_temp4.0,softmax_normalized_loo_fragility,"{""temperature"": 4.0}",2929,softmax_fragility,T1584.005 - Resource Development: Build/Compromise Botnet,194
stochastic_normalized_fragility,stochastic_normalized_loo_fragility,{},2929,all,T1590 - Reconnaissance: Gather Victim Network Information,194
stochastic_normalized_fragility,stochastic_normalized_loo_fragility,{},2929,stochastic_fragility,T1590 - Reconnaissance: Gather Victim Network Information,194
uniform_positive_fragility,uniform_positive_loo_fragility,{},2929,all,T1590 - Reconnaissance: Gather Victim Network Information,194
uniform_positive_fragility,uniform_positive_loo_fragility,{},2929,uniform_positive_fragility,T1590 - Reconnaissance: Gather Victim Network Information,194
softmax_normalized_fragility_temp0.25,softmax_normalized_loo_fragility,"{""temperature"": 0.25}",2929,all,T1590 - Reconnaissance: Gather Victim Network Information,194
softmax_normalized_fragility_temp0.25,softmax_normalized_loo_fragility,"{""temperature"": 0.25}",2929,softmax_fragility,T1590 - Reconnaissance: Gather Victim Network Information,194
softmax_normalized_fragility_temp0.5,softmax_normalized_loo_fragility,"{""temperature"": 0.5}",2929,all,T1590 - Reconnaissance: Gather Victim Network Information,194
softmax_normalized_fragility_temp0.5,softmax_normalized_loo_fragility,"{""temperature"": 0.5}",2929,softmax_fragility,T1590 - Reconnaissance: Gather Victim Network Information,194
softmax_normalized_fragility_temp1.0,softmax_normalized_loo_fragility,"{""temperature"": 1.0}",2929,all,T1590 - Reconnaissance: Gather Victim Network Information,194
softmax_normalized_fragility_temp1.0,softmax_normalized_loo_fragility,"{""temperature"": 1.0}",2929,softmax_fragility,T1590 - Reconnaissance: Gather Victim Network Information,194
softmax_normalized_fragility_temp2.0,softmax_normalized_loo_fragility,"{""temperature"": 2.0}",2929,all,T1590 - Reconnaissance: Gather Victim Network Information,194
softmax_normalized_fragility_temp2.0,softmax_normalized_loo_fragility,"{""temperature"": 2.0}",2929,softmax_fragility,T1590 - Reconnaissance: Gather Victim Network Information,194
softmax_normalized_fragility_temp4.0,softmax_normalized_loo_fragility,"{""temperature"": 4.0}",2929,all,T1590 - Reconnaissance: Gather Victim Network Information,194
softmax_normalized_fragility_temp4.0,softmax_normalized_loo_fragility,"{""temperature"": 4.0}",2929,softmax_fragility,T1590 - Reconnaissance: Gather Victim Network Information,194
stochastic_normalized_fragility,stochastic_normalized_loo_fragility,{},2929,all,T1595 - Reconnaissance: Active Scanning,195
stochastic_normalized_fragility,stochastic_normalized_loo_fragility,{},2929,stochastic_fragility,T1595 - Reconnaissance: Active Scanning,195
uniform_positive_fragility,uniform_positive_loo_fragility,{},2929,all,T1595 - Reconnaissance: Active Scanning,195
uniform_positive_fragility,uniform_positive_loo_fragility,{},2929,uniform_positive_fragility,T1595 - Reconnaissance: Active Scanning,195
softmax_normalized_fragility_temp0.25,softmax_normalized_loo_fragility,"{""temperature"": 0.25}",2929,all,T1595 - Reconnaissance: Active Scanning,195
softmax_normalized_fragility_temp0.25,softmax_normalized_loo_fragility,"{""temperature"": 0.25}",2929,softmax_fragility,T1595 - Reconnaissance: Active Scanning,195
softmax_normalized_fragility_temp0.5,softmax_normalized_loo_fragility,"{""temperature"": 0.5}",2929,all,T1595 - Reconnaissance: Active Scanning,195
softmax_normalized_fragility_temp0.5,softmax_normalized_loo_fragility,"{""temperature"": 0.5}",2929,softmax_fragility,T1595 - Reconnaissance: Active Scanning,195
softmax_normalized_fragility_temp1.0,softmax_normalized_loo_fragility,"{""temperature"": 1.0}",2929,all,T1595 - Reconnaissance: Active Scanning,195
softmax_normalized_fragility_temp1.0,softmax_normalized_loo_fragility,"{""temperature"": 1.0}",2929,softmax_fragility,T1595 - Reconnaissance: Active Scanning,195
softmax_normalized_fragility_temp2.0,softmax_normalized_loo_fragility,"{""temperature"": 2.0}",2929,all,T1595 - Reconnaissance: Active Scanning,195
softmax_normalized_fragility_temp2.0,softmax_normalized_loo_fragility,"{""temperature"": 2.0}",2929,softmax_fragility,T1595 - Reconnaissance: Active Scanning,195
softmax_normalized_fragility_temp4.0,softmax_normalized_loo_fragility,"{""temperature"": 4.0}",2929,all,T1595 - Reconnaissance: Active Scanning,195
softmax_normalized_fragility_temp4.0,softmax_normalized_loo_fragility,"{""temperature"": 4.0}",2929,softmax_fragility,T1595 - Reconnaissance: Active Scanning,195
stochastic_normalized_fragility,stochastic_normalized_loo_fragility,{},2929,all,TA0011 - Command-and-Control,195
stochastic_normalized_fragility,stochastic_normalized_loo_fragility,{},2929,stochastic_fragility,TA0011 - Command-and-Control,195
uniform_positive_fragility,uniform_positive_loo_fragility,{},2929,all,TA0011 - Command-and-Control,195
uniform_positive_fragility,uniform_positive_loo_fragility,{},2929,uniform_positive_fragility,TA0011 - Command-and-Control,195
softmax_normalized_fragility_temp0.25,softmax_normalized_loo_fragility,"{""temperature"": 0.25}",2929,all,TA0011 - Command-and-Control,195
softmax_normalized_fragility_temp0.25,softmax_normalized_loo_fragility,"{""temperature"": 0.25}",2929,softmax_fragility,TA0011 - Command-and-Control,195
softmax_normalized_fragility_temp0.5,softmax_normalized_loo_fragility,"{""temperature"": 0.5}",2929,all,TA0011 - Command-and-Control,195
softmax_normalized_fragility_temp0.5,softmax_normalized_loo_fragility,"{""temperature"": 0.5}",2929,softmax_fragility,TA0011 - Command-and-Control,195
softmax_normalized_fragility_temp1.0,softmax_normalized_loo_fragility,"{""temperature"": 1.0}",2929,all,TA0011 - Command-and-Control,195
softmax_normalized_fragility_temp1.0,softmax_normalized_loo_fragility,"{""temperature"": 1.0}",2929,softmax_fragility,TA0011 - Command-and-Control,195
softmax_normalized_fragility_temp2.0,softmax_normalized_loo_fragility,"{""temperature"": 2.0}",2929,all,TA0011 - Command-and-Control,195
softmax_normalized_fragility_temp2.0,softmax_normalized_loo_fragility,"{""temperature"": 2.0}",2929,softmax_fragility,TA0011 - Command-and-Control,195
softmax_normalized_fragility_temp4.0,softmax_normalized_loo_fragility,"{""temperature"": 4.0}",2929,all,TA0011 - Command-and-Control,195
softmax_normalized_fragility_temp4.0,softmax_normalized_loo_fragility,"{""temperature"": 4.0}",2929,softmax_fragility,TA0011 - Command-and-Control,195
stochastic_normalized_fragility,stochastic_normalized_loo_fragility,{},3030,all,T1036 - Defense Evasion: Masquerading,195
stochastic_normalized_fragility,stochastic_normalized_loo_fragility,{},3030,stochastic_fragility,T1036 - Defense Evasion: Masquerading,195
uniform_positive_fragility,uniform_positive_loo_fragility,{},3030,all,T1036 - Defense Evasion: Masquerading,195
uniform_positive_fragility,uniform_positive_loo_fragility,{},3030,uniform_positive_fragility,T1036 - Defense Evasion: Masquerading,195
softmax_normalized_fragility_temp0.25,softmax_normalized_loo_fragility,"{""temperature"": 0.25}",3030,all,T1036 - Defense Evasion: Masquerading,195
softmax_normalized_fragility_temp0.25,softmax_normalized_loo_fragility,"{""temperature"": 0.25}",3030,softmax_fragility,T1036 - Defense Evasion: Masquerading,195
softmax_normalized_fragility_temp0.5,softmax_normalized_loo_fragility,"{""temperature"": 0.5}",3030,all,T1036 - Defense Evasion: Masquerading,195
softmax_normalized_fragility_temp0.5,softmax_normalized_loo_fragility,"{""temperature"": 0.5}",3030,softmax_fragility,T1036 - Defense Evasion: Masquerading,195
softmax_normalized_fragility_temp1.0,softmax_normalized_loo_fragility,"{""temperature"": 1.0}",3030,all,T1036 - Defense Evasion: Masquerading,195
softmax_normalized_fragility_temp1.0,softmax_normalized_loo_fragility,"{""temperature"": 1.0}",3030,softmax_fragility,T1036 - Defense Evasion: Masquerading,195
softmax_normalized_fragility_temp2.0,softmax_normalized_loo_fragility,"{""temperature"": 2.0}",3030,all,T1036 - Defense Evasion: Masquerading,195
softmax_normalized_fragility_temp2.0,softmax_normalized_loo_fragility,"{""temperature"": 2.0}",3030,softmax_fragility,T1036 - Defense Evasion: Masquerading,195
softmax_normalized_fragility_temp4.0,softmax_normalized_loo_fragility,"{""temperature"": 4.0}",3030,all,T1036 - Defense Evasion: Masquerading,195
softmax_normalized_fragility_temp4.0,softmax_normalized_loo_fragility,"{""temperature"": 4.0}",3030,softmax_fragility,T1036 - Defense Evasion: Masquerading,195
stochastic_normalized_fragility,stochastic_normalized_loo_fragility,{},3030,all,T1498.001 - Impact: Direct Network Flood,195
stochastic_normalized_fragility,stochastic_normalized_loo_fragility,{},3030,stochastic_fragility,T1498.001 - Impact: Direct Network Flood,195
uniform_positive_fragility,uniform_positive_loo_fragility,{},3030,all,T1498.001 - Impact: Direct Network Flood,195
uniform_positive_fragility,uniform_positive_loo_fragility,{},3030,uniform_positive_fragility,T1498.001 - Impact: Direct Network Flood,195
softmax_normalized_fragility_temp0.25,softmax_normalized_loo_fragility,"{""temperature"": 0.25}",3030,all,T1498.001 - Impact: Direct Network Flood,195
softmax_normalized_fragility_temp0.25,softmax_normalized_loo_fragility,"{""temperature"": 0.25}",3030,softmax_fragility,T1498.001 - Impact: Direct Network Flood,195
softmax_normalized_fragility_temp0.5,softmax_normalized_loo_fragility,"{""temperature"": 0.5}",3030,all,T1498.001 - Impact: Direct Network Flood,195
softmax_normalized_fragility_temp0.5,softmax_normalized_loo_fragility,"{""temperature"": 0.5}",3030,softmax_fragility,T1498.001 - Impact: Direct Network Flood,195
softmax_normalized_fragility_temp1.0,softmax_normalized_loo_fragility,"{""temperature"": 1.0}",3030,all,T1498.001 - Impact: Direct Network Flood,195
softmax_normalized_fragility_temp1.0,softmax_normalized_loo_fragility,"{""temperature"": 1.0}",3030,softmax_fragility,T1498.001 - Impact: Direct Network Flood,195
softmax_normalized_fragility_temp2.0,softmax_normalized_loo_fragility,"{""temperature"": 2.0}",3030,all,T1498.001 - Impact: Direct Network Flood,195
softmax_normalized_fragility_temp2.0,softmax_normalized_loo_fragility,"{""temperature"": 2.0}",3030,softmax_fragility,T1498.001 - Impact: Direct Network Flood,195
softmax_normalized_fragility_temp4.0,softmax_normalized_loo_fragility,"{""temperature"": 4.0}",3030,all,T1498.001 - Impact: Direct Network Flood,195
softmax_normalized_fragility_temp4.0,softmax_normalized_loo_fragility,"{""temperature"": 4.0}",3030,softmax_fragility,T1498.001 - Impact: Direct Network Flood,195
stochastic_normalized_fragility,stochastic_normalized_loo_fragility,{},3030,all,T1498.002 - Impact: Reflection/Amplification Attack,195
stochastic_normalized_fragility,stochastic_normalized_loo_fragility,{},3030,stochastic_fragility,T1498.002 - Impact: Reflection/Amplification Attack,195
uniform_positive_fragility,uniform_positive_loo_fragility,{},3030,all,T1498.002 - Impact: Reflection/Amplification Attack,195
uniform_positive_fragility,uniform_positive_loo_fragility,{},3030,uniform_positive_fragility,T1498.002 - Impact: Reflection/Amplification Attack,195
softmax_normalized_fragility_temp0.25,softmax_normalized_loo_fragility,"{""temperature"": 0.25}",3030,all,T1498.002 - Impact: Reflection/Amplification Attack,195
softmax_normalized_fragility_temp0.25,softmax_normalized_loo_fragility,"{""temperature"": 0.25}",3030,softmax_fragility,T1498.002 - Impact: Reflection/Amplification Attack,195
softmax_normalized_fragility_temp0.5,softmax_normalized_loo_fragility,"{""temperature"": 0.5}",3030,all,T1498.002 - Impact: Reflection/Amplification Attack,195
softmax_normalized_fragility_temp0.5,softmax_normalized_loo_fragility,"{""temperature"": 0.5}",3030,softmax_fragility,T1498.002 - Impact: Reflection/Amplification Attack,195
softmax_normalized_fragility_temp1.0,softmax_normalized_loo_fragility,"{""temperature"": 1.0}",3030,all,T1498.002 - Impact: Reflection/Amplification Attack,195
softmax_normalized_fragility_temp1.0,softmax_normalized_loo_fragility,"{""temperature"": 1.0}",3030,softmax_fragility,T1498.002 - Impact: Reflection/Amplification Attack,195
softmax_normalized_fragility_temp2.0,softmax_normalized_loo_fragility,"{""temperature"": 2.0}",3030,all,T1498.002 - Impact: Reflection/Amplification Attack,195
softmax_normalized_fragility_temp2.0,softmax_normalized_loo_fragility,"{""temperature"": 2.0}",3030,softmax_fragility,T1498.002 - Impact: Reflection/Amplification Attack,195
softmax_normalized_fragility_temp4.0,softmax_normalized_loo_fragility,"{""temperature"": 4.0}",3030,all,T1498.002 - Impact: Reflection/Amplification Attack,195
softmax_normalized_fragility_temp4.0,softmax_normalized_loo_fragility,"{""temperature"": 4.0}",3030,softmax_fragility,T1498.002 - Impact: Reflection/Amplification Attack,195
stochastic_normalized_fragility,stochastic_normalized_loo_fragility,{},3030,all,T1571 - Defense Evasion: Non-Standard Port,195
stochastic_normalized_fragility,stochastic_normalized_loo_fragility,{},3030,stochastic_fragility,T1571 - Defense Evasion: Non-Standard Port,195
uniform_positive_fragility,uniform_positive_loo_fragility,{},3030,all,T1571 - Defense Evasion: Non-Standard Port,195
uniform_positive_fragility,uniform_positive_loo_fragility,{},3030,uniform_positive_fragility,T1571 - Defense Evasion: Non-Standard Port,195
softmax_normalized_fragility_temp0.25,softmax_normalized_loo_fragility,"{""temperature"": 0.25}",3030,all,T1571 - Defense Evasion: Non-Standard Port,195
softmax_normalized_fragility_temp0.25,softmax_normalized_loo_fragility,"{""temperature"": 0.25}",3030,softmax_fragility,T1571 - Defense Evasion: Non-Standard Port,195
softmax_normalized_fragility_temp0.5,softmax_normalized_loo_fragility,"{""temperature"": 0.5}",3030,all,T1571 - Defense Evasion: Non-Standard Port,195
softmax_normalized_fragility_temp0.5,softmax_normalized_loo_fragility,"{""temperature"": 0.5}",3030,softmax_fragility,T1571 - Defense Evasion: Non-Standard Port,195
softmax_normalized_fragility_temp1.0,softmax_normalized_loo_fragility,"{""temperature"": 1.0}",3030,all,T1571 - Defense Evasion: Non-Standard Port,195
softmax_normalized_fragility_temp1.0,softmax_normalized_loo_fragility,"{""temperature"": 1.0}",3030,softmax_fragility,T1571 - Defense Evasion: Non-Standard Port,195
softmax_normalized_fragility_temp2.0,softmax_normalized_loo_fragility,"{""temperature"": 2.0}",3030,all,T1571 - Defense Evasion: Non-Standard Port,195
softmax_normalized_fragility_temp2.0,softmax_normalized_loo_fragility,"{""temperature"": 2.0}",3030,softmax_fragility,T1571 - Defense Evasion: Non-Standard Port,195
softmax_normalized_fragility_temp4.0,softmax_normalized_loo_fragility,"{""temperature"": 4.0}",3030,all,T1571 - Defense Evasion: Non-Standard Port,195
softmax_normalized_fragility_temp4.0,softmax_normalized_loo_fragility,"{""temperature"": 4.0}",3030,softmax_fragility,T1571 - Defense Evasion: Non-Standard Port,195
stochastic_normalized_fragility,stochastic_normalized_loo_fragility,{},3030,all,T1583.005 - Resource Development: Acquire Botnet,195
stochastic_normalized_fragility,stochastic_normalized_loo_fragility,{},3030,stochastic_fragility,T1583.005 - Resource Development: Acquire Botnet,195
uniform_positive_fragility,uniform_positive_loo_fragility,{},3030,all,T1583.005 - Resource Development: Acquire Botnet,195
uniform_positive_fragility,uniform_positive_loo_fragility,{},3030,uniform_positive_fragility,T1583.005 - Resource Development: Acquire Botnet,195
softmax_normalized_fragility_temp0.25,softmax_normalized_loo_fragility,"{""temperature"": 0.25}",3030,all,T1583.005 - Resource Development: Acquire Botnet,195
softmax_normalized_fragility_temp0.25,softmax_normalized_loo_fragility,"{""temperature"": 0.25}",3030,softmax_fragility,T1583.005 - Resource Development: Acquire Botnet,195
softmax_normalized_fragility_temp0.5,softmax_normalized_loo_fragility,"{""temperature"": 0.5}",3030,all,T1583.005 - Resource Development: Acquire Botnet,195
softmax_normalized_fragility_temp0.5,softmax_normalized_loo_fragility,"{""temperature"": 0.5}",3030,softmax_fragility,T1583.005 - Resource Development: Acquire Botnet,195
softmax_normalized_fragility_temp1.0,softmax_normalized_loo_fragility,"{""temperature"": 1.0}",3030,all,T1583.005 - Resource Development: Acquire Botnet,195
softmax_normalized_fragility_temp1.0,softmax_normalized_loo_fragility,"{""temperature"": 1.0}",3030,softmax_fragility,T1583.005 - Resource Development: Acquire Botnet,195
softmax_normalized_fragility_temp2.0,softmax_normalized_loo_fragility,"{""temperature"": 2.0}",3030,all,T1583.005 - Resource Development: Acquire Botnet,195
softmax_normalized_fragility_temp2.0,softmax_normalized_loo_fragility,"{""temperature"": 2.0}",3030,softmax_fragility,T1583.005 - Resource Development: Acquire Botnet,195
softmax_normalized_fragility_temp4.0,softmax_normalized_loo_fragility,"{""temperature"": 4.0}",3030,all,T1583.005 - Resource Development: Acquire Botnet,195
softmax_normalized_fragility_temp4.0,softmax_normalized_loo_fragility,"{""temperature"": 4.0}",3030,softmax_fragility,T1583.005 - Resource Development: Acquire Botnet,195
stochastic_normalized_fragility,stochastic_normalized_loo_fragility,{},3030,all,T1584.005 - Resource Development: Build/Compromise Botnet,194
stochastic_normalized_fragility,stochastic_normalized_loo_fragility,{},3030,stochastic_fragility,T1584.005 - Resource Development: Build/Compromise Botnet,194
uniform_positive_fragility,uniform_positive_loo_fragility,{},3030,all,T1584.005 - Resource Development: Build/Compromise Botnet,194
uniform_positive_fragility,uniform_positive_loo_fragility,{},3030,uniform_positive_fragility,T1584.005 - Resource Development: Build/Compromise Botnet,194
softmax_normalized_fragility_temp0.25,softmax_normalized_loo_fragility,"{""temperature"": 0.25}",3030,all,T1584.005 - Resource Development: Build/Compromise Botnet,194
softmax_normalized_fragility_temp0.25,softmax_normalized_loo_fragility,"{""temperature"": 0.25}",3030,softmax_fragility,T1584.005 - Resource Development: Build/Compromise Botnet,194
softmax_normalized_fragility_temp0.5,softmax_normalized_loo_fragility,"{""temperature"": 0.5}",3030,all,T1584.005 - Resource Development: Build/Compromise Botnet,194
softmax_normalized_fragility_temp0.5,softmax_normalized_loo_fragility,"{""temperature"": 0.5}",3030,softmax_fragility,T1584.005 - Resource Development: Build/Compromise Botnet,194
softmax_normalized_fragility_temp1.0,softmax_normalized_loo_fragility,"{""temperature"": 1.0}",3030,all,T1584.005 - Resource Development: Build/Compromise Botnet,194
softmax_normalized_fragility_temp1.0,softmax_normalized_loo_fragility,"{""temperature"": 1.0}",3030,softmax_fragility,T1584.005 - Resource Development: Build/Compromise Botnet,194
softmax_normalized_fragility_temp2.0,softmax_normalized_loo_fragility,"{""temperature"": 2.0}",3030,all,T1584.005 - Resource Development: Build/Compromise Botnet,194
softmax_normalized_fragility_temp2.0,softmax_normalized_loo_fragility,"{""temperature"": 2.0}",3030,softmax_fragility,T1584.005 - Resource Development: Build/Compromise Botnet,194
softmax_normalized_fragility_temp4.0,softmax_normalized_loo_fragility,"{""temperature"": 4.0}",3030,all,T1584.005 - Resource Development: Build/Compromise Botnet,194
softmax_normalized_fragility_temp4.0,softmax_normalized_loo_fragility,"{""temperature"": 4.0}",3030,softmax_fragility,T1584.005 - Resource Development: Build/Compromise Botnet,194
stochastic_normalized_fragility,stochastic_normalized_loo_fragility,{},3030,all,T1590 - Reconnaissance: Gather Victim Network Information,194
stochastic_normalized_fragility,stochastic_normalized_loo_fragility,{},3030,stochastic_fragility,T1590 - Reconnaissance: Gather Victim Network Information,194
uniform_positive_fragility,uniform_positive_loo_fragility,{},3030,all,T1590 - Reconnaissance: Gather Victim Network Information,194
uniform_positive_fragility,uniform_positive_loo_fragility,{},3030,uniform_positive_fragility,T1590 - Reconnaissance: Gather Victim Network Information,194
softmax_normalized_fragility_temp0.25,softmax_normalized_loo_fragility,"{""temperature"": 0.25}",3030,all,T1590 - Reconnaissance: Gather Victim Network Information,194
softmax_normalized_fragility_temp0.25,softmax_normalized_loo_fragility,"{""temperature"": 0.25}",3030,softmax_fragility,T1590 - Reconnaissance: Gather Victim Network Information,194
softmax_normalized_fragility_temp0.5,softmax_normalized_loo_fragility,"{""temperature"": 0.5}",3030,all,T1590 - Reconnaissance: Gather Victim Network Information,194
softmax_normalized_fragility_temp0.5,softmax_normalized_loo_fragility,"{""temperature"": 0.5}",3030,softmax_fragility,T1590 - Reconnaissance: Gather Victim Network Information,194
softmax_normalized_fragility_temp1.0,softmax_normalized_loo_fragility,"{""temperature"": 1.0}",3030,all,T1590 - Reconnaissance: Gather Victim Network Information,194
softmax_normalized_fragility_temp1.0,softmax_normalized_loo_fragility,"{""temperature"": 1.0}",3030,softmax_fragility,T1590 - Reconnaissance: Gather Victim Network Information,194
softmax_normalized_fragility_temp2.0,softmax_normalized_loo_fragility,"{""temperature"": 2.0}",3030,all,T1590 - Reconnaissance: Gather Victim Network Information,194
softmax_normalized_fragility_temp2.0,softmax_normalized_loo_fragility,"{""temperature"": 2.0}",3030,softmax_fragility,T1590 - Reconnaissance: Gather Victim Network Information,194
softmax_normalized_fragility_temp4.0,softmax_normalized_loo_fragility,"{""temperature"": 4.0}",3030,all,T1590 - Reconnaissance: Gather Victim Network Information,194
softmax_normalized_fragility_temp4.0,softmax_normalized_loo_fragility,"{""temperature"": 4.0}",3030,softmax_fragility,T1590 - Reconnaissance: Gather Victim Network Information,194
stochastic_normalized_fragility,stochastic_normalized_loo_fragility,{},3030,all,T1595 - Reconnaissance: Active Scanning,195
stochastic_normalized_fragility,stochastic_normalized_loo_fragility,{},3030,stochastic_fragility,T1595 - Reconnaissance: Active Scanning,195
uniform_positive_fragility,uniform_positive_loo_fragility,{},3030,all,T1595 - Reconnaissance: Active Scanning,195
uniform_positive_fragility,uniform_positive_loo_fragility,{},3030,uniform_positive_fragility,T1595 - Reconnaissance: Active Scanning,195
softmax_normalized_fragility_temp0.25,softmax_normalized_loo_fragility,"{""temperature"": 0.25}",3030,all,T1595 - Reconnaissance: Active Scanning,195
softmax_normalized_fragility_temp0.25,softmax_normalized_loo_fragility,"{""temperature"": 0.25}",3030,softmax_fragility,T1595 - Reconnaissance: Active Scanning,195
softmax_normalized_fragility_temp0.5,softmax_normalized_loo_fragility,"{""temperature"": 0.5}",3030,all,T1595 - Reconnaissance: Active Scanning,195
softmax_normalized_fragility_temp0.5,softmax_normalized_loo_fragility,"{""temperature"": 0.5}",3030,softmax_fragility,T1595 - Reconnaissance: Active Scanning,195
softmax_normalized_fragility_temp1.0,softmax_normalized_loo_fragility,"{""temperature"": 1.0}",3030,all,T1595 - Reconnaissance: Active Scanning,195
softmax_normalized_fragility_temp1.0,softmax_normalized_loo_fragility,"{""temperature"": 1.0}",3030,softmax_fragility,T1595 - Reconnaissance: Active Scanning,195
softmax_normalized_fragility_temp2.0,softmax_normalized_loo_fragility,"{""temperature"": 2.0}",3030,all,T1595 - Reconnaissance: Active Scanning,195
softmax_normalized_fragility_temp2.0,softmax_normalized_loo_fragility,"{""temperature"": 2.0}",3030,softmax_fragility,T1595 - Reconnaissance: Active Scanning,195
softmax_normalized_fragility_temp4.0,softmax_normalized_loo_fragility,"{""temperature"": 4.0}",3030,all,T1595 - Reconnaissance: Active Scanning,195
softmax_normalized_fragility_temp4.0,softmax_normalized_loo_fragility,"{""temperature"": 4.0}",3030,softmax_fragility,T1595 - Reconnaissance: Active Scanning,195
stochastic_normalized_fragility,stochastic_normalized_loo_fragility,{},3030,all,TA0011 - Command-and-Control,195
stochastic_normalized_fragility,stochastic_normalized_loo_fragility,{},3030,stochastic_fragility,TA0011 - Command-and-Control,195
uniform_positive_fragility,uniform_positive_loo_fragility,{},3030,all,TA0011 - Command-and-Control,195
uniform_positive_fragility,uniform_positive_loo_fragility,{},3030,uniform_positive_fragility,TA0011 - Command-and-Control,195
softmax_normalized_fragility_temp0.25,softmax_normalized_loo_fragility,"{""temperature"": 0.25}",3030,all,TA0011 - Command-and-Control,195
softmax_normalized_fragility_temp0.25,softmax_normalized_loo_fragility,"{""temperature"": 0.25}",3030,softmax_fragility,TA0011 - Command-and-Control,195
softmax_normalized_fragility_temp0.5,softmax_normalized_loo_fragility,"{""temperature"": 0.5}",3030,all,TA0011 - Command-and-Control,195
softmax_normalized_fragility_temp0.5,softmax_normalized_loo_fragility,"{""temperature"": 0.5}",3030,softmax_fragility,TA0011 - Command-and-Control,195
softmax_normalized_fragility_temp1.0,softmax_normalized_loo_fragility,"{""temperature"": 1.0}",3030,all,TA0011 - Command-and-Control,195
softmax_normalized_fragility_temp1.0,softmax_normalized_loo_fragility,"{""temperature"": 1.0}",3030,softmax_fragility,TA0011 - Command-and-Control,195
softmax_normalized_fragility_temp2.0,softmax_normalized_loo_fragility,"{""temperature"": 2.0}",3030,all,TA0011 - Command-and-Control,195
softmax_normalized_fragility_temp2.0,softmax_normalized_loo_fragility,"{""temperature"": 2.0}",3030,softmax_fragility,TA0011 - Command-and-Control,195
softmax_normalized_fragility_temp4.0,softmax_normalized_loo_fragility,"{""temperature"": 4.0}",3030,all,TA0011 - Command-and-Control,195
softmax_normalized_fragility_temp4.0,softmax_normalized_loo_fragility,"{""temperature"": 4.0}",3030,softmax_fragility,TA0011 - Command-and-Control,195
