policy_name,base_policy_name,policy_kwargs,reveal_seed,budget,additional_rows_beyond_initial_seed,squared_wasserstein2_to_full_reference,p_success_mean,p_success_p05,p_success_p50,p_success_p95,min_revealed_rows_per_step,max_revealed_rows_per_step,max_min_revealed_rows_per_step_ratio,step_count_std,step_count_l1_from_perfect_balance,revealed_rows_by_step,sample_seed,decision_count
uniform_step_balanced,uniform_step_balanced,{},101,45,0,3.912812991994051e-06,0.22476634871052084,0.10246225212199522,0.22060004065277244,0.3600068710922945,5,5,1.0,0.0,0.0,"{""T1036 - Defense Evasion: Masquerading"": 5, ""T1498.001 - Impact: Direct Network Flood"": 5, ""T1498.002 - Impact: Reflection/Amplification Attack"": 5, ""T1571 - Defense Evasion: Non-Standard Port"": 5, ""T1583.005 - Resource Development: Acquire Botnet"": 5, ""T1584.005 - Resource Development: Build/Compromise Botnet"": 5, ""T1590 - Reconnaissance: Gather Victim Network Information"": 5, ""T1595 - Reconnaissance: Active Scanning"": 5, ""TA0011 - Command-and-Control"": 5}",2018045,0
uniform_step_balanced,uniform_step_balanced,{},101,90,45,4.1108917086020235e-06,0.2252801570820653,0.1030003081371552,0.21984561761922067,0.36385277220136164,10,10,1.0,0.0,0.0,"{""T1036 - Defense Evasion: Masquerading"": 10, ""T1498.001 - Impact: Direct Network Flood"": 10, ""T1498.002 - Impact: Reflection/Amplification Attack"": 10, ""T1571 - Defense Evasion: Non-Standard Port"": 10, ""T1583.005 - Resource Development: Acquire Botnet"": 10, ""T1584.005 - Resource Development: Build/Compromise Botnet"": 10, ""T1590 - Reconnaissance: Gather Victim Network Information"": 10, ""T1595 - Reconnaissance: Active Scanning"": 10, ""TA0011 - Command-and-Control"": 10}",2018090,45
uniform_step_balanced,uniform_step_balanced,{},101,180,135,6.333847635248736e-06,0.22530817783718568,0.10017559867603788,0.22064099910292775,0.3623146317533978,20,20,1.0,0.0,0.0,"{""T1036 - Defense Evasion: Masquerading"": 20, ""T1498.001 - Impact: Direct Network Flood"": 20, ""T1498.002 - Impact: Reflection/Amplification Attack"": 20, ""T1571 - Defense Evasion: Non-Standard Port"": 20, ""T1583.005 - Resource Development: Acquire Botnet"": 20, ""T1584.005 - Resource Development: Build/Compromise Botnet"": 20, ""T1590 - Reconnaissance: Gather Victim Network Information"": 20, ""T1595 - Reconnaissance: Active Scanning"": 20, ""TA0011 - Command-and-Control"": 20}",2018180,135
uniform_step_balanced,uniform_step_balanced,{},101,360,315,4.6234701779544244e-06,0.22618483917116863,0.10259456572880604,0.22144653223376787,0.36331029496992184,40,40,1.0,0.0,0.0,"{""T1036 - Defense Evasion: Masquerading"": 40, ""T1498.001 - Impact: Direct Network Flood"": 40, ""T1498.002 - Impact: Reflection/Amplification Attack"": 40, ""T1571 - Defense Evasion: Non-Standard Port"": 40, ""T1583.005 - Resource Development: Acquire Botnet"": 40, ""T1584.005 - Resource Development: Build/Compromise Botnet"": 40, ""T1590 - Reconnaissance: Gather Victim Network Information"": 40, ""T1595 - Reconnaissance: Active Scanning"": 40, ""TA0011 - Command-and-Control"": 40}",2018360,315
uniform_step_balanced,uniform_step_balanced,{},101,720,675,1.4278469613406005e-06,0.22527897731688953,0.1024725868963397,0.2203236515044345,0.36082493216357625,80,80,1.0,0.0,0.0,"{""T1036 - Defense Evasion: Masquerading"": 80, ""T1498.001 - Impact: Direct Network Flood"": 80, ""T1498.002 - Impact: Reflection/Amplification Attack"": 80, ""T1571 - Defense Evasion: Non-Standard Port"": 80, ""T1583.005 - Resource Development: Acquire Botnet"": 80, ""T1584.005 - Resource Development: Build/Compromise Botnet"": 80, ""T1590 - Reconnaissance: Gather Victim Network Information"": 80, ""T1595 - Reconnaissance: Active Scanning"": 80, ""TA0011 - Command-and-Control"": 80}",2018720,675
uniform_step_balanced,uniform_step_balanced,{},101,1200,1155,4.318871120098723e-06,0.2234995652652523,0.10038315561560923,0.219071874160939,0.35789738182155073,133,134,1.0075187969924813,0.4714045207910317,0.0,"{""T1036 - Defense Evasion: Masquerading"": 133, ""T1498.001 - Impact: Direct Network Flood"": 133, ""T1498.002 - Impact: Reflection/Amplification Attack"": 134, ""T1571 - Defense Evasion: Non-Standard Port"": 133, ""T1583.005 - Resource Development: Acquire Botnet"": 133, ""T1584.005 - Resource Development: Build/Compromise Botnet"": 134, ""T1590 - Reconnaissance: Gather Victim Network Information"": 133, ""T1595 - Reconnaissance: Active Scanning"": 133, ""TA0011 - Command-and-Control"": 134}",2019200,1155
uniform_step_balanced,uniform_step_balanced,{},101,1798,1753,0.0,0.22470484448919714,0.10282013170083151,0.21987138712593557,0.3602157968474639,199,200,1.0050251256281406,0.41573970964154905,0.0,"{""T1036 - Defense Evasion: Masquerading"": 200, ""T1498.001 - Impact: Direct Network Flood"": 200, ""T1498.002 - Impact: Reflection/Amplification Attack"": 200, ""T1571 - Defense Evasion: Non-Standard Port"": 200, ""T1583.005 - Resource Development: Acquire Botnet"": 200, ""T1584.005 - Resource Development: Build/Compromise Botnet"": 199, ""T1590 - Reconnaissance: Gather Victim Network Information"": 199, ""T1595 - Reconnaissance: Active Scanning"": 200, ""TA0011 - Command-and-Control"": 200}",2019798,1753
greedy_loo_fragility,greedy_loo_fragility,{},101,45,0,3.912812991994051e-06,0.22476634871052084,0.10246225212199522,0.22060004065277244,0.3600068710922945,5,5,1.0,0.0,0.0,"{""T1036 - Defense Evasion: Masquerading"": 5, ""T1498.001 - Impact: Direct Network Flood"": 5, ""T1498.002 - Impact: Reflection/Amplification Attack"": 5, ""T1571 - Defense Evasion: Non-Standard Port"": 5, ""T1583.005 - Resource Development: Acquire Botnet"": 5, ""T1584.005 - Resource Development: Build/Compromise Botnet"": 5, ""T1590 - Reconnaissance: Gather Victim Network Information"": 5, ""T1595 - Reconnaissance: Active Scanning"": 5, ""TA0011 - Command-and-Control"": 5}",2018045,0
greedy_loo_fragility,greedy_loo_fragility,{},101,90,45,1.303124377625167e-05,0.22797032275540668,0.10867206399100139,0.2222090046583069,0.3673464766085714,5,50,10.0,14.142135623730951,80.0,"{""T1036 - Defense Evasion: Masquerading"": 5, ""T1498.001 - Impact: Direct Network Flood"": 5, ""T1498.002 - Impact: Reflection/Amplification Attack"": 5, ""T1571 - Defense Evasion: Non-Standard Port"": 50, ""T1583.005 - Resource Development: Acquire Botnet"": 5, ""T1584.005 - Resource Development: Build/Compromise Botnet"": 5, ""T1590 - Reconnaissance: Gather Victim Network Information"": 5, ""T1595 - Reconnaissance: Active Scanning"": 5, ""TA0011 - Command-and-Control"": 5}",2018090,45
greedy_loo_fragility,greedy_loo_fragility,{},101,180,135,6.450302822001078e-06,0.22603538970457604,0.11072432950133512,0.22004361042258536,0.36221730913889,5,50,10.0,21.213203435596427,180.0,"{""T1036 - Defense Evasion: Masquerading"": 5, ""T1498.001 - Impact: Direct Network Flood"": 5, ""T1498.002 - Impact: Reflection/Amplification Attack"": 5, ""T1571 - Defense Evasion: Non-Standard Port"": 50, ""T1583.005 - Resource Development: Acquire Botnet"": 50, ""T1584.005 - Resource Development: Build/Compromise Botnet"": 5, ""T1590 - Reconnaissance: Gather Victim Network Information"": 5, ""T1595 - Reconnaissance: Active Scanning"": 50, ""TA0011 - Command-and-Control"": 5}",2018180,135
greedy_loo_fragility,greedy_loo_fragility,{},101,360,315,3.6758074264742305e-06,0.2262473523294117,0.1085043519648439,0.22107927276040185,0.36014221079794856,5,200,40.0,62.048368229954285,420.0,"{""T1036 - Defense Evasion: Masquerading"": 5, ""T1498.001 - Impact: Direct Network Flood"": 5, ""T1498.002 - Impact: Reflection/Amplification Attack"": 5, ""T1571 - Defense Evasion: Non-Standard Port"": 50, ""T1583.005 - Resource Development: Acquire Botnet"": 80, ""T1584.005 - Resource Development: Build/Compromise Botnet"": 5, ""T1590 - Reconnaissance: Gather Victim Network Information"": 5, ""T1595 - Reconnaissance: Active Scanning"": 200, ""TA0011 - Command-and-Control"": 5}",2018360,315
greedy_loo_fragility,greedy_loo_fragility,{},101,720,675,2.6919951694019666e-06,0.22548372954980436,0.10468736635486765,0.22082134045919144,0.362049332591349,5,200,40.0,86.68076808355794,718.0,"{""T1036 - Defense Evasion: Masquerading"": 36, ""T1498.001 - Impact: Direct Network Flood"": 5, ""T1498.002 - Impact: Reflection/Amplification Attack"": 5, ""T1571 - Defense Evasion: Non-Standard Port"": 65, ""T1583.005 - Resource Development: Acquire Botnet"": 200, ""T1584.005 - Resource Development: Build/Compromise Botnet"": 5, ""T1590 - Reconnaissance: Gather Victim Network Information"": 199, ""T1595 - Reconnaissance: Active Scanning"": 200, ""TA0011 - Command-and-Control"": 5}",2018720,675
greedy_loo_fragility,greedy_loo_fragility,{},101,1200,1155,3.027576142599354e-06,0.22471029949227223,0.10150630124315237,0.21973183846819477,0.3629366617226667,5,200,40.0,69.8506342928331,542.0,"{""T1036 - Defense Evasion: Masquerading"": 200, ""T1498.001 - Impact: Direct Network Flood"": 50, ""T1498.002 - Impact: Reflection/Amplification Attack"": 125, ""T1571 - Defense Evasion: Non-Standard Port"": 81, ""T1583.005 - Resource Development: Acquire Botnet"": 200, ""T1584.005 - Resource Development: Build/Compromise Botnet"": 5, ""T1590 - Reconnaissance: Gather Victim Network Information"": 199, ""T1595 - Reconnaissance: Active Scanning"": 200, ""TA0011 - Command-and-Control"": 140}",2019200,1155
greedy_loo_fragility,greedy_loo_fragility,{},101,1798,1753,0.0,0.22470484448919714,0.10282013170083151,0.21987138712593557,0.3602157968474639,199,200,1.0050251256281406,0.41573970964154905,0.0,"{""T1036 - Defense Evasion: Masquerading"": 200, ""T1498.001 - Impact: Direct Network Flood"": 200, ""T1498.002 - Impact: Reflection/Amplification Attack"": 200, ""T1571 - Defense Evasion: Non-Standard Port"": 200, ""T1583.005 - Resource Development: Acquire Botnet"": 200, ""T1584.005 - Resource Development: Build/Compromise Botnet"": 199, ""T1590 - Reconnaissance: Gather Victim Network Information"": 199, ""T1595 - Reconnaissance: Active Scanning"": 200, ""TA0011 - Command-and-Control"": 200}",2019798,1753
epsilon_greedy_eps0.2,epsilon_greedy_loo_fragility,"{""epsilon"": 0.2}",101,45,0,3.912812991994051e-06,0.22476634871052084,0.10246225212199522,0.22060004065277244,0.3600068710922945,5,5,1.0,0.0,0.0,"{""T1036 - Defense Evasion: Masquerading"": 5, ""T1498.001 - Impact: Direct Network Flood"": 5, ""T1498.002 - Impact: Reflection/Amplification Attack"": 5, ""T1571 - Defense Evasion: Non-Standard Port"": 5, ""T1583.005 - Resource Development: Acquire Botnet"": 5, ""T1584.005 - Resource Development: Build/Compromise Botnet"": 5, ""T1590 - Reconnaissance: Gather Victim Network Information"": 5, ""T1595 - Reconnaissance: Active Scanning"": 5, ""TA0011 - Command-and-Control"": 5}",2018045,0
epsilon_greedy_eps0.2,epsilon_greedy_loo_fragility,"{""epsilon"": 0.2}",101,90,45,2.0617827018109796e-05,0.22874410328424202,0.10918688165153036,0.2225356921456671,0.368085993201507,5,45,9.0,12.382783747337808,70.0,"{""T1036 - Defense Evasion: Masquerading"": 5, ""T1498.001 - Impact: Direct Network Flood"": 6, ""T1498.002 - Impact: Reflection/Amplification Attack"": 6, ""T1571 - Defense Evasion: Non-Standard Port"": 45, ""T1583.005 - Resource Development: Acquire Botnet"": 6, ""T1584.005 - Resource Development: Build/Compromise Botnet"": 5, ""T1590 - Reconnaissance: Gather Victim Network Information"": 5, ""T1595 - Reconnaissance: Active Scanning"": 6, ""TA0011 - Command-and-Control"": 6}",2018090,45
epsilon_greedy_eps0.2,epsilon_greedy_loo_fragility,"{""epsilon"": 0.2}",101,180,135,6.05887999463528e-06,0.2228168411143608,0.10354254907187065,0.21711504702382295,0.3602820340740163,8,82,10.25,24.050872010063262,164.0,"{""T1036 - Defense Evasion: Masquerading"": 40, ""T1498.001 - Impact: Direct Network Flood"": 8, ""T1498.002 - Impact: Reflection/Amplification Attack"": 8, ""T1571 - Defense Evasion: Non-Standard Port"": 82, ""T1583.005 - Resource Development: Acquire Botnet"": 8, ""T1584.005 - Resource Development: Build/Compromise Botnet"": 8, ""T1590 - Reconnaissance: Gather Victim Network Information"": 9, ""T1595 - Reconnaissance: Active Scanning"": 9, ""TA0011 - Command-and-Control"": 8}",2018180,135
epsilon_greedy_eps0.2,epsilon_greedy_loo_fragility,"{""epsilon"": 0.2}",101,360,315,5.869233147472289e-06,0.2239896438697926,0.10515944844979265,0.21833680234976327,0.35793318127375373,14,107,7.642857142857143,32.91740505500936,256.0,"{""T1036 - Defense Evasion: Masquerading"": 107, ""T1498.001 - Impact: Direct Network Flood"": 15, ""T1498.002 - Impact: Reflection/Amplification Attack"": 14, ""T1571 - Defense Evasion: Non-Standard Port"": 82, ""T1583.005 - Resource Development: Acquire Botnet"": 15, ""T1584.005 - Resource Development: Build/Compromise Botnet"": 45, ""T1590 - Reconnaissance: Gather Victim Network Information"": 54, ""T1595 - Reconnaissance: Active Scanning"": 14, ""TA0011 - Command-and-Control"": 14}",2018360,315
epsilon_greedy_eps0.2,epsilon_greedy_loo_fragility,"{""epsilon"": 0.2}",101,720,675,1.5038954398016351e-06,0.22523175637842652,0.10451633966327883,0.21999042315699235,0.36105921014367054,36,200,5.555555555555555,55.31124056946593,434.0,"{""T1036 - Defense Evasion: Masquerading"": 200, ""T1498.001 - Impact: Direct Network Flood"": 56, ""T1498.002 - Impact: Reflection/Amplification Attack"": 36, ""T1571 - Defense Evasion: Non-Standard Port"": 120, ""T1583.005 - Resource Development: Acquire Botnet"": 137, ""T1584.005 - Resource Development: Build/Compromise Botnet"": 45, ""T1590 - Reconnaissance: Gather Victim Network Information"": 54, ""T1595 - Reconnaissance: Active Scanning"": 36, ""TA0011 - Command-and-Control"": 36}",2018720,675
epsilon_greedy_eps0.2,epsilon_greedy_loo_fragility,"{""epsilon"": 0.2}",101,1200,1155,2.251859036216669e-06,0.22403153440195256,0.1017833276772927,0.21985053000287297,0.3585993246679709,64,200,3.125,62.28072646404254,546.0,"{""T1036 - Defense Evasion: Masquerading"": 200, ""T1498.001 - Impact: Direct Network Flood"": 200, ""T1498.002 - Impact: Reflection/Amplification Attack"": 65, ""T1571 - Defense Evasion: Non-Standard Port"": 187, ""T1583.005 - Resource Development: Acquire Botnet"": 161, ""T1584.005 - Resource Development: Build/Compromise Botnet"": 65, ""T1590 - Reconnaissance: Gather Victim Network Information"": 193, ""T1595 - Reconnaissance: Active Scanning"": 65, ""TA0011 - Command-and-Control"": 64}",2019200,1155
epsilon_greedy_eps0.2,epsilon_greedy_loo_fragility,"{""epsilon"": 0.2}",101,1798,1753,0.0,0.22470484448919714,0.10282013170083151,0.21987138712593557,0.3602157968474639,199,200,1.0050251256281406,0.41573970964154905,0.0,"{""T1036 - Defense Evasion: Masquerading"": 200, ""T1498.001 - Impact: Direct Network Flood"": 200, ""T1498.002 - Impact: Reflection/Amplification Attack"": 200, ""T1571 - Defense Evasion: Non-Standard Port"": 200, ""T1583.005 - Resource Development: Acquire Botnet"": 200, ""T1584.005 - Resource Development: Build/Compromise Botnet"": 199, ""T1590 - Reconnaissance: Gather Victim Network Information"": 199, ""T1595 - Reconnaissance: Active Scanning"": 200, ""TA0011 - Command-and-Control"": 200}",2019798,1753
exploration_bonus_c0.25,exploration_bonus_loo_fragility,"{""c"": 0.25}",101,45,0,3.912812991994051e-06,0.22476634871052084,0.10246225212199522,0.22060004065277244,0.3600068710922945,5,5,1.0,0.0,0.0,"{""T1036 - Defense Evasion: Masquerading"": 5, ""T1498.001 - Impact: Direct Network Flood"": 5, ""T1498.002 - Impact: Reflection/Amplification Attack"": 5, ""T1571 - Defense Evasion: Non-Standard Port"": 5, ""T1583.005 - Resource Development: Acquire Botnet"": 5, ""T1584.005 - Resource Development: Build/Compromise Botnet"": 5, ""T1590 - Reconnaissance: Gather Victim Network Information"": 5, ""T1595 - Reconnaissance: Active Scanning"": 5, ""TA0011 - Command-and-Control"": 5}",2018045,0
exploration_bonus_c0.25,exploration_bonus_loo_fragility,"{""c"": 0.25}",101,90,45,1.303124377625167e-05,0.22797032275540668,0.10867206399100139,0.2222090046583069,0.3673464766085714,5,50,10.0,14.142135623730951,80.0,"{""T1036 - Defense Evasion: Masquerading"": 5, ""T1498.001 - Impact: Direct Network Flood"": 5, ""T1498.002 - Impact: Reflection/Amplification Attack"": 5, ""T1571 - Defense Evasion: Non-Standard Port"": 50, ""T1583.005 - Resource Development: Acquire Botnet"": 5, ""T1584.005 - Resource Development: Build/Compromise Botnet"": 5, ""T1590 - Reconnaissance: Gather Victim Network Information"": 5, ""T1595 - Reconnaissance: Active Scanning"": 5, ""TA0011 - Command-and-Control"": 5}",2018090,45
exploration_bonus_c0.25,exploration_bonus_loo_fragility,"{""c"": 0.25}",101,180,135,6.450302822001078e-06,0.22603538970457604,0.11072432950133512,0.22004361042258536,0.36221730913889,5,50,10.0,21.213203435596427,180.0,"{""T1036 - Defense Evasion: Masquerading"": 5, ""T1498.001 - Impact: Direct Network Flood"": 5, ""T1498.002 - Impact: Reflection/Amplification Attack"": 5, ""T1571 - Defense Evasion: Non-Standard Port"": 50, ""T1583.005 - Resource Development: Acquire Botnet"": 50, ""T1584.005 - Resource Development: Build/Compromise Botnet"": 5, ""T1590 - Reconnaissance: Gather Victim Network Information"": 5, ""T1595 - Reconnaissance: Active Scanning"": 50, ""TA0011 - Command-and-Control"": 5}",2018180,135
exploration_bonus_c0.25,exploration_bonus_loo_fragility,"{""c"": 0.25}",101,360,315,4.2880532989272295e-06,0.2263201558702751,0.1084213149171346,0.2212096186235962,0.3600589707331278,5,200,40.0,61.91571331702119,418.0,"{""T1036 - Defense Evasion: Masquerading"": 5, ""T1498.001 - Impact: Direct Network Flood"": 5, ""T1498.002 - Impact: Reflection/Amplification Attack"": 5, ""T1571 - Defense Evasion: Non-Standard Port"": 50, ""T1583.005 - Resource Development: Acquire Botnet"": 79, ""T1584.005 - Resource Development: Build/Compromise Botnet"": 5, ""T1590 - Reconnaissance: Gather Victim Network Information"": 6, ""T1595 - Reconnaissance: Active Scanning"": 200, ""TA0011 - Command-and-Control"": 5}",2018360,315
exploration_bonus_c0.25,exploration_bonus_loo_fragility,"{""c"": 0.25}",101,720,675,4.601181270036686e-06,0.2262670518009998,0.10530514750819066,0.22071155487784858,0.36363206129016434,9,200,22.22222222222222,68.58247265559588,510.0,"{""T1036 - Defense Evasion: Masquerading"": 95, ""T1498.001 - Impact: Direct Network Flood"": 45, ""T1498.002 - Impact: Reflection/Amplification Attack"": 50, ""T1571 - Defense Evasion: Non-Standard Port"": 60, ""T1583.005 - Resource Development: Acquire Botnet"": 200, ""T1584.005 - Resource Development: Build/Compromise Botnet"": 9, ""T1590 - Reconnaissance: Gather Victim Network Information"": 51, ""T1595 - Reconnaissance: Active Scanning"": 200, ""TA0011 - Command-and-Control"": 10}",2018720,675
exploration_bonus_c0.25,exploration_bonus_loo_fragility,"{""c"": 0.25}",101,1200,1155,4.278396949053321e-06,0.22495930068751585,0.10138109621468983,0.2207491680063275,0.3612808171932831,50,200,4.0,60.45935273663896,510.0,"{""T1036 - Defense Evasion: Masquerading"": 200, ""T1498.001 - Impact: Direct Network Flood"": 75, ""T1498.002 - Impact: Reflection/Amplification Attack"": 50, ""T1571 - Defense Evasion: Non-Standard Port"": 60, ""T1583.005 - Resource Development: Acquire Botnet"": 200, ""T1584.005 - Resource Development: Build/Compromise Botnet"": 178, ""T1590 - Reconnaissance: Gather Victim Network Information"": 92, ""T1595 - Reconnaissance: Active Scanning"": 200, ""TA0011 - Command-and-Control"": 145}",2019200,1155
exploration_bonus_c0.25,exploration_bonus_loo_fragility,"{""c"": 0.25}",101,1798,1753,0.0,0.22470484448919714,0.10282013170083151,0.21987138712593557,0.3602157968474639,199,200,1.0050251256281406,0.41573970964154905,0.0,"{""T1036 - Defense Evasion: Masquerading"": 200, ""T1498.001 - Impact: Direct Network Flood"": 200, ""T1498.002 - Impact: Reflection/Amplification Attack"": 200, ""T1571 - Defense Evasion: Non-Standard Port"": 200, ""T1583.005 - Resource Development: Acquire Botnet"": 200, ""T1584.005 - Resource Development: Build/Compromise Botnet"": 199, ""T1590 - Reconnaissance: Gather Victim Network Information"": 199, ""T1595 - Reconnaissance: Active Scanning"": 200, ""TA0011 - Command-and-Control"": 200}",2019798,1753
exploration_bonus_c0.5,exploration_bonus_loo_fragility,"{""c"": 0.5}",101,45,0,3.912812991994051e-06,0.22476634871052084,0.10246225212199522,0.22060004065277244,0.3600068710922945,5,5,1.0,0.0,0.0,"{""T1036 - Defense Evasion: Masquerading"": 5, ""T1498.001 - Impact: Direct Network Flood"": 5, ""T1498.002 - Impact: Reflection/Amplification Attack"": 5, ""T1571 - Defense Evasion: Non-Standard Port"": 5, ""T1583.005 - Resource Development: Acquire Botnet"": 5, ""T1584.005 - Resource Development: Build/Compromise Botnet"": 5, ""T1590 - Reconnaissance: Gather Victim Network Information"": 5, ""T1595 - Reconnaissance: Active Scanning"": 5, ""TA0011 - Command-and-Control"": 5}",2018045,0
exploration_bonus_c0.5,exploration_bonus_loo_fragility,"{""c"": 0.5}",101,90,45,1.303124377625167e-05,0.22797032275540668,0.10867206399100139,0.2222090046583069,0.3673464766085714,5,50,10.0,14.142135623730951,80.0,"{""T1036 - Defense Evasion: Masquerading"": 5, ""T1498.001 - Impact: Direct Network Flood"": 5, ""T1498.002 - Impact: Reflection/Amplification Attack"": 5, ""T1571 - Defense Evasion: Non-Standard Port"": 50, ""T1583.005 - Resource Development: Acquire Botnet"": 5, ""T1584.005 - Resource Development: Build/Compromise Botnet"": 5, ""T1590 - Reconnaissance: Gather Victim Network Information"": 5, ""T1595 - Reconnaissance: Active Scanning"": 5, ""TA0011 - Command-and-Control"": 5}",2018090,45
exploration_bonus_c0.5,exploration_bonus_loo_fragility,"{""c"": 0.5}",101,180,135,6.676009014714234e-06,0.2261929156925711,0.1107908160630552,0.22026926642351963,0.36230426689740364,5,50,10.0,20.98147330914162,178.0,"{""T1036 - Defense Evasion: Masquerading"": 5, ""T1498.001 - Impact: Direct Network Flood"": 5, ""T1498.002 - Impact: Reflection/Amplification Attack"": 5, ""T1571 - Defense Evasion: Non-Standard Port"": 50, ""T1583.005 - Resource Development: Acquire Botnet"": 50, ""T1584.005 - Resource Development: Build/Compromise Botnet"": 5, ""T1590 - Reconnaissance: Gather Victim Network Information"": 6, ""T1595 - Reconnaissance: Active Scanning"": 49, ""TA0011 - Command-and-Control"": 5}",2018180,135
exploration_bonus_c0.5,exploration_bonus_loo_fragility,"{""c"": 0.5}",101,360,315,3.439205738479675e-06,0.22620516124674742,0.1082363169577265,0.22105136784791324,0.35929588727945816,5,200,40.0,59.662010991547675,372.0,"{""T1036 - Defense Evasion: Masquerading"": 5, ""T1498.001 - Impact: Direct Network Flood"": 6, ""T1498.002 - Impact: Reflection/Amplification Attack"": 5, ""T1571 - Defense Evasion: Non-Standard Port"": 50, ""T1583.005 - Resource Development: Acquire Botnet"": 56, ""T1584.005 - Resource Development: Build/Compromise Botnet"": 8, ""T1590 - Reconnaissance: Gather Victim Network Information"": 25, ""T1595 - Reconnaissance: Active Scanning"": 200, ""TA0011 - Command-and-Control"": 5}",2018360,315
exploration_bonus_c0.5,exploration_bonus_loo_fragility,"{""c"": 0.5}",101,720,675,5.329764314011026e-06,0.22638169871662603,0.10989544371555852,0.22151327130894422,0.36178892926394113,5,200,40.0,86.29664600151683,718.0,"{""T1036 - Defense Evasion: Masquerading"": 5, ""T1498.001 - Impact: Direct Network Flood"": 6, ""T1498.002 - Impact: Reflection/Amplification Attack"": 6, ""T1571 - Defense Evasion: Non-Standard Port"": 50, ""T1583.005 - Resource Development: Acquire Botnet"": 200, ""T1584.005 - Resource Development: Build/Compromise Botnet"": 199, ""T1590 - Reconnaissance: Gather Victim Network Information"": 49, ""T1595 - Reconnaissance: Active Scanning"": 200, ""TA0011 - Command-and-Control"": 5}",2018720,675
exploration_bonus_c0.5,exploration_bonus_loo_fragility,"{""c"": 0.5}",101,1200,1155,6.676746587984082e-06,0.22266157212613452,0.10084259245269298,0.21823338536868706,0.35684619384297983,12,200,16.666666666666668,81.18428966794554,666.0,"{""T1036 - Defense Evasion: Masquerading"": 200, ""T1498.001 - Impact: Direct Network Flood"": 24, ""T1498.002 - Impact: Reflection/Amplification Attack"": 12, ""T1571 - Defense Evasion: Non-Standard Port"": 136, ""T1583.005 - Resource Development: Acquire Botnet"": 200, ""T1584.005 - Resource Development: Build/Compromise Botnet"": 199, ""T1590 - Reconnaissance: Gather Victim Network Information"": 199, ""T1595 - Reconnaissance: Active Scanning"": 200, ""TA0011 - Command-and-Control"": 30}",2019200,1155
exploration_bonus_c0.5,exploration_bonus_loo_fragility,"{""c"": 0.5}",101,1798,1753,0.0,0.22470484448919714,0.10282013170083151,0.21987138712593557,0.3602157968474639,199,200,1.0050251256281406,0.41573970964154905,0.0,"{""T1036 - Defense Evasion: Masquerading"": 200, ""T1498.001 - Impact: Direct Network Flood"": 200, ""T1498.002 - Impact: Reflection/Amplification Attack"": 200, ""T1571 - Defense Evasion: Non-Standard Port"": 200, ""T1583.005 - Resource Development: Acquire Botnet"": 200, ""T1584.005 - Resource Development: Build/Compromise Botnet"": 199, ""T1590 - Reconnaissance: Gather Victim Network Information"": 199, ""T1595 - Reconnaissance: Active Scanning"": 200, ""TA0011 - Command-and-Control"": 200}",2019798,1753
exploration_bonus_c1.0,exploration_bonus_loo_fragility,"{""c"": 1.0}",101,45,0,3.912812991994051e-06,0.22476634871052084,0.10246225212199522,0.22060004065277244,0.3600068710922945,5,5,1.0,0.0,0.0,"{""T1036 - Defense Evasion: Masquerading"": 5, ""T1498.001 - Impact: Direct Network Flood"": 5, ""T1498.002 - Impact: Reflection/Amplification Attack"": 5, ""T1571 - Defense Evasion: Non-Standard Port"": 5, ""T1583.005 - Resource Development: Acquire Botnet"": 5, ""T1584.005 - Resource Development: Build/Compromise Botnet"": 5, ""T1590 - Reconnaissance: Gather Victim Network Information"": 5, ""T1595 - Reconnaissance: Active Scanning"": 5, ""TA0011 - Command-and-Control"": 5}",2018045,0
exploration_bonus_c1.0,exploration_bonus_loo_fragility,"{""c"": 1.0}",101,90,45,1.303124377625167e-05,0.22797032275540668,0.10867206399100139,0.2222090046583069,0.3673464766085714,5,50,10.0,14.142135623730951,80.0,"{""T1036 - Defense Evasion: Masquerading"": 5, ""T1498.001 - Impact: Direct Network Flood"": 5, ""T1498.002 - Impact: Reflection/Amplification Attack"": 5, ""T1571 - Defense Evasion: Non-Standard Port"": 50, ""T1583.005 - Resource Development: Acquire Botnet"": 5, ""T1584.005 - Resource Development: Build/Compromise Botnet"": 5, ""T1590 - Reconnaissance: Gather Victim Network Information"": 5, ""T1595 - Reconnaissance: Active Scanning"": 5, ""TA0011 - Command-and-Control"": 5}",2018090,45
exploration_bonus_c1.0,exploration_bonus_loo_fragility,"{""c"": 1.0}",101,180,135,7.46707582540701e-06,0.22645348176599883,0.1107872818481608,0.22047982665449972,0.3625343186119058,5,51,10.2,17.826322609494582,138.0,"{""T1036 - Defense Evasion: Masquerading"": 5, ""T1498.001 - Impact: Direct Network Flood"": 7, ""T1498.002 - Impact: Reflection/Amplification Attack"": 5, ""T1571 - Defense Evasion: Non-Standard Port"": 50, ""T1583.005 - Resource Development: Acquire Botnet"": 23, ""T1584.005 - Resource Development: Build/Compromise Botnet"": 9, ""T1590 - Reconnaissance: Gather Victim Network Information"": 25, ""T1595 - Reconnaissance: Active Scanning"": 51, ""TA0011 - Command-and-Control"": 5}",2018180,135
exploration_bonus_c1.0,exploration_bonus_loo_fragility,"{""c"": 1.0}",101,360,315,4.668725224320987e-06,0.22310442431397895,0.10077236420100048,0.21862602683192073,0.35690495939663475,7,83,11.857142857142858,26.574841903992997,206.0,"{""T1036 - Defense Evasion: Masquerading"": 7, ""T1498.001 - Impact: Direct Network Flood"": 16, ""T1498.002 - Impact: Reflection/Amplification Attack"": 13, ""T1571 - Defense Evasion: Non-Standard Port"": 50, ""T1583.005 - Resource Development: Acquire Botnet"": 83, ""T1584.005 - Resource Development: Build/Compromise Botnet"": 48, ""T1590 - Reconnaissance: Gather Victim Network Information"": 32, ""T1595 - Reconnaissance: Active Scanning"": 82, ""TA0011 - Command-and-Control"": 29}",2018360,315
exploration_bonus_c1.0,exploration_bonus_loo_fragility,"{""c"": 1.0}",101,720,675,3.146518607159763e-06,0.22640403370635773,0.10585594816598845,0.2215258684044541,0.36265486359206694,17,200,11.764705882352942,67.59355656339507,482.0,"{""T1036 - Defense Evasion: Masquerading"": 19, ""T1498.001 - Impact: Direct Network Flood"": 17, ""T1498.002 - Impact: Reflection/Amplification Attack"": 22, ""T1571 - Defense Evasion: Non-Standard Port"": 50, ""T1583.005 - Resource Development: Acquire Botnet"": 200, ""T1584.005 - Resource Development: Build/Compromise Botnet"": 199, ""T1590 - Reconnaissance: Gather Victim Network Information"": 75, ""T1595 - Reconnaissance: Active Scanning"": 82, ""TA0011 - Command-and-Control"": 56}",2018720,675
exploration_bonus_c1.0,exploration_bonus_loo_fragility,"{""c"": 1.0}",101,1200,1155,2.699120235389257e-06,0.22511091543705297,0.10482226500114765,0.22020496694396996,0.3620745885141702,50,200,4.0,67.27390116365913,586.0,"{""T1036 - Defense Evasion: Masquerading"": 51, ""T1498.001 - Impact: Direct Network Flood"": 163, ""T1498.002 - Impact: Reflection/Amplification Attack"": 200, ""T1571 - Defense Evasion: Non-Standard Port"": 50, ""T1583.005 - Resource Development: Acquire Botnet"": 200, ""T1584.005 - Resource Development: Build/Compromise Botnet"": 199, ""T1590 - Reconnaissance: Gather Victim Network Information"": 199, ""T1595 - Reconnaissance: Active Scanning"": 82, ""TA0011 - Command-and-Control"": 56}",2019200,1155
exploration_bonus_c1.0,exploration_bonus_loo_fragility,"{""c"": 1.0}",101,1798,1753,0.0,0.22470484448919714,0.10282013170083151,0.21987138712593557,0.3602157968474639,199,200,1.0050251256281406,0.41573970964154905,0.0,"{""T1036 - Defense Evasion: Masquerading"": 200, ""T1498.001 - Impact: Direct Network Flood"": 200, ""T1498.002 - Impact: Reflection/Amplification Attack"": 200, ""T1571 - Defense Evasion: Non-Standard Port"": 200, ""T1583.005 - Resource Development: Acquire Botnet"": 200, ""T1584.005 - Resource Development: Build/Compromise Botnet"": 199, ""T1590 - Reconnaissance: Gather Victim Network Information"": 199, ""T1595 - Reconnaissance: Active Scanning"": 200, ""TA0011 - Command-and-Control"": 200}",2019798,1753
uniform_step_balanced,uniform_step_balanced,{},202,45,0,2.361828347314425e-05,0.22262040217385273,0.1079688442544984,0.21836814489835626,0.3493972375173301,5,5,1.0,0.0,0.0,"{""T1036 - Defense Evasion: Masquerading"": 5, ""T1498.001 - Impact: Direct Network Flood"": 5, ""T1498.002 - Impact: Reflection/Amplification Attack"": 5, ""T1571 - Defense Evasion: Non-Standard Port"": 5, ""T1583.005 - Resource Development: Acquire Botnet"": 5, ""T1584.005 - Resource Development: Build/Compromise Botnet"": 5, ""T1590 - Reconnaissance: Gather Victim Network Information"": 5, ""T1595 - Reconnaissance: Active Scanning"": 5, ""TA0011 - Command-and-Control"": 5}",3028045,0
uniform_step_balanced,uniform_step_balanced,{},202,90,45,2.4160102406734272e-05,0.2283725837914285,0.11495028756149589,0.22187888330328281,0.3629685779404841,10,10,1.0,0.0,0.0,"{""T1036 - Defense Evasion: Masquerading"": 10, ""T1498.001 - Impact: Direct Network Flood"": 10, ""T1498.002 - Impact: Reflection/Amplification Attack"": 10, ""T1571 - Defense Evasion: Non-Standard Port"": 10, ""T1583.005 - Resource Development: Acquire Botnet"": 10, ""T1584.005 - Resource Development: Build/Compromise Botnet"": 10, ""T1590 - Reconnaissance: Gather Victim Network Information"": 10, ""T1595 - Reconnaissance: Active Scanning"": 10, ""TA0011 - Command-and-Control"": 10}",3028090,45
uniform_step_balanced,uniform_step_balanced,{},202,180,135,1.0565559472077152e-05,0.2265825994258744,0.11248142871619744,0.22029700895989773,0.3631337648280963,20,20,1.0,0.0,0.0,"{""T1036 - Defense Evasion: Masquerading"": 20, ""T1498.001 - Impact: Direct Network Flood"": 20, ""T1498.002 - Impact: Reflection/Amplification Attack"": 20, ""T1571 - Defense Evasion: Non-Standard Port"": 20, ""T1583.005 - Resource Development: Acquire Botnet"": 20, ""T1584.005 - Resource Development: Build/Compromise Botnet"": 20, ""T1590 - Reconnaissance: Gather Victim Network Information"": 20, ""T1595 - Reconnaissance: Active Scanning"": 20, ""TA0011 - Command-and-Control"": 20}",3028180,135
uniform_step_balanced,uniform_step_balanced,{},202,360,315,2.968381204316551e-06,0.2253378362061171,0.10556580617950638,0.22008354685848863,0.3593781832232536,40,40,1.0,0.0,0.0,"{""T1036 - Defense Evasion: Masquerading"": 40, ""T1498.001 - Impact: Direct Network Flood"": 40, ""T1498.002 - Impact: Reflection/Amplification Attack"": 40, ""T1571 - Defense Evasion: Non-Standard Port"": 40, ""T1583.005 - Resource Development: Acquire Botnet"": 40, ""T1584.005 - Resource Development: Build/Compromise Botnet"": 40, ""T1590 - Reconnaissance: Gather Victim Network Information"": 40, ""T1595 - Reconnaissance: Active Scanning"": 40, ""TA0011 - Command-and-Control"": 40}",3028360,315
uniform_step_balanced,uniform_step_balanced,{},202,720,675,7.425411143035425e-06,0.22620968098636876,0.10580898378978423,0.22127824505754612,0.3614192024767913,80,80,1.0,0.0,0.0,"{""T1036 - Defense Evasion: Masquerading"": 80, ""T1498.001 - Impact: Direct Network Flood"": 80, ""T1498.002 - Impact: Reflection/Amplification Attack"": 80, ""T1571 - Defense Evasion: Non-Standard Port"": 80, ""T1583.005 - Resource Development: Acquire Botnet"": 80, ""T1584.005 - Resource Development: Build/Compromise Botnet"": 80, ""T1590 - Reconnaissance: Gather Victim Network Information"": 80, ""T1595 - Reconnaissance: Active Scanning"": 80, ""TA0011 - Command-and-Control"": 80}",3028720,675
uniform_step_balanced,uniform_step_balanced,{},202,1200,1155,9.519297172429744e-06,0.22426675036909874,0.10237291083673158,0.2198067673820832,0.35881611984368245,133,134,1.0075187969924813,0.4714045207910317,0.0,"{""T1036 - Defense Evasion: Masquerading"": 133, ""T1498.001 - Impact: Direct Network Flood"": 134, ""T1498.002 - Impact: Reflection/Amplification Attack"": 133, ""T1571 - Defense Evasion: Non-Standard Port"": 134, ""T1583.005 - Resource Development: Acquire Botnet"": 133, ""T1584.005 - Resource Development: Build/Compromise Botnet"": 134, ""T1590 - Reconnaissance: Gather Victim Network Information"": 133, ""T1595 - Reconnaissance: Active Scanning"": 133, ""TA0011 - Command-and-Control"": 133}",3029200,1155
uniform_step_balanced,uniform_step_balanced,{},202,1798,1753,0.0,0.22470484448919714,0.10282013170083151,0.21987138712593557,0.3602157968474639,199,200,1.0050251256281406,0.41573970964154905,0.0,"{""T1036 - Defense Evasion: Masquerading"": 200, ""T1498.001 - Impact: Direct Network Flood"": 200, ""T1498.002 - Impact: Reflection/Amplification Attack"": 200, ""T1571 - Defense Evasion: Non-Standard Port"": 200, ""T1583.005 - Resource Development: Acquire Botnet"": 200, ""T1584.005 - Resource Development: Build/Compromise Botnet"": 199, ""T1590 - Reconnaissance: Gather Victim Network Information"": 199, ""T1595 - Reconnaissance: Active Scanning"": 200, ""TA0011 - Command-and-Control"": 200}",3029798,1753
greedy_loo_fragility,greedy_loo_fragility,{},202,45,0,2.361828347314425e-05,0.22262040217385273,0.1079688442544984,0.21836814489835626,0.3493972375173301,5,5,1.0,0.0,0.0,"{""T1036 - Defense Evasion: Masquerading"": 5, ""T1498.001 - Impact: Direct Network Flood"": 5, ""T1498.002 - Impact: Reflection/Amplification Attack"": 5, ""T1571 - Defense Evasion: Non-Standard Port"": 5, ""T1583.005 - Resource Development: Acquire Botnet"": 5, ""T1584.005 - Resource Development: Build/Compromise Botnet"": 5, ""T1590 - Reconnaissance: Gather Victim Network Information"": 5, ""T1595 - Reconnaissance: Active Scanning"": 5, ""TA0011 - Command-and-Control"": 5}",3028045,0
greedy_loo_fragility,greedy_loo_fragility,{},202,90,45,6.742637799105784e-06,0.2260833977974209,0.10996428029457757,0.2204973933736583,0.36089009720964654,5,50,10.0,14.142135623730951,80.0,"{""T1036 - Defense Evasion: Masquerading"": 5, ""T1498.001 - Impact: Direct Network Flood"": 5, ""T1498.002 - Impact: Reflection/Amplification Attack"": 5, ""T1571 - Defense Evasion: Non-Standard Port"": 50, ""T1583.005 - Resource Development: Acquire Botnet"": 5, ""T1584.005 - Resource Development: Build/Compromise Botnet"": 5, ""T1590 - Reconnaissance: Gather Victim Network Information"": 5, ""T1595 - Reconnaissance: Active Scanning"": 5, ""TA0011 - Command-and-Control"": 5}",3028090,45
greedy_loo_fragility,greedy_loo_fragility,{},202,180,135,7.97608911582401e-06,0.22587750666905632,0.1094747624011376,0.22033706261259658,0.36032935374007785,5,95,19.0,30.0,210.0,"{""T1036 - Defense Evasion: Masquerading"": 5, ""T1498.001 - Impact: Direct Network Flood"": 5, ""T1498.002 - Impact: Reflection/Amplification Attack"": 5, ""T1571 - Defense Evasion: Non-Standard Port"": 50, ""T1583.005 - Resource Development: Acquire Botnet"": 95, ""T1584.005 - Resource Development: Build/Compromise Botnet"": 5, ""T1590 - Reconnaissance: Gather Victim Network Information"": 5, ""T1595 - Reconnaissance: Active Scanning"": 5, ""TA0011 - Command-and-Control"": 5}",3028180,135
greedy_loo_fragility,greedy_loo_fragility,{},202,360,315,1.1354792527647997e-05,0.2267574888477158,0.10978326179456854,0.2215478568918745,0.36082308431906546,5,185,37.0,59.16079783099616,420.0,"{""T1036 - Defense Evasion: Masquerading"": 5, ""T1498.001 - Impact: Direct Network Flood"": 5, ""T1498.002 - Impact: Reflection/Amplification Attack"": 5, ""T1571 - Defense Evasion: Non-Standard Port"": 50, ""T1583.005 - Resource Development: Acquire Botnet"": 185, ""T1584.005 - Resource Development: Build/Compromise Botnet"": 5, ""T1590 - Reconnaissance: Gather Victim Network Information"": 5, ""T1595 - Reconnaissance: Active Scanning"": 95, ""TA0011 - Command-and-Control"": 5}",3028360,315
greedy_loo_fragility,greedy_loo_fragility,{},202,720,675,1.9134692408825734e-05,0.22764260056700986,0.11156554883793636,0.22199286451564532,0.3619375168166413,5,200,40.0,86.60254037844386,720.0,"{""T1036 - Defense Evasion: Masquerading"": 5, ""T1498.001 - Impact: Direct Network Flood"": 200, ""T1498.002 - Impact: Reflection/Amplification Attack"": 5, ""T1571 - Defense Evasion: Non-Standard Port"": 50, ""T1583.005 - Resource Development: Acquire Botnet"": 200, ""T1584.005 - Resource Development: Build/Compromise Botnet"": 50, ""T1590 - Reconnaissance: Gather Victim Network Information"": 5, ""T1595 - Reconnaissance: Active Scanning"": 200, ""TA0011 - Command-and-Control"": 5}",3028720,675
greedy_loo_fragility,greedy_loo_fragility,{},202,1200,1155,4.589520356017821e-06,0.2266477072570789,0.10660151963545399,0.22193855875725635,0.3629193605505043,5,200,40.0,69.85063429283309,542.0,"{""T1036 - Defense Evasion: Masquerading"": 125, ""T1498.001 - Impact: Direct Network Flood"": 200, ""T1498.002 - Impact: Reflection/Amplification Attack"": 5, ""T1571 - Defense Evasion: Non-Standard Port"": 81, ""T1583.005 - Resource Development: Acquire Botnet"": 200, ""T1584.005 - Resource Development: Build/Compromise Botnet"": 199, ""T1590 - Reconnaissance: Gather Victim Network Information"": 50, ""T1595 - Reconnaissance: Active Scanning"": 200, ""TA0011 - Command-and-Control"": 140}",3029200,1155
greedy_loo_fragility,greedy_loo_fragility,{},202,1798,1753,0.0,0.22470484448919714,0.10282013170083151,0.21987138712593557,0.3602157968474639,199,200,1.0050251256281406,0.41573970964154905,0.0,"{""T1036 - Defense Evasion: Masquerading"": 200, ""T1498.001 - Impact: Direct Network Flood"": 200, ""T1498.002 - Impact: Reflection/Amplification Attack"": 200, ""T1571 - Defense Evasion: Non-Standard Port"": 200, ""T1583.005 - Resource Development: Acquire Botnet"": 200, ""T1584.005 - Resource Development: Build/Compromise Botnet"": 199, ""T1590 - Reconnaissance: Gather Victim Network Information"": 199, ""T1595 - Reconnaissance: Active Scanning"": 200, ""TA0011 - Command-and-Control"": 200}",3029798,1753
epsilon_greedy_eps0.2,epsilon_greedy_loo_fragility,"{""epsilon"": 0.2}",202,45,0,2.361828347314425e-05,0.22262040217385273,0.1079688442544984,0.21836814489835626,0.3493972375173301,5,5,1.0,0.0,0.0,"{""T1036 - Defense Evasion: Masquerading"": 5, ""T1498.001 - Impact: Direct Network Flood"": 5, ""T1498.002 - Impact: Reflection/Amplification Attack"": 5, ""T1571 - Defense Evasion: Non-Standard Port"": 5, ""T1583.005 - Resource Development: Acquire Botnet"": 5, ""T1584.005 - Resource Development: Build/Compromise Botnet"": 5, ""T1590 - Reconnaissance: Gather Victim Network Information"": 5, ""T1595 - Reconnaissance: Active Scanning"": 5, ""TA0011 - Command-and-Control"": 5}",3028045,0
epsilon_greedy_eps0.2,epsilon_greedy_loo_fragility,"{""epsilon"": 0.2}",202,90,45,6.630961026129946e-06,0.22569401751458937,0.1075161647059782,0.22033615965232584,0.35942569285492343,6,40,6.666666666666667,10.614455552060438,60.0,"{""T1036 - Defense Evasion: Masquerading"": 7, ""T1498.001 - Impact: Direct Network Flood"": 6, ""T1498.002 - Impact: Reflection/Amplification Attack"": 6, ""T1571 - Defense Evasion: Non-Standard Port"": 40, ""T1583.005 - Resource Development: Acquire Botnet"": 6, ""T1584.005 - Resource Development: Build/Compromise Botnet"": 7, ""T1590 - Reconnaissance: Gather Victim Network Information"": 6, ""T1595 - Reconnaissance: Active Scanning"": 6, ""TA0011 - Command-and-Control"": 6}",3028090,45
epsilon_greedy_eps0.2,epsilon_greedy_loo_fragility,"{""epsilon"": 0.2}",202,180,135,1.6634901589043362e-05,0.22786114725150966,0.11298778857028863,0.2222130931004655,0.3613386215822559,8,49,6.125,16.666666666666668,140.0,"{""T1036 - Defense Evasion: Masquerading"": 8, ""T1498.001 - Impact: Direct Network Flood"": 9, ""T1498.002 - Impact: Reflection/Amplification Attack"": 8, ""T1571 - Defense Evasion: Non-Standard Port"": 40, ""T1583.005 - Resource Development: Acquire Botnet"": 9, ""T1584.005 - Resource Development: Build/Compromise Botnet"": 49, ""T1590 - Reconnaissance: Gather Victim Network Information"": 8, ""T1595 - Reconnaissance: Active Scanning"": 41, ""TA0011 - Command-and-Control"": 8}",3028180,135
epsilon_greedy_eps0.2,epsilon_greedy_loo_fragility,"{""epsilon"": 0.2}",202,360,315,7.79721986950087e-06,0.22531730114147705,0.10677343348887999,0.2203661419212688,0.35816287324039486,14,124,8.857142857142858,36.31039030972325,258.0,"{""T1036 - Defense Evasion: Masquerading"": 14, ""T1498.001 - Impact: Direct Network Flood"": 14, ""T1498.002 - Impact: Reflection/Amplification Attack"": 15, ""T1571 - Defense Evasion: Non-Standard Port"": 78, ""T1583.005 - Resource Development: Acquire Botnet"": 46, ""T1584.005 - Resource Development: Build/Compromise Botnet"": 124, ""T1590 - Reconnaissance: Gather Victim Network Information"": 14, ""T1595 - Reconnaissance: Active Scanning"": 41, ""TA0011 - Command-and-Control"": 14}",3028360,315
epsilon_greedy_eps0.2,epsilon_greedy_loo_fragility,"{""epsilon"": 0.2}",202,720,675,4.097852192208857e-06,0.2257461946803438,0.10667022723303018,0.22113231445494588,0.358217213820761,35,199,5.685714285714286,54.976762767959016,392.0,"{""T1036 - Defense Evasion: Masquerading"": 59, ""T1498.001 - Impact: Direct Network Flood"": 35, ""T1498.002 - Impact: Reflection/Amplification Attack"": 35, ""T1571 - Defense Evasion: Non-Standard Port"": 78, ""T1583.005 - Resource Development: Acquire Botnet"": 157, ""T1584.005 - Resource Development: Build/Compromise Botnet"": 199, ""T1590 - Reconnaissance: Gather Victim Network Information"": 66, ""T1595 - Reconnaissance: Active Scanning"": 41, ""TA0011 - Command-and-Control"": 50}",3028720,675
epsilon_greedy_eps0.2,epsilon_greedy_loo_fragility,"{""epsilon"": 0.2}",202,1200,1155,3.7471386623970255e-06,0.22452504870207748,0.10458353338350011,0.21979024359894345,0.35994557512835185,73,200,2.73972602739726,53.22906474223771,446.0,"{""T1036 - Defense Evasion: Masquerading"": 97, ""T1498.001 - Impact: Direct Network Flood"": 74, ""T1498.002 - Impact: Reflection/Amplification Attack"": 73, ""T1571 - Defense Evasion: Non-Standard Port"": 78, ""T1583.005 - Resource Development: Acquire Botnet"": 200, ""T1584.005 - Resource Development: Build/Compromise Botnet"": 199, ""T1590 - Reconnaissance: Gather Victim Network Information"": 199, ""T1595 - Reconnaissance: Active Scanning"": 160, ""TA0011 - Command-and-Control"": 120}",3029200,1155
epsilon_greedy_eps0.2,epsilon_greedy_loo_fragility,"{""epsilon"": 0.2}",202,1798,1753,0.0,0.22470484448919714,0.10282013170083151,0.21987138712593557,0.3602157968474639,199,200,1.0050251256281406,0.41573970964154905,0.0,"{""T1036 - Defense Evasion: Masquerading"": 200, ""T1498.001 - Impact: Direct Network Flood"": 200, ""T1498.002 - Impact: Reflection/Amplification Attack"": 200, ""T1571 - Defense Evasion: Non-Standard Port"": 200, ""T1583.005 - Resource Development: Acquire Botnet"": 200, ""T1584.005 - Resource Development: Build/Compromise Botnet"": 199, ""T1590 - Reconnaissance: Gather Victim Network Information"": 199, ""T1595 - Reconnaissance: Active Scanning"": 200, ""TA0011 - Command-and-Control"": 200}",3029798,1753
exploration_bonus_c0.25,exploration_bonus_loo_fragility,"{""c"": 0.25}",202,45,0,2.361828347314425e-05,0.22262040217385273,0.1079688442544984,0.21836814489835626,0.3493972375173301,5,5,1.0,0.0,0.0,"{""T1036 - Defense Evasion: Masquerading"": 5, ""T1498.001 - Impact: Direct Network Flood"": 5, ""T1498.002 - Impact: Reflection/Amplification Attack"": 5, ""T1571 - Defense Evasion: Non-Standard Port"": 5, ""T1583.005 - Resource Development: Acquire Botnet"": 5, ""T1584.005 - Resource Development: Build/Compromise Botnet"": 5, ""T1590 - Reconnaissance: Gather Victim Network Information"": 5, ""T1595 - Reconnaissance: Active Scanning"": 5, ""TA0011 - Command-and-Control"": 5}",3028045,0
exploration_bonus_c0.25,exploration_bonus_loo_fragility,"{""c"": 0.25}",202,90,45,6.742637799105784e-06,0.2260833977974209,0.10996428029457757,0.2204973933736583,0.36089009720964654,5,50,10.0,14.142135623730951,80.0,"{""T1036 - Defense Evasion: Masquerading"": 5, ""T1498.001 - Impact: Direct Network Flood"": 5, ""T1498.002 - Impact: Reflection/Amplification Attack"": 5, ""T1571 - Defense Evasion: Non-Standard Port"": 50, ""T1583.005 - Resource Development: Acquire Botnet"": 5, ""T1584.005 - Resource Development: Build/Compromise Botnet"": 5, ""T1590 - Reconnaissance: Gather Victim Network Information"": 5, ""T1595 - Reconnaissance: Active Scanning"": 5, ""TA0011 - Command-and-Control"": 5}",3028090,45
exploration_bonus_c0.25,exploration_bonus_loo_fragility,"{""c"": 0.25}",202,180,135,6.834464771503951e-06,0.22623521033937272,0.10952083198260595,0.2206598829420045,0.3612688271470639,5,73,14.6,23.823424513607517,180.0,"{""T1036 - Defense Evasion: Masquerading"": 5, ""T1498.001 - Impact: Direct Network Flood"": 5, ""T1498.002 - Impact: Reflection/Amplification Attack"": 5, ""T1571 - Defense Evasion: Non-Standard Port"": 50, ""T1583.005 - Resource Development: Acquire Botnet"": 73, ""T1584.005 - Resource Development: Build/Compromise Botnet"": 5, ""T1590 - Reconnaissance: Gather Victim Network Information"": 5, ""T1595 - Reconnaissance: Active Scanning"": 27, ""TA0011 - Command-and-Control"": 5}",3028180,135
exploration_bonus_c0.25,exploration_bonus_loo_fragility,"{""c"": 0.25}",202,360,315,1.1461273001173955e-05,0.22673108625210595,0.10956117355951803,0.2216006092147415,0.36063117716711407,5,187,37.4,59.50536857199432,420.0,"{""T1036 - Defense Evasion: Masquerading"": 5, ""T1498.001 - Impact: Direct Network Flood"": 5, ""T1498.002 - Impact: Reflection/Amplification Attack"": 5, ""T1571 - Defense Evasion: Non-Standard Port"": 50, ""T1583.005 - Resource Development: Acquire Botnet"": 93, ""T1584.005 - Resource Development: Build/Compromise Botnet"": 5, ""T1590 - Reconnaissance: Gather Victim Network Information"": 5, ""T1595 - Reconnaissance: Active Scanning"": 187, ""TA0011 - Command-and-Control"": 5}",3028360,315
exploration_bonus_c0.25,exploration_bonus_loo_fragility,"{""c"": 0.25}",202,720,675,1.9134692408825734e-05,0.22764260056700986,0.11156554883793636,0.22199286451564532,0.3619375168166413,5,200,40.0,86.60254037844386,720.0,"{""T1036 - Defense Evasion: Masquerading"": 5, ""T1498.001 - Impact: Direct Network Flood"": 200, ""T1498.002 - Impact: Reflection/Amplification Attack"": 5, ""T1571 - Defense Evasion: Non-Standard Port"": 50, ""T1583.005 - Resource Development: Acquire Botnet"": 200, ""T1584.005 - Resource Development: Build/Compromise Botnet"": 50, ""T1590 - Reconnaissance: Gather Victim Network Information"": 5, ""T1595 - Reconnaissance: Active Scanning"": 200, ""TA0011 - Command-and-Control"": 5}",3028720,675
exploration_bonus_c0.25,exploration_bonus_loo_fragility,"{""c"": 0.25}",202,1200,1155,4.202097630083017e-06,0.224704715343122,0.1053386352877604,0.21952702247008807,0.35805468812221336,13,200,15.384615384615385,67.24416538092935,528.0,"{""T1036 - Defense Evasion: Masquerading"": 13, ""T1498.001 - Impact: Direct Network Flood"": 200, ""T1498.002 - Impact: Reflection/Amplification Attack"": 58, ""T1571 - Defense Evasion: Non-Standard Port"": 81, ""T1583.005 - Resource Development: Acquire Botnet"": 200, ""T1584.005 - Resource Development: Build/Compromise Botnet"": 199, ""T1590 - Reconnaissance: Gather Victim Network Information"": 125, ""T1595 - Reconnaissance: Active Scanning"": 200, ""TA0011 - Command-and-Control"": 124}",3029200,1155
exploration_bonus_c0.25,exploration_bonus_loo_fragility,"{""c"": 0.25}",202,1798,1753,0.0,0.22470484448919714,0.10282013170083151,0.21987138712593557,0.3602157968474639,199,200,1.0050251256281406,0.41573970964154905,0.0,"{""T1036 - Defense Evasion: Masquerading"": 200, ""T1498.001 - Impact: Direct Network Flood"": 200, ""T1498.002 - Impact: Reflection/Amplification Attack"": 200, ""T1571 - Defense Evasion: Non-Standard Port"": 200, ""T1583.005 - Resource Development: Acquire Botnet"": 200, ""T1584.005 - Resource Development: Build/Compromise Botnet"": 199, ""T1590 - Reconnaissance: Gather Victim Network Information"": 199, ""T1595 - Reconnaissance: Active Scanning"": 200, ""TA0011 - Command-and-Control"": 200}",3029798,1753
exploration_bonus_c0.5,exploration_bonus_loo_fragility,"{""c"": 0.5}",202,45,0,2.361828347314425e-05,0.22262040217385273,0.1079688442544984,0.21836814489835626,0.3493972375173301,5,5,1.0,0.0,0.0,"{""T1036 - Defense Evasion: Masquerading"": 5, ""T1498.001 - Impact: Direct Network Flood"": 5, ""T1498.002 - Impact: Reflection/Amplification Attack"": 5, ""T1571 - Defense Evasion: Non-Standard Port"": 5, ""T1583.005 - Resource Development: Acquire Botnet"": 5, ""T1584.005 - Resource Development: Build/Compromise Botnet"": 5, ""T1590 - Reconnaissance: Gather Victim Network Information"": 5, ""T1595 - Reconnaissance: Active Scanning"": 5, ""TA0011 - Command-and-Control"": 5}",3028045,0
exploration_bonus_c0.5,exploration_bonus_loo_fragility,"{""c"": 0.5}",202,90,45,6.742637799105784e-06,0.2260833977974209,0.10996428029457757,0.2204973933736583,0.36089009720964654,5,50,10.0,14.142135623730951,80.0,"{""T1036 - Defense Evasion: Masquerading"": 5, ""T1498.001 - Impact: Direct Network Flood"": 5, ""T1498.002 - Impact: Reflection/Amplification Attack"": 5, ""T1571 - Defense Evasion: Non-Standard Port"": 50, ""T1583.005 - Resource Development: Acquire Botnet"": 5, ""T1584.005 - Resource Development: Build/Compromise Botnet"": 5, ""T1590 - Reconnaissance: Gather Victim Network Information"": 5, ""T1595 - Reconnaissance: Active Scanning"": 5, ""TA0011 - Command-and-Control"": 5}",3028090,45
exploration_bonus_c0.5,exploration_bonus_loo_fragility,"{""c"": 0.5}",202,180,135,6.579905997987034e-06,0.22645593934313055,0.1089861669438905,0.221121738646402,0.3613158042799363,5,50,10.0,20.75786330258702,176.0,"{""T1036 - Defense Evasion: Masquerading"": 5, ""T1498.001 - Impact: Direct Network Flood"": 7, ""T1498.002 - Impact: Reflection/Amplification Attack"": 5, ""T1571 - Defense Evasion: Non-Standard Port"": 50, ""T1583.005 - Resource Development: Acquire Botnet"": 48, ""T1584.005 - Resource Development: Build/Compromise Botnet"": 5, ""T1590 - Reconnaissance: Gather Victim Network Information"": 5, ""T1595 - Reconnaissance: Active Scanning"": 50, ""TA0011 - Command-and-Control"": 5}",3028180,135
exploration_bonus_c0.5,exploration_bonus_loo_fragility,"{""c"": 0.5}",202,360,315,1.2190672642281569e-05,0.22718824778773158,0.10975979991634216,0.22176367983734302,0.3620383112051032,5,199,39.8,59.230247527949956,354.0,"{""T1036 - Defense Evasion: Masquerading"": 5, ""T1498.001 - Impact: Direct Network Flood"": 38, ""T1498.002 - Impact: Reflection/Amplification Attack"": 5, ""T1571 - Defense Evasion: Non-Standard Port"": 50, ""T1583.005 - Resource Development: Acquire Botnet"": 48, ""T1584.005 - Resource Development: Build/Compromise Botnet"": 5, ""T1590 - Reconnaissance: Gather Victim Network Information"": 5, ""T1595 - Reconnaissance: Active Scanning"": 199, ""TA0011 - Command-and-Control"": 5}",3028360,315
exploration_bonus_c0.5,exploration_bonus_loo_fragility,"{""c"": 0.5}",202,720,675,8.331081719617681e-06,0.22663525951994803,0.11082879260725512,0.22111056213014188,0.36240621404059165,5,200,40.0,88.34150905560887,734.0,"{""T1036 - Defense Evasion: Masquerading"": 5, ""T1498.001 - Impact: Direct Network Flood"": 200, ""T1498.002 - Impact: Reflection/Amplification Attack"": 5, ""T1571 - Defense Evasion: Non-Standard Port"": 87, ""T1583.005 - Resource Development: Acquire Botnet"": 200, ""T1584.005 - Resource Development: Build/Compromise Botnet"": 13, ""T1590 - Reconnaissance: Gather Victim Network Information"": 5, ""T1595 - Reconnaissance: Active Scanning"": 200, ""TA0011 - Command-and-Control"": 5}",3028720,675
exploration_bonus_c0.5,exploration_bonus_loo_fragility,"{""c"": 0.5}",202,1200,1155,6.75205673331111e-06,0.22295045569873873,0.10548413892597634,0.21835736544174644,0.35500133447965176,5,200,40.0,64.20799534845071,480.0,"{""T1036 - Defense Evasion: Masquerading"": 5, ""T1498.001 - Impact: Direct Network Flood"": 200, ""T1498.002 - Impact: Reflection/Amplification Attack"": 66, ""T1571 - Defense Evasion: Non-Standard Port"": 132, ""T1583.005 - Resource Development: Acquire Botnet"": 200, ""T1584.005 - Resource Development: Build/Compromise Botnet"": 107, ""T1590 - Reconnaissance: Gather Victim Network Information"": 175, ""T1595 - Reconnaissance: Active Scanning"": 200, ""TA0011 - Command-and-Control"": 115}",3029200,1155
exploration_bonus_c0.5,exploration_bonus_loo_fragility,"{""c"": 0.5}",202,1798,1753,0.0,0.22470484448919714,0.10282013170083151,0.21987138712593557,0.3602157968474639,199,200,1.0050251256281406,0.41573970964154905,0.0,"{""T1036 - Defense Evasion: Masquerading"": 200, ""T1498.001 - Impact: Direct Network Flood"": 200, ""T1498.002 - Impact: Reflection/Amplification Attack"": 200, ""T1571 - Defense Evasion: Non-Standard Port"": 200, ""T1583.005 - Resource Development: Acquire Botnet"": 200, ""T1584.005 - Resource Development: Build/Compromise Botnet"": 199, ""T1590 - Reconnaissance: Gather Victim Network Information"": 199, ""T1595 - Reconnaissance: Active Scanning"": 200, ""TA0011 - Command-and-Control"": 200}",3029798,1753
exploration_bonus_c1.0,exploration_bonus_loo_fragility,"{""c"": 1.0}",202,45,0,2.361828347314425e-05,0.22262040217385273,0.1079688442544984,0.21836814489835626,0.3493972375173301,5,5,1.0,0.0,0.0,"{""T1036 - Defense Evasion: Masquerading"": 5, ""T1498.001 - Impact: Direct Network Flood"": 5, ""T1498.002 - Impact: Reflection/Amplification Attack"": 5, ""T1571 - Defense Evasion: Non-Standard Port"": 5, ""T1583.005 - Resource Development: Acquire Botnet"": 5, ""T1584.005 - Resource Development: Build/Compromise Botnet"": 5, ""T1590 - Reconnaissance: Gather Victim Network Information"": 5, ""T1595 - Reconnaissance: Active Scanning"": 5, ""TA0011 - Command-and-Control"": 5}",3028045,0
exploration_bonus_c1.0,exploration_bonus_loo_fragility,"{""c"": 1.0}",202,90,45,6.742637799105784e-06,0.2260833977974209,0.10996428029457757,0.2204973933736583,0.36089009720964654,5,50,10.0,14.142135623730951,80.0,"{""T1036 - Defense Evasion: Masquerading"": 5, ""T1498.001 - Impact: Direct Network Flood"": 5, ""T1498.002 - Impact: Reflection/Amplification Attack"": 5, ""T1571 - Defense Evasion: Non-Standard Port"": 50, ""T1583.005 - Resource Development: Acquire Botnet"": 5, ""T1584.005 - Resource Development: Build/Compromise Botnet"": 5, ""T1590 - Reconnaissance: Gather Victim Network Information"": 5, ""T1595 - Reconnaissance: Active Scanning"": 5, ""TA0011 - Command-and-Control"": 5}",3028090,45
exploration_bonus_c1.0,exploration_bonus_loo_fragility,"{""c"": 1.0}",202,180,135,7.140253443791353e-06,0.2266473961029953,0.10988157473322883,0.22120073922123823,0.36243197330115,5,50,10.0,17.82008853949821,148.0,"{""T1036 - Defense Evasion: Masquerading"": 5, ""T1498.001 - Impact: Direct Network Flood"": 43, ""T1498.002 - Impact: Reflection/Amplification Attack"": 5, ""T1571 - Defense Evasion: Non-Standard Port"": 50, ""T1583.005 - Resource Development: Acquire Botnet"": 38, ""T1584.005 - Resource Development: Build/Compromise Botnet"": 6, ""T1590 - Reconnaissance: Gather Victim Network Information"": 5, ""T1595 - Reconnaissance: Active Scanning"": 23, ""TA0011 - Command-and-Control"": 5}",3028180,135
exploration_bonus_c1.0,exploration_bonus_loo_fragility,"{""c"": 1.0}",202,360,315,1.3893098344915123e-05,0.22733298205610317,0.11183986568193645,0.22238797995532228,0.36050311842958266,5,105,21.0,32.10745846199741,248.0,"{""T1036 - Defense Evasion: Masquerading"": 5, ""T1498.001 - Impact: Direct Network Flood"": 70, ""T1498.002 - Impact: Reflection/Amplification Attack"": 7, ""T1571 - Defense Evasion: Non-Standard Port"": 50, ""T1583.005 - Resource Development: Acquire Botnet"": 59, ""T1584.005 - Resource Development: Build/Compromise Botnet"": 32, ""T1590 - Reconnaissance: Gather Victim Network Information"": 25, ""T1595 - Reconnaissance: Active Scanning"": 105, ""TA0011 - Command-and-Control"": 7}",3028360,315
exploration_bonus_c1.0,exploration_bonus_loo_fragility,"{""c"": 1.0}",202,720,675,2.0786499060010725e-05,0.22854240718161017,0.10569403856811428,0.22310352801775313,0.37061701913551887,7,200,28.571428571428573,72.16339484500126,540.0,"{""T1036 - Defense Evasion: Masquerading"": 7, ""T1498.001 - Impact: Direct Network Flood"": 86, ""T1498.002 - Impact: Reflection/Amplification Attack"": 10, ""T1571 - Defense Evasion: Non-Standard Port"": 74, ""T1583.005 - Resource Development: Acquire Botnet"": 200, ""T1584.005 - Resource Development: Build/Compromise Botnet"": 199, ""T1590 - Reconnaissance: Gather Victim Network Information"": 25, ""T1595 - Reconnaissance: Active Scanning"": 105, ""TA0011 - Command-and-Control"": 14}",3028720,675
exploration_bonus_c1.0,exploration_bonus_loo_fragility,"{""c"": 1.0}",202,1200,1155,1.8197731850232495e-06,0.22475264069795056,0.10440008778037393,0.21981147980555832,0.35882864888649857,60,200,3.3333333333333335,53.17058501757444,426.0,"{""T1036 - Defense Evasion: Masquerading"": 103, ""T1498.001 - Impact: Direct Network Flood"": 116, ""T1498.002 - Impact: Reflection/Amplification Attack"": 200, ""T1571 - Defense Evasion: Non-Standard Port"": 149, ""T1583.005 - Resource Development: Acquire Botnet"": 200, ""T1584.005 - Resource Development: Build/Compromise Botnet"": 199, ""T1590 - Reconnaissance: Gather Victim Network Information"": 64, ""T1595 - Reconnaissance: Active Scanning"": 109, ""TA0011 - Command-and-Control"": 60}",3029200,1155
exploration_bonus_c1.0,exploration_bonus_loo_fragility,"{""c"": 1.0}",202,1798,1753,0.0,0.22470484448919714,0.10282013170083151,0.21987138712593557,0.3602157968474639,199,200,1.0050251256281406,0.41573970964154905,0.0,"{""T1036 - Defense Evasion: Masquerading"": 200, ""T1498.001 - Impact: Direct Network Flood"": 200, ""T1498.002 - Impact: Reflection/Amplification Attack"": 200, ""T1571 - Defense Evasion: Non-Standard Port"": 200, ""T1583.005 - Resource Development: Acquire Botnet"": 200, ""T1584.005 - Resource Development: Build/Compromise Botnet"": 199, ""T1590 - Reconnaissance: Gather Victim Network Information"": 199, ""T1595 - Reconnaissance: Active Scanning"": 200, ""TA0011 - Command-and-Control"": 200}",3029798,1753
uniform_step_balanced,uniform_step_balanced,{},303,45,0,3.4534796817123485e-05,0.22700229933473165,0.09749372545757935,0.22151568975597724,0.37060437495439974,5,5,1.0,0.0,0.0,"{""T1036 - Defense Evasion: Masquerading"": 5, ""T1498.001 - Impact: Direct Network Flood"": 5, ""T1498.002 - Impact: Reflection/Amplification Attack"": 5, ""T1571 - Defense Evasion: Non-Standard Port"": 5, ""T1583.005 - Resource Development: Acquire Botnet"": 5, ""T1584.005 - Resource Development: Build/Compromise Botnet"": 5, ""T1590 - Reconnaissance: Gather Victim Network Information"": 5, ""T1595 - Reconnaissance: Active Scanning"": 5, ""TA0011 - Command-and-Control"": 5}",4038045,0
uniform_step_balanced,uniform_step_balanced,{},303,90,45,5.77471568692702e-06,0.22336740640871086,0.10098712580992823,0.21834605949453417,0.36249528090716215,10,10,1.0,0.0,0.0,"{""T1036 - Defense Evasion: Masquerading"": 10, ""T1498.001 - Impact: Direct Network Flood"": 10, ""T1498.002 - Impact: Reflection/Amplification Attack"": 10, ""T1571 - Defense Evasion: Non-Standard Port"": 10, ""T1583.005 - Resource Development: Acquire Botnet"": 10, ""T1584.005 - Resource Development: Build/Compromise Botnet"": 10, ""T1590 - Reconnaissance: Gather Victim Network Information"": 10, ""T1595 - Reconnaissance: Active Scanning"": 10, ""TA0011 - Command-and-Control"": 10}",4038090,45
uniform_step_balanced,uniform_step_balanced,{},303,180,135,1.594311687543048e-05,0.22804953970892744,0.1022133426691818,0.22371007522070013,0.3649064241832174,20,20,1.0,0.0,0.0,"{""T1036 - Defense Evasion: Masquerading"": 20, ""T1498.001 - Impact: Direct Network Flood"": 20, ""T1498.002 - Impact: Reflection/Amplification Attack"": 20, ""T1571 - Defense Evasion: Non-Standard Port"": 20, ""T1583.005 - Resource Development: Acquire Botnet"": 20, ""T1584.005 - Resource Development: Build/Compromise Botnet"": 20, ""T1590 - Reconnaissance: Gather Victim Network Information"": 20, ""T1595 - Reconnaissance: Active Scanning"": 20, ""TA0011 - Command-and-Control"": 20}",4038180,135
uniform_step_balanced,uniform_step_balanced,{},303,360,315,3.855806607827436e-06,0.22604288468500963,0.1010863926638369,0.22213351364168005,0.36174859682659016,40,40,1.0,0.0,0.0,"{""T1036 - Defense Evasion: Masquerading"": 40, ""T1498.001 - Impact: Direct Network Flood"": 40, ""T1498.002 - Impact: Reflection/Amplification Attack"": 40, ""T1571 - Defense Evasion: Non-Standard Port"": 40, ""T1583.005 - Resource Development: Acquire Botnet"": 40, ""T1584.005 - Resource Development: Build/Compromise Botnet"": 40, ""T1590 - Reconnaissance: Gather Victim Network Information"": 40, ""T1595 - Reconnaissance: Active Scanning"": 40, ""TA0011 - Command-and-Control"": 40}",4038360,315
uniform_step_balanced,uniform_step_balanced,{},303,720,675,3.856034750968391e-06,0.22615505954867104,0.10335835639946753,0.22189025937073828,0.3623398589472401,80,80,1.0,0.0,0.0,"{""T1036 - Defense Evasion: Masquerading"": 80, ""T1498.001 - Impact: Direct Network Flood"": 80, ""T1498.002 - Impact: Reflection/Amplification Attack"": 80, ""T1571 - Defense Evasion: Non-Standard Port"": 80, ""T1583.005 - Resource Development: Acquire Botnet"": 80, ""T1584.005 - Resource Development: Build/Compromise Botnet"": 80, ""T1590 - Reconnaissance: Gather Victim Network Information"": 80, ""T1595 - Reconnaissance: Active Scanning"": 80, ""TA0011 - Command-and-Control"": 80}",4038720,675
uniform_step_balanced,uniform_step_balanced,{},303,1200,1155,5.751304601422713e-06,0.2258524526671716,0.10551882032375867,0.22136766974995536,0.35904984407136187,133,134,1.0075187969924813,0.4714045207910317,0.0,"{""T1036 - Defense Evasion: Masquerading"": 134, ""T1498.001 - Impact: Direct Network Flood"": 133, ""T1498.002 - Impact: Reflection/Amplification Attack"": 133, ""T1571 - Defense Evasion: Non-Standard Port"": 133, ""T1583.005 - Resource Development: Acquire Botnet"": 133, ""T1584.005 - Resource Development: Build/Compromise Botnet"": 133, ""T1590 - Reconnaissance: Gather Victim Network Information"": 134, ""T1595 - Reconnaissance: Active Scanning"": 134, ""TA0011 - Command-and-Control"": 133}",4039200,1155
uniform_step_balanced,uniform_step_balanced,{},303,1798,1753,0.0,0.22470484448919714,0.10282013170083151,0.21987138712593557,0.3602157968474639,199,200,1.0050251256281406,0.41573970964154905,0.0,"{""T1036 - Defense Evasion: Masquerading"": 200, ""T1498.001 - Impact: Direct Network Flood"": 200, ""T1498.002 - Impact: Reflection/Amplification Attack"": 200, ""T1571 - Defense Evasion: Non-Standard Port"": 200, ""T1583.005 - Resource Development: Acquire Botnet"": 200, ""T1584.005 - Resource Development: Build/Compromise Botnet"": 199, ""T1590 - Reconnaissance: Gather Victim Network Information"": 199, ""T1595 - Reconnaissance: Active Scanning"": 200, ""TA0011 - Command-and-Control"": 200}",4039798,1753
greedy_loo_fragility,greedy_loo_fragility,{},303,45,0,3.4534796817123485e-05,0.22700229933473165,0.09749372545757935,0.22151568975597724,0.37060437495439974,5,5,1.0,0.0,0.0,"{""T1036 - Defense Evasion: Masquerading"": 5, ""T1498.001 - Impact: Direct Network Flood"": 5, ""T1498.002 - Impact: Reflection/Amplification Attack"": 5, ""T1571 - Defense Evasion: Non-Standard Port"": 5, ""T1583.005 - Resource Development: Acquire Botnet"": 5, ""T1584.005 - Resource Development: Build/Compromise Botnet"": 5, ""T1590 - Reconnaissance: Gather Victim Network Information"": 5, ""T1595 - Reconnaissance: Active Scanning"": 5, ""TA0011 - Command-and-Control"": 5}",4038045,0
greedy_loo_fragility,greedy_loo_fragility,{},303,90,45,5.0407346150546534e-05,0.2316506777998533,0.10563069192794795,0.22804869880588935,0.3689785739753632,5,50,10.0,14.142135623730951,80.0,"{""T1036 - Defense Evasion: Masquerading"": 5, ""T1498.001 - Impact: Direct Network Flood"": 5, ""T1498.002 - Impact: Reflection/Amplification Attack"": 5, ""T1571 - Defense Evasion: Non-Standard Port"": 50, ""T1583.005 - Resource Development: Acquire Botnet"": 5, ""T1584.005 - Resource Development: Build/Compromise Botnet"": 5, ""T1590 - Reconnaissance: Gather Victim Network Information"": 5, ""T1595 - Reconnaissance: Active Scanning"": 5, ""TA0011 - Command-and-Control"": 5}",4038090,45
greedy_loo_fragility,greedy_loo_fragility,{},303,180,135,5.154473420472862e-05,0.2316701820315641,0.10685062081473258,0.2274514763500832,0.3691904703487991,5,95,19.0,30.0,210.0,"{""T1036 - Defense Evasion: Masquerading"": 5, ""T1498.001 - Impact: Direct Network Flood"": 5, ""T1498.002 - Impact: Reflection/Amplification Attack"": 5, ""T1571 - Defense Evasion: Non-Standard Port"": 50, ""T1583.005 - Resource Development: Acquire Botnet"": 5, ""T1584.005 - Resource Development: Build/Compromise Botnet"": 5, ""T1590 - Reconnaissance: Gather Victim Network Information"": 95, ""T1595 - Reconnaissance: Active Scanning"": 5, ""TA0011 - Command-and-Control"": 5}",4038180,135
greedy_loo_fragility,greedy_loo_fragility,{},303,360,315,4.873282926206367e-05,0.23111449836705905,0.10494419667646099,0.22626311886463096,0.36957890621359357,5,199,39.8,61.834905640386935,420.0,"{""T1036 - Defense Evasion: Masquerading"": 5, ""T1498.001 - Impact: Direct Network Flood"": 5, ""T1498.002 - Impact: Reflection/Amplification Attack"": 5, ""T1571 - Defense Evasion: Non-Standard Port"": 81, ""T1583.005 - Resource Development: Acquire Botnet"": 5, ""T1584.005 - Resource Development: Build/Compromise Botnet"": 5, ""T1590 - Reconnaissance: Gather Victim Network Information"": 199, ""T1595 - Reconnaissance: Active Scanning"": 50, ""TA0011 - Command-and-Control"": 5}",4038360,315
greedy_loo_fragility,greedy_loo_fragility,{},303,720,675,3.2123815869087774e-05,0.2301244172000553,0.10444591341520035,0.22589710863950074,0.3661424323961599,5,199,39.8,76.76949625701315,660.0,"{""T1036 - Defense Evasion: Masquerading"": 5, ""T1498.001 - Impact: Direct Network Flood"": 140, ""T1498.002 - Impact: Reflection/Amplification Attack"": 50, ""T1571 - Defense Evasion: Non-Standard Port"": 171, ""T1583.005 - Resource Development: Acquire Botnet"": 5, ""T1584.005 - Resource Development: Build/Compromise Botnet"": 5, ""T1590 - Reconnaissance: Gather Victim Network Information"": 199, ""T1595 - Reconnaissance: Active Scanning"": 140, ""TA0011 - Command-and-Control"": 5}",4038720,675
greedy_loo_fragility,greedy_loo_fragility,{},303,1200,1155,2.590167816000248e-05,0.2292884765085902,0.1048971078337528,0.22479199890894008,0.3651561858468069,5,200,40.0,77.13048107662179,604.0,"{""T1036 - Defense Evasion: Masquerading"": 5, ""T1498.001 - Impact: Direct Network Flood"": 200, ""T1498.002 - Impact: Reflection/Amplification Attack"": 125, ""T1571 - Defense Evasion: Non-Standard Port"": 171, ""T1583.005 - Resource Development: Acquire Botnet"": 200, ""T1584.005 - Resource Development: Build/Compromise Botnet"": 5, ""T1590 - Reconnaissance: Gather Victim Network Information"": 199, ""T1595 - Reconnaissance: Active Scanning"": 200, ""TA0011 - Command-and-Control"": 95}",4039200,1155
greedy_loo_fragility,greedy_loo_fragility,{},303,1798,1753,0.0,0.22470484448919714,0.10282013170083151,0.21987138712593557,0.3602157968474639,199,200,1.0050251256281406,0.41573970964154905,0.0,"{""T1036 - Defense Evasion: Masquerading"": 200, ""T1498.001 - Impact: Direct Network Flood"": 200, ""T1498.002 - Impact: Reflection/Amplification Attack"": 200, ""T1571 - Defense Evasion: Non-Standard Port"": 200, ""T1583.005 - Resource Development: Acquire Botnet"": 200, ""T1584.005 - Resource Development: Build/Compromise Botnet"": 199, ""T1590 - Reconnaissance: Gather Victim Network Information"": 199, ""T1595 - Reconnaissance: Active Scanning"": 200, ""TA0011 - Command-and-Control"": 200}",4039798,1753
epsilon_greedy_eps0.2,epsilon_greedy_loo_fragility,"{""epsilon"": 0.2}",303,45,0,3.4534796817123485e-05,0.22700229933473165,0.09749372545757935,0.22151568975597724,0.37060437495439974,5,5,1.0,0.0,0.0,"{""T1036 - Defense Evasion: Masquerading"": 5, ""T1498.001 - Impact: Direct Network Flood"": 5, ""T1498.002 - Impact: Reflection/Amplification Attack"": 5, ""T1571 - Defense Evasion: Non-Standard Port"": 5, ""T1583.005 - Resource Development: Acquire Botnet"": 5, ""T1584.005 - Resource Development: Build/Compromise Botnet"": 5, ""T1590 - Reconnaissance: Gather Victim Network Information"": 5, ""T1595 - Reconnaissance: Active Scanning"": 5, ""TA0011 - Command-and-Control"": 5}",4038045,0
epsilon_greedy_eps0.2,epsilon_greedy_loo_fragility,"{""epsilon"": 0.2}",303,90,45,1.735097178917013e-05,0.22792511933229512,0.10133691860851063,0.22370525782905862,0.36596203785556375,6,40,6.666666666666667,10.614455552060438,60.0,"{""T1036 - Defense Evasion: Masquerading"": 6, ""T1498.001 - Impact: Direct Network Flood"": 7, ""T1498.002 - Impact: Reflection/Amplification Attack"": 6, ""T1571 - Defense Evasion: Non-Standard Port"": 40, ""T1583.005 - Resource Development: Acquire Botnet"": 6, ""T1584.005 - Resource Development: Build/Compromise Botnet"": 6, ""T1590 - Reconnaissance: Gather Victim Network Information"": 7, ""T1595 - Reconnaissance: Active Scanning"": 6, ""TA0011 - Command-and-Control"": 6}",4038090,45
epsilon_greedy_eps0.2,epsilon_greedy_loo_fragility,"{""epsilon"": 0.2}",303,180,135,3.321718455574633e-05,0.22974624267059818,0.10292052278530436,0.22501762640382206,0.3698103760309106,7,47,6.714285714285714,17.301252363147974,146.0,"{""T1036 - Defense Evasion: Masquerading"": 7, ""T1498.001 - Impact: Direct Network Flood"": 46, ""T1498.002 - Impact: Reflection/Amplification Attack"": 8, ""T1571 - Defense Evasion: Non-Standard Port"": 40, ""T1583.005 - Resource Development: Acquire Botnet"": 8, ""T1584.005 - Resource Development: Build/Compromise Botnet"": 47, ""T1590 - Reconnaissance: Gather Victim Network Information"": 8, ""T1595 - Reconnaissance: Active Scanning"": 8, ""TA0011 - Command-and-Control"": 8}",4038180,135
epsilon_greedy_eps0.2,epsilon_greedy_loo_fragility,"{""epsilon"": 0.2}",303,360,315,3.42033634512691e-06,0.22615430712367915,0.10386562401277792,0.22168358905143737,0.3623032501163549,14,123,8.785714285714286,35.94749257211443,260.0,"{""T1036 - Defense Evasion: Masquerading"": 14, ""T1498.001 - Impact: Direct Network Flood"": 123, ""T1498.002 - Impact: Reflection/Amplification Attack"": 14, ""T1571 - Defense Evasion: Non-Standard Port"": 76, ""T1583.005 - Resource Development: Acquire Botnet"": 44, ""T1584.005 - Resource Development: Build/Compromise Botnet"": 47, ""T1590 - Reconnaissance: Gather Victim Network Information"": 14, ""T1595 - Reconnaissance: Active Scanning"": 14, ""TA0011 - Command-and-Control"": 14}",4038360,315
epsilon_greedy_eps0.2,epsilon_greedy_loo_fragility,"{""epsilon"": 0.2}",303,720,675,8.968485502116594e-06,0.22686969547644945,0.10029934187289388,0.22282721545904502,0.36553325431807737,28,196,7.0,61.86364935170824,516.0,"{""T1036 - Defense Evasion: Masquerading"": 28, ""T1498.001 - Impact: Direct Network Flood"": 123, ""T1498.002 - Impact: Reflection/Amplification Attack"": 28, ""T1571 - Defense Evasion: Non-Standard Port"": 108, ""T1583.005 - Resource Development: Acquire Botnet"": 196, ""T1584.005 - Resource Development: Build/Compromise Botnet"": 151, ""T1590 - Reconnaissance: Gather Victim Network Information"": 29, ""T1595 - Reconnaissance: Active Scanning"": 29, ""TA0011 - Command-and-Control"": 28}",4038720,675
epsilon_greedy_eps0.2,epsilon_greedy_loo_fragility,"{""epsilon"": 0.2}",303,1200,1155,2.530597354294305e-06,0.22553880991788575,0.10615391580696659,0.2205035631213158,0.35884302076071317,64,200,3.125,55.35742447445008,452.0,"{""T1036 - Defense Evasion: Masquerading"": 148, ""T1498.001 - Impact: Direct Network Flood"": 200, ""T1498.002 - Impact: Reflection/Amplification Attack"": 104, ""T1571 - Defense Evasion: Non-Standard Port"": 147, ""T1583.005 - Resource Development: Acquire Botnet"": 200, ""T1584.005 - Resource Development: Build/Compromise Botnet"": 199, ""T1590 - Reconnaissance: Gather Victim Network Information"": 64, ""T1595 - Reconnaissance: Active Scanning"": 73, ""TA0011 - Command-and-Control"": 65}",4039200,1155
epsilon_greedy_eps0.2,epsilon_greedy_loo_fragility,"{""epsilon"": 0.2}",303,1798,1753,0.0,0.22470484448919714,0.10282013170083151,0.21987138712593557,0.3602157968474639,199,200,1.0050251256281406,0.41573970964154905,0.0,"{""T1036 - Defense Evasion: Masquerading"": 200, ""T1498.001 - Impact: Direct Network Flood"": 200, ""T1498.002 - Impact: Reflection/Amplification Attack"": 200, ""T1571 - Defense Evasion: Non-Standard Port"": 200, ""T1583.005 - Resource Development: Acquire Botnet"": 200, ""T1584.005 - Resource Development: Build/Compromise Botnet"": 199, ""T1590 - Reconnaissance: Gather Victim Network Information"": 199, ""T1595 - Reconnaissance: Active Scanning"": 200, ""TA0011 - Command-and-Control"": 200}",4039798,1753
exploration_bonus_c0.25,exploration_bonus_loo_fragility,"{""c"": 0.25}",303,45,0,3.4534796817123485e-05,0.22700229933473165,0.09749372545757935,0.22151568975597724,0.37060437495439974,5,5,1.0,0.0,0.0,"{""T1036 - Defense Evasion: Masquerading"": 5, ""T1498.001 - Impact: Direct Network Flood"": 5, ""T1498.002 - Impact: Reflection/Amplification Attack"": 5, ""T1571 - Defense Evasion: Non-Standard Port"": 5, ""T1583.005 - Resource Development: Acquire Botnet"": 5, ""T1584.005 - Resource Development: Build/Compromise Botnet"": 5, ""T1590 - Reconnaissance: Gather Victim Network Information"": 5, ""T1595 - Reconnaissance: Active Scanning"": 5, ""TA0011 - Command-and-Control"": 5}",4038045,0
exploration_bonus_c0.25,exploration_bonus_loo_fragility,"{""c"": 0.25}",303,90,45,5.0407346150546534e-05,0.2316506777998533,0.10563069192794795,0.22804869880588935,0.3689785739753632,5,50,10.0,14.142135623730951,80.0,"{""T1036 - Defense Evasion: Masquerading"": 5, ""T1498.001 - Impact: Direct Network Flood"": 5, ""T1498.002 - Impact: Reflection/Amplification Attack"": 5, ""T1571 - Defense Evasion: Non-Standard Port"": 50, ""T1583.005 - Resource Development: Acquire Botnet"": 5, ""T1584.005 - Resource Development: Build/Compromise Botnet"": 5, ""T1590 - Reconnaissance: Gather Victim Network Information"": 5, ""T1595 - Reconnaissance: Active Scanning"": 5, ""TA0011 - Command-and-Control"": 5}",4038090,45
exploration_bonus_c0.25,exploration_bonus_loo_fragility,"{""c"": 0.25}",303,180,135,5.1523450931222844e-05,0.2316483287186149,0.10660331667476111,0.22746403318984745,0.369152215348343,5,93,18.6,29.340908112887185,206.0,"{""T1036 - Defense Evasion: Masquerading"": 5, ""T1498.001 - Impact: Direct Network Flood"": 7, ""T1498.002 - Impact: Reflection/Amplification Attack"": 5, ""T1571 - Defense Evasion: Non-Standard Port"": 50, ""T1583.005 - Resource Development: Acquire Botnet"": 5, ""T1584.005 - Resource Development: Build/Compromise Botnet"": 5, ""T1590 - Reconnaissance: Gather Victim Network Information"": 93, ""T1595 - Reconnaissance: Active Scanning"": 5, ""TA0011 - Command-and-Control"": 5}",4038180,135
exploration_bonus_c0.25,exploration_bonus_loo_fragility,"{""c"": 0.25}",303,360,315,3.6781431324396907e-05,0.2302986355301275,0.10598356101208023,0.22548136899574578,0.36914642175610296,5,199,39.8,61.31521471507342,412.0,"{""T1036 - Defense Evasion: Masquerading"": 5, ""T1498.001 - Impact: Direct Network Flood"": 9, ""T1498.002 - Impact: Reflection/Amplification Attack"": 5, ""T1571 - Defense Evasion: Non-Standard Port"": 77, ""T1583.005 - Resource Development: Acquire Botnet"": 5, ""T1584.005 - Resource Development: Build/Compromise Botnet"": 5, ""T1590 - Reconnaissance: Gather Victim Network Information"": 199, ""T1595 - Reconnaissance: Active Scanning"": 5, ""TA0011 - Command-and-Control"": 50}",4038360,315
exploration_bonus_c0.25,exploration_bonus_loo_fragility,"{""c"": 0.25}",303,720,675,3.277073428018341e-06,0.2260439935549913,0.10651913737439785,0.22145695741247434,0.3589310982947583,5,200,40.0,79.34593737412003,658.0,"{""T1036 - Defense Evasion: Masquerading"": 105, ""T1498.001 - Impact: Direct Network Flood"": 200, ""T1498.002 - Impact: Reflection/Amplification Attack"": 5, ""T1571 - Defense Evasion: Non-Standard Port"": 145, ""T1583.005 - Resource Development: Acquire Botnet"": 5, ""T1584.005 - Resource Development: Build/Compromise Botnet"": 5, ""T1590 - Reconnaissance: Gather Victim Network Information"": 199, ""T1595 - Reconnaissance: Active Scanning"": 6, ""TA0011 - Command-and-Control"": 50}",4038720,675
exploration_bonus_c0.25,exploration_bonus_loo_fragility,"{""c"": 0.25}",303,1200,1155,7.275848235186088e-06,0.2259285493068139,0.10534642012182549,0.221627833878159,0.35814082970693506,5,200,40.0,73.29089681232968,588.0,"{""T1036 - Defense Evasion: Masquerading"": 200, ""T1498.001 - Impact: Direct Network Flood"": 200, ""T1498.002 - Impact: Reflection/Amplification Attack"": 5, ""T1571 - Defense Evasion: Non-Standard Port"": 146, ""T1583.005 - Resource Development: Acquire Botnet"": 50, ""T1584.005 - Resource Development: Build/Compromise Botnet"": 199, ""T1590 - Reconnaissance: Gather Victim Network Information"": 199, ""T1595 - Reconnaissance: Active Scanning"": 151, ""TA0011 - Command-and-Control"": 50}",4039200,1155
exploration_bonus_c0.25,exploration_bonus_loo_fragility,"{""c"": 0.25}",303,1798,1753,0.0,0.22470484448919714,0.10282013170083151,0.21987138712593557,0.3602157968474639,199,200,1.0050251256281406,0.41573970964154905,0.0,"{""T1036 - Defense Evasion: Masquerading"": 200, ""T1498.001 - Impact: Direct Network Flood"": 200, ""T1498.002 - Impact: Reflection/Amplification Attack"": 200, ""T1571 - Defense Evasion: Non-Standard Port"": 200, ""T1583.005 - Resource Development: Acquire Botnet"": 200, ""T1584.005 - Resource Development: Build/Compromise Botnet"": 199, ""T1590 - Reconnaissance: Gather Victim Network Information"": 199, ""T1595 - Reconnaissance: Active Scanning"": 200, ""TA0011 - Command-and-Control"": 200}",4039798,1753
exploration_bonus_c0.5,exploration_bonus_loo_fragility,"{""c"": 0.5}",303,45,0,3.4534796817123485e-05,0.22700229933473165,0.09749372545757935,0.22151568975597724,0.37060437495439974,5,5,1.0,0.0,0.0,"{""T1036 - Defense Evasion: Masquerading"": 5, ""T1498.001 - Impact: Direct Network Flood"": 5, ""T1498.002 - Impact: Reflection/Amplification Attack"": 5, ""T1571 - Defense Evasion: Non-Standard Port"": 5, ""T1583.005 - Resource Development: Acquire Botnet"": 5, ""T1584.005 - Resource Development: Build/Compromise Botnet"": 5, ""T1590 - Reconnaissance: Gather Victim Network Information"": 5, ""T1595 - Reconnaissance: Active Scanning"": 5, ""TA0011 - Command-and-Control"": 5}",4038045,0
exploration_bonus_c0.5,exploration_bonus_loo_fragility,"{""c"": 0.5}",303,90,45,5.0407346150546534e-05,0.2316506777998533,0.10563069192794795,0.22804869880588935,0.3689785739753632,5,50,10.0,14.142135623730951,80.0,"{""T1036 - Defense Evasion: Masquerading"": 5, ""T1498.001 - Impact: Direct Network Flood"": 5, ""T1498.002 - Impact: Reflection/Amplification Attack"": 5, ""T1571 - Defense Evasion: Non-Standard Port"": 50, ""T1583.005 - Resource Development: Acquire Botnet"": 5, ""T1584.005 - Resource Development: Build/Compromise Botnet"": 5, ""T1590 - Reconnaissance: Gather Victim Network Information"": 5, ""T1595 - Reconnaissance: Active Scanning"": 5, ""TA0011 - Command-and-Control"": 5}",4038090,45
exploration_bonus_c0.5,exploration_bonus_loo_fragility,"{""c"": 0.5}",303,180,135,1.5921655144019424e-05,0.2282629028331106,0.10464984894470193,0.22346325316449914,0.36511941100630746,5,79,15.8,24.99333244420733,178.0,"{""T1036 - Defense Evasion: Masquerading"": 10, ""T1498.001 - Impact: Direct Network Flood"": 16, ""T1498.002 - Impact: Reflection/Amplification Attack"": 5, ""T1571 - Defense Evasion: Non-Standard Port"": 50, ""T1583.005 - Resource Development: Acquire Botnet"": 5, ""T1584.005 - Resource Development: Build/Compromise Botnet"": 5, ""T1590 - Reconnaissance: Gather Victim Network Information"": 79, ""T1595 - Reconnaissance: Active Scanning"": 5, ""TA0011 - Command-and-Control"": 5}",4038180,135
exploration_bonus_c0.5,exploration_bonus_loo_fragility,"{""c"": 0.5}",303,360,315,7.996528677111642e-06,0.22700759219201092,0.106099650542186,0.22215953859422904,0.3624959422912416,5,120,24.0,41.67066647468509,316.0,"{""T1036 - Defense Evasion: Masquerading"": 23, ""T1498.001 - Impact: Direct Network Flood"": 16, ""T1498.002 - Impact: Reflection/Amplification Attack"": 50, ""T1571 - Defense Evasion: Non-Standard Port"": 108, ""T1583.005 - Resource Development: Acquire Botnet"": 10, ""T1584.005 - Resource Development: Build/Compromise Botnet"": 5, ""T1590 - Reconnaissance: Gather Victim Network Information"": 120, ""T1595 - Reconnaissance: Active Scanning"": 23, ""TA0011 - Command-and-Control"": 5}",4038360,315
exploration_bonus_c0.5,exploration_bonus_loo_fragility,"{""c"": 0.5}",303,720,675,7.1063812112502135e-06,0.2259742476590536,0.10529416968250613,0.2219002284175669,0.36137865817717707,10,199,19.9,55.385517561502986,394.0,"{""T1036 - Defense Evasion: Masquerading"": 64, ""T1498.001 - Impact: Direct Network Flood"": 16, ""T1498.002 - Impact: Reflection/Amplification Attack"": 63, ""T1571 - Defense Evasion: Non-Standard Port"": 114, ""T1583.005 - Resource Development: Acquire Botnet"": 10, ""T1584.005 - Resource Development: Build/Compromise Botnet"": 199, ""T1590 - Reconnaissance: Gather Victim Network Information"": 123, ""T1595 - Reconnaissance: Active Scanning"": 81, ""TA0011 - Command-and-Control"": 50}",4038720,675
exploration_bonus_c0.5,exploration_bonus_loo_fragility,"{""c"": 0.5}",303,1200,1155,5.85417170979822e-06,0.22542033795254188,0.1031298511405405,0.22094205022666222,0.3589459990273975,50,200,4.0,52.902425905308604,410.0,"{""T1036 - Defense Evasion: Masquerading"": 94, ""T1498.001 - Impact: Direct Network Flood"": 142, ""T1498.002 - Impact: Reflection/Amplification Attack"": 105, ""T1571 - Defense Evasion: Non-Standard Port"": 130, ""T1583.005 - Resource Development: Acquire Botnet"": 81, ""T1584.005 - Resource Development: Build/Compromise Botnet"": 199, ""T1590 - Reconnaissance: Gather Victim Network Information"": 199, ""T1595 - Reconnaissance: Active Scanning"": 200, ""TA0011 - Command-and-Control"": 50}",4039200,1155
exploration_bonus_c0.5,exploration_bonus_loo_fragility,"{""c"": 0.5}",303,1798,1753,0.0,0.22470484448919714,0.10282013170083151,0.21987138712593557,0.3602157968474639,199,200,1.0050251256281406,0.41573970964154905,0.0,"{""T1036 - Defense Evasion: Masquerading"": 200, ""T1498.001 - Impact: Direct Network Flood"": 200, ""T1498.002 - Impact: Reflection/Amplification Attack"": 200, ""T1571 - Defense Evasion: Non-Standard Port"": 200, ""T1583.005 - Resource Development: Acquire Botnet"": 200, ""T1584.005 - Resource Development: Build/Compromise Botnet"": 199, ""T1590 - Reconnaissance: Gather Victim Network Information"": 199, ""T1595 - Reconnaissance: Active Scanning"": 200, ""TA0011 - Command-and-Control"": 200}",4039798,1753
exploration_bonus_c1.0,exploration_bonus_loo_fragility,"{""c"": 1.0}",303,45,0,3.4534796817123485e-05,0.22700229933473165,0.09749372545757935,0.22151568975597724,0.37060437495439974,5,5,1.0,0.0,0.0,"{""T1036 - Defense Evasion: Masquerading"": 5, ""T1498.001 - Impact: Direct Network Flood"": 5, ""T1498.002 - Impact: Reflection/Amplification Attack"": 5, ""T1571 - Defense Evasion: Non-Standard Port"": 5, ""T1583.005 - Resource Development: Acquire Botnet"": 5, ""T1584.005 - Resource Development: Build/Compromise Botnet"": 5, ""T1590 - Reconnaissance: Gather Victim Network Information"": 5, ""T1595 - Reconnaissance: Active Scanning"": 5, ""TA0011 - Command-and-Control"": 5}",4038045,0
exploration_bonus_c1.0,exploration_bonus_loo_fragility,"{""c"": 1.0}",303,90,45,5.0407346150546534e-05,0.2316506777998533,0.10563069192794795,0.22804869880588935,0.3689785739753632,5,50,10.0,14.142135623730951,80.0,"{""T1036 - Defense Evasion: Masquerading"": 5, ""T1498.001 - Impact: Direct Network Flood"": 5, ""T1498.002 - Impact: Reflection/Amplification Attack"": 5, ""T1571 - Defense Evasion: Non-Standard Port"": 50, ""T1583.005 - Resource Development: Acquire Botnet"": 5, ""T1584.005 - Resource Development: Build/Compromise Botnet"": 5, ""T1590 - Reconnaissance: Gather Victim Network Information"": 5, ""T1595 - Reconnaissance: Active Scanning"": 5, ""TA0011 - Command-and-Control"": 5}",4038090,45
exploration_bonus_c1.0,exploration_bonus_loo_fragility,"{""c"": 1.0}",303,180,135,1.8887151913848455e-05,0.22794669699956122,0.10459945542389185,0.22340018225817632,0.3623845714119445,5,75,15.0,23.640830968662858,170.0,"{""T1036 - Defense Evasion: Masquerading"": 8, ""T1498.001 - Impact: Direct Network Flood"": 15, ""T1498.002 - Impact: Reflection/Amplification Attack"": 5, ""T1571 - Defense Evasion: Non-Standard Port"": 50, ""T1583.005 - Resource Development: Acquire Botnet"": 9, ""T1584.005 - Resource Development: Build/Compromise Botnet"": 5, ""T1590 - Reconnaissance: Gather Victim Network Information"": 75, ""T1595 - Reconnaissance: Active Scanning"": 7, ""TA0011 - Command-and-Control"": 6}",4038180,135
exploration_bonus_c1.0,exploration_bonus_loo_fragility,"{""c"": 1.0}",303,360,315,4.528984354186901e-06,0.22599079765964225,0.10129025622976771,0.22135392283250765,0.3625342950633412,16,107,6.6875,29.914693528246097,222.0,"{""T1036 - Defense Evasion: Masquerading"": 33, ""T1498.001 - Impact: Direct Network Flood"": 16, ""T1498.002 - Impact: Reflection/Amplification Attack"": 18, ""T1571 - Defense Evasion: Non-Standard Port"": 107, ""T1583.005 - Resource Development: Acquire Botnet"": 49, ""T1584.005 - Resource Development: Build/Compromise Botnet"": 19, ""T1590 - Reconnaissance: Gather Victim Network Information"": 75, ""T1595 - Reconnaissance: Active Scanning"": 25, ""TA0011 - Command-and-Control"": 18}",4038360,315
exploration_bonus_c1.0,exploration_bonus_loo_fragility,"{""c"": 1.0}",303,720,675,8.26959570448275e-06,0.2264710409760567,0.10297014648411679,0.22197045180290575,0.36257749450939303,18,200,11.11111111111111,54.291394857339554,388.0,"{""T1036 - Defense Evasion: Masquerading"": 127, ""T1498.001 - Impact: Direct Network Flood"": 41, ""T1498.002 - Impact: Reflection/Amplification Attack"": 44, ""T1571 - Defense Evasion: Non-Standard Port"": 107, ""T1583.005 - Resource Development: Acquire Botnet"": 200, ""T1584.005 - Resource Development: Build/Compromise Botnet"": 30, ""T1590 - Reconnaissance: Gather Victim Network Information"": 75, ""T1595 - Reconnaissance: Active Scanning"": 78, ""TA0011 - Command-and-Control"": 18}",4038720,675
exploration_bonus_c1.0,exploration_bonus_loo_fragility,"{""c"": 1.0}",303,1200,1155,1.0615400119330291e-05,0.2263462901619393,0.10746261195307293,0.22235732268055647,0.35916602598122654,40,200,5.0,57.80426743185431,450.0,"{""T1036 - Defense Evasion: Masquerading"": 161, ""T1498.001 - Impact: Direct Network Flood"": 116, ""T1498.002 - Impact: Reflection/Amplification Attack"": 123, ""T1571 - Defense Evasion: Non-Standard Port"": 107, ""T1583.005 - Resource Development: Acquire Botnet"": 200, ""T1584.005 - Resource Development: Build/Compromise Botnet"": 40, ""T1590 - Reconnaissance: Gather Victim Network Information"": 199, ""T1595 - Reconnaissance: Active Scanning"": 200, ""TA0011 - Command-and-Control"": 54}",4039200,1155
exploration_bonus_c1.0,exploration_bonus_loo_fragility,"{""c"": 1.0}",303,1798,1753,0.0,0.22470484448919714,0.10282013170083151,0.21987138712593557,0.3602157968474639,199,200,1.0050251256281406,0.41573970964154905,0.0,"{""T1036 - Defense Evasion: Masquerading"": 200, ""T1498.001 - Impact: Direct Network Flood"": 200, ""T1498.002 - Impact: Reflection/Amplification Attack"": 200, ""T1571 - Defense Evasion: Non-Standard Port"": 200, ""T1583.005 - Resource Development: Acquire Botnet"": 200, ""T1584.005 - Resource Development: Build/Compromise Botnet"": 199, ""T1590 - Reconnaissance: Gather Victim Network Information"": 199, ""T1595 - Reconnaissance: Active Scanning"": 200, ""TA0011 - Command-and-Control"": 200}",4039798,1753
uniform_step_balanced,uniform_step_balanced,{},404,45,0,8.720407783977221e-05,0.2336495447884703,0.11580063218555915,0.22723138164126633,0.37307057006623223,5,5,1.0,0.0,0.0,"{""T1036 - Defense Evasion: Masquerading"": 5, ""T1498.001 - Impact: Direct Network Flood"": 5, ""T1498.002 - Impact: Reflection/Amplification Attack"": 5, ""T1571 - Defense Evasion: Non-Standard Port"": 5, ""T1583.005 - Resource Development: Acquire Botnet"": 5, ""T1584.005 - Resource Development: Build/Compromise Botnet"": 5, ""T1590 - Reconnaissance: Gather Victim Network Information"": 5, ""T1595 - Reconnaissance: Active Scanning"": 5, ""TA0011 - Command-and-Control"": 5}",5048045,0
uniform_step_balanced,uniform_step_balanced,{},404,90,45,5.932589304590522e-06,0.22461330351540837,0.10579839833765475,0.2185179037669372,0.36422895719457665,10,10,1.0,0.0,0.0,"{""T1036 - Defense Evasion: Masquerading"": 10, ""T1498.001 - Impact: Direct Network Flood"": 10, ""T1498.002 - Impact: Reflection/Amplification Attack"": 10, ""T1571 - Defense Evasion: Non-Standard Port"": 10, ""T1583.005 - Resource Development: Acquire Botnet"": 10, ""T1584.005 - Resource Development: Build/Compromise Botnet"": 10, ""T1590 - Reconnaissance: Gather Victim Network Information"": 10, ""T1595 - Reconnaissance: Active Scanning"": 10, ""TA0011 - Command-and-Control"": 10}",5048090,45
uniform_step_balanced,uniform_step_balanced,{},404,180,135,7.419963333463755e-06,0.22589329981734735,0.10903337874217955,0.22035115621587995,0.36071993670254443,20,20,1.0,0.0,0.0,"{""T1036 - Defense Evasion: Masquerading"": 20, ""T1498.001 - Impact: Direct Network Flood"": 20, ""T1498.002 - Impact: Reflection/Amplification Attack"": 20, ""T1571 - Defense Evasion: Non-Standard Port"": 20, ""T1583.005 - Resource Development: Acquire Botnet"": 20, ""T1584.005 - Resource Development: Build/Compromise Botnet"": 20, ""T1590 - Reconnaissance: Gather Victim Network Information"": 20, ""T1595 - Reconnaissance: Active Scanning"": 20, ""TA0011 - Command-and-Control"": 20}",5048180,135
uniform_step_balanced,uniform_step_balanced,{},404,360,315,3.599302973239015e-06,0.2239039632990716,0.1017594082420281,0.21910704529919667,0.3612451359684546,40,40,1.0,0.0,0.0,"{""T1036 - Defense Evasion: Masquerading"": 40, ""T1498.001 - Impact: Direct Network Flood"": 40, ""T1498.002 - Impact: Reflection/Amplification Attack"": 40, ""T1571 - Defense Evasion: Non-Standard Port"": 40, ""T1583.005 - Resource Development: Acquire Botnet"": 40, ""T1584.005 - Resource Development: Build/Compromise Botnet"": 40, ""T1590 - Reconnaissance: Gather Victim Network Information"": 40, ""T1595 - Reconnaissance: Active Scanning"": 40, ""TA0011 - Command-and-Control"": 40}",5048360,315
uniform_step_balanced,uniform_step_balanced,{},404,720,675,4.499497212261051e-06,0.22586490466801615,0.10183353947606111,0.22050145260895596,0.36587640014217876,80,80,1.0,0.0,0.0,"{""T1036 - Defense Evasion: Masquerading"": 80, ""T1498.001 - Impact: Direct Network Flood"": 80, ""T1498.002 - Impact: Reflection/Amplification Attack"": 80, ""T1571 - Defense Evasion: Non-Standard Port"": 80, ""T1583.005 - Resource Development: Acquire Botnet"": 80, ""T1584.005 - Resource Development: Build/Compromise Botnet"": 80, ""T1590 - Reconnaissance: Gather Victim Network Information"": 80, ""T1595 - Reconnaissance: Active Scanning"": 80, ""TA0011 - Command-and-Control"": 80}",5048720,675
uniform_step_balanced,uniform_step_balanced,{},404,1200,1155,2.053038315694853e-06,0.2250334336426642,0.10423278879532186,0.22015526315524248,0.3606388379063433,133,134,1.0075187969924813,0.4714045207910317,0.0,"{""T1036 - Defense Evasion: Masquerading"": 133, ""T1498.001 - Impact: Direct Network Flood"": 134, ""T1498.002 - Impact: Reflection/Amplification Attack"": 134, ""T1571 - Defense Evasion: Non-Standard Port"": 133, ""T1583.005 - Resource Development: Acquire Botnet"": 133, ""T1584.005 - Resource Development: Build/Compromise Botnet"": 133, ""T1590 - Reconnaissance: Gather Victim Network Information"": 134, ""T1595 - Reconnaissance: Active Scanning"": 133, ""TA0011 - Command-and-Control"": 133}",5049200,1155
uniform_step_balanced,uniform_step_balanced,{},404,1798,1753,0.0,0.22470484448919714,0.10282013170083151,0.21987138712593557,0.3602157968474639,199,200,1.0050251256281406,0.41573970964154905,0.0,"{""T1036 - Defense Evasion: Masquerading"": 200, ""T1498.001 - Impact: Direct Network Flood"": 200, ""T1498.002 - Impact: Reflection/Amplification Attack"": 200, ""T1571 - Defense Evasion: Non-Standard Port"": 200, ""T1583.005 - Resource Development: Acquire Botnet"": 200, ""T1584.005 - Resource Development: Build/Compromise Botnet"": 199, ""T1590 - Reconnaissance: Gather Victim Network Information"": 199, ""T1595 - Reconnaissance: Active Scanning"": 200, ""TA0011 - Command-and-Control"": 200}",5049798,1753
greedy_loo_fragility,greedy_loo_fragility,{},404,45,0,8.720407783977221e-05,0.2336495447884703,0.11580063218555915,0.22723138164126633,0.37307057006623223,5,5,1.0,0.0,0.0,"{""T1036 - Defense Evasion: Masquerading"": 5, ""T1498.001 - Impact: Direct Network Flood"": 5, ""T1498.002 - Impact: Reflection/Amplification Attack"": 5, ""T1571 - Defense Evasion: Non-Standard Port"": 5, ""T1583.005 - Resource Development: Acquire Botnet"": 5, ""T1584.005 - Resource Development: Build/Compromise Botnet"": 5, ""T1590 - Reconnaissance: Gather Victim Network Information"": 5, ""T1595 - Reconnaissance: Active Scanning"": 5, ""TA0011 - Command-and-Control"": 5}",5048045,0
greedy_loo_fragility,greedy_loo_fragility,{},404,90,45,1.7592513883694638e-05,0.2285194229471324,0.11039561082699834,0.22244060335079244,0.36691400676077757,5,50,10.0,14.142135623730951,80.0,"{""T1036 - Defense Evasion: Masquerading"": 5, ""T1498.001 - Impact: Direct Network Flood"": 5, ""T1498.002 - Impact: Reflection/Amplification Attack"": 5, ""T1571 - Defense Evasion: Non-Standard Port"": 50, ""T1583.005 - Resource Development: Acquire Botnet"": 5, ""T1584.005 - Resource Development: Build/Compromise Botnet"": 5, ""T1590 - Reconnaissance: Gather Victim Network Information"": 5, ""T1595 - Reconnaissance: Active Scanning"": 5, ""TA0011 - Command-and-Control"": 5}",5048090,45
greedy_loo_fragility,greedy_loo_fragility,{},404,180,135,1.3130077945668061e-06,0.22515652063091066,0.10472750203200024,0.22038993702962267,0.36024900702071944,5,50,10.0,21.213203435596427,180.0,"{""T1036 - Defense Evasion: Masquerading"": 5, ""T1498.001 - Impact: Direct Network Flood"": 5, ""T1498.002 - Impact: Reflection/Amplification Attack"": 5, ""T1571 - Defense Evasion: Non-Standard Port"": 50, ""T1583.005 - Resource Development: Acquire Botnet"": 5, ""T1584.005 - Resource Development: Build/Compromise Botnet"": 5, ""T1590 - Reconnaissance: Gather Victim Network Information"": 50, ""T1595 - Reconnaissance: Active Scanning"": 5, ""TA0011 - Command-and-Control"": 50}",5048180,135
greedy_loo_fragility,greedy_loo_fragility,{},404,360,315,6.628064511833737e-06,0.22689183985674527,0.10460635692636905,0.22226318567015335,0.36512334025346155,5,95,19.0,35.35533905932738,280.0,"{""T1036 - Defense Evasion: Masquerading"": 50, ""T1498.001 - Impact: Direct Network Flood"": 5, ""T1498.002 - Impact: Reflection/Amplification Attack"": 5, ""T1571 - Defense Evasion: Non-Standard Port"": 95, ""T1583.005 - Resource Development: Acquire Botnet"": 50, ""T1584.005 - Resource Development: Build/Compromise Botnet"": 5, ""T1590 - Reconnaissance: Gather Victim Network Information"": 50, ""T1595 - Reconnaissance: Active Scanning"": 5, ""TA0011 - Command-and-Control"": 95}",5048360,315
greedy_loo_fragility,greedy_loo_fragility,{},404,720,675,5.767561021005335e-06,0.22680258287384628,0.10464776189127474,0.2218661222129687,0.363046875448723,5,200,40.0,71.4142842854285,540.0,"{""T1036 - Defense Evasion: Masquerading"": 95, ""T1498.001 - Impact: Direct Network Flood"": 50, ""T1498.002 - Impact: Reflection/Amplification Attack"": 5, ""T1571 - Defense Evasion: Non-Standard Port"": 200, ""T1583.005 - Resource Development: Acquire Botnet"": 200, ""T1584.005 - Resource Development: Build/Compromise Botnet"": 20, ""T1590 - Reconnaissance: Gather Victim Network Information"": 50, ""T1595 - Reconnaissance: Active Scanning"": 5, ""TA0011 - Command-and-Control"": 95}",5048720,675
greedy_loo_fragility,greedy_loo_fragility,{},404,1200,1155,1.656253752839044e-06,0.22439571563672076,0.10400839687370138,0.21974253114960612,0.36031078727751853,50,200,4.0,63.08019587090001,528.0,"{""T1036 - Defense Evasion: Masquerading"": 200, ""T1498.001 - Impact: Direct Network Flood"": 95, ""T1498.002 - Impact: Reflection/Amplification Attack"": 50, ""T1571 - Defense Evasion: Non-Standard Port"": 200, ""T1583.005 - Resource Development: Acquire Botnet"": 200, ""T1584.005 - Resource Development: Build/Compromise Botnet"": 199, ""T1590 - Reconnaissance: Gather Victim Network Information"": 50, ""T1595 - Reconnaissance: Active Scanning"": 81, ""TA0011 - Command-and-Control"": 125}",5049200,1155
greedy_loo_fragility,greedy_loo_fragility,{},404,1798,1753,0.0,0.22470484448919714,0.10282013170083151,0.21987138712593557,0.3602157968474639,199,200,1.0050251256281406,0.41573970964154905,0.0,"{""T1036 - Defense Evasion: Masquerading"": 200, ""T1498.001 - Impact: Direct Network Flood"": 200, ""T1498.002 - Impact: Reflection/Amplification Attack"": 200, ""T1571 - Defense Evasion: Non-Standard Port"": 200, ""T1583.005 - Resource Development: Acquire Botnet"": 200, ""T1584.005 - Resource Development: Build/Compromise Botnet"": 199, ""T1590 - Reconnaissance: Gather Victim Network Information"": 199, ""T1595 - Reconnaissance: Active Scanning"": 200, ""TA0011 - Command-and-Control"": 200}",5049798,1753
epsilon_greedy_eps0.2,epsilon_greedy_loo_fragility,"{""epsilon"": 0.2}",404,45,0,8.720407783977221e-05,0.2336495447884703,0.11580063218555915,0.22723138164126633,0.37307057006623223,5,5,1.0,0.0,0.0,"{""T1036 - Defense Evasion: Masquerading"": 5, ""T1498.001 - Impact: Direct Network Flood"": 5, ""T1498.002 - Impact: Reflection/Amplification Attack"": 5, ""T1571 - Defense Evasion: Non-Standard Port"": 5, ""T1583.005 - Resource Development: Acquire Botnet"": 5, ""T1584.005 - Resource Development: Build/Compromise Botnet"": 5, ""T1590 - Reconnaissance: Gather Victim Network Information"": 5, ""T1595 - Reconnaissance: Active Scanning"": 5, ""TA0011 - Command-and-Control"": 5}",5048045,0
epsilon_greedy_eps0.2,epsilon_greedy_loo_fragility,"{""epsilon"": 0.2}",404,90,45,1.5131144897730492e-05,0.22644678199528498,0.1029456983837885,0.22104321843486863,0.36862116984691173,6,39,6.5,10.263202878893768,58.0,"{""T1036 - Defense Evasion: Masquerading"": 7, ""T1498.001 - Impact: Direct Network Flood"": 7, ""T1498.002 - Impact: Reflection/Amplification Attack"": 6, ""T1571 - Defense Evasion: Non-Standard Port"": 39, ""T1583.005 - Resource Development: Acquire Botnet"": 6, ""T1584.005 - Resource Development: Build/Compromise Botnet"": 6, ""T1590 - Reconnaissance: Gather Victim Network Information"": 6, ""T1595 - Reconnaissance: Active Scanning"": 7, ""TA0011 - Command-and-Control"": 6}",5048090,45
epsilon_greedy_eps0.2,epsilon_greedy_loo_fragility,"{""epsilon"": 0.2}",404,180,135,7.026314833918359e-06,0.2241207856387491,0.10071752565029375,0.2185537963375898,0.36345164375035666,8,48,6.0,15.965240019770729,134.0,"{""T1036 - Defense Evasion: Masquerading"": 8, ""T1498.001 - Impact: Direct Network Flood"": 9, ""T1498.002 - Impact: Reflection/Amplification Attack"": 9, ""T1571 - Defense Evasion: Non-Standard Port"": 39, ""T1583.005 - Resource Development: Acquire Botnet"": 9, ""T1584.005 - Resource Development: Build/Compromise Botnet"": 48, ""T1590 - Reconnaissance: Gather Victim Network Information"": 9, ""T1595 - Reconnaissance: Active Scanning"": 9, ""TA0011 - Command-and-Control"": 40}",5048180,135
epsilon_greedy_eps0.2,epsilon_greedy_loo_fragility,"{""epsilon"": 0.2}",404,360,315,4.167408335672562e-06,0.22657204674006792,0.10456382199665636,0.2220047759308961,0.36083937539264116,15,151,10.066666666666666,44.05299838452164,298.0,"{""T1036 - Defense Evasion: Masquerading"": 15, ""T1498.001 - Impact: Direct Network Flood"": 16, ""T1498.002 - Impact: Reflection/Amplification Attack"": 15, ""T1571 - Defense Evasion: Non-Standard Port"": 78, ""T1583.005 - Resource Development: Acquire Botnet"": 15, ""T1584.005 - Resource Development: Build/Compromise Botnet"": 151, ""T1590 - Reconnaissance: Gather Victim Network Information"": 15, ""T1595 - Reconnaissance: Active Scanning"": 15, ""TA0011 - Command-and-Control"": 40}",5048360,315
epsilon_greedy_eps0.2,epsilon_greedy_loo_fragility,"{""epsilon"": 0.2}",404,720,675,5.474951386612076e-06,0.22625817435658205,0.1032867518632979,0.2211517390164105,0.36284384684122595,46,199,4.326086956521739,46.588028982180006,308.0,"{""T1036 - Defense Evasion: Masquerading"": 50, ""T1498.001 - Impact: Direct Network Flood"": 48, ""T1498.002 - Impact: Reflection/Amplification Attack"": 70, ""T1571 - Defense Evasion: Non-Standard Port"": 115, ""T1583.005 - Resource Development: Acquire Botnet"": 46, ""T1584.005 - Resource Development: Build/Compromise Botnet"": 199, ""T1590 - Reconnaissance: Gather Victim Network Information"": 54, ""T1595 - Reconnaissance: Active Scanning"": 64, ""TA0011 - Command-and-Control"": 74}",5048720,675
epsilon_greedy_eps0.2,epsilon_greedy_loo_fragility,"{""epsilon"": 0.2}",404,1200,1155,3.27270564285279e-06,0.22600434387461918,0.1022933076788664,0.22148437524348133,0.3628726030001555,85,200,2.3529411764705883,44.57702447574436,362.0,"{""T1036 - Defense Evasion: Masquerading"": 85, ""T1498.001 - Impact: Direct Network Flood"": 112, ""T1498.002 - Impact: Reflection/Amplification Attack"": 112, ""T1571 - Defense Evasion: Non-Standard Port"": 115, ""T1583.005 - Resource Development: Acquire Botnet"": 108, ""T1584.005 - Resource Development: Build/Compromise Botnet"": 199, ""T1590 - Reconnaissance: Gather Victim Network Information"": 184, ""T1595 - Reconnaissance: Active Scanning"": 200, ""TA0011 - Command-and-Control"": 85}",5049200,1155
epsilon_greedy_eps0.2,epsilon_greedy_loo_fragility,"{""epsilon"": 0.2}",404,1798,1753,0.0,0.22470484448919714,0.10282013170083151,0.21987138712593557,0.3602157968474639,199,200,1.0050251256281406,0.41573970964154905,0.0,"{""T1036 - Defense Evasion: Masquerading"": 200, ""T1498.001 - Impact: Direct Network Flood"": 200, ""T1498.002 - Impact: Reflection/Amplification Attack"": 200, ""T1571 - Defense Evasion: Non-Standard Port"": 200, ""T1583.005 - Resource Development: Acquire Botnet"": 200, ""T1584.005 - Resource Development: Build/Compromise Botnet"": 199, ""T1590 - Reconnaissance: Gather Victim Network Information"": 199, ""T1595 - Reconnaissance: Active Scanning"": 200, ""TA0011 - Command-and-Control"": 200}",5049798,1753
exploration_bonus_c0.25,exploration_bonus_loo_fragility,"{""c"": 0.25}",404,45,0,8.720407783977221e-05,0.2336495447884703,0.11580063218555915,0.22723138164126633,0.37307057006623223,5,5,1.0,0.0,0.0,"{""T1036 - Defense Evasion: Masquerading"": 5, ""T1498.001 - Impact: Direct Network Flood"": 5, ""T1498.002 - Impact: Reflection/Amplification Attack"": 5, ""T1571 - Defense Evasion: Non-Standard Port"": 5, ""T1583.005 - Resource Development: Acquire Botnet"": 5, ""T1584.005 - Resource Development: Build/Compromise Botnet"": 5, ""T1590 - Reconnaissance: Gather Victim Network Information"": 5, ""T1595 - Reconnaissance: Active Scanning"": 5, ""TA0011 - Command-and-Control"": 5}",5048045,0
exploration_bonus_c0.25,exploration_bonus_loo_fragility,"{""c"": 0.25}",404,90,45,1.7592513883694638e-05,0.2285194229471324,0.11039561082699834,0.22244060335079244,0.36691400676077757,5,50,10.0,14.142135623730951,80.0,"{""T1036 - Defense Evasion: Masquerading"": 5, ""T1498.001 - Impact: Direct Network Flood"": 5, ""T1498.002 - Impact: Reflection/Amplification Attack"": 5, ""T1571 - Defense Evasion: Non-Standard Port"": 50, ""T1583.005 - Resource Development: Acquire Botnet"": 5, ""T1584.005 - Resource Development: Build/Compromise Botnet"": 5, ""T1590 - Reconnaissance: Gather Victim Network Information"": 5, ""T1595 - Reconnaissance: Active Scanning"": 5, ""TA0011 - Command-and-Control"": 5}",5048090,45
exploration_bonus_c0.25,exploration_bonus_loo_fragility,"{""c"": 0.25}",404,180,135,1.7872789614969356e-06,0.22538155810025293,0.10646471813471482,0.22032370126632533,0.3606571380944163,5,51,10.2,21.2184406171194,180.0,"{""T1036 - Defense Evasion: Masquerading"": 5, ""T1498.001 - Impact: Direct Network Flood"": 5, ""T1498.002 - Impact: Reflection/Amplification Attack"": 5, ""T1571 - Defense Evasion: Non-Standard Port"": 50, ""T1583.005 - Resource Development: Acquire Botnet"": 5, ""T1584.005 - Resource Development: Build/Compromise Botnet"": 5, ""T1590 - Reconnaissance: Gather Victim Network Information"": 49, ""T1595 - Reconnaissance: Active Scanning"": 5, ""TA0011 - Command-and-Control"": 51}",5048180,135
exploration_bonus_c0.25,exploration_bonus_loo_fragility,"{""c"": 0.25}",404,360,315,1.0287826964244992e-05,0.2276152786979454,0.10378635192786333,0.222275816072252,0.36659094013580895,5,95,19.0,35.358481616469646,280.0,"{""T1036 - Defense Evasion: Masquerading"": 95, ""T1498.001 - Impact: Direct Network Flood"": 5, ""T1498.002 - Impact: Reflection/Amplification Attack"": 5, ""T1571 - Defense Evasion: Non-Standard Port"": 95, ""T1583.005 - Resource Development: Acquire Botnet"": 5, ""T1584.005 - Resource Development: Build/Compromise Botnet"": 5, ""T1590 - Reconnaissance: Gather Victim Network Information"": 49, ""T1595 - Reconnaissance: Active Scanning"": 50, ""TA0011 - Command-and-Control"": 51}",5048360,315
exploration_bonus_c0.25,exploration_bonus_loo_fragility,"{""c"": 0.25}",404,720,675,5.77666087692446e-06,0.22642118382514817,0.102634146749368,0.2216705964806302,0.36377504844626685,18,200,11.11111111111111,56.66862741705796,412.0,"{""T1036 - Defense Evasion: Masquerading"": 151, ""T1498.001 - Impact: Direct Network Flood"": 47, ""T1498.002 - Impact: Reflection/Amplification Attack"": 30, ""T1571 - Defense Evasion: Non-Standard Port"": 95, ""T1583.005 - Resource Development: Acquire Botnet"": 79, ""T1584.005 - Resource Development: Build/Compromise Botnet"": 18, ""T1590 - Reconnaissance: Gather Victim Network Information"": 49, ""T1595 - Reconnaissance: Active Scanning"": 200, ""TA0011 - Command-and-Control"": 51}",5048720,675
exploration_bonus_c0.25,exploration_bonus_loo_fragility,"{""c"": 0.25}",404,1200,1155,4.502239724378278e-06,0.22587259809662702,0.10322718991233883,0.22039461066922916,0.3616542694877442,29,200,6.896551724137931,71.37070672045904,616.0,"{""T1036 - Defense Evasion: Masquerading"": 200, ""T1498.001 - Impact: Direct Network Flood"": 176, ""T1498.002 - Impact: Reflection/Amplification Attack"": 200, ""T1571 - Defense Evasion: Non-Standard Port"": 95, ""T1583.005 - Resource Development: Acquire Botnet"": 200, ""T1584.005 - Resource Development: Build/Compromise Botnet"": 29, ""T1590 - Reconnaissance: Gather Victim Network Information"": 49, ""T1595 - Reconnaissance: Active Scanning"": 200, ""TA0011 - Command-and-Control"": 51}",5049200,1155
exploration_bonus_c0.25,exploration_bonus_loo_fragility,"{""c"": 0.25}",404,1798,1753,0.0,0.22470484448919714,0.10282013170083151,0.21987138712593557,0.3602157968474639,199,200,1.0050251256281406,0.41573970964154905,0.0,"{""T1036 - Defense Evasion: Masquerading"": 200, ""T1498.001 - Impact: Direct Network Flood"": 200, ""T1498.002 - Impact: Reflection/Amplification Attack"": 200, ""T1571 - Defense Evasion: Non-Standard Port"": 200, ""T1583.005 - Resource Development: Acquire Botnet"": 200, ""T1584.005 - Resource Development: Build/Compromise Botnet"": 199, ""T1590 - Reconnaissance: Gather Victim Network Information"": 199, ""T1595 - Reconnaissance: Active Scanning"": 200, ""TA0011 - Command-and-Control"": 200}",5049798,1753
exploration_bonus_c0.5,exploration_bonus_loo_fragility,"{""c"": 0.5}",404,45,0,8.720407783977221e-05,0.2336495447884703,0.11580063218555915,0.22723138164126633,0.37307057006623223,5,5,1.0,0.0,0.0,"{""T1036 - Defense Evasion: Masquerading"": 5, ""T1498.001 - Impact: Direct Network Flood"": 5, ""T1498.002 - Impact: Reflection/Amplification Attack"": 5, ""T1571 - Defense Evasion: Non-Standard Port"": 5, ""T1583.005 - Resource Development: Acquire Botnet"": 5, ""T1584.005 - Resource Development: Build/Compromise Botnet"": 5, ""T1590 - Reconnaissance: Gather Victim Network Information"": 5, ""T1595 - Reconnaissance: Active Scanning"": 5, ""TA0011 - Command-and-Control"": 5}",5048045,0
exploration_bonus_c0.5,exploration_bonus_loo_fragility,"{""c"": 0.5}",404,90,45,1.7592513883694638e-05,0.2285194229471324,0.11039561082699834,0.22244060335079244,0.36691400676077757,5,50,10.0,14.142135623730951,80.0,"{""T1036 - Defense Evasion: Masquerading"": 5, ""T1498.001 - Impact: Direct Network Flood"": 5, ""T1498.002 - Impact: Reflection/Amplification Attack"": 5, ""T1571 - Defense Evasion: Non-Standard Port"": 50, ""T1583.005 - Resource Development: Acquire Botnet"": 5, ""T1584.005 - Resource Development: Build/Compromise Botnet"": 5, ""T1590 - Reconnaissance: Gather Victim Network Information"": 5, ""T1595 - Reconnaissance: Active Scanning"": 5, ""TA0011 - Command-and-Control"": 5}",5048090,45
exploration_bonus_c0.5,exploration_bonus_loo_fragility,"{""c"": 0.5}",404,180,135,8.609337654510993e-06,0.22723097200839537,0.10722748332150005,0.22214772519638581,0.36369570879744606,5,50,10.0,19.770910168449223,166.0,"{""T1036 - Defense Evasion: Masquerading"": 5, ""T1498.001 - Impact: Direct Network Flood"": 5, ""T1498.002 - Impact: Reflection/Amplification Attack"": 5, ""T1571 - Defense Evasion: Non-Standard Port"": 50, ""T1583.005 - Resource Development: Acquire Botnet"": 5, ""T1584.005 - Resource Development: Build/Compromise Botnet"": 5, ""T1590 - Reconnaissance: Gather Victim Network Information"": 43, ""T1595 - Reconnaissance: Active Scanning"": 50, ""TA0011 - Command-and-Control"": 12}",5048180,135
exploration_bonus_c0.5,exploration_bonus_loo_fragility,"{""c"": 0.5}",404,360,315,2.7131245429601323e-05,0.22903302885898302,0.10515408155619616,0.22355286281258024,0.36752236899568275,5,95,19.0,29.284049507463198,210.0,"{""T1036 - Defense Evasion: Masquerading"": 39, ""T1498.001 - Impact: Direct Network Flood"": 6, ""T1498.002 - Impact: Reflection/Amplification Attack"": 5, ""T1571 - Defense Evasion: Non-Standard Port"": 95, ""T1583.005 - Resource Development: Acquire Botnet"": 33, ""T1584.005 - Resource Development: Build/Compromise Botnet"": 77, ""T1590 - Reconnaissance: Gather Victim Network Information"": 43, ""T1595 - Reconnaissance: Active Scanning"": 50, ""TA0011 - Command-and-Control"": 12}",5048360,315
exploration_bonus_c0.5,exploration_bonus_loo_fragility,"{""c"": 0.5}",404,720,675,9.952867583865263e-06,0.2273225543459646,0.10475250531130072,0.2225511508648891,0.3656908511031812,21,199,9.476190476190476,57.24217559340898,446.0,"{""T1036 - Defense Evasion: Masquerading"": 106, ""T1498.001 - Impact: Direct Network Flood"": 30, ""T1498.002 - Impact: Reflection/Amplification Attack"": 143, ""T1571 - Defense Evasion: Non-Standard Port"": 95, ""T1583.005 - Resource Development: Acquire Botnet"": 33, ""T1584.005 - Resource Development: Build/Compromise Botnet"": 199, ""T1590 - Reconnaissance: Gather Victim Network Information"": 43, ""T1595 - Reconnaissance: Active Scanning"": 50, ""TA0011 - Command-and-Control"": 21}",5048720,675
exploration_bonus_c0.5,exploration_bonus_loo_fragility,"{""c"": 0.5}",404,1200,1155,4.684900517384782e-06,0.22670059698906092,0.10616605312617362,0.22118278376890627,0.36383068592085016,31,200,6.451612903225806,70.23610973787709,604.0,"{""T1036 - Defense Evasion: Masquerading"": 200, ""T1498.001 - Impact: Direct Network Flood"": 200, ""T1498.002 - Impact: Reflection/Amplification Attack"": 200, ""T1571 - Defense Evasion: Non-Standard Port"": 95, ""T1583.005 - Resource Development: Acquire Botnet"": 171, ""T1584.005 - Resource Development: Build/Compromise Botnet"": 199, ""T1590 - Reconnaissance: Gather Victim Network Information"": 43, ""T1595 - Reconnaissance: Active Scanning"": 61, ""TA0011 - Command-and-Control"": 31}",5049200,1155
exploration_bonus_c0.5,exploration_bonus_loo_fragility,"{""c"": 0.5}",404,1798,1753,0.0,0.22470484448919714,0.10282013170083151,0.21987138712593557,0.3602157968474639,199,200,1.0050251256281406,0.41573970964154905,0.0,"{""T1036 - Defense Evasion: Masquerading"": 200, ""T1498.001 - Impact: Direct Network Flood"": 200, ""T1498.002 - Impact: Reflection/Amplification Attack"": 200, ""T1571 - Defense Evasion: Non-Standard Port"": 200, ""T1583.005 - Resource Development: Acquire Botnet"": 200, ""T1584.005 - Resource Development: Build/Compromise Botnet"": 199, ""T1590 - Reconnaissance: Gather Victim Network Information"": 199, ""T1595 - Reconnaissance: Active Scanning"": 200, ""TA0011 - Command-and-Control"": 200}",5049798,1753
exploration_bonus_c1.0,exploration_bonus_loo_fragility,"{""c"": 1.0}",404,45,0,8.720407783977221e-05,0.2336495447884703,0.11580063218555915,0.22723138164126633,0.37307057006623223,5,5,1.0,0.0,0.0,"{""T1036 - Defense Evasion: Masquerading"": 5, ""T1498.001 - Impact: Direct Network Flood"": 5, ""T1498.002 - Impact: Reflection/Amplification Attack"": 5, ""T1571 - Defense Evasion: Non-Standard Port"": 5, ""T1583.005 - Resource Development: Acquire Botnet"": 5, ""T1584.005 - Resource Development: Build/Compromise Botnet"": 5, ""T1590 - Reconnaissance: Gather Victim Network Information"": 5, ""T1595 - Reconnaissance: Active Scanning"": 5, ""TA0011 - Command-and-Control"": 5}",5048045,0
exploration_bonus_c1.0,exploration_bonus_loo_fragility,"{""c"": 1.0}",404,90,45,1.7592513883694638e-05,0.2285194229471324,0.11039561082699834,0.22244060335079244,0.36691400676077757,5,50,10.0,14.142135623730951,80.0,"{""T1036 - Defense Evasion: Masquerading"": 5, ""T1498.001 - Impact: Direct Network Flood"": 5, ""T1498.002 - Impact: Reflection/Amplification Attack"": 5, ""T1571 - Defense Evasion: Non-Standard Port"": 50, ""T1583.005 - Resource Development: Acquire Botnet"": 5, ""T1584.005 - Resource Development: Build/Compromise Botnet"": 5, ""T1590 - Reconnaissance: Gather Victim Network Information"": 5, ""T1595 - Reconnaissance: Active Scanning"": 5, ""TA0011 - Command-and-Control"": 5}",5048090,45
exploration_bonus_c1.0,exploration_bonus_loo_fragility,"{""c"": 1.0}",404,180,135,7.684809927300333e-06,0.2270045350676197,0.10734422263186887,0.2214303118964035,0.36624741418830087,5,65,13.0,19.87740202116743,150.0,"{""T1036 - Defense Evasion: Masquerading"": 5, ""T1498.001 - Impact: Direct Network Flood"": 5, ""T1498.002 - Impact: Reflection/Amplification Attack"": 5, ""T1571 - Defense Evasion: Non-Standard Port"": 65, ""T1583.005 - Resource Development: Acquire Botnet"": 7, ""T1584.005 - Resource Development: Build/Compromise Botnet"": 5, ""T1590 - Reconnaissance: Gather Victim Network Information"": 33, ""T1595 - Reconnaissance: Active Scanning"": 37, ""TA0011 - Command-and-Control"": 18}",5048180,135
exploration_bonus_c1.0,exploration_bonus_loo_fragility,"{""c"": 1.0}",404,360,315,6.354750793099682e-06,0.2265025072863781,0.10383523757441475,0.221379005124091,0.3620734612449088,6,104,17.333333333333332,34.74350458878769,246.0,"{""T1036 - Defense Evasion: Masquerading"": 9, ""T1498.001 - Impact: Direct Network Flood"": 26, ""T1498.002 - Impact: Reflection/Amplification Attack"": 6, ""T1571 - Defense Evasion: Non-Standard Port"": 104, ""T1583.005 - Resource Development: Acquire Botnet"": 99, ""T1584.005 - Resource Development: Build/Compromise Botnet"": 10, ""T1590 - Reconnaissance: Gather Victim Network Information"": 33, ""T1595 - Reconnaissance: Active Scanning"": 37, ""TA0011 - Command-and-Control"": 36}",5048360,315
exploration_bonus_c1.0,exploration_bonus_loo_fragility,"{""c"": 1.0}",404,720,675,3.7250269087746604e-06,0.2260350409104777,0.10275731736936078,0.22071536375451356,0.3646425055743796,10,200,20.0,72.22495721317144,592.0,"{""T1036 - Defense Evasion: Masquerading"": 10, ""T1498.001 - Impact: Direct Network Flood"": 32, ""T1498.002 - Impact: Reflection/Amplification Attack"": 35, ""T1571 - Defense Evasion: Non-Standard Port"": 137, ""T1583.005 - Resource Development: Acquire Botnet"": 200, ""T1584.005 - Resource Development: Build/Compromise Botnet"": 199, ""T1590 - Reconnaissance: Gather Victim Network Information"": 33, ""T1595 - Reconnaissance: Active Scanning"": 38, ""TA0011 - Command-and-Control"": 36}",5048720,675
exploration_bonus_c1.0,exploration_bonus_loo_fragility,"{""c"": 1.0}",404,1200,1155,1.7443778163408179e-06,0.2252013365170258,0.10220135393299973,0.2207045613601929,0.36220086740783647,36,200,5.555555555555555,65.79598096472999,560.0,"{""T1036 - Defense Evasion: Masquerading"": 58, ""T1498.001 - Impact: Direct Network Flood"": 200, ""T1498.002 - Impact: Reflection/Amplification Attack"": 149, ""T1571 - Defense Evasion: Non-Standard Port"": 200, ""T1583.005 - Resource Development: Acquire Botnet"": 200, ""T1584.005 - Resource Development: Build/Compromise Botnet"": 199, ""T1590 - Reconnaissance: Gather Victim Network Information"": 82, ""T1595 - Reconnaissance: Active Scanning"": 76, ""TA0011 - Command-and-Control"": 36}",5049200,1155
exploration_bonus_c1.0,exploration_bonus_loo_fragility,"{""c"": 1.0}",404,1798,1753,0.0,0.22470484448919714,0.10282013170083151,0.21987138712593557,0.3602157968474639,199,200,1.0050251256281406,0.41573970964154905,0.0,"{""T1036 - Defense Evasion: Masquerading"": 200, ""T1498.001 - Impact: Direct Network Flood"": 200, ""T1498.002 - Impact: Reflection/Amplification Attack"": 200, ""T1571 - Defense Evasion: Non-Standard Port"": 200, ""T1583.005 - Resource Development: Acquire Botnet"": 200, ""T1584.005 - Resource Development: Build/Compromise Botnet"": 199, ""T1590 - Reconnaissance: Gather Victim Network Information"": 199, ""T1595 - Reconnaissance: Active Scanning"": 200, ""TA0011 - Command-and-Control"": 200}",5049798,1753
uniform_step_balanced,uniform_step_balanced,{},505,45,0,9.350528494369941e-05,0.2265751054975568,0.11802459024112986,0.2229548668351816,0.346832262995049,5,5,1.0,0.0,0.0,"{""T1036 - Defense Evasion: Masquerading"": 5, ""T1498.001 - Impact: Direct Network Flood"": 5, ""T1498.002 - Impact: Reflection/Amplification Attack"": 5, ""T1571 - Defense Evasion: Non-Standard Port"": 5, ""T1583.005 - Resource Development: Acquire Botnet"": 5, ""T1584.005 - Resource Development: Build/Compromise Botnet"": 5, ""T1590 - Reconnaissance: Gather Victim Network Information"": 5, ""T1595 - Reconnaissance: Active Scanning"": 5, ""TA0011 - Command-and-Control"": 5}",6058045,0
uniform_step_balanced,uniform_step_balanced,{},505,90,45,2.834565532689422e-05,0.22806196313193255,0.1163882181371926,0.2223840290352876,0.3587113643669209,10,10,1.0,0.0,0.0,"{""T1036 - Defense Evasion: Masquerading"": 10, ""T1498.001 - Impact: Direct Network Flood"": 10, ""T1498.002 - Impact: Reflection/Amplification Attack"": 10, ""T1571 - Defense Evasion: Non-Standard Port"": 10, ""T1583.005 - Resource Development: Acquire Botnet"": 10, ""T1584.005 - Resource Development: Build/Compromise Botnet"": 10, ""T1590 - Reconnaissance: Gather Victim Network Information"": 10, ""T1595 - Reconnaissance: Active Scanning"": 10, ""TA0011 - Command-and-Control"": 10}",6058090,45
uniform_step_balanced,uniform_step_balanced,{},505,180,135,5.629412814258921e-05,0.2317064569476943,0.10566445492873648,0.22666940410386877,0.3708949018371397,20,20,1.0,0.0,0.0,"{""T1036 - Defense Evasion: Masquerading"": 20, ""T1498.001 - Impact: Direct Network Flood"": 20, ""T1498.002 - Impact: Reflection/Amplification Attack"": 20, ""T1571 - Defense Evasion: Non-Standard Port"": 20, ""T1583.005 - Resource Development: Acquire Botnet"": 20, ""T1584.005 - Resource Development: Build/Compromise Botnet"": 20, ""T1590 - Reconnaissance: Gather Victim Network Information"": 20, ""T1595 - Reconnaissance: Active Scanning"": 20, ""TA0011 - Command-and-Control"": 20}",6058180,135
uniform_step_balanced,uniform_step_balanced,{},505,360,315,3.1161455403017165e-05,0.22981466554184982,0.10851063388167637,0.2239978699039832,0.36898107911338063,40,40,1.0,0.0,0.0,"{""T1036 - Defense Evasion: Masquerading"": 40, ""T1498.001 - Impact: Direct Network Flood"": 40, ""T1498.002 - Impact: Reflection/Amplification Attack"": 40, ""T1571 - Defense Evasion: Non-Standard Port"": 40, ""T1583.005 - Resource Development: Acquire Botnet"": 40, ""T1584.005 - Resource Development: Build/Compromise Botnet"": 40, ""T1590 - Reconnaissance: Gather Victim Network Information"": 40, ""T1595 - Reconnaissance: Active Scanning"": 40, ""TA0011 - Command-and-Control"": 40}",6058360,315
uniform_step_balanced,uniform_step_balanced,{},505,720,675,1.3435640284372217e-05,0.22729531641183554,0.10780802225218883,0.22165519877869866,0.3619982722440728,80,80,1.0,0.0,0.0,"{""T1036 - Defense Evasion: Masquerading"": 80, ""T1498.001 - Impact: Direct Network Flood"": 80, ""T1498.002 - Impact: Reflection/Amplification Attack"": 80, ""T1571 - Defense Evasion: Non-Standard Port"": 80, ""T1583.005 - Resource Development: Acquire Botnet"": 80, ""T1584.005 - Resource Development: Build/Compromise Botnet"": 80, ""T1590 - Reconnaissance: Gather Victim Network Information"": 80, ""T1595 - Reconnaissance: Active Scanning"": 80, ""TA0011 - Command-and-Control"": 80}",6058720,675
uniform_step_balanced,uniform_step_balanced,{},505,1200,1155,3.2103858742016167e-06,0.22576374616264766,0.10513173110351834,0.22155638368497,0.3597222918044941,133,134,1.0075187969924813,0.4714045207910317,0.0,"{""T1036 - Defense Evasion: Masquerading"": 133, ""T1498.001 - Impact: Direct Network Flood"": 134, ""T1498.002 - Impact: Reflection/Amplification Attack"": 134, ""T1571 - Defense Evasion: Non-Standard Port"": 133, ""T1583.005 - Resource Development: Acquire Botnet"": 133, ""T1584.005 - Resource Development: Build/Compromise Botnet"": 133, ""T1590 - Reconnaissance: Gather Victim Network Information"": 133, ""T1595 - Reconnaissance: Active Scanning"": 134, ""TA0011 - Command-and-Control"": 133}",6059200,1155
uniform_step_balanced,uniform_step_balanced,{},505,1798,1753,0.0,0.22470484448919714,0.10282013170083151,0.21987138712593557,0.3602157968474639,199,200,1.0050251256281406,0.41573970964154905,0.0,"{""T1036 - Defense Evasion: Masquerading"": 200, ""T1498.001 - Impact: Direct Network Flood"": 200, ""T1498.002 - Impact: Reflection/Amplification Attack"": 200, ""T1571 - Defense Evasion: Non-Standard Port"": 200, ""T1583.005 - Resource Development: Acquire Botnet"": 200, ""T1584.005 - Resource Development: Build/Compromise Botnet"": 199, ""T1590 - Reconnaissance: Gather Victim Network Information"": 199, ""T1595 - Reconnaissance: Active Scanning"": 200, ""TA0011 - Command-and-Control"": 200}",6059798,1753
greedy_loo_fragility,greedy_loo_fragility,{},505,45,0,9.350528494369941e-05,0.2265751054975568,0.11802459024112986,0.2229548668351816,0.346832262995049,5,5,1.0,0.0,0.0,"{""T1036 - Defense Evasion: Masquerading"": 5, ""T1498.001 - Impact: Direct Network Flood"": 5, ""T1498.002 - Impact: Reflection/Amplification Attack"": 5, ""T1571 - Defense Evasion: Non-Standard Port"": 5, ""T1583.005 - Resource Development: Acquire Botnet"": 5, ""T1584.005 - Resource Development: Build/Compromise Botnet"": 5, ""T1590 - Reconnaissance: Gather Victim Network Information"": 5, ""T1595 - Reconnaissance: Active Scanning"": 5, ""TA0011 - Command-and-Control"": 5}",6058045,0
greedy_loo_fragility,greedy_loo_fragility,{},505,90,45,3.43416726476666e-05,0.2295931142385549,0.11489874365336351,0.2247684556479431,0.3621456454726612,5,50,10.0,14.142135623730951,80.0,"{""T1036 - Defense Evasion: Masquerading"": 5, ""T1498.001 - Impact: Direct Network Flood"": 5, ""T1498.002 - Impact: Reflection/Amplification Attack"": 5, ""T1571 - Defense Evasion: Non-Standard Port"": 50, ""T1583.005 - Resource Development: Acquire Botnet"": 5, ""T1584.005 - Resource Development: Build/Compromise Botnet"": 5, ""T1590 - Reconnaissance: Gather Victim Network Information"": 5, ""T1595 - Reconnaissance: Active Scanning"": 5, ""TA0011 - Command-and-Control"": 5}",6058090,45
greedy_loo_fragility,greedy_loo_fragility,{},505,180,135,3.4654770927357065e-05,0.23003856430807823,0.11432413405411013,0.224513515830582,0.36411059398575707,5,95,19.0,30.0,210.0,"{""T1036 - Defense Evasion: Masquerading"": 5, ""T1498.001 - Impact: Direct Network Flood"": 5, ""T1498.002 - Impact: Reflection/Amplification Attack"": 5, ""T1571 - Defense Evasion: Non-Standard Port"": 50, ""T1583.005 - Resource Development: Acquire Botnet"": 5, ""T1584.005 - Resource Development: Build/Compromise Botnet"": 5, ""T1590 - Reconnaissance: Gather Victim Network Information"": 5, ""T1595 - Reconnaissance: Active Scanning"": 95, ""TA0011 - Command-and-Control"": 5}",6058180,135
greedy_loo_fragility,greedy_loo_fragility,{},505,360,315,3.93180172239175e-05,0.2305321672438544,0.1148704958377054,0.2250923665753725,0.3645023418951344,5,200,40.0,59.58187643906493,360.0,"{""T1036 - Defense Evasion: Masquerading"": 5, ""T1498.001 - Impact: Direct Network Flood"": 5, ""T1498.002 - Impact: Reflection/Amplification Attack"": 5, ""T1571 - Defense Evasion: Non-Standard Port"": 50, ""T1583.005 - Resource Development: Acquire Botnet"": 5, ""T1584.005 - Resource Development: Build/Compromise Botnet"": 35, ""T1590 - Reconnaissance: Gather Victim Network Information"": 50, ""T1595 - Reconnaissance: Active Scanning"": 200, ""TA0011 - Command-and-Control"": 5}",6058360,315
greedy_loo_fragility,greedy_loo_fragility,{},505,720,675,3.083416629622683e-05,0.22937558740288724,0.11360037590434365,0.22459190655900074,0.35821343806088013,5,200,40.0,86.35327954912245,718.0,"{""T1036 - Defense Evasion: Masquerading"": 5, ""T1498.001 - Impact: Direct Network Flood"": 6, ""T1498.002 - Impact: Reflection/Amplification Attack"": 5, ""T1571 - Defense Evasion: Non-Standard Port"": 50, ""T1583.005 - Resource Development: Acquire Botnet"": 200, ""T1584.005 - Resource Development: Build/Compromise Botnet"": 199, ""T1590 - Reconnaissance: Gather Victim Network Information"": 50, ""T1595 - Reconnaissance: Active Scanning"": 200, ""TA0011 - Command-and-Control"": 5}",6058720,675
greedy_loo_fragility,greedy_loo_fragility,{},505,1200,1155,1.687810922752413e-05,0.22810375503338529,0.10452433058580773,0.22281084181677024,0.3655297605497397,5,200,40.0,76.48093444338487,660.0,"{""T1036 - Defense Evasion: Masquerading"": 5, ""T1498.001 - Impact: Direct Network Flood"": 200, ""T1498.002 - Impact: Reflection/Amplification Attack"": 66, ""T1571 - Defense Evasion: Non-Standard Port"": 81, ""T1583.005 - Resource Development: Acquire Botnet"": 200, ""T1584.005 - Resource Development: Build/Compromise Botnet"": 199, ""T1590 - Reconnaissance: Gather Victim Network Information"": 199, ""T1595 - Reconnaissance: Active Scanning"": 200, ""TA0011 - Command-and-Control"": 50}",6059200,1155
greedy_loo_fragility,greedy_loo_fragility,{},505,1798,1753,0.0,0.22470484448919714,0.10282013170083151,0.21987138712593557,0.3602157968474639,199,200,1.0050251256281406,0.41573970964154905,0.0,"{""T1036 - Defense Evasion: Masquerading"": 200, ""T1498.001 - Impact: Direct Network Flood"": 200, ""T1498.002 - Impact: Reflection/Amplification Attack"": 200, ""T1571 - Defense Evasion: Non-Standard Port"": 200, ""T1583.005 - Resource Development: Acquire Botnet"": 200, ""T1584.005 - Resource Development: Build/Compromise Botnet"": 199, ""T1590 - Reconnaissance: Gather Victim Network Information"": 199, ""T1595 - Reconnaissance: Active Scanning"": 200, ""TA0011 - Command-and-Control"": 200}",6059798,1753
epsilon_greedy_eps0.2,epsilon_greedy_loo_fragility,"{""epsilon"": 0.2}",505,45,0,9.350528494369941e-05,0.2265751054975568,0.11802459024112986,0.2229548668351816,0.346832262995049,5,5,1.0,0.0,0.0,"{""T1036 - Defense Evasion: Masquerading"": 5, ""T1498.001 - Impact: Direct Network Flood"": 5, ""T1498.002 - Impact: Reflection/Amplification Attack"": 5, ""T1571 - Defense Evasion: Non-Standard Port"": 5, ""T1583.005 - Resource Development: Acquire Botnet"": 5, ""T1584.005 - Resource Development: Build/Compromise Botnet"": 5, ""T1590 - Reconnaissance: Gather Victim Network Information"": 5, ""T1595 - Reconnaissance: Active Scanning"": 5, ""TA0011 - Command-and-Control"": 5}",6058045,0
epsilon_greedy_eps0.2,epsilon_greedy_loo_fragility,"{""epsilon"": 0.2}",505,90,45,4.7979922158302216e-05,0.23050218849083745,0.11646570865520474,0.22588364466753352,0.3594206112062965,5,44,8.8,12.027745701779143,68.0,"{""T1036 - Defense Evasion: Masquerading"": 6, ""T1498.001 - Impact: Direct Network Flood"": 5, ""T1498.002 - Impact: Reflection/Amplification Attack"": 6, ""T1571 - Defense Evasion: Non-Standard Port"": 44, ""T1583.005 - Resource Development: Acquire Botnet"": 5, ""T1584.005 - Resource Development: Build/Compromise Botnet"": 6, ""T1590 - Reconnaissance: Gather Victim Network Information"": 6, ""T1595 - Reconnaissance: Active Scanning"": 6, ""TA0011 - Command-and-Control"": 6}",6058090,45
epsilon_greedy_eps0.2,epsilon_greedy_loo_fragility,"{""epsilon"": 0.2}",505,180,135,3.8281274840089294e-05,0.23041341485958255,0.11565264104248152,0.22465544756901448,0.36379696664071626,8,44,5.5,16.289055630494154,138.0,"{""T1036 - Defense Evasion: Masquerading"": 8, ""T1498.001 - Impact: Direct Network Flood"": 41, ""T1498.002 - Impact: Reflection/Amplification Attack"": 9, ""T1571 - Defense Evasion: Non-Standard Port"": 44, ""T1583.005 - Resource Development: Acquire Botnet"": 8, ""T1584.005 - Resource Development: Build/Compromise Botnet"": 9, ""T1590 - Reconnaissance: Gather Victim Network Information"": 8, ""T1595 - Reconnaissance: Active Scanning"": 44, ""TA0011 - Command-and-Control"": 9}",6058180,135
epsilon_greedy_eps0.2,epsilon_greedy_loo_fragility,"{""epsilon"": 0.2}",505,360,315,2.711824676633881e-05,0.22953438143034077,0.1079248665383629,0.223907763283745,0.36695284683284873,17,83,4.882352941176471,24.608038433722335,184.0,"{""T1036 - Defense Evasion: Masquerading"": 43, ""T1498.001 - Impact: Direct Network Flood"": 78, ""T1498.002 - Impact: Reflection/Amplification Attack"": 17, ""T1571 - Defense Evasion: Non-Standard Port"": 44, ""T1583.005 - Resource Development: Acquire Botnet"": 83, ""T1584.005 - Resource Development: Build/Compromise Botnet"": 17, ""T1590 - Reconnaissance: Gather Victim Network Information"": 17, ""T1595 - Reconnaissance: Active Scanning"": 44, ""TA0011 - Command-and-Control"": 17}",6058360,315
epsilon_greedy_eps0.2,epsilon_greedy_loo_fragility,"{""epsilon"": 0.2}",505,720,675,2.887605801284636e-05,0.22926862792067085,0.10815538895868732,0.22435660023463588,0.36446875713891547,42,200,4.761904761904762,50.54810689937964,372.0,"{""T1036 - Defense Evasion: Masquerading"": 43, ""T1498.001 - Impact: Direct Network Flood"": 113, ""T1498.002 - Impact: Reflection/Amplification Attack"": 71, ""T1571 - Defense Evasion: Non-Standard Port"": 44, ""T1583.005 - Resource Development: Acquire Botnet"": 200, ""T1584.005 - Resource Development: Build/Compromise Botnet"": 42, ""T1590 - Reconnaissance: Gather Victim Network Information"": 42, ""T1595 - Reconnaissance: Active Scanning"": 113, ""TA0011 - Command-and-Control"": 52}",6058720,675
epsilon_greedy_eps0.2,epsilon_greedy_loo_fragility,"{""epsilon"": 0.2}",505,1200,1155,2.792313587439299e-06,0.2258416802655294,0.10431804334667558,0.22153568019989095,0.3611082330195893,77,200,2.5974025974025974,51.23366948490893,430.0,"{""T1036 - Defense Evasion: Masquerading"": 104, ""T1498.001 - Impact: Direct Network Flood"": 200, ""T1498.002 - Impact: Reflection/Amplification Attack"": 99, ""T1571 - Defense Evasion: Non-Standard Port"": 150, ""T1583.005 - Resource Development: Acquire Botnet"": 200, ""T1584.005 - Resource Development: Build/Compromise Botnet"": 77, ""T1590 - Reconnaissance: Gather Victim Network Information"": 93, ""T1595 - Reconnaissance: Active Scanning"": 200, ""TA0011 - Command-and-Control"": 77}",6059200,1155
epsilon_greedy_eps0.2,epsilon_greedy_loo_fragility,"{""epsilon"": 0.2}",505,1798,1753,0.0,0.22470484448919714,0.10282013170083151,0.21987138712593557,0.3602157968474639,199,200,1.0050251256281406,0.41573970964154905,0.0,"{""T1036 - Defense Evasion: Masquerading"": 200, ""T1498.001 - Impact: Direct Network Flood"": 200, ""T1498.002 - Impact: Reflection/Amplification Attack"": 200, ""T1571 - Defense Evasion: Non-Standard Port"": 200, ""T1583.005 - Resource Development: Acquire Botnet"": 200, ""T1584.005 - Resource Development: Build/Compromise Botnet"": 199, ""T1590 - Reconnaissance: Gather Victim Network Information"": 199, ""T1595 - Reconnaissance: Active Scanning"": 200, ""TA0011 - Command-and-Control"": 200}",6059798,1753
exploration_bonus_c0.25,exploration_bonus_loo_fragility,"{""c"": 0.25}",505,45,0,9.350528494369941e-05,0.2265751054975568,0.11802459024112986,0.2229548668351816,0.346832262995049,5,5,1.0,0.0,0.0,"{""T1036 - Defense Evasion: Masquerading"": 5, ""T1498.001 - Impact: Direct Network Flood"": 5, ""T1498.002 - Impact: Reflection/Amplification Attack"": 5, ""T1571 - Defense Evasion: Non-Standard Port"": 5, ""T1583.005 - Resource Development: Acquire Botnet"": 5, ""T1584.005 - Resource Development: Build/Compromise Botnet"": 5, ""T1590 - Reconnaissance: Gather Victim Network Information"": 5, ""T1595 - Reconnaissance: Active Scanning"": 5, ""TA0011 - Command-and-Control"": 5}",6058045,0
exploration_bonus_c0.25,exploration_bonus_loo_fragility,"{""c"": 0.25}",505,90,45,3.43416726476666e-05,0.2295931142385549,0.11489874365336351,0.2247684556479431,0.3621456454726612,5,50,10.0,14.142135623730951,80.0,"{""T1036 - Defense Evasion: Masquerading"": 5, ""T1498.001 - Impact: Direct Network Flood"": 5, ""T1498.002 - Impact: Reflection/Amplification Attack"": 5, ""T1571 - Defense Evasion: Non-Standard Port"": 50, ""T1583.005 - Resource Development: Acquire Botnet"": 5, ""T1584.005 - Resource Development: Build/Compromise Botnet"": 5, ""T1590 - Reconnaissance: Gather Victim Network Information"": 5, ""T1595 - Reconnaissance: Active Scanning"": 5, ""TA0011 - Command-and-Control"": 5}",6058090,45
exploration_bonus_c0.25,exploration_bonus_loo_fragility,"{""c"": 0.25}",505,180,135,3.602497163936421e-05,0.23020593473962409,0.11456808603395753,0.22475783365685853,0.36371766643229336,5,79,15.8,25.113077602449817,178.0,"{""T1036 - Defense Evasion: Masquerading"": 5, ""T1498.001 - Impact: Direct Network Flood"": 5, ""T1498.002 - Impact: Reflection/Amplification Attack"": 5, ""T1571 - Defense Evasion: Non-Standard Port"": 50, ""T1583.005 - Resource Development: Acquire Botnet"": 7, ""T1584.005 - Resource Development: Build/Compromise Botnet"": 19, ""T1590 - Reconnaissance: Gather Victim Network Information"": 5, ""T1595 - Reconnaissance: Active Scanning"": 79, ""TA0011 - Command-and-Control"": 5}",6058180,135
exploration_bonus_c0.25,exploration_bonus_loo_fragility,"{""c"": 0.25}",505,360,315,3.798437431989532e-05,0.2303778532625853,0.11475415899910496,0.22478429262126245,0.3631179398222459,5,169,33.8,56.4859864627207,416.0,"{""T1036 - Defense Evasion: Masquerading"": 5, ""T1498.001 - Impact: Direct Network Flood"": 5, ""T1498.002 - Impact: Reflection/Amplification Attack"": 5, ""T1571 - Defense Evasion: Non-Standard Port"": 50, ""T1583.005 - Resource Development: Acquire Botnet"": 7, ""T1584.005 - Resource Development: Build/Compromise Botnet"": 109, ""T1590 - Reconnaissance: Gather Victim Network Information"": 5, ""T1595 - Reconnaissance: Active Scanning"": 169, ""TA0011 - Command-and-Control"": 5}",6058360,315
exploration_bonus_c0.25,exploration_bonus_loo_fragility,"{""c"": 0.25}",505,720,675,2.7020155118761344e-05,0.22899526919938698,0.11324636790129694,0.22428395594337847,0.35781463072060465,5,200,40.0,86.10458756651704,716.0,"{""T1036 - Defense Evasion: Masquerading"": 5, ""T1498.001 - Impact: Direct Network Flood"": 199, ""T1498.002 - Impact: Reflection/Amplification Attack"": 5, ""T1571 - Defense Evasion: Non-Standard Port"": 50, ""T1583.005 - Resource Development: Acquire Botnet"": 7, ""T1584.005 - Resource Development: Build/Compromise Botnet"": 199, ""T1590 - Reconnaissance: Gather Victim Network Information"": 50, ""T1595 - Reconnaissance: Active Scanning"": 200, ""TA0011 - Command-and-Control"": 5}",6058720,675
exploration_bonus_c0.25,exploration_bonus_loo_fragility,"{""c"": 0.25}",505,1200,1155,9.49944032378623e-06,0.2274527063108898,0.10334369642199946,0.223181696200499,0.3631151815167425,16,200,12.5,76.9343154183417,662.0,"{""T1036 - Defense Evasion: Masquerading"": 32, ""T1498.001 - Impact: Direct Network Flood"": 200, ""T1498.002 - Impact: Reflection/Amplification Attack"": 200, ""T1571 - Defense Evasion: Non-Standard Port"": 95, ""T1583.005 - Resource Development: Acquire Botnet"": 200, ""T1584.005 - Resource Development: Build/Compromise Botnet"": 199, ""T1590 - Reconnaissance: Gather Victim Network Information"": 58, ""T1595 - Reconnaissance: Active Scanning"": 200, ""TA0011 - Command-and-Control"": 16}",6059200,1155
exploration_bonus_c0.25,exploration_bonus_loo_fragility,"{""c"": 0.25}",505,1798,1753,0.0,0.22470484448919714,0.10282013170083151,0.21987138712593557,0.3602157968474639,199,200,1.0050251256281406,0.41573970964154905,0.0,"{""T1036 - Defense Evasion: Masquerading"": 200, ""T1498.001 - Impact: Direct Network Flood"": 200, ""T1498.002 - Impact: Reflection/Amplification Attack"": 200, ""T1571 - Defense Evasion: Non-Standard Port"": 200, ""T1583.005 - Resource Development: Acquire Botnet"": 200, ""T1584.005 - Resource Development: Build/Compromise Botnet"": 199, ""T1590 - Reconnaissance: Gather Victim Network Information"": 199, ""T1595 - Reconnaissance: Active Scanning"": 200, ""TA0011 - Command-and-Control"": 200}",6059798,1753
exploration_bonus_c0.5,exploration_bonus_loo_fragility,"{""c"": 0.5}",505,45,0,9.350528494369941e-05,0.2265751054975568,0.11802459024112986,0.2229548668351816,0.346832262995049,5,5,1.0,0.0,0.0,"{""T1036 - Defense Evasion: Masquerading"": 5, ""T1498.001 - Impact: Direct Network Flood"": 5, ""T1498.002 - Impact: Reflection/Amplification Attack"": 5, ""T1571 - Defense Evasion: Non-Standard Port"": 5, ""T1583.005 - Resource Development: Acquire Botnet"": 5, ""T1584.005 - Resource Development: Build/Compromise Botnet"": 5, ""T1590 - Reconnaissance: Gather Victim Network Information"": 5, ""T1595 - Reconnaissance: Active Scanning"": 5, ""TA0011 - Command-and-Control"": 5}",6058045,0
exploration_bonus_c0.5,exploration_bonus_loo_fragility,"{""c"": 0.5}",505,90,45,3.43416726476666e-05,0.2295931142385549,0.11489874365336351,0.2247684556479431,0.3621456454726612,5,50,10.0,14.142135623730951,80.0,"{""T1036 - Defense Evasion: Masquerading"": 5, ""T1498.001 - Impact: Direct Network Flood"": 5, ""T1498.002 - Impact: Reflection/Amplification Attack"": 5, ""T1571 - Defense Evasion: Non-Standard Port"": 50, ""T1583.005 - Resource Development: Acquire Botnet"": 5, ""T1584.005 - Resource Development: Build/Compromise Botnet"": 5, ""T1590 - Reconnaissance: Gather Victim Network Information"": 5, ""T1595 - Reconnaissance: Active Scanning"": 5, ""TA0011 - Command-and-Control"": 5}",6058090,45
exploration_bonus_c0.5,exploration_bonus_loo_fragility,"{""c"": 0.5}",505,180,135,3.412514080450777e-05,0.22995022789635114,0.11440322533249773,0.22460084740352143,0.3640959535343285,5,86,17.2,27.055498516937366,192.0,"{""T1036 - Defense Evasion: Masquerading"": 5, ""T1498.001 - Impact: Direct Network Flood"": 6, ""T1498.002 - Impact: Reflection/Amplification Attack"": 5, ""T1571 - Defense Evasion: Non-Standard Port"": 50, ""T1583.005 - Resource Development: Acquire Botnet"": 6, ""T1584.005 - Resource Development: Build/Compromise Botnet"": 9, ""T1590 - Reconnaissance: Gather Victim Network Information"": 8, ""T1595 - Reconnaissance: Active Scanning"": 86, ""TA0011 - Command-and-Control"": 5}",6058180,135
exploration_bonus_c0.5,exploration_bonus_loo_fragility,"{""c"": 0.5}",505,360,315,4.189273711609968e-05,0.23065147670770444,0.11531880117582684,0.2254776657220254,0.36370924098202606,5,200,40.0,58.22179813246734,340.0,"{""T1036 - Defense Evasion: Masquerading"": 5, ""T1498.001 - Impact: Direct Network Flood"": 24, ""T1498.002 - Impact: Reflection/Amplification Attack"": 6, ""T1571 - Defense Evasion: Non-Standard Port"": 50, ""T1583.005 - Resource Development: Acquire Botnet"": 31, ""T1584.005 - Resource Development: Build/Compromise Botnet"": 16, ""T1590 - Reconnaissance: Gather Victim Network Information"": 23, ""T1595 - Reconnaissance: Active Scanning"": 200, ""TA0011 - Command-and-Control"": 5}",6058360,315
exploration_bonus_c0.5,exploration_bonus_loo_fragility,"{""c"": 0.5}",505,720,675,3.185769813735941e-05,0.22971747229945136,0.11449642041015183,0.2246802945580395,0.36090508844032737,5,200,40.0,77.63160868271807,638.0,"{""T1036 - Defense Evasion: Masquerading"": 50, ""T1498.001 - Impact: Direct Network Flood"": 28, ""T1498.002 - Impact: Reflection/Amplification Attack"": 7, ""T1571 - Defense Evasion: Non-Standard Port"": 55, ""T1583.005 - Resource Development: Acquire Botnet"": 160, ""T1584.005 - Resource Development: Build/Compromise Botnet"": 16, ""T1590 - Reconnaissance: Gather Victim Network Information"": 199, ""T1595 - Reconnaissance: Active Scanning"": 200, ""TA0011 - Command-and-Control"": 5}",6058720,675
exploration_bonus_c0.5,exploration_bonus_loo_fragility,"{""c"": 0.5}",505,1200,1155,1.2742225104095279e-06,0.22552310033130324,0.10468682935294274,0.22096034002295706,0.3622152195552562,12,200,16.666666666666668,72.8758457164573,598.0,"{""T1036 - Defense Evasion: Masquerading"": 200, ""T1498.001 - Impact: Direct Network Flood"": 200, ""T1498.002 - Impact: Reflection/Amplification Attack"": 12, ""T1571 - Defense Evasion: Non-Standard Port"": 111, ""T1583.005 - Resource Development: Acquire Botnet"": 168, ""T1584.005 - Resource Development: Build/Compromise Botnet"": 28, ""T1590 - Reconnaissance: Gather Victim Network Information"": 199, ""T1595 - Reconnaissance: Active Scanning"": 200, ""TA0011 - Command-and-Control"": 82}",6059200,1155
exploration_bonus_c0.5,exploration_bonus_loo_fragility,"{""c"": 0.5}",505,1798,1753,0.0,0.22470484448919714,0.10282013170083151,0.21987138712593557,0.3602157968474639,199,200,1.0050251256281406,0.41573970964154905,0.0,"{""T1036 - Defense Evasion: Masquerading"": 200, ""T1498.001 - Impact: Direct Network Flood"": 200, ""T1498.002 - Impact: Reflection/Amplification Attack"": 200, ""T1571 - Defense Evasion: Non-Standard Port"": 200, ""T1583.005 - Resource Development: Acquire Botnet"": 200, ""T1584.005 - Resource Development: Build/Compromise Botnet"": 199, ""T1590 - Reconnaissance: Gather Victim Network Information"": 199, ""T1595 - Reconnaissance: Active Scanning"": 200, ""TA0011 - Command-and-Control"": 200}",6059798,1753
exploration_bonus_c1.0,exploration_bonus_loo_fragility,"{""c"": 1.0}",505,45,0,9.350528494369941e-05,0.2265751054975568,0.11802459024112986,0.2229548668351816,0.346832262995049,5,5,1.0,0.0,0.0,"{""T1036 - Defense Evasion: Masquerading"": 5, ""T1498.001 - Impact: Direct Network Flood"": 5, ""T1498.002 - Impact: Reflection/Amplification Attack"": 5, ""T1571 - Defense Evasion: Non-Standard Port"": 5, ""T1583.005 - Resource Development: Acquire Botnet"": 5, ""T1584.005 - Resource Development: Build/Compromise Botnet"": 5, ""T1590 - Reconnaissance: Gather Victim Network Information"": 5, ""T1595 - Reconnaissance: Active Scanning"": 5, ""TA0011 - Command-and-Control"": 5}",6058045,0
exploration_bonus_c1.0,exploration_bonus_loo_fragility,"{""c"": 1.0}",505,90,45,3.43416726476666e-05,0.2295931142385549,0.11489874365336351,0.2247684556479431,0.3621456454726612,5,50,10.0,14.142135623730951,80.0,"{""T1036 - Defense Evasion: Masquerading"": 5, ""T1498.001 - Impact: Direct Network Flood"": 5, ""T1498.002 - Impact: Reflection/Amplification Attack"": 5, ""T1571 - Defense Evasion: Non-Standard Port"": 50, ""T1583.005 - Resource Development: Acquire Botnet"": 5, ""T1584.005 - Resource Development: Build/Compromise Botnet"": 5, ""T1590 - Reconnaissance: Gather Victim Network Information"": 5, ""T1595 - Reconnaissance: Active Scanning"": 5, ""TA0011 - Command-and-Control"": 5}",6058090,45
exploration_bonus_c1.0,exploration_bonus_loo_fragility,"{""c"": 1.0}",505,180,135,3.512474418559499e-05,0.22976379247518203,0.11472024763078408,0.22460181373061688,0.36378607019005227,5,50,10.0,15.165750888103101,118.0,"{""T1036 - Defense Evasion: Masquerading"": 5, ""T1498.001 - Impact: Direct Network Flood"": 39, ""T1498.002 - Impact: Reflection/Amplification Attack"": 8, ""T1571 - Defense Evasion: Non-Standard Port"": 50, ""T1583.005 - Resource Development: Acquire Botnet"": 17, ""T1584.005 - Resource Development: Build/Compromise Botnet"": 15, ""T1590 - Reconnaissance: Gather Victim Network Information"": 11, ""T1595 - Reconnaissance: Active Scanning"": 30, ""TA0011 - Command-and-Control"": 5}",6058180,135
exploration_bonus_c1.0,exploration_bonus_loo_fragility,"{""c"": 1.0}",505,360,315,4.5016617192582067e-05,0.2304429113168782,0.11564858152649163,0.2252048763765169,0.36223058321600093,5,98,19.6,33.23318288163871,258.0,"{""T1036 - Defense Evasion: Masquerading"": 6, ""T1498.001 - Impact: Direct Network Flood"": 39, ""T1498.002 - Impact: Reflection/Amplification Attack"": 8, ""T1571 - Defense Evasion: Non-Standard Port"": 50, ""T1583.005 - Resource Development: Acquire Botnet"": 55, ""T1584.005 - Resource Development: Build/Compromise Botnet"": 98, ""T1590 - Reconnaissance: Gather Victim Network Information"": 13, ""T1595 - Reconnaissance: Active Scanning"": 86, ""TA0011 - Command-and-Control"": 5}",6058360,315
exploration_bonus_c1.0,exploration_bonus_loo_fragility,"{""c"": 1.0}",505,720,675,9.587608556288922e-06,0.2268314777111976,0.10715734794208422,0.22200784317757194,0.360979411338732,12,200,16.666666666666668,58.36284967530477,440.0,"{""T1036 - Defense Evasion: Masquerading"": 21, ""T1498.001 - Impact: Direct Network Flood"": 67, ""T1498.002 - Impact: Reflection/Amplification Attack"": 12, ""T1571 - Defense Evasion: Non-Standard Port"": 57, ""T1583.005 - Resource Development: Acquire Botnet"": 200, ""T1584.005 - Resource Development: Build/Compromise Botnet"": 148, ""T1590 - Reconnaissance: Gather Victim Network Information"": 42, ""T1595 - Reconnaissance: Active Scanning"": 112, ""TA0011 - Command-and-Control"": 61}",6058720,675
exploration_bonus_c1.0,exploration_bonus_loo_fragility,"{""c"": 1.0}",505,1200,1155,1.491982495555998e-05,0.22804581845786925,0.10543820184636313,0.22295211944311116,0.36437878443977567,43,200,4.651162790697675,55.60575509783137,424.0,"{""T1036 - Defense Evasion: Masquerading"": 43, ""T1498.001 - Impact: Direct Network Flood"": 114, ""T1498.002 - Impact: Reflection/Amplification Attack"": 126, ""T1571 - Defense Evasion: Non-Standard Port"": 109, ""T1583.005 - Resource Development: Acquire Botnet"": 200, ""T1584.005 - Resource Development: Build/Compromise Botnet"": 148, ""T1590 - Reconnaissance: Gather Victim Network Information"": 199, ""T1595 - Reconnaissance: Active Scanning"": 200, ""TA0011 - Command-and-Control"": 61}",6059200,1155
exploration_bonus_c1.0,exploration_bonus_loo_fragility,"{""c"": 1.0}",505,1798,1753,0.0,0.22470484448919714,0.10282013170083151,0.21987138712593557,0.3602157968474639,199,200,1.0050251256281406,0.41573970964154905,0.0,"{""T1036 - Defense Evasion: Masquerading"": 200, ""T1498.001 - Impact: Direct Network Flood"": 200, ""T1498.002 - Impact: Reflection/Amplification Attack"": 200, ""T1571 - Defense Evasion: Non-Standard Port"": 200, ""T1583.005 - Resource Development: Acquire Botnet"": 200, ""T1584.005 - Resource Development: Build/Compromise Botnet"": 199, ""T1590 - Reconnaissance: Gather Victim Network Information"": 199, ""T1595 - Reconnaissance: Active Scanning"": 200, ""TA0011 - Command-and-Control"": 200}",6059798,1753
uniform_step_balanced,uniform_step_balanced,{},606,45,0,7.269065187851542e-05,0.22924167391110215,0.09833660738493055,0.22363370959171283,0.3760870842778797,5,5,1.0,0.0,0.0,"{""T1036 - Defense Evasion: Masquerading"": 5, ""T1498.001 - Impact: Direct Network Flood"": 5, ""T1498.002 - Impact: Reflection/Amplification Attack"": 5, ""T1571 - Defense Evasion: Non-Standard Port"": 5, ""T1583.005 - Resource Development: Acquire Botnet"": 5, ""T1584.005 - Resource Development: Build/Compromise Botnet"": 5, ""T1590 - Reconnaissance: Gather Victim Network Information"": 5, ""T1595 - Reconnaissance: Active Scanning"": 5, ""TA0011 - Command-and-Control"": 5}",7068045,0
uniform_step_balanced,uniform_step_balanced,{},606,90,45,1.2308445358072259e-05,0.2239464812456673,0.09892232630097612,0.21812200756892547,0.3664937991179412,10,10,1.0,0.0,0.0,"{""T1036 - Defense Evasion: Masquerading"": 10, ""T1498.001 - Impact: Direct Network Flood"": 10, ""T1498.002 - Impact: Reflection/Amplification Attack"": 10, ""T1571 - Defense Evasion: Non-Standard Port"": 10, ""T1583.005 - Resource Development: Acquire Botnet"": 10, ""T1584.005 - Resource Development: Build/Compromise Botnet"": 10, ""T1590 - Reconnaissance: Gather Victim Network Information"": 10, ""T1595 - Reconnaissance: Active Scanning"": 10, ""TA0011 - Command-and-Control"": 10}",7068090,45
uniform_step_balanced,uniform_step_balanced,{},606,180,135,1.3094246147183665e-05,0.2264059366453045,0.10378264482289322,0.22036130811991378,0.3689211912427129,20,20,1.0,0.0,0.0,"{""T1036 - Defense Evasion: Masquerading"": 20, ""T1498.001 - Impact: Direct Network Flood"": 20, ""T1498.002 - Impact: Reflection/Amplification Attack"": 20, ""T1571 - Defense Evasion: Non-Standard Port"": 20, ""T1583.005 - Resource Development: Acquire Botnet"": 20, ""T1584.005 - Resource Development: Build/Compromise Botnet"": 20, ""T1590 - Reconnaissance: Gather Victim Network Information"": 20, ""T1595 - Reconnaissance: Active Scanning"": 20, ""TA0011 - Command-and-Control"": 20}",7068180,135
uniform_step_balanced,uniform_step_balanced,{},606,360,315,4.47942518275464e-06,0.22445548828233278,0.10670687441199232,0.21892307554282514,0.36246759847489735,40,40,1.0,0.0,0.0,"{""T1036 - Defense Evasion: Masquerading"": 40, ""T1498.001 - Impact: Direct Network Flood"": 40, ""T1498.002 - Impact: Reflection/Amplification Attack"": 40, ""T1571 - Defense Evasion: Non-Standard Port"": 40, ""T1583.005 - Resource Development: Acquire Botnet"": 40, ""T1584.005 - Resource Development: Build/Compromise Botnet"": 40, ""T1590 - Reconnaissance: Gather Victim Network Information"": 40, ""T1595 - Reconnaissance: Active Scanning"": 40, ""TA0011 - Command-and-Control"": 40}",7068360,315
uniform_step_balanced,uniform_step_balanced,{},606,720,675,7.58653397887983e-06,0.2263476230270198,0.10460753978549267,0.22106704976094943,0.3647563377663821,80,80,1.0,0.0,0.0,"{""T1036 - Defense Evasion: Masquerading"": 80, ""T1498.001 - Impact: Direct Network Flood"": 80, ""T1498.002 - Impact: Reflection/Amplification Attack"": 80, ""T1571 - Defense Evasion: Non-Standard Port"": 80, ""T1583.005 - Resource Development: Acquire Botnet"": 80, ""T1584.005 - Resource Development: Build/Compromise Botnet"": 80, ""T1590 - Reconnaissance: Gather Victim Network Information"": 80, ""T1595 - Reconnaissance: Active Scanning"": 80, ""TA0011 - Command-and-Control"": 80}",7068720,675
uniform_step_balanced,uniform_step_balanced,{},606,1200,1155,2.1663199977529724e-06,0.22586065075147177,0.1027622109355238,0.22092923092704633,0.36098424613223223,133,134,1.0075187969924813,0.4714045207910317,0.0,"{""T1036 - Defense Evasion: Masquerading"": 133, ""T1498.001 - Impact: Direct Network Flood"": 133, ""T1498.002 - Impact: Reflection/Amplification Attack"": 134, ""T1571 - Defense Evasion: Non-Standard Port"": 133, ""T1583.005 - Resource Development: Acquire Botnet"": 133, ""T1584.005 - Resource Development: Build/Compromise Botnet"": 134, ""T1590 - Reconnaissance: Gather Victim Network Information"": 133, ""T1595 - Reconnaissance: Active Scanning"": 134, ""TA0011 - Command-and-Control"": 133}",7069200,1155
uniform_step_balanced,uniform_step_balanced,{},606,1798,1753,0.0,0.22470484448919714,0.10282013170083151,0.21987138712593557,0.3602157968474639,199,200,1.0050251256281406,0.41573970964154905,0.0,"{""T1036 - Defense Evasion: Masquerading"": 200, ""T1498.001 - Impact: Direct Network Flood"": 200, ""T1498.002 - Impact: Reflection/Amplification Attack"": 200, ""T1571 - Defense Evasion: Non-Standard Port"": 200, ""T1583.005 - Resource Development: Acquire Botnet"": 200, ""T1584.005 - Resource Development: Build/Compromise Botnet"": 199, ""T1590 - Reconnaissance: Gather Victim Network Information"": 199, ""T1595 - Reconnaissance: Active Scanning"": 200, ""TA0011 - Command-and-Control"": 200}",7069798,1753
greedy_loo_fragility,greedy_loo_fragility,{},606,45,0,7.269065187851542e-05,0.22924167391110215,0.09833660738493055,0.22363370959171283,0.3760870842778797,5,5,1.0,0.0,0.0,"{""T1036 - Defense Evasion: Masquerading"": 5, ""T1498.001 - Impact: Direct Network Flood"": 5, ""T1498.002 - Impact: Reflection/Amplification Attack"": 5, ""T1571 - Defense Evasion: Non-Standard Port"": 5, ""T1583.005 - Resource Development: Acquire Botnet"": 5, ""T1584.005 - Resource Development: Build/Compromise Botnet"": 5, ""T1590 - Reconnaissance: Gather Victim Network Information"": 5, ""T1595 - Reconnaissance: Active Scanning"": 5, ""TA0011 - Command-and-Control"": 5}",7068045,0
greedy_loo_fragility,greedy_loo_fragility,{},606,90,45,1.4464388877186196e-05,0.22421070706430474,0.09924619340902416,0.21848176836291083,0.36447584059602167,5,50,10.0,14.142135623730951,80.0,"{""T1036 - Defense Evasion: Masquerading"": 5, ""T1498.001 - Impact: Direct Network Flood"": 5, ""T1498.002 - Impact: Reflection/Amplification Attack"": 5, ""T1571 - Defense Evasion: Non-Standard Port"": 50, ""T1583.005 - Resource Development: Acquire Botnet"": 5, ""T1584.005 - Resource Development: Build/Compromise Botnet"": 5, ""T1590 - Reconnaissance: Gather Victim Network Information"": 5, ""T1595 - Reconnaissance: Active Scanning"": 5, ""TA0011 - Command-and-Control"": 5}",7068090,45
greedy_loo_fragility,greedy_loo_fragility,{},606,180,135,7.937687268539932e-06,0.22284780342596128,0.10074876054688066,0.21822001375401717,0.35866798780473563,5,50,10.0,21.213203435596427,180.0,"{""T1036 - Defense Evasion: Masquerading"": 5, ""T1498.001 - Impact: Direct Network Flood"": 5, ""T1498.002 - Impact: Reflection/Amplification Attack"": 5, ""T1571 - Defense Evasion: Non-Standard Port"": 50, ""T1583.005 - Resource Development: Acquire Botnet"": 5, ""T1584.005 - Resource Development: Build/Compromise Botnet"": 5, ""T1590 - Reconnaissance: Gather Victim Network Information"": 50, ""T1595 - Reconnaissance: Active Scanning"": 5, ""TA0011 - Command-and-Control"": 50}",7068180,135
greedy_loo_fragility,greedy_loo_fragility,{},606,360,315,1.7895925252788584e-06,0.2247477538126991,0.10268192227050871,0.2199787608114605,0.36208530996599314,5,199,39.8,61.834905640386935,420.0,"{""T1036 - Defense Evasion: Masquerading"": 5, ""T1498.001 - Impact: Direct Network Flood"": 5, ""T1498.002 - Impact: Reflection/Amplification Attack"": 5, ""T1571 - Defense Evasion: Non-Standard Port"": 81, ""T1583.005 - Resource Development: Acquire Botnet"": 5, ""T1584.005 - Resource Development: Build/Compromise Botnet"": 5, ""T1590 - Reconnaissance: Gather Victim Network Information"": 199, ""T1595 - Reconnaissance: Active Scanning"": 5, ""TA0011 - Command-and-Control"": 50}",7068360,315
greedy_loo_fragility,greedy_loo_fragility,{},606,720,675,4.513345449592525e-06,0.2260559778500253,0.10546410923312317,0.22087627191307385,0.36380361755111656,5,199,39.8,61.510613357009824,480.0,"{""T1036 - Defense Evasion: Masquerading"": 95, ""T1498.001 - Impact: Direct Network Flood"": 5, ""T1498.002 - Impact: Reflection/Amplification Attack"": 50, ""T1571 - Defense Evasion: Non-Standard Port"": 126, ""T1583.005 - Resource Development: Acquire Botnet"": 5, ""T1584.005 - Resource Development: Build/Compromise Botnet"": 50, ""T1590 - Reconnaissance: Gather Victim Network Information"": 199, ""T1595 - Reconnaissance: Active Scanning"": 50, ""TA0011 - Command-and-Control"": 140}",7068720,675
greedy_loo_fragility,greedy_loo_fragility,{},606,1200,1155,9.618067168408077e-07,0.22421744950481415,0.10269843909833404,0.21972159359097335,0.35976611263704983,50,200,4.0,68.91379478095159,604.0,"{""T1036 - Defense Evasion: Masquerading"": 171, ""T1498.001 - Impact: Direct Network Flood"": 50, ""T1498.002 - Impact: Reflection/Amplification Attack"": 200, ""T1571 - Defense Evasion: Non-Standard Port"": 200, ""T1583.005 - Resource Development: Acquire Botnet"": 80, ""T1584.005 - Resource Development: Build/Compromise Botnet"": 50, ""T1590 - Reconnaissance: Gather Victim Network Information"": 199, ""T1595 - Reconnaissance: Active Scanning"": 50, ""TA0011 - Command-and-Control"": 200}",7069200,1155
greedy_loo_fragility,greedy_loo_fragility,{},606,1798,1753,0.0,0.22470484448919714,0.10282013170083151,0.21987138712593557,0.3602157968474639,199,200,1.0050251256281406,0.41573970964154905,0.0,"{""T1036 - Defense Evasion: Masquerading"": 200, ""T1498.001 - Impact: Direct Network Flood"": 200, ""T1498.002 - Impact: Reflection/Amplification Attack"": 200, ""T1571 - Defense Evasion: Non-Standard Port"": 200, ""T1583.005 - Resource Development: Acquire Botnet"": 200, ""T1584.005 - Resource Development: Build/Compromise Botnet"": 199, ""T1590 - Reconnaissance: Gather Victim Network Information"": 199, ""T1595 - Reconnaissance: Active Scanning"": 200, ""TA0011 - Command-and-Control"": 200}",7069798,1753
epsilon_greedy_eps0.2,epsilon_greedy_loo_fragility,"{""epsilon"": 0.2}",606,45,0,7.269065187851542e-05,0.22924167391110215,0.09833660738493055,0.22363370959171283,0.3760870842778797,5,5,1.0,0.0,0.0,"{""T1036 - Defense Evasion: Masquerading"": 5, ""T1498.001 - Impact: Direct Network Flood"": 5, ""T1498.002 - Impact: Reflection/Amplification Attack"": 5, ""T1571 - Defense Evasion: Non-Standard Port"": 5, ""T1583.005 - Resource Development: Acquire Botnet"": 5, ""T1584.005 - Resource Development: Build/Compromise Botnet"": 5, ""T1590 - Reconnaissance: Gather Victim Network Information"": 5, ""T1595 - Reconnaissance: Active Scanning"": 5, ""TA0011 - Command-and-Control"": 5}",7068045,0
epsilon_greedy_eps0.2,epsilon_greedy_loo_fragility,"{""epsilon"": 0.2}",606,90,45,2.3295296505770474e-05,0.22087926220862714,0.0963348802280497,0.21528804801570386,0.3627034923734403,6,39,6.5,10.263202878893768,58.0,"{""T1036 - Defense Evasion: Masquerading"": 7, ""T1498.001 - Impact: Direct Network Flood"": 6, ""T1498.002 - Impact: Reflection/Amplification Attack"": 7, ""T1571 - Defense Evasion: Non-Standard Port"": 39, ""T1583.005 - Resource Development: Acquire Botnet"": 6, ""T1584.005 - Resource Development: Build/Compromise Botnet"": 6, ""T1590 - Reconnaissance: Gather Victim Network Information"": 7, ""T1595 - Reconnaissance: Active Scanning"": 6, ""TA0011 - Command-and-Control"": 6}",7068090,45
epsilon_greedy_eps0.2,epsilon_greedy_loo_fragility,"{""epsilon"": 0.2}",606,180,135,3.2543982335825062e-06,0.22457566129819087,0.10375532020152599,0.21940249493511788,0.357417753364266,8,77,9.625,22.50925735484551,156.0,"{""T1036 - Defense Evasion: Masquerading"": 9, ""T1498.001 - Impact: Direct Network Flood"": 9, ""T1498.002 - Impact: Reflection/Amplification Attack"": 9, ""T1571 - Defense Evasion: Non-Standard Port"": 77, ""T1583.005 - Resource Development: Acquire Botnet"": 8, ""T1584.005 - Resource Development: Build/Compromise Botnet"": 9, ""T1590 - Reconnaissance: Gather Victim Network Information"": 9, ""T1595 - Reconnaissance: Active Scanning"": 41, ""TA0011 - Command-and-Control"": 9}",7068180,135
epsilon_greedy_eps0.2,epsilon_greedy_loo_fragility,"{""epsilon"": 0.2}",606,360,315,7.944998693714392e-07,0.22447366874881017,0.10427837334867461,0.21960749511435212,0.36010193760997955,15,176,11.733333333333333,51.7923203230406,346.0,"{""T1036 - Defense Evasion: Masquerading"": 16, ""T1498.001 - Impact: Direct Network Flood"": 15, ""T1498.002 - Impact: Reflection/Amplification Attack"": 15, ""T1571 - Defense Evasion: Non-Standard Port"": 77, ""T1583.005 - Resource Development: Acquire Botnet"": 15, ""T1584.005 - Resource Development: Build/Compromise Botnet"": 15, ""T1590 - Reconnaissance: Gather Victim Network Information"": 16, ""T1595 - Reconnaissance: Active Scanning"": 176, ""TA0011 - Command-and-Control"": 15}",7068360,315
epsilon_greedy_eps0.2,epsilon_greedy_loo_fragility,"{""epsilon"": 0.2}",606,720,675,2.821004646659043e-06,0.22598898610330403,0.10568534818576977,0.22058756388777728,0.36542543080136614,31,200,6.451612903225806,61.12100929940357,486.0,"{""T1036 - Defense Evasion: Masquerading"": 45, ""T1498.001 - Impact: Direct Network Flood"": 68, ""T1498.002 - Impact: Reflection/Amplification Attack"": 31, ""T1571 - Defense Evasion: Non-Standard Port"": 123, ""T1583.005 - Resource Development: Acquire Botnet"": 160, ""T1584.005 - Resource Development: Build/Compromise Botnet"": 31, ""T1590 - Reconnaissance: Gather Victim Network Information"": 31, ""T1595 - Reconnaissance: Active Scanning"": 200, ""TA0011 - Command-and-Control"": 31}",7068720,675
epsilon_greedy_eps0.2,epsilon_greedy_loo_fragility,"{""epsilon"": 0.2}",606,1200,1155,1.1468586817505541e-06,0.2249540031570975,0.10215243619901976,0.22037260568289918,0.35853547150489207,62,200,3.225806451612903,59.80895510800294,518.0,"{""T1036 - Defense Evasion: Masquerading"": 200, ""T1498.001 - Impact: Direct Network Flood"": 89, ""T1498.002 - Impact: Reflection/Amplification Attack"": 110, ""T1571 - Defense Evasion: Non-Standard Port"": 194, ""T1583.005 - Resource Development: Acquire Botnet"": 200, ""T1584.005 - Resource Development: Build/Compromise Botnet"": 63, ""T1590 - Reconnaissance: Gather Victim Network Information"": 82, ""T1595 - Reconnaissance: Active Scanning"": 200, ""TA0011 - Command-and-Control"": 62}",7069200,1155
epsilon_greedy_eps0.2,epsilon_greedy_loo_fragility,"{""epsilon"": 0.2}",606,1798,1753,0.0,0.22470484448919714,0.10282013170083151,0.21987138712593557,0.3602157968474639,199,200,1.0050251256281406,0.41573970964154905,0.0,"{""T1036 - Defense Evasion: Masquerading"": 200, ""T1498.001 - Impact: Direct Network Flood"": 200, ""T1498.002 - Impact: Reflection/Amplification Attack"": 200, ""T1571 - Defense Evasion: Non-Standard Port"": 200, ""T1583.005 - Resource Development: Acquire Botnet"": 200, ""T1584.005 - Resource Development: Build/Compromise Botnet"": 199, ""T1590 - Reconnaissance: Gather Victim Network Information"": 199, ""T1595 - Reconnaissance: Active Scanning"": 200, ""TA0011 - Command-and-Control"": 200}",7069798,1753
exploration_bonus_c0.25,exploration_bonus_loo_fragility,"{""c"": 0.25}",606,45,0,7.269065187851542e-05,0.22924167391110215,0.09833660738493055,0.22363370959171283,0.3760870842778797,5,5,1.0,0.0,0.0,"{""T1036 - Defense Evasion: Masquerading"": 5, ""T1498.001 - Impact: Direct Network Flood"": 5, ""T1498.002 - Impact: Reflection/Amplification Attack"": 5, ""T1571 - Defense Evasion: Non-Standard Port"": 5, ""T1583.005 - Resource Development: Acquire Botnet"": 5, ""T1584.005 - Resource Development: Build/Compromise Botnet"": 5, ""T1590 - Reconnaissance: Gather Victim Network Information"": 5, ""T1595 - Reconnaissance: Active Scanning"": 5, ""TA0011 - Command-and-Control"": 5}",7068045,0
exploration_bonus_c0.25,exploration_bonus_loo_fragility,"{""c"": 0.25}",606,90,45,1.4464388877186196e-05,0.22421070706430474,0.09924619340902416,0.21848176836291083,0.36447584059602167,5,50,10.0,14.142135623730951,80.0,"{""T1036 - Defense Evasion: Masquerading"": 5, ""T1498.001 - Impact: Direct Network Flood"": 5, ""T1498.002 - Impact: Reflection/Amplification Attack"": 5, ""T1571 - Defense Evasion: Non-Standard Port"": 50, ""T1583.005 - Resource Development: Acquire Botnet"": 5, ""T1584.005 - Resource Development: Build/Compromise Botnet"": 5, ""T1590 - Reconnaissance: Gather Victim Network Information"": 5, ""T1595 - Reconnaissance: Active Scanning"": 5, ""TA0011 - Command-and-Control"": 5}",7068090,45
exploration_bonus_c0.25,exploration_bonus_loo_fragility,"{""c"": 0.25}",606,180,135,7.718248899515119e-06,0.22253230605055804,0.10032484999969406,0.21786083688324406,0.3577238625635492,5,50,10.0,20.336065390226192,172.0,"{""T1036 - Defense Evasion: Masquerading"": 5, ""T1498.001 - Impact: Direct Network Flood"": 9, ""T1498.002 - Impact: Reflection/Amplification Attack"": 5, ""T1571 - Defense Evasion: Non-Standard Port"": 50, ""T1583.005 - Resource Development: Acquire Botnet"": 5, ""T1584.005 - Resource Development: Build/Compromise Botnet"": 5, ""T1590 - Reconnaissance: Gather Victim Network Information"": 46, ""T1595 - Reconnaissance: Active Scanning"": 5, ""TA0011 - Command-and-Control"": 50}",7068180,135
exploration_bonus_c0.25,exploration_bonus_loo_fragility,"{""c"": 0.25}",606,360,315,4.077958425058757e-06,0.22395661094419406,0.10128443685005671,0.2193733595112788,0.3597421889902524,5,199,39.8,61.31521471507342,412.0,"{""T1036 - Defense Evasion: Masquerading"": 5, ""T1498.001 - Impact: Direct Network Flood"": 9, ""T1498.002 - Impact: Reflection/Amplification Attack"": 5, ""T1571 - Defense Evasion: Non-Standard Port"": 77, ""T1583.005 - Resource Development: Acquire Botnet"": 5, ""T1584.005 - Resource Development: Build/Compromise Botnet"": 5, ""T1590 - Reconnaissance: Gather Victim Network Information"": 199, ""T1595 - Reconnaissance: Active Scanning"": 5, ""TA0011 - Command-and-Control"": 50}",7068360,315
exploration_bonus_c0.25,exploration_bonus_loo_fragility,"{""c"": 0.25}",606,720,675,3.735361024215629e-06,0.2237653898905065,0.10580472172975032,0.21892400162058095,0.3573817966539203,5,200,40.0,76.54773383683906,622.0,"{""T1036 - Defense Evasion: Masquerading"": 152, ""T1498.001 - Impact: Direct Network Flood"": 9, ""T1498.002 - Impact: Reflection/Amplification Attack"": 5, ""T1571 - Defense Evasion: Non-Standard Port"": 200, ""T1583.005 - Resource Development: Acquire Botnet"": 50, ""T1584.005 - Resource Development: Build/Compromise Botnet"": 5, ""T1590 - Reconnaissance: Gather Victim Network Information"": 199, ""T1595 - Reconnaissance: Active Scanning"": 50, ""TA0011 - Command-and-Control"": 50}",7068720,675
exploration_bonus_c0.25,exploration_bonus_loo_fragility,"{""c"": 0.25}",606,1200,1155,3.3078678932371345e-06,0.2247266040214714,0.10507570464132597,0.22012903566016262,0.36073816529530006,5,200,40.0,73.27421859775177,622.0,"{""T1036 - Defense Evasion: Masquerading"": 180, ""T1498.001 - Impact: Direct Network Flood"": 200, ""T1498.002 - Impact: Reflection/Amplification Attack"": 86, ""T1571 - Defense Evasion: Non-Standard Port"": 200, ""T1583.005 - Resource Development: Acquire Botnet"": 80, ""T1584.005 - Resource Development: Build/Compromise Botnet"": 5, ""T1590 - Reconnaissance: Gather Victim Network Information"": 199, ""T1595 - Reconnaissance: Active Scanning"": 200, ""TA0011 - Command-and-Control"": 50}",7069200,1155
exploration_bonus_c0.25,exploration_bonus_loo_fragility,"{""c"": 0.25}",606,1798,1753,0.0,0.22470484448919714,0.10282013170083151,0.21987138712593557,0.3602157968474639,199,200,1.0050251256281406,0.41573970964154905,0.0,"{""T1036 - Defense Evasion: Masquerading"": 200, ""T1498.001 - Impact: Direct Network Flood"": 200, ""T1498.002 - Impact: Reflection/Amplification Attack"": 200, ""T1571 - Defense Evasion: Non-Standard Port"": 200, ""T1583.005 - Resource Development: Acquire Botnet"": 200, ""T1584.005 - Resource Development: Build/Compromise Botnet"": 199, ""T1590 - Reconnaissance: Gather Victim Network Information"": 199, ""T1595 - Reconnaissance: Active Scanning"": 200, ""TA0011 - Command-and-Control"": 200}",7069798,1753
exploration_bonus_c0.5,exploration_bonus_loo_fragility,"{""c"": 0.5}",606,45,0,7.269065187851542e-05,0.22924167391110215,0.09833660738493055,0.22363370959171283,0.3760870842778797,5,5,1.0,0.0,0.0,"{""T1036 - Defense Evasion: Masquerading"": 5, ""T1498.001 - Impact: Direct Network Flood"": 5, ""T1498.002 - Impact: Reflection/Amplification Attack"": 5, ""T1571 - Defense Evasion: Non-Standard Port"": 5, ""T1583.005 - Resource Development: Acquire Botnet"": 5, ""T1584.005 - Resource Development: Build/Compromise Botnet"": 5, ""T1590 - Reconnaissance: Gather Victim Network Information"": 5, ""T1595 - Reconnaissance: Active Scanning"": 5, ""TA0011 - Command-and-Control"": 5}",7068045,0
exploration_bonus_c0.5,exploration_bonus_loo_fragility,"{""c"": 0.5}",606,90,45,1.4464388877186196e-05,0.22421070706430474,0.09924619340902416,0.21848176836291083,0.36447584059602167,5,50,10.0,14.142135623730951,80.0,"{""T1036 - Defense Evasion: Masquerading"": 5, ""T1498.001 - Impact: Direct Network Flood"": 5, ""T1498.002 - Impact: Reflection/Amplification Attack"": 5, ""T1571 - Defense Evasion: Non-Standard Port"": 50, ""T1583.005 - Resource Development: Acquire Botnet"": 5, ""T1584.005 - Resource Development: Build/Compromise Botnet"": 5, ""T1590 - Reconnaissance: Gather Victim Network Information"": 5, ""T1595 - Reconnaissance: Active Scanning"": 5, ""TA0011 - Command-and-Control"": 5}",7068090,45
exploration_bonus_c0.5,exploration_bonus_loo_fragility,"{""c"": 0.5}",606,180,135,1.6970529617891731e-06,0.22499483353484412,0.10288984082270139,0.2204967583984121,0.3603267878937082,5,50,10.0,18.354533197248273,154.0,"{""T1036 - Defense Evasion: Masquerading"": 6, ""T1498.001 - Impact: Direct Network Flood"": 7, ""T1498.002 - Impact: Reflection/Amplification Attack"": 41, ""T1571 - Defense Evasion: Non-Standard Port"": 50, ""T1583.005 - Resource Development: Acquire Botnet"": 10, ""T1584.005 - Resource Development: Build/Compromise Botnet"": 5, ""T1590 - Reconnaissance: Gather Victim Network Information"": 10, ""T1595 - Reconnaissance: Active Scanning"": 5, ""TA0011 - Command-and-Control"": 46}",7068180,135
exploration_bonus_c0.5,exploration_bonus_loo_fragility,"{""c"": 0.5}",606,360,315,2.889552606745317e-06,0.22553764656048697,0.10625053926407654,0.22043370907790216,0.3628304414151559,5,169,33.8,48.49054890732145,292.0,"{""T1036 - Defense Evasion: Masquerading"": 9, ""T1498.001 - Impact: Direct Network Flood"": 7, ""T1498.002 - Impact: Reflection/Amplification Attack"": 41, ""T1571 - Defense Evasion: Non-Standard Port"": 50, ""T1583.005 - Resource Development: Acquire Botnet"": 18, ""T1584.005 - Resource Development: Build/Compromise Botnet"": 15, ""T1590 - Reconnaissance: Gather Victim Network Information"": 169, ""T1595 - Reconnaissance: Active Scanning"": 5, ""TA0011 - Command-and-Control"": 46}",7068360,315
exploration_bonus_c0.5,exploration_bonus_loo_fragility,"{""c"": 0.5}",606,720,675,8.399533922273539e-06,0.2263637487000895,0.1059029741669614,0.2214167911515838,0.3628008166991649,22,199,9.045454545454545,61.28983965099309,480.0,"{""T1036 - Defense Evasion: Masquerading"": 22, ""T1498.001 - Impact: Direct Network Flood"": 32, ""T1498.002 - Impact: Reflection/Amplification Attack"": 58, ""T1571 - Defense Evasion: Non-Standard Port"": 123, ""T1583.005 - Resource Development: Acquire Botnet"": 27, ""T1584.005 - Resource Development: Build/Compromise Botnet"": 28, ""T1590 - Reconnaissance: Gather Victim Network Information"": 199, ""T1595 - Reconnaissance: Active Scanning"": 158, ""TA0011 - Command-and-Control"": 73}",7068720,675
exploration_bonus_c0.5,exploration_bonus_loo_fragility,"{""c"": 0.5}",606,1200,1155,2.120337812263552e-06,0.22512228794612985,0.10127721874603855,0.2211498489517894,0.36190404964796735,28,200,7.142857142857143,64.18722614352485,524.0,"{""T1036 - Defense Evasion: Masquerading"": 198, ""T1498.001 - Impact: Direct Network Flood"": 112, ""T1498.002 - Impact: Reflection/Amplification Attack"": 67, ""T1571 - Defense Evasion: Non-Standard Port"": 123, ""T1583.005 - Resource Development: Acquire Botnet"": 200, ""T1584.005 - Resource Development: Build/Compromise Botnet"": 28, ""T1590 - Reconnaissance: Gather Victim Network Information"": 199, ""T1595 - Reconnaissance: Active Scanning"": 200, ""TA0011 - Command-and-Control"": 73}",7069200,1155
exploration_bonus_c0.5,exploration_bonus_loo_fragility,"{""c"": 0.5}",606,1798,1753,0.0,0.22470484448919714,0.10282013170083151,0.21987138712593557,0.3602157968474639,199,200,1.0050251256281406,0.41573970964154905,0.0,"{""T1036 - Defense Evasion: Masquerading"": 200, ""T1498.001 - Impact: Direct Network Flood"": 200, ""T1498.002 - Impact: Reflection/Amplification Attack"": 200, ""T1571 - Defense Evasion: Non-Standard Port"": 200, ""T1583.005 - Resource Development: Acquire Botnet"": 200, ""T1584.005 - Resource Development: Build/Compromise Botnet"": 199, ""T1590 - Reconnaissance: Gather Victim Network Information"": 199, ""T1595 - Reconnaissance: Active Scanning"": 200, ""TA0011 - Command-and-Control"": 200}",7069798,1753
exploration_bonus_c1.0,exploration_bonus_loo_fragility,"{""c"": 1.0}",606,45,0,7.269065187851542e-05,0.22924167391110215,0.09833660738493055,0.22363370959171283,0.3760870842778797,5,5,1.0,0.0,0.0,"{""T1036 - Defense Evasion: Masquerading"": 5, ""T1498.001 - Impact: Direct Network Flood"": 5, ""T1498.002 - Impact: Reflection/Amplification Attack"": 5, ""T1571 - Defense Evasion: Non-Standard Port"": 5, ""T1583.005 - Resource Development: Acquire Botnet"": 5, ""T1584.005 - Resource Development: Build/Compromise Botnet"": 5, ""T1590 - Reconnaissance: Gather Victim Network Information"": 5, ""T1595 - Reconnaissance: Active Scanning"": 5, ""TA0011 - Command-and-Control"": 5}",7068045,0
exploration_bonus_c1.0,exploration_bonus_loo_fragility,"{""c"": 1.0}",606,90,45,1.4464388877186196e-05,0.22421070706430474,0.09924619340902416,0.21848176836291083,0.36447584059602167,5,50,10.0,14.142135623730951,80.0,"{""T1036 - Defense Evasion: Masquerading"": 5, ""T1498.001 - Impact: Direct Network Flood"": 5, ""T1498.002 - Impact: Reflection/Amplification Attack"": 5, ""T1571 - Defense Evasion: Non-Standard Port"": 50, ""T1583.005 - Resource Development: Acquire Botnet"": 5, ""T1584.005 - Resource Development: Build/Compromise Botnet"": 5, ""T1590 - Reconnaissance: Gather Victim Network Information"": 5, ""T1595 - Reconnaissance: Active Scanning"": 5, ""TA0011 - Command-and-Control"": 5}",7068090,45
exploration_bonus_c1.0,exploration_bonus_loo_fragility,"{""c"": 1.0}",606,180,135,3.5980746577201315e-06,0.22307980204004343,0.10165596465001814,0.21834483627561152,0.3581409785647599,5,50,10.0,15.084944665313014,116.0,"{""T1036 - Defense Evasion: Masquerading"": 6, ""T1498.001 - Impact: Direct Network Flood"": 26, ""T1498.002 - Impact: Reflection/Amplification Attack"": 6, ""T1571 - Defense Evasion: Non-Standard Port"": 50, ""T1583.005 - Resource Development: Acquire Botnet"": 15, ""T1584.005 - Resource Development: Build/Compromise Botnet"": 5, ""T1590 - Reconnaissance: Gather Victim Network Information"": 10, ""T1595 - Reconnaissance: Active Scanning"": 23, ""TA0011 - Command-and-Control"": 39}",7068180,135
exploration_bonus_c1.0,exploration_bonus_loo_fragility,"{""c"": 1.0}",606,360,315,4.3772489591977395e-06,0.22479678066814376,0.1046116532067986,0.21943122510964824,0.3628888050344083,10,163,16.3,45.1811169996198,266.0,"{""T1036 - Defense Evasion: Masquerading"": 10, ""T1498.001 - Impact: Direct Network Flood"": 26, ""T1498.002 - Impact: Reflection/Amplification Attack"": 24, ""T1571 - Defense Evasion: Non-Standard Port"": 50, ""T1583.005 - Resource Development: Acquire Botnet"": 15, ""T1584.005 - Resource Development: Build/Compromise Botnet"": 11, ""T1590 - Reconnaissance: Gather Victim Network Information"": 22, ""T1595 - Reconnaissance: Active Scanning"": 163, ""TA0011 - Command-and-Control"": 39}",7068360,315
exploration_bonus_c1.0,exploration_bonus_loo_fragility,"{""c"": 1.0}",606,720,675,3.7798968993071827e-06,0.22585885844381964,0.1036619096494031,0.22124516956378718,0.3626629212389298,27,200,7.407407407407407,55.52576979305295,404.0,"{""T1036 - Defense Evasion: Masquerading"": 83, ""T1498.001 - Impact: Direct Network Flood"": 32, ""T1498.002 - Impact: Reflection/Amplification Attack"": 35, ""T1571 - Defense Evasion: Non-Standard Port"": 103, ""T1583.005 - Resource Development: Acquire Botnet"": 136, ""T1584.005 - Resource Development: Build/Compromise Botnet"": 27, ""T1590 - Reconnaissance: Gather Victim Network Information"": 30, ""T1595 - Reconnaissance: Active Scanning"": 200, ""TA0011 - Command-and-Control"": 74}",7068720,675
exploration_bonus_c1.0,exploration_bonus_loo_fragility,"{""c"": 1.0}",606,1200,1155,3.3030075395088537e-06,0.22589834811203818,0.10239436227892722,0.22136229294593923,0.36106134957480285,35,200,5.714285714285714,66.58661860898012,528.0,"{""T1036 - Defense Evasion: Masquerading"": 200, ""T1498.001 - Impact: Direct Network Flood"": 35, ""T1498.002 - Impact: Reflection/Amplification Attack"": 121, ""T1571 - Defense Evasion: Non-Standard Port"": 130, ""T1583.005 - Resource Development: Acquire Botnet"": 200, ""T1584.005 - Resource Development: Build/Compromise Botnet"": 199, ""T1590 - Reconnaissance: Gather Victim Network Information"": 36, ""T1595 - Reconnaissance: Active Scanning"": 200, ""TA0011 - Command-and-Control"": 79}",7069200,1155
exploration_bonus_c1.0,exploration_bonus_loo_fragility,"{""c"": 1.0}",606,1798,1753,0.0,0.22470484448919714,0.10282013170083151,0.21987138712593557,0.3602157968474639,199,200,1.0050251256281406,0.41573970964154905,0.0,"{""T1036 - Defense Evasion: Masquerading"": 200, ""T1498.001 - Impact: Direct Network Flood"": 200, ""T1498.002 - Impact: Reflection/Amplification Attack"": 200, ""T1571 - Defense Evasion: Non-Standard Port"": 200, ""T1583.005 - Resource Development: Acquire Botnet"": 200, ""T1584.005 - Resource Development: Build/Compromise Botnet"": 199, ""T1590 - Reconnaissance: Gather Victim Network Information"": 199, ""T1595 - Reconnaissance: Active Scanning"": 200, ""TA0011 - Command-and-Control"": 200}",7069798,1753
uniform_step_balanced,uniform_step_balanced,{},707,45,0,5.4674219001275806e-05,0.22619738818562604,0.11555407151368915,0.2232357563567069,0.34630779435424336,5,5,1.0,0.0,0.0,"{""T1036 - Defense Evasion: Masquerading"": 5, ""T1498.001 - Impact: Direct Network Flood"": 5, ""T1498.002 - Impact: Reflection/Amplification Attack"": 5, ""T1571 - Defense Evasion: Non-Standard Port"": 5, ""T1583.005 - Resource Development: Acquire Botnet"": 5, ""T1584.005 - Resource Development: Build/Compromise Botnet"": 5, ""T1590 - Reconnaissance: Gather Victim Network Information"": 5, ""T1595 - Reconnaissance: Active Scanning"": 5, ""TA0011 - Command-and-Control"": 5}",8078045,0
uniform_step_balanced,uniform_step_balanced,{},707,90,45,2.3732790177755868e-05,0.22307814220245104,0.10808741440163168,0.21822576289396908,0.35148027720142555,10,10,1.0,0.0,0.0,"{""T1036 - Defense Evasion: Masquerading"": 10, ""T1498.001 - Impact: Direct Network Flood"": 10, ""T1498.002 - Impact: Reflection/Amplification Attack"": 10, ""T1571 - Defense Evasion: Non-Standard Port"": 10, ""T1583.005 - Resource Development: Acquire Botnet"": 10, ""T1584.005 - Resource Development: Build/Compromise Botnet"": 10, ""T1590 - Reconnaissance: Gather Victim Network Information"": 10, ""T1595 - Reconnaissance: Active Scanning"": 10, ""TA0011 - Command-and-Control"": 10}",8078090,45
uniform_step_balanced,uniform_step_balanced,{},707,180,135,1.667644503063523e-05,0.22395274166250473,0.11161581110717514,0.21914342983606486,0.3552722033929847,20,20,1.0,0.0,0.0,"{""T1036 - Defense Evasion: Masquerading"": 20, ""T1498.001 - Impact: Direct Network Flood"": 20, ""T1498.002 - Impact: Reflection/Amplification Attack"": 20, ""T1571 - Defense Evasion: Non-Standard Port"": 20, ""T1583.005 - Resource Development: Acquire Botnet"": 20, ""T1584.005 - Resource Development: Build/Compromise Botnet"": 20, ""T1590 - Reconnaissance: Gather Victim Network Information"": 20, ""T1595 - Reconnaissance: Active Scanning"": 20, ""TA0011 - Command-and-Control"": 20}",8078180,135
uniform_step_balanced,uniform_step_balanced,{},707,360,315,1.0246951630294914e-05,0.22327929046448744,0.10345772231103299,0.21903610065924434,0.3527419204667877,40,40,1.0,0.0,0.0,"{""T1036 - Defense Evasion: Masquerading"": 40, ""T1498.001 - Impact: Direct Network Flood"": 40, ""T1498.002 - Impact: Reflection/Amplification Attack"": 40, ""T1571 - Defense Evasion: Non-Standard Port"": 40, ""T1583.005 - Resource Development: Acquire Botnet"": 40, ""T1584.005 - Resource Development: Build/Compromise Botnet"": 40, ""T1590 - Reconnaissance: Gather Victim Network Information"": 40, ""T1595 - Reconnaissance: Active Scanning"": 40, ""TA0011 - Command-and-Control"": 40}",8078360,315
uniform_step_balanced,uniform_step_balanced,{},707,720,675,4.896445414141115e-06,0.22494981809133352,0.10745021911068978,0.2208422210008829,0.3569871969472359,80,80,1.0,0.0,0.0,"{""T1036 - Defense Evasion: Masquerading"": 80, ""T1498.001 - Impact: Direct Network Flood"": 80, ""T1498.002 - Impact: Reflection/Amplification Attack"": 80, ""T1571 - Defense Evasion: Non-Standard Port"": 80, ""T1583.005 - Resource Development: Acquire Botnet"": 80, ""T1584.005 - Resource Development: Build/Compromise Botnet"": 80, ""T1590 - Reconnaissance: Gather Victim Network Information"": 80, ""T1595 - Reconnaissance: Active Scanning"": 80, ""TA0011 - Command-and-Control"": 80}",8078720,675
uniform_step_balanced,uniform_step_balanced,{},707,1200,1155,9.966296391580267e-07,0.22492651980819095,0.10445214849663688,0.22040485537018512,0.35778790808775285,133,134,1.0075187969924813,0.4714045207910317,0.0,"{""T1036 - Defense Evasion: Masquerading"": 133, ""T1498.001 - Impact: Direct Network Flood"": 133, ""T1498.002 - Impact: Reflection/Amplification Attack"": 133, ""T1571 - Defense Evasion: Non-Standard Port"": 133, ""T1583.005 - Resource Development: Acquire Botnet"": 134, ""T1584.005 - Resource Development: Build/Compromise Botnet"": 133, ""T1590 - Reconnaissance: Gather Victim Network Information"": 133, ""T1595 - Reconnaissance: Active Scanning"": 134, ""TA0011 - Command-and-Control"": 134}",8079200,1155
uniform_step_balanced,uniform_step_balanced,{},707,1798,1753,0.0,0.22470484448919714,0.10282013170083151,0.21987138712593557,0.3602157968474639,199,200,1.0050251256281406,0.41573970964154905,0.0,"{""T1036 - Defense Evasion: Masquerading"": 200, ""T1498.001 - Impact: Direct Network Flood"": 200, ""T1498.002 - Impact: Reflection/Amplification Attack"": 200, ""T1571 - Defense Evasion: Non-Standard Port"": 200, ""T1583.005 - Resource Development: Acquire Botnet"": 200, ""T1584.005 - Resource Development: Build/Compromise Botnet"": 199, ""T1590 - Reconnaissance: Gather Victim Network Information"": 199, ""T1595 - Reconnaissance: Active Scanning"": 200, ""TA0011 - Command-and-Control"": 200}",8079798,1753
greedy_loo_fragility,greedy_loo_fragility,{},707,45,0,5.4674219001275806e-05,0.22619738818562604,0.11555407151368915,0.2232357563567069,0.34630779435424336,5,5,1.0,0.0,0.0,"{""T1036 - Defense Evasion: Masquerading"": 5, ""T1498.001 - Impact: Direct Network Flood"": 5, ""T1498.002 - Impact: Reflection/Amplification Attack"": 5, ""T1571 - Defense Evasion: Non-Standard Port"": 5, ""T1583.005 - Resource Development: Acquire Botnet"": 5, ""T1584.005 - Resource Development: Build/Compromise Botnet"": 5, ""T1590 - Reconnaissance: Gather Victim Network Information"": 5, ""T1595 - Reconnaissance: Active Scanning"": 5, ""TA0011 - Command-and-Control"": 5}",8078045,0
greedy_loo_fragility,greedy_loo_fragility,{},707,90,45,2.5516586669495784e-05,0.22896076746928642,0.11175090251143546,0.22498887357286887,0.36046869823345,5,50,10.0,14.142135623730951,80.0,"{""T1036 - Defense Evasion: Masquerading"": 5, ""T1498.001 - Impact: Direct Network Flood"": 5, ""T1498.002 - Impact: Reflection/Amplification Attack"": 5, ""T1571 - Defense Evasion: Non-Standard Port"": 50, ""T1583.005 - Resource Development: Acquire Botnet"": 5, ""T1584.005 - Resource Development: Build/Compromise Botnet"": 5, ""T1590 - Reconnaissance: Gather Victim Network Information"": 5, ""T1595 - Reconnaissance: Active Scanning"": 5, ""TA0011 - Command-and-Control"": 5}",8078090,45
greedy_loo_fragility,greedy_loo_fragility,{},707,180,135,3.296139718546503e-05,0.22997054070171674,0.1143140501080337,0.22482427183897497,0.361538594734455,5,50,10.0,21.213203435596427,180.0,"{""T1036 - Defense Evasion: Masquerading"": 5, ""T1498.001 - Impact: Direct Network Flood"": 5, ""T1498.002 - Impact: Reflection/Amplification Attack"": 5, ""T1571 - Defense Evasion: Non-Standard Port"": 50, ""T1583.005 - Resource Development: Acquire Botnet"": 50, ""T1584.005 - Resource Development: Build/Compromise Botnet"": 50, ""T1590 - Reconnaissance: Gather Victim Network Information"": 5, ""T1595 - Reconnaissance: Active Scanning"": 5, ""TA0011 - Command-and-Control"": 5}",8078180,135
greedy_loo_fragility,greedy_loo_fragility,{},707,360,315,3.0202619066479465e-05,0.22990233199634919,0.11020509546718217,0.22566616846257329,0.3625196775254111,5,200,40.0,59.58187643906493,360.0,"{""T1036 - Defense Evasion: Masquerading"": 5, ""T1498.001 - Impact: Direct Network Flood"": 5, ""T1498.002 - Impact: Reflection/Amplification Attack"": 5, ""T1571 - Defense Evasion: Non-Standard Port"": 50, ""T1583.005 - Resource Development: Acquire Botnet"": 200, ""T1584.005 - Resource Development: Build/Compromise Botnet"": 50, ""T1590 - Reconnaissance: Gather Victim Network Information"": 5, ""T1595 - Reconnaissance: Active Scanning"": 5, ""TA0011 - Command-and-Control"": 35}",8078360,315
greedy_loo_fragility,greedy_loo_fragility,{},707,720,675,1.8268730378466266e-05,0.22889595531933815,0.10725258193966185,0.22409912554599573,0.3650419320151901,5,200,40.0,80.0,660.0,"{""T1036 - Defense Evasion: Masquerading"": 200, ""T1498.001 - Impact: Direct Network Flood"": 5, ""T1498.002 - Impact: Reflection/Amplification Attack"": 5, ""T1571 - Defense Evasion: Non-Standard Port"": 50, ""T1583.005 - Resource Development: Acquire Botnet"": 200, ""T1584.005 - Resource Development: Build/Compromise Botnet"": 50, ""T1590 - Reconnaissance: Gather Victim Network Information"": 170, ""T1595 - Reconnaissance: Active Scanning"": 5, ""TA0011 - Command-and-Control"": 35}",8078720,675
greedy_loo_fragility,greedy_loo_fragility,{},707,1200,1155,9.680108399581858e-07,0.2246783395892965,0.10416068830591328,0.22042496986285567,0.35732985794135597,5,200,40.0,77.15496671562298,660.0,"{""T1036 - Defense Evasion: Masquerading"": 200, ""T1498.001 - Impact: Direct Network Flood"": 5, ""T1498.002 - Impact: Reflection/Amplification Attack"": 80, ""T1571 - Defense Evasion: Non-Standard Port"": 200, ""T1583.005 - Resource Development: Acquire Botnet"": 200, ""T1584.005 - Resource Development: Build/Compromise Botnet"": 199, ""T1590 - Reconnaissance: Gather Victim Network Information"": 199, ""T1595 - Reconnaissance: Active Scanning"": 82, ""TA0011 - Command-and-Control"": 35}",8079200,1155
greedy_loo_fragility,greedy_loo_fragility,{},707,1798,1753,0.0,0.22470484448919714,0.10282013170083151,0.21987138712593557,0.3602157968474639,199,200,1.0050251256281406,0.41573970964154905,0.0,"{""T1036 - Defense Evasion: Masquerading"": 200, ""T1498.001 - Impact: Direct Network Flood"": 200, ""T1498.002 - Impact: Reflection/Amplification Attack"": 200, ""T1571 - Defense Evasion: Non-Standard Port"": 200, ""T1583.005 - Resource Development: Acquire Botnet"": 200, ""T1584.005 - Resource Development: Build/Compromise Botnet"": 199, ""T1590 - Reconnaissance: Gather Victim Network Information"": 199, ""T1595 - Reconnaissance: Active Scanning"": 200, ""TA0011 - Command-and-Control"": 200}",8079798,1753
epsilon_greedy_eps0.2,epsilon_greedy_loo_fragility,"{""epsilon"": 0.2}",707,45,0,5.4674219001275806e-05,0.22619738818562604,0.11555407151368915,0.2232357563567069,0.34630779435424336,5,5,1.0,0.0,0.0,"{""T1036 - Defense Evasion: Masquerading"": 5, ""T1498.001 - Impact: Direct Network Flood"": 5, ""T1498.002 - Impact: Reflection/Amplification Attack"": 5, ""T1571 - Defense Evasion: Non-Standard Port"": 5, ""T1583.005 - Resource Development: Acquire Botnet"": 5, ""T1584.005 - Resource Development: Build/Compromise Botnet"": 5, ""T1590 - Reconnaissance: Gather Victim Network Information"": 5, ""T1595 - Reconnaissance: Active Scanning"": 5, ""TA0011 - Command-and-Control"": 5}",8078045,0
epsilon_greedy_eps0.2,epsilon_greedy_loo_fragility,"{""epsilon"": 0.2}",707,90,45,4.321180737542563e-06,0.22635855214864734,0.10411273108228676,0.22277189119674584,0.36002332787466584,6,42,7.0,11.313708498984761,64.0,"{""T1036 - Defense Evasion: Masquerading"": 6, ""T1498.001 - Impact: Direct Network Flood"": 6, ""T1498.002 - Impact: Reflection/Amplification Attack"": 6, ""T1571 - Defense Evasion: Non-Standard Port"": 42, ""T1583.005 - Resource Development: Acquire Botnet"": 6, ""T1584.005 - Resource Development: Build/Compromise Botnet"": 6, ""T1590 - Reconnaissance: Gather Victim Network Information"": 6, ""T1595 - Reconnaissance: Active Scanning"": 6, ""TA0011 - Command-and-Control"": 6}",8078090,45
epsilon_greedy_eps0.2,epsilon_greedy_loo_fragility,"{""epsilon"": 0.2}",707,180,135,2.0134630602418076e-05,0.22729647902982605,0.11243690337400228,0.222424789384357,0.3581181132165394,9,42,4.666666666666667,15.326085243430198,130.0,"{""T1036 - Defense Evasion: Masquerading"": 9, ""T1498.001 - Impact: Direct Network Flood"": 42, ""T1498.002 - Impact: Reflection/Amplification Attack"": 9, ""T1571 - Defense Evasion: Non-Standard Port"": 42, ""T1583.005 - Resource Development: Acquire Botnet"": 9, ""T1584.005 - Resource Development: Build/Compromise Botnet"": 9, ""T1590 - Reconnaissance: Gather Victim Network Information"": 41, ""T1595 - Reconnaissance: Active Scanning"": 10, ""TA0011 - Command-and-Control"": 9}",8078180,135
epsilon_greedy_eps0.2,epsilon_greedy_loo_fragility,"{""epsilon"": 0.2}",707,360,315,3.892322670585368e-06,0.2237244403806766,0.10368069368213234,0.21913745117973688,0.3556265559472255,20,80,4.0,17.72631440041111,116.0,"{""T1036 - Defense Evasion: Masquerading"": 80, ""T1498.001 - Impact: Direct Network Flood"": 42, ""T1498.002 - Impact: Reflection/Amplification Attack"": 44, ""T1571 - Defense Evasion: Non-Standard Port"": 42, ""T1583.005 - Resource Development: Acquire Botnet"": 20, ""T1584.005 - Resource Development: Build/Compromise Botnet"": 21, ""T1590 - Reconnaissance: Gather Victim Network Information"": 41, ""T1595 - Reconnaissance: Active Scanning"": 21, ""TA0011 - Command-and-Control"": 49}",8078360,315
epsilon_greedy_eps0.2,epsilon_greedy_loo_fragility,"{""epsilon"": 0.2}",707,720,675,2.840855441370604e-06,0.22460967549465405,0.10573673624737574,0.2200912667695712,0.35699370558355026,43,191,4.441860465116279,57.57700158145708,424.0,"{""T1036 - Defense Evasion: Masquerading"": 191, ""T1498.001 - Impact: Direct Network Flood"": 43, ""T1498.002 - Impact: Reflection/Amplification Attack"": 44, ""T1571 - Defense Evasion: Non-Standard Port"": 81, ""T1583.005 - Resource Development: Acquire Botnet"": 44, ""T1584.005 - Resource Development: Build/Compromise Botnet"": 44, ""T1590 - Reconnaissance: Gather Victim Network Information"": 44, ""T1595 - Reconnaissance: Active Scanning"": 180, ""TA0011 - Command-and-Control"": 49}",8078720,675
epsilon_greedy_eps0.2,epsilon_greedy_loo_fragility,"{""epsilon"": 0.2}",707,1200,1155,1.9720464903670556e-06,0.2244362667624571,0.10487163787743252,0.21949077021294108,0.3568183130697849,80,200,2.5,48.73967127049131,394.0,"{""T1036 - Defense Evasion: Masquerading"": 200, ""T1498.001 - Impact: Direct Network Flood"": 131, ""T1498.002 - Impact: Reflection/Amplification Attack"": 86, ""T1571 - Defense Evasion: Non-Standard Port"": 98, ""T1583.005 - Resource Development: Acquire Botnet"": 80, ""T1584.005 - Resource Development: Build/Compromise Botnet"": 103, ""T1590 - Reconnaissance: Gather Victim Network Information"": 199, ""T1595 - Reconnaissance: Active Scanning"": 200, ""TA0011 - Command-and-Control"": 103}",8079200,1155
epsilon_greedy_eps0.2,epsilon_greedy_loo_fragility,"{""epsilon"": 0.2}",707,1798,1753,0.0,0.22470484448919714,0.10282013170083151,0.21987138712593557,0.3602157968474639,199,200,1.0050251256281406,0.41573970964154905,0.0,"{""T1036 - Defense Evasion: Masquerading"": 200, ""T1498.001 - Impact: Direct Network Flood"": 200, ""T1498.002 - Impact: Reflection/Amplification Attack"": 200, ""T1571 - Defense Evasion: Non-Standard Port"": 200, ""T1583.005 - Resource Development: Acquire Botnet"": 200, ""T1584.005 - Resource Development: Build/Compromise Botnet"": 199, ""T1590 - Reconnaissance: Gather Victim Network Information"": 199, ""T1595 - Reconnaissance: Active Scanning"": 200, ""TA0011 - Command-and-Control"": 200}",8079798,1753
exploration_bonus_c0.25,exploration_bonus_loo_fragility,"{""c"": 0.25}",707,45,0,5.4674219001275806e-05,0.22619738818562604,0.11555407151368915,0.2232357563567069,0.34630779435424336,5,5,1.0,0.0,0.0,"{""T1036 - Defense Evasion: Masquerading"": 5, ""T1498.001 - Impact: Direct Network Flood"": 5, ""T1498.002 - Impact: Reflection/Amplification Attack"": 5, ""T1571 - Defense Evasion: Non-Standard Port"": 5, ""T1583.005 - Resource Development: Acquire Botnet"": 5, ""T1584.005 - Resource Development: Build/Compromise Botnet"": 5, ""T1590 - Reconnaissance: Gather Victim Network Information"": 5, ""T1595 - Reconnaissance: Active Scanning"": 5, ""TA0011 - Command-and-Control"": 5}",8078045,0
exploration_bonus_c0.25,exploration_bonus_loo_fragility,"{""c"": 0.25}",707,90,45,2.5516586669495784e-05,0.22896076746928642,0.11175090251143546,0.22498887357286887,0.36046869823345,5,50,10.0,14.142135623730951,80.0,"{""T1036 - Defense Evasion: Masquerading"": 5, ""T1498.001 - Impact: Direct Network Flood"": 5, ""T1498.002 - Impact: Reflection/Amplification Attack"": 5, ""T1571 - Defense Evasion: Non-Standard Port"": 50, ""T1583.005 - Resource Development: Acquire Botnet"": 5, ""T1584.005 - Resource Development: Build/Compromise Botnet"": 5, ""T1590 - Reconnaissance: Gather Victim Network Information"": 5, ""T1595 - Reconnaissance: Active Scanning"": 5, ""TA0011 - Command-and-Control"": 5}",8078090,45
exploration_bonus_c0.25,exploration_bonus_loo_fragility,"{""c"": 0.25}",707,180,135,4.1207502423299925e-05,0.2309724863536208,0.113544663414802,0.22551466590314043,0.3669351443262078,5,50,10.0,20.531818125912658,174.0,"{""T1036 - Defense Evasion: Masquerading"": 5, ""T1498.001 - Impact: Direct Network Flood"": 5, ""T1498.002 - Impact: Reflection/Amplification Attack"": 5, ""T1571 - Defense Evasion: Non-Standard Port"": 50, ""T1583.005 - Resource Development: Acquire Botnet"": 48, ""T1584.005 - Resource Development: Build/Compromise Botnet"": 49, ""T1590 - Reconnaissance: Gather Victim Network Information"": 5, ""T1595 - Reconnaissance: Active Scanning"": 5, ""TA0011 - Command-and-Control"": 8}",8078180,135
exploration_bonus_c0.25,exploration_bonus_loo_fragility,"{""c"": 0.25}",707,360,315,2.925205066802736e-05,0.22997445370320074,0.11035523213533109,0.22520974623299142,0.36470148447688566,5,183,36.6,54.42017599710199,344.0,"{""T1036 - Defense Evasion: Masquerading"": 5, ""T1498.001 - Impact: Direct Network Flood"": 5, ""T1498.002 - Impact: Reflection/Amplification Attack"": 5, ""T1571 - Defense Evasion: Non-Standard Port"": 50, ""T1583.005 - Resource Development: Acquire Botnet"": 183, ""T1584.005 - Resource Development: Build/Compromise Botnet"": 49, ""T1590 - Reconnaissance: Gather Victim Network Information"": 50, ""T1595 - Reconnaissance: Active Scanning"": 5, ""TA0011 - Command-and-Control"": 8}",8078360,315
exploration_bonus_c0.25,exploration_bonus_loo_fragility,"{""c"": 0.25}",707,720,675,3.171472127593937e-05,0.23006856295104194,0.10992215686237805,0.2251391987401859,0.36606040102215204,5,200,40.0,77.64305792821689,634.0,"{""T1036 - Defense Evasion: Masquerading"": 6, ""T1498.001 - Impact: Direct Network Flood"": 158, ""T1498.002 - Impact: Reflection/Amplification Attack"": 5, ""T1571 - Defense Evasion: Non-Standard Port"": 50, ""T1583.005 - Resource Development: Acquire Botnet"": 200, ""T1584.005 - Resource Development: Build/Compromise Botnet"": 49, ""T1590 - Reconnaissance: Gather Victim Network Information"": 199, ""T1595 - Reconnaissance: Active Scanning"": 5, ""TA0011 - Command-and-Control"": 48}",8078720,675
exploration_bonus_c0.25,exploration_bonus_loo_fragility,"{""c"": 0.25}",707,1200,1155,4.504638640374766e-06,0.22643973550157798,0.1069008971111903,0.22145764493923137,0.36118374906254225,5,200,40.0,67.10191254104957,508.0,"{""T1036 - Defense Evasion: Masquerading"": 143, ""T1498.001 - Impact: Direct Network Flood"": 200, ""T1498.002 - Impact: Reflection/Amplification Attack"": 180, ""T1571 - Defense Evasion: Non-Standard Port"": 50, ""T1583.005 - Resource Development: Acquire Botnet"": 200, ""T1584.005 - Resource Development: Build/Compromise Botnet"": 130, ""T1590 - Reconnaissance: Gather Victim Network Information"": 199, ""T1595 - Reconnaissance: Active Scanning"": 5, ""TA0011 - Command-and-Control"": 93}",8079200,1155
exploration_bonus_c0.25,exploration_bonus_loo_fragility,"{""c"": 0.25}",707,1798,1753,0.0,0.22470484448919714,0.10282013170083151,0.21987138712593557,0.3602157968474639,199,200,1.0050251256281406,0.41573970964154905,0.0,"{""T1036 - Defense Evasion: Masquerading"": 200, ""T1498.001 - Impact: Direct Network Flood"": 200, ""T1498.002 - Impact: Reflection/Amplification Attack"": 200, ""T1571 - Defense Evasion: Non-Standard Port"": 200, ""T1583.005 - Resource Development: Acquire Botnet"": 200, ""T1584.005 - Resource Development: Build/Compromise Botnet"": 199, ""T1590 - Reconnaissance: Gather Victim Network Information"": 199, ""T1595 - Reconnaissance: Active Scanning"": 200, ""TA0011 - Command-and-Control"": 200}",8079798,1753
exploration_bonus_c0.5,exploration_bonus_loo_fragility,"{""c"": 0.5}",707,45,0,5.4674219001275806e-05,0.22619738818562604,0.11555407151368915,0.2232357563567069,0.34630779435424336,5,5,1.0,0.0,0.0,"{""T1036 - Defense Evasion: Masquerading"": 5, ""T1498.001 - Impact: Direct Network Flood"": 5, ""T1498.002 - Impact: Reflection/Amplification Attack"": 5, ""T1571 - Defense Evasion: Non-Standard Port"": 5, ""T1583.005 - Resource Development: Acquire Botnet"": 5, ""T1584.005 - Resource Development: Build/Compromise Botnet"": 5, ""T1590 - Reconnaissance: Gather Victim Network Information"": 5, ""T1595 - Reconnaissance: Active Scanning"": 5, ""TA0011 - Command-and-Control"": 5}",8078045,0
exploration_bonus_c0.5,exploration_bonus_loo_fragility,"{""c"": 0.5}",707,90,45,2.5516586669495784e-05,0.22896076746928642,0.11175090251143546,0.22498887357286887,0.36046869823345,5,50,10.0,14.142135623730951,80.0,"{""T1036 - Defense Evasion: Masquerading"": 5, ""T1498.001 - Impact: Direct Network Flood"": 5, ""T1498.002 - Impact: Reflection/Amplification Attack"": 5, ""T1571 - Defense Evasion: Non-Standard Port"": 50, ""T1583.005 - Resource Development: Acquire Botnet"": 5, ""T1584.005 - Resource Development: Build/Compromise Botnet"": 5, ""T1590 - Reconnaissance: Gather Victim Network Information"": 5, ""T1595 - Reconnaissance: Active Scanning"": 5, ""TA0011 - Command-and-Control"": 5}",8078090,45
exploration_bonus_c0.5,exploration_bonus_loo_fragility,"{""c"": 0.5}",707,180,135,1.667564230314413e-05,0.22853480351429034,0.11118951445562002,0.22357912718844702,0.36388210968765655,5,50,10.0,17.4928556845359,144.0,"{""T1036 - Defense Evasion: Masquerading"": 41, ""T1498.001 - Impact: Direct Network Flood"": 5, ""T1498.002 - Impact: Reflection/Amplification Attack"": 5, ""T1571 - Defense Evasion: Non-Standard Port"": 50, ""T1583.005 - Resource Development: Acquire Botnet"": 14, ""T1584.005 - Resource Development: Build/Compromise Botnet"": 41, ""T1590 - Reconnaissance: Gather Victim Network Information"": 5, ""T1595 - Reconnaissance: Active Scanning"": 5, ""TA0011 - Command-and-Control"": 14}",8078180,135
exploration_bonus_c0.5,exploration_bonus_loo_fragility,"{""c"": 0.5}",707,360,315,6.745028531738604e-06,0.22580890276464552,0.10898232918845627,0.22053410095578263,0.3587761884502545,5,110,22.0,35.04283093587046,262.0,"{""T1036 - Defense Evasion: Masquerading"": 80, ""T1498.001 - Impact: Direct Network Flood"": 5, ""T1498.002 - Impact: Reflection/Amplification Attack"": 50, ""T1571 - Defense Evasion: Non-Standard Port"": 50, ""T1583.005 - Resource Development: Acquire Botnet"": 110, ""T1584.005 - Resource Development: Build/Compromise Botnet"": 41, ""T1590 - Reconnaissance: Gather Victim Network Information"": 5, ""T1595 - Reconnaissance: Active Scanning"": 5, ""TA0011 - Command-and-Control"": 14}",8078360,315
exploration_bonus_c0.5,exploration_bonus_loo_fragility,"{""c"": 0.5}",707,720,675,7.567066248676582e-06,0.2268928718611246,0.10776222699727554,0.22204846431623146,0.3609385556755025,5,200,40.0,67.91661554190306,494.0,"{""T1036 - Defense Evasion: Masquerading"": 88, ""T1498.001 - Impact: Direct Network Flood"": 62, ""T1498.002 - Impact: Reflection/Amplification Attack"": 50, ""T1571 - Defense Evasion: Non-Standard Port"": 50, ""T1583.005 - Resource Development: Acquire Botnet"": 200, ""T1584.005 - Resource Development: Build/Compromise Botnet"": 199, ""T1590 - Reconnaissance: Gather Victim Network Information"": 52, ""T1595 - Reconnaissance: Active Scanning"": 5, ""TA0011 - Command-and-Control"": 14}",8078720,675
exploration_bonus_c0.5,exploration_bonus_loo_fragility,"{""c"": 0.5}",707,1200,1155,4.834905257951911e-06,0.2253032648919031,0.10754676802321465,0.220493134130473,0.3578605005415848,14,200,14.285714285714286,66.21513757778084,514.0,"{""T1036 - Defense Evasion: Masquerading"": 133, ""T1498.001 - Impact: Direct Network Flood"": 114, ""T1498.002 - Impact: Reflection/Amplification Attack"": 200, ""T1571 - Defense Evasion: Non-Standard Port"": 95, ""T1583.005 - Resource Development: Acquire Botnet"": 200, ""T1584.005 - Resource Development: Build/Compromise Botnet"": 199, ""T1590 - Reconnaissance: Gather Victim Network Information"": 52, ""T1595 - Reconnaissance: Active Scanning"": 193, ""TA0011 - Command-and-Control"": 14}",8079200,1155
exploration_bonus_c0.5,exploration_bonus_loo_fragility,"{""c"": 0.5}",707,1798,1753,0.0,0.22470484448919714,0.10282013170083151,0.21987138712593557,0.3602157968474639,199,200,1.0050251256281406,0.41573970964154905,0.0,"{""T1036 - Defense Evasion: Masquerading"": 200, ""T1498.001 - Impact: Direct Network Flood"": 200, ""T1498.002 - Impact: Reflection/Amplification Attack"": 200, ""T1571 - Defense Evasion: Non-Standard Port"": 200, ""T1583.005 - Resource Development: Acquire Botnet"": 200, ""T1584.005 - Resource Development: Build/Compromise Botnet"": 199, ""T1590 - Reconnaissance: Gather Victim Network Information"": 199, ""T1595 - Reconnaissance: Active Scanning"": 200, ""TA0011 - Command-and-Control"": 200}",8079798,1753
exploration_bonus_c1.0,exploration_bonus_loo_fragility,"{""c"": 1.0}",707,45,0,5.4674219001275806e-05,0.22619738818562604,0.11555407151368915,0.2232357563567069,0.34630779435424336,5,5,1.0,0.0,0.0,"{""T1036 - Defense Evasion: Masquerading"": 5, ""T1498.001 - Impact: Direct Network Flood"": 5, ""T1498.002 - Impact: Reflection/Amplification Attack"": 5, ""T1571 - Defense Evasion: Non-Standard Port"": 5, ""T1583.005 - Resource Development: Acquire Botnet"": 5, ""T1584.005 - Resource Development: Build/Compromise Botnet"": 5, ""T1590 - Reconnaissance: Gather Victim Network Information"": 5, ""T1595 - Reconnaissance: Active Scanning"": 5, ""TA0011 - Command-and-Control"": 5}",8078045,0
exploration_bonus_c1.0,exploration_bonus_loo_fragility,"{""c"": 1.0}",707,90,45,2.5516586669495784e-05,0.22896076746928642,0.11175090251143546,0.22498887357286887,0.36046869823345,5,50,10.0,14.142135623730951,80.0,"{""T1036 - Defense Evasion: Masquerading"": 5, ""T1498.001 - Impact: Direct Network Flood"": 5, ""T1498.002 - Impact: Reflection/Amplification Attack"": 5, ""T1571 - Defense Evasion: Non-Standard Port"": 50, ""T1583.005 - Resource Development: Acquire Botnet"": 5, ""T1584.005 - Resource Development: Build/Compromise Botnet"": 5, ""T1590 - Reconnaissance: Gather Victim Network Information"": 5, ""T1595 - Reconnaissance: Active Scanning"": 5, ""TA0011 - Command-and-Control"": 5}",8078090,45
exploration_bonus_c1.0,exploration_bonus_loo_fragility,"{""c"": 1.0}",707,180,135,4.259304575526385e-05,0.23067119992963273,0.11651016096020884,0.2252593753250721,0.3620558906387718,5,51,10.2,17.776388834631177,140.0,"{""T1036 - Defense Evasion: Masquerading"": 9, ""T1498.001 - Impact: Direct Network Flood"": 5, ""T1498.002 - Impact: Reflection/Amplification Attack"": 5, ""T1571 - Defense Evasion: Non-Standard Port"": 50, ""T1583.005 - Resource Development: Acquire Botnet"": 15, ""T1584.005 - Resource Development: Build/Compromise Botnet"": 29, ""T1590 - Reconnaissance: Gather Victim Network Information"": 51, ""T1595 - Reconnaissance: Active Scanning"": 5, ""TA0011 - Command-and-Control"": 11}",8078180,135
exploration_bonus_c1.0,exploration_bonus_loo_fragility,"{""c"": 1.0}",707,360,315,7.439376856533409e-06,0.22604610178426993,0.10896675566859888,0.22134761843503936,0.35853453233019256,10,101,10.1,32.173142698703074,252.0,"{""T1036 - Defense Evasion: Masquerading"": 10, ""T1498.001 - Impact: Direct Network Flood"": 10, ""T1498.002 - Impact: Reflection/Amplification Attack"": 101, ""T1571 - Defense Evasion: Non-Standard Port"": 50, ""T1583.005 - Resource Development: Acquire Botnet"": 84, ""T1584.005 - Resource Development: Build/Compromise Botnet"": 29, ""T1590 - Reconnaissance: Gather Victim Network Information"": 51, ""T1595 - Reconnaissance: Active Scanning"": 14, ""TA0011 - Command-and-Control"": 11}",8078360,315
exploration_bonus_c1.0,exploration_bonus_loo_fragility,"{""c"": 1.0}",707,720,675,1.2343725560154033e-06,0.22495299489778744,0.10156336999541457,0.22006449422327476,0.36096218076808817,12,200,16.666666666666668,51.20112845978647,326.0,"{""T1036 - Defense Evasion: Masquerading"": 200, ""T1498.001 - Impact: Direct Network Flood"": 12, ""T1498.002 - Impact: Reflection/Amplification Attack"": 101, ""T1571 - Defense Evasion: Non-Standard Port"": 94, ""T1583.005 - Resource Development: Acquire Botnet"": 84, ""T1584.005 - Resource Development: Build/Compromise Botnet"": 68, ""T1590 - Reconnaissance: Gather Victim Network Information"": 51, ""T1595 - Reconnaissance: Active Scanning"": 84, ""TA0011 - Command-and-Control"": 26}",8078720,675
exploration_bonus_c1.0,exploration_bonus_loo_fragility,"{""c"": 1.0}",707,1200,1155,1.024095811738159e-06,0.22453934021774577,0.10354753020055156,0.21988158907535935,0.35954750078058273,15,200,13.333333333333334,69.13432979031153,530.0,"{""T1036 - Defense Evasion: Masquerading"": 200, ""T1498.001 - Impact: Direct Network Flood"": 15, ""T1498.002 - Impact: Reflection/Amplification Attack"": 101, ""T1571 - Defense Evasion: Non-Standard Port"": 200, ""T1583.005 - Resource Development: Acquire Botnet"": 200, ""T1584.005 - Resource Development: Build/Compromise Botnet"": 125, ""T1590 - Reconnaissance: Gather Victim Network Information"": 126, ""T1595 - Reconnaissance: Active Scanning"": 200, ""TA0011 - Command-and-Control"": 33}",8079200,1155
exploration_bonus_c1.0,exploration_bonus_loo_fragility,"{""c"": 1.0}",707,1798,1753,0.0,0.22470484448919714,0.10282013170083151,0.21987138712593557,0.3602157968474639,199,200,1.0050251256281406,0.41573970964154905,0.0,"{""T1036 - Defense Evasion: Masquerading"": 200, ""T1498.001 - Impact: Direct Network Flood"": 200, ""T1498.002 - Impact: Reflection/Amplification Attack"": 200, ""T1571 - Defense Evasion: Non-Standard Port"": 200, ""T1583.005 - Resource Development: Acquire Botnet"": 200, ""T1584.005 - Resource Development: Build/Compromise Botnet"": 199, ""T1590 - Reconnaissance: Gather Victim Network Information"": 199, ""T1595 - Reconnaissance: Active Scanning"": 200, ""TA0011 - Command-and-Control"": 200}",8079798,1753
uniform_step_balanced,uniform_step_balanced,{},808,45,0,1.6500642142373114e-05,0.22743198878202475,0.10895993253734539,0.22330272950390673,0.3585746003014424,5,5,1.0,0.0,0.0,"{""T1036 - Defense Evasion: Masquerading"": 5, ""T1498.001 - Impact: Direct Network Flood"": 5, ""T1498.002 - Impact: Reflection/Amplification Attack"": 5, ""T1571 - Defense Evasion: Non-Standard Port"": 5, ""T1583.005 - Resource Development: Acquire Botnet"": 5, ""T1584.005 - Resource Development: Build/Compromise Botnet"": 5, ""T1590 - Reconnaissance: Gather Victim Network Information"": 5, ""T1595 - Reconnaissance: Active Scanning"": 5, ""TA0011 - Command-and-Control"": 5}",9088045,0
uniform_step_balanced,uniform_step_balanced,{},808,90,45,1.4754483460421532e-05,0.22713731495807646,0.1006391230531662,0.22279944201249618,0.3662339263529915,10,10,1.0,0.0,0.0,"{""T1036 - Defense Evasion: Masquerading"": 10, ""T1498.001 - Impact: Direct Network Flood"": 10, ""T1498.002 - Impact: Reflection/Amplification Attack"": 10, ""T1571 - Defense Evasion: Non-Standard Port"": 10, ""T1583.005 - Resource Development: Acquire Botnet"": 10, ""T1584.005 - Resource Development: Build/Compromise Botnet"": 10, ""T1590 - Reconnaissance: Gather Victim Network Information"": 10, ""T1595 - Reconnaissance: Active Scanning"": 10, ""TA0011 - Command-and-Control"": 10}",9088090,45
uniform_step_balanced,uniform_step_balanced,{},808,180,135,9.117234552360576e-06,0.22645383792322654,0.1022239129103004,0.221634069690176,0.3637974104695616,20,20,1.0,0.0,0.0,"{""T1036 - Defense Evasion: Masquerading"": 20, ""T1498.001 - Impact: Direct Network Flood"": 20, ""T1498.002 - Impact: Reflection/Amplification Attack"": 20, ""T1571 - Defense Evasion: Non-Standard Port"": 20, ""T1583.005 - Resource Development: Acquire Botnet"": 20, ""T1584.005 - Resource Development: Build/Compromise Botnet"": 20, ""T1590 - Reconnaissance: Gather Victim Network Information"": 20, ""T1595 - Reconnaissance: Active Scanning"": 20, ""TA0011 - Command-and-Control"": 20}",9088180,135
uniform_step_balanced,uniform_step_balanced,{},808,360,315,1.8001339626116197e-05,0.22570663369855898,0.10046975167887046,0.22084181416945903,0.3646166895923172,40,40,1.0,0.0,0.0,"{""T1036 - Defense Evasion: Masquerading"": 40, ""T1498.001 - Impact: Direct Network Flood"": 40, ""T1498.002 - Impact: Reflection/Amplification Attack"": 40, ""T1571 - Defense Evasion: Non-Standard Port"": 40, ""T1583.005 - Resource Development: Acquire Botnet"": 40, ""T1584.005 - Resource Development: Build/Compromise Botnet"": 40, ""T1590 - Reconnaissance: Gather Victim Network Information"": 40, ""T1595 - Reconnaissance: Active Scanning"": 40, ""TA0011 - Command-and-Control"": 40}",9088360,315
uniform_step_balanced,uniform_step_balanced,{},808,720,675,7.611539338847182e-06,0.22583671513977382,0.10069210602975084,0.2212367288104662,0.362654677870154,80,80,1.0,0.0,0.0,"{""T1036 - Defense Evasion: Masquerading"": 80, ""T1498.001 - Impact: Direct Network Flood"": 80, ""T1498.002 - Impact: Reflection/Amplification Attack"": 80, ""T1571 - Defense Evasion: Non-Standard Port"": 80, ""T1583.005 - Resource Development: Acquire Botnet"": 80, ""T1584.005 - Resource Development: Build/Compromise Botnet"": 80, ""T1590 - Reconnaissance: Gather Victim Network Information"": 80, ""T1595 - Reconnaissance: Active Scanning"": 80, ""TA0011 - Command-and-Control"": 80}",9088720,675
uniform_step_balanced,uniform_step_balanced,{},808,1200,1155,3.590303670925098e-06,0.2261687515112615,0.1020438643443349,0.22173485421116956,0.3620300930105457,133,134,1.0075187969924813,0.4714045207910317,0.0,"{""T1036 - Defense Evasion: Masquerading"": 134, ""T1498.001 - Impact: Direct Network Flood"": 133, ""T1498.002 - Impact: Reflection/Amplification Attack"": 133, ""T1571 - Defense Evasion: Non-Standard Port"": 133, ""T1583.005 - Resource Development: Acquire Botnet"": 134, ""T1584.005 - Resource Development: Build/Compromise Botnet"": 133, ""T1590 - Reconnaissance: Gather Victim Network Information"": 133, ""T1595 - Reconnaissance: Active Scanning"": 133, ""TA0011 - Command-and-Control"": 134}",9089200,1155
uniform_step_balanced,uniform_step_balanced,{},808,1798,1753,0.0,0.22470484448919714,0.10282013170083151,0.21987138712593557,0.3602157968474639,199,200,1.0050251256281406,0.41573970964154905,0.0,"{""T1036 - Defense Evasion: Masquerading"": 200, ""T1498.001 - Impact: Direct Network Flood"": 200, ""T1498.002 - Impact: Reflection/Amplification Attack"": 200, ""T1571 - Defense Evasion: Non-Standard Port"": 200, ""T1583.005 - Resource Development: Acquire Botnet"": 200, ""T1584.005 - Resource Development: Build/Compromise Botnet"": 199, ""T1590 - Reconnaissance: Gather Victim Network Information"": 199, ""T1595 - Reconnaissance: Active Scanning"": 200, ""TA0011 - Command-and-Control"": 200}",9089798,1753
greedy_loo_fragility,greedy_loo_fragility,{},808,45,0,1.6500642142373114e-05,0.22743198878202475,0.10895993253734539,0.22330272950390673,0.3585746003014424,5,5,1.0,0.0,0.0,"{""T1036 - Defense Evasion: Masquerading"": 5, ""T1498.001 - Impact: Direct Network Flood"": 5, ""T1498.002 - Impact: Reflection/Amplification Attack"": 5, ""T1571 - Defense Evasion: Non-Standard Port"": 5, ""T1583.005 - Resource Development: Acquire Botnet"": 5, ""T1584.005 - Resource Development: Build/Compromise Botnet"": 5, ""T1590 - Reconnaissance: Gather Victim Network Information"": 5, ""T1595 - Reconnaissance: Active Scanning"": 5, ""TA0011 - Command-and-Control"": 5}",9088045,0
greedy_loo_fragility,greedy_loo_fragility,{},808,90,45,2.942522110398418e-05,0.22977563123381448,0.11052811725771859,0.22416245399490398,0.3691965732590879,5,50,10.0,14.142135623730951,80.0,"{""T1036 - Defense Evasion: Masquerading"": 5, ""T1498.001 - Impact: Direct Network Flood"": 5, ""T1498.002 - Impact: Reflection/Amplification Attack"": 5, ""T1571 - Defense Evasion: Non-Standard Port"": 50, ""T1583.005 - Resource Development: Acquire Botnet"": 5, ""T1584.005 - Resource Development: Build/Compromise Botnet"": 5, ""T1590 - Reconnaissance: Gather Victim Network Information"": 5, ""T1595 - Reconnaissance: Active Scanning"": 5, ""TA0011 - Command-and-Control"": 5}",9088090,45
greedy_loo_fragility,greedy_loo_fragility,{},808,180,135,1.5370480921045107e-05,0.22817935554013352,0.10749463447720656,0.22245717826247924,0.3677053011125279,5,50,10.0,21.213203435596427,180.0,"{""T1036 - Defense Evasion: Masquerading"": 5, ""T1498.001 - Impact: Direct Network Flood"": 5, ""T1498.002 - Impact: Reflection/Amplification Attack"": 5, ""T1571 - Defense Evasion: Non-Standard Port"": 50, ""T1583.005 - Resource Development: Acquire Botnet"": 5, ""T1584.005 - Resource Development: Build/Compromise Botnet"": 5, ""T1590 - Reconnaissance: Gather Victim Network Information"": 50, ""T1595 - Reconnaissance: Active Scanning"": 5, ""TA0011 - Command-and-Control"": 50}",9088180,135
greedy_loo_fragility,greedy_loo_fragility,{},808,360,315,1.3725517668293084e-05,0.22721289503512085,0.10791734769459074,0.2225343874362227,0.3632617693762715,5,199,39.8,61.834905640386935,420.0,"{""T1036 - Defense Evasion: Masquerading"": 5, ""T1498.001 - Impact: Direct Network Flood"": 5, ""T1498.002 - Impact: Reflection/Amplification Attack"": 5, ""T1571 - Defense Evasion: Non-Standard Port"": 81, ""T1583.005 - Resource Development: Acquire Botnet"": 5, ""T1584.005 - Resource Development: Build/Compromise Botnet"": 5, ""T1590 - Reconnaissance: Gather Victim Network Information"": 199, ""T1595 - Reconnaissance: Active Scanning"": 5, ""TA0011 - Command-and-Control"": 50}",9088360,315
greedy_loo_fragility,greedy_loo_fragility,{},808,720,675,9.409885097734858e-06,0.2272889114164216,0.10976958197456219,0.2218947130233574,0.3613375119280356,5,199,39.8,70.66509432213019,570.0,"{""T1036 - Defense Evasion: Masquerading"": 5, ""T1498.001 - Impact: Direct Network Flood"": 5, ""T1498.002 - Impact: Reflection/Amplification Attack"": 5, ""T1571 - Defense Evasion: Non-Standard Port"": 171, ""T1583.005 - Resource Development: Acquire Botnet"": 140, ""T1584.005 - Resource Development: Build/Compromise Botnet"": 50, ""T1590 - Reconnaissance: Gather Victim Network Information"": 199, ""T1595 - Reconnaissance: Active Scanning"": 50, ""TA0011 - Command-and-Control"": 95}",9088720,675
greedy_loo_fragility,greedy_loo_fragility,{},808,1200,1155,2.4863026485265073e-06,0.22550029826110432,0.10285248905222545,0.22076628138199028,0.36062643119205856,50,200,4.0,60.849541219853634,526.0,"{""T1036 - Defense Evasion: Masquerading"": 66, ""T1498.001 - Impact: Direct Network Flood"": 50, ""T1498.002 - Impact: Reflection/Amplification Attack"": 95, ""T1571 - Defense Evasion: Non-Standard Port"": 200, ""T1583.005 - Resource Development: Acquire Botnet"": 200, ""T1584.005 - Resource Development: Build/Compromise Botnet"": 199, ""T1590 - Reconnaissance: Gather Victim Network Information"": 199, ""T1595 - Reconnaissance: Active Scanning"": 96, ""TA0011 - Command-and-Control"": 95}",9089200,1155
greedy_loo_fragility,greedy_loo_fragility,{},808,1798,1753,0.0,0.22470484448919714,0.10282013170083151,0.21987138712593557,0.3602157968474639,199,200,1.0050251256281406,0.41573970964154905,0.0,"{""T1036 - Defense Evasion: Masquerading"": 200, ""T1498.001 - Impact: Direct Network Flood"": 200, ""T1498.002 - Impact: Reflection/Amplification Attack"": 200, ""T1571 - Defense Evasion: Non-Standard Port"": 200, ""T1583.005 - Resource Development: Acquire Botnet"": 200, ""T1584.005 - Resource Development: Build/Compromise Botnet"": 199, ""T1590 - Reconnaissance: Gather Victim Network Information"": 199, ""T1595 - Reconnaissance: Active Scanning"": 200, ""TA0011 - Command-and-Control"": 200}",9089798,1753
epsilon_greedy_eps0.2,epsilon_greedy_loo_fragility,"{""epsilon"": 0.2}",808,45,0,1.6500642142373114e-05,0.22743198878202475,0.10895993253734539,0.22330272950390673,0.3585746003014424,5,5,1.0,0.0,0.0,"{""T1036 - Defense Evasion: Masquerading"": 5, ""T1498.001 - Impact: Direct Network Flood"": 5, ""T1498.002 - Impact: Reflection/Amplification Attack"": 5, ""T1571 - Defense Evasion: Non-Standard Port"": 5, ""T1583.005 - Resource Development: Acquire Botnet"": 5, ""T1584.005 - Resource Development: Build/Compromise Botnet"": 5, ""T1590 - Reconnaissance: Gather Victim Network Information"": 5, ""T1595 - Reconnaissance: Active Scanning"": 5, ""TA0011 - Command-and-Control"": 5}",9088045,0
epsilon_greedy_eps0.2,epsilon_greedy_loo_fragility,"{""epsilon"": 0.2}",808,90,45,1.1265370291835177e-05,0.22655890649808288,0.10145129100123974,0.22178057907431098,0.3690455077970906,6,36,6.0,9.201449161228174,52.0,"{""T1036 - Defense Evasion: Masquerading"": 7, ""T1498.001 - Impact: Direct Network Flood"": 7, ""T1498.002 - Impact: Reflection/Amplification Attack"": 7, ""T1571 - Defense Evasion: Non-Standard Port"": 36, ""T1583.005 - Resource Development: Acquire Botnet"": 6, ""T1584.005 - Resource Development: Build/Compromise Botnet"": 6, ""T1590 - Reconnaissance: Gather Victim Network Information"": 7, ""T1595 - Reconnaissance: Active Scanning"": 7, ""TA0011 - Command-and-Control"": 7}",9088090,45
epsilon_greedy_eps0.2,epsilon_greedy_loo_fragility,"{""epsilon"": 0.2}",808,180,135,2.364641657011108e-05,0.22702886264125327,0.09874351230774701,0.2216318693627155,0.3719038418021334,9,46,5.111111111111111,15.275252316519467,128.0,"{""T1036 - Defense Evasion: Masquerading"": 9, ""T1498.001 - Impact: Direct Network Flood"": 9, ""T1498.002 - Impact: Reflection/Amplification Attack"": 9, ""T1571 - Defense Evasion: Non-Standard Port"": 36, ""T1583.005 - Resource Development: Acquire Botnet"": 9, ""T1584.005 - Resource Development: Build/Compromise Botnet"": 10, ""T1590 - Reconnaissance: Gather Victim Network Information"": 42, ""T1595 - Reconnaissance: Active Scanning"": 10, ""TA0011 - Command-and-Control"": 46}",9088180,135
epsilon_greedy_eps0.2,epsilon_greedy_loo_fragility,"{""epsilon"": 0.2}",808,360,315,2.4275600385880315e-05,0.22615701279324948,0.09721817448447569,0.22088107905809812,0.37166526541677286,18,87,4.833333333333333,20.477630071210225,138.0,"{""T1036 - Defense Evasion: Masquerading"": 87, ""T1498.001 - Impact: Direct Network Flood"": 18, ""T1498.002 - Impact: Reflection/Amplification Attack"": 46, ""T1571 - Defense Evasion: Non-Standard Port"": 36, ""T1583.005 - Resource Development: Acquire Botnet"": 48, ""T1584.005 - Resource Development: Build/Compromise Botnet"": 19, ""T1590 - Reconnaissance: Gather Victim Network Information"": 42, ""T1595 - Reconnaissance: Active Scanning"": 18, ""TA0011 - Command-and-Control"": 46}",9088360,315
epsilon_greedy_eps0.2,epsilon_greedy_loo_fragility,"{""epsilon"": 0.2}",808,720,675,2.2546094240399844e-05,0.22588351173744053,0.09949615881532357,0.21963180532837834,0.37203730793281703,41,200,4.878048780487805,52.797306328595546,380.0,"{""T1036 - Defense Evasion: Masquerading"": 87, ""T1498.001 - Impact: Direct Network Flood"": 42, ""T1498.002 - Impact: Reflection/Amplification Attack"": 200, ""T1571 - Defense Evasion: Non-Standard Port"": 42, ""T1583.005 - Resource Development: Acquire Botnet"": 48, ""T1584.005 - Resource Development: Build/Compromise Botnet"": 41, ""T1590 - Reconnaissance: Gather Victim Network Information"": 143, ""T1595 - Reconnaissance: Active Scanning"": 71, ""TA0011 - Command-and-Control"": 46}",9088720,675
epsilon_greedy_eps0.2,epsilon_greedy_loo_fragility,"{""epsilon"": 0.2}",808,1200,1155,2.4641682510841597e-06,0.22513779732971542,0.10181576867108853,0.22112710562642107,0.3575209789130375,82,200,2.4390243902439024,39.75759885439093,310.0,"{""T1036 - Defense Evasion: Masquerading"": 165, ""T1498.001 - Impact: Direct Network Flood"": 128, ""T1498.002 - Impact: Reflection/Amplification Attack"": 200, ""T1571 - Defense Evasion: Non-Standard Port"": 114, ""T1583.005 - Resource Development: Acquire Botnet"": 146, ""T1584.005 - Resource Development: Build/Compromise Botnet"": 82, ""T1590 - Reconnaissance: Gather Victim Network Information"": 179, ""T1595 - Reconnaissance: Active Scanning"": 104, ""TA0011 - Command-and-Control"": 82}",9089200,1155
epsilon_greedy_eps0.2,epsilon_greedy_loo_fragility,"{""epsilon"": 0.2}",808,1798,1753,0.0,0.22470484448919714,0.10282013170083151,0.21987138712593557,0.3602157968474639,199,200,1.0050251256281406,0.41573970964154905,0.0,"{""T1036 - Defense Evasion: Masquerading"": 200, ""T1498.001 - Impact: Direct Network Flood"": 200, ""T1498.002 - Impact: Reflection/Amplification Attack"": 200, ""T1571 - Defense Evasion: Non-Standard Port"": 200, ""T1583.005 - Resource Development: Acquire Botnet"": 200, ""T1584.005 - Resource Development: Build/Compromise Botnet"": 199, ""T1590 - Reconnaissance: Gather Victim Network Information"": 199, ""T1595 - Reconnaissance: Active Scanning"": 200, ""TA0011 - Command-and-Control"": 200}",9089798,1753
exploration_bonus_c0.25,exploration_bonus_loo_fragility,"{""c"": 0.25}",808,45,0,1.6500642142373114e-05,0.22743198878202475,0.10895993253734539,0.22330272950390673,0.3585746003014424,5,5,1.0,0.0,0.0,"{""T1036 - Defense Evasion: Masquerading"": 5, ""T1498.001 - Impact: Direct Network Flood"": 5, ""T1498.002 - Impact: Reflection/Amplification Attack"": 5, ""T1571 - Defense Evasion: Non-Standard Port"": 5, ""T1583.005 - Resource Development: Acquire Botnet"": 5, ""T1584.005 - Resource Development: Build/Compromise Botnet"": 5, ""T1590 - Reconnaissance: Gather Victim Network Information"": 5, ""T1595 - Reconnaissance: Active Scanning"": 5, ""TA0011 - Command-and-Control"": 5}",9088045,0
exploration_bonus_c0.25,exploration_bonus_loo_fragility,"{""c"": 0.25}",808,90,45,2.942522110398418e-05,0.22977563123381448,0.11052811725771859,0.22416245399490398,0.3691965732590879,5,50,10.0,14.142135623730951,80.0,"{""T1036 - Defense Evasion: Masquerading"": 5, ""T1498.001 - Impact: Direct Network Flood"": 5, ""T1498.002 - Impact: Reflection/Amplification Attack"": 5, ""T1571 - Defense Evasion: Non-Standard Port"": 50, ""T1583.005 - Resource Development: Acquire Botnet"": 5, ""T1584.005 - Resource Development: Build/Compromise Botnet"": 5, ""T1590 - Reconnaissance: Gather Victim Network Information"": 5, ""T1595 - Reconnaissance: Active Scanning"": 5, ""TA0011 - Command-and-Control"": 5}",9088090,45
exploration_bonus_c0.25,exploration_bonus_loo_fragility,"{""c"": 0.25}",808,180,135,1.5370480921045107e-05,0.22817935554013352,0.10749463447720656,0.22245717826247924,0.3677053011125279,5,50,10.0,21.213203435596427,180.0,"{""T1036 - Defense Evasion: Masquerading"": 5, ""T1498.001 - Impact: Direct Network Flood"": 5, ""T1498.002 - Impact: Reflection/Amplification Attack"": 5, ""T1571 - Defense Evasion: Non-Standard Port"": 50, ""T1583.005 - Resource Development: Acquire Botnet"": 5, ""T1584.005 - Resource Development: Build/Compromise Botnet"": 5, ""T1590 - Reconnaissance: Gather Victim Network Information"": 50, ""T1595 - Reconnaissance: Active Scanning"": 5, ""TA0011 - Command-and-Control"": 50}",9088180,135
exploration_bonus_c0.25,exploration_bonus_loo_fragility,"{""c"": 0.25}",808,360,315,1.3725517668293084e-05,0.22721289503512085,0.10791734769459074,0.2225343874362227,0.3632617693762715,5,199,39.8,61.834905640386935,420.0,"{""T1036 - Defense Evasion: Masquerading"": 5, ""T1498.001 - Impact: Direct Network Flood"": 5, ""T1498.002 - Impact: Reflection/Amplification Attack"": 5, ""T1571 - Defense Evasion: Non-Standard Port"": 81, ""T1583.005 - Resource Development: Acquire Botnet"": 5, ""T1584.005 - Resource Development: Build/Compromise Botnet"": 5, ""T1590 - Reconnaissance: Gather Victim Network Information"": 199, ""T1595 - Reconnaissance: Active Scanning"": 5, ""TA0011 - Command-and-Control"": 50}",9088360,315
exploration_bonus_c0.25,exploration_bonus_loo_fragility,"{""c"": 0.25}",808,720,675,9.45190400039417e-06,0.22693659212232786,0.10904923213111223,0.22189592554801624,0.36249926633711493,5,199,39.8,68.00163396729687,542.0,"{""T1036 - Defense Evasion: Masquerading"": 5, ""T1498.001 - Impact: Direct Network Flood"": 50, ""T1498.002 - Impact: Reflection/Amplification Attack"": 5, ""T1571 - Defense Evasion: Non-Standard Port"": 171, ""T1583.005 - Resource Development: Acquire Botnet"": 66, ""T1584.005 - Resource Development: Build/Compromise Botnet"": 33, ""T1590 - Reconnaissance: Gather Victim Network Information"": 199, ""T1595 - Reconnaissance: Active Scanning"": 141, ""TA0011 - Command-and-Control"": 50}",9088720,675
exploration_bonus_c0.25,exploration_bonus_loo_fragility,"{""c"": 0.25}",808,1200,1155,4.222521098759262e-06,0.22520519901958577,0.10274913727487384,0.22060579078381606,0.3613728754600171,33,200,6.0606060606060606,54.8918127876199,426.0,"{""T1036 - Defense Evasion: Masquerading"": 114, ""T1498.001 - Impact: Direct Network Flood"": 91, ""T1498.002 - Impact: Reflection/Amplification Attack"": 133, ""T1571 - Defense Evasion: Non-Standard Port"": 200, ""T1583.005 - Resource Development: Acquire Botnet"": 174, ""T1584.005 - Resource Development: Build/Compromise Botnet"": 33, ""T1590 - Reconnaissance: Gather Victim Network Information"": 199, ""T1595 - Reconnaissance: Active Scanning"": 175, ""TA0011 - Command-and-Control"": 81}",9089200,1155
exploration_bonus_c0.25,exploration_bonus_loo_fragility,"{""c"": 0.25}",808,1798,1753,0.0,0.22470484448919714,0.10282013170083151,0.21987138712593557,0.3602157968474639,199,200,1.0050251256281406,0.41573970964154905,0.0,"{""T1036 - Defense Evasion: Masquerading"": 200, ""T1498.001 - Impact: Direct Network Flood"": 200, ""T1498.002 - Impact: Reflection/Amplification Attack"": 200, ""T1571 - Defense Evasion: Non-Standard Port"": 200, ""T1583.005 - Resource Development: Acquire Botnet"": 200, ""T1584.005 - Resource Development: Build/Compromise Botnet"": 199, ""T1590 - Reconnaissance: Gather Victim Network Information"": 199, ""T1595 - Reconnaissance: Active Scanning"": 200, ""TA0011 - Command-and-Control"": 200}",9089798,1753
exploration_bonus_c0.5,exploration_bonus_loo_fragility,"{""c"": 0.5}",808,45,0,1.6500642142373114e-05,0.22743198878202475,0.10895993253734539,0.22330272950390673,0.3585746003014424,5,5,1.0,0.0,0.0,"{""T1036 - Defense Evasion: Masquerading"": 5, ""T1498.001 - Impact: Direct Network Flood"": 5, ""T1498.002 - Impact: Reflection/Amplification Attack"": 5, ""T1571 - Defense Evasion: Non-Standard Port"": 5, ""T1583.005 - Resource Development: Acquire Botnet"": 5, ""T1584.005 - Resource Development: Build/Compromise Botnet"": 5, ""T1590 - Reconnaissance: Gather Victim Network Information"": 5, ""T1595 - Reconnaissance: Active Scanning"": 5, ""TA0011 - Command-and-Control"": 5}",9088045,0
exploration_bonus_c0.5,exploration_bonus_loo_fragility,"{""c"": 0.5}",808,90,45,2.942522110398418e-05,0.22977563123381448,0.11052811725771859,0.22416245399490398,0.3691965732590879,5,50,10.0,14.142135623730951,80.0,"{""T1036 - Defense Evasion: Masquerading"": 5, ""T1498.001 - Impact: Direct Network Flood"": 5, ""T1498.002 - Impact: Reflection/Amplification Attack"": 5, ""T1571 - Defense Evasion: Non-Standard Port"": 50, ""T1583.005 - Resource Development: Acquire Botnet"": 5, ""T1584.005 - Resource Development: Build/Compromise Botnet"": 5, ""T1590 - Reconnaissance: Gather Victim Network Information"": 5, ""T1595 - Reconnaissance: Active Scanning"": 5, ""TA0011 - Command-and-Control"": 5}",9088090,45
exploration_bonus_c0.5,exploration_bonus_loo_fragility,"{""c"": 0.5}",808,180,135,1.4106483892161377e-05,0.22806502658403233,0.10683839248841127,0.22280465171119468,0.36554293058087356,5,56,11.2,21.400934559032695,180.0,"{""T1036 - Defense Evasion: Masquerading"": 5, ""T1498.001 - Impact: Direct Network Flood"": 5, ""T1498.002 - Impact: Reflection/Amplification Attack"": 5, ""T1571 - Defense Evasion: Non-Standard Port"": 50, ""T1583.005 - Resource Development: Acquire Botnet"": 5, ""T1584.005 - Resource Development: Build/Compromise Botnet"": 5, ""T1590 - Reconnaissance: Gather Victim Network Information"": 56, ""T1595 - Reconnaissance: Active Scanning"": 5, ""TA0011 - Command-and-Control"": 44}",9088180,135
exploration_bonus_c0.5,exploration_bonus_loo_fragility,"{""c"": 0.5}",808,360,315,1.2554088824050165e-06,0.22529011084685166,0.10471436304503506,0.21994164512476427,0.3632511350251188,5,76,15.2,27.21927421679147,214.0,"{""T1036 - Defense Evasion: Masquerading"": 5, ""T1498.001 - Impact: Direct Network Flood"": 62, ""T1498.002 - Impact: Reflection/Amplification Attack"": 53, ""T1571 - Defense Evasion: Non-Standard Port"": 72, ""T1583.005 - Resource Development: Acquire Botnet"": 5, ""T1584.005 - Resource Development: Build/Compromise Botnet"": 38, ""T1590 - Reconnaissance: Gather Victim Network Information"": 76, ""T1595 - Reconnaissance: Active Scanning"": 5, ""TA0011 - Command-and-Control"": 44}",9088360,315
exploration_bonus_c0.5,exploration_bonus_loo_fragility,"{""c"": 0.5}",808,720,675,4.359313810649891e-06,0.2252889650089025,0.10315326700515007,0.2201781689889785,0.3631064223867957,5,165,33.0,50.870205206759074,378.0,"{""T1036 - Defense Evasion: Masquerading"": 50, ""T1498.001 - Impact: Direct Network Flood"": 159, ""T1498.002 - Impact: Reflection/Amplification Attack"": 105, ""T1571 - Defense Evasion: Non-Standard Port"": 72, ""T1583.005 - Resource Development: Acquire Botnet"": 43, ""T1584.005 - Resource Development: Build/Compromise Botnet"": 165, ""T1590 - Reconnaissance: Gather Victim Network Information"": 76, ""T1595 - Reconnaissance: Active Scanning"": 5, ""TA0011 - Command-and-Control"": 45}",9088720,675
exploration_bonus_c0.5,exploration_bonus_loo_fragility,"{""c"": 0.5}",808,1200,1155,4.522352733049775e-06,0.22586176181600212,0.10259078567383177,0.22074718142743682,0.36325474205377356,6,200,33.333333333333336,70.52659073002182,568.0,"{""T1036 - Defense Evasion: Masquerading"": 200, ""T1498.001 - Impact: Direct Network Flood"": 200, ""T1498.002 - Impact: Reflection/Amplification Attack"": 154, ""T1571 - Defense Evasion: Non-Standard Port"": 72, ""T1583.005 - Resource Development: Acquire Botnet"": 118, ""T1584.005 - Resource Development: Build/Compromise Botnet"": 199, ""T1590 - Reconnaissance: Gather Victim Network Information"": 199, ""T1595 - Reconnaissance: Active Scanning"": 6, ""TA0011 - Command-and-Control"": 52}",9089200,1155
exploration_bonus_c0.5,exploration_bonus_loo_fragility,"{""c"": 0.5}",808,1798,1753,0.0,0.22470484448919714,0.10282013170083151,0.21987138712593557,0.3602157968474639,199,200,1.0050251256281406,0.41573970964154905,0.0,"{""T1036 - Defense Evasion: Masquerading"": 200, ""T1498.001 - Impact: Direct Network Flood"": 200, ""T1498.002 - Impact: Reflection/Amplification Attack"": 200, ""T1571 - Defense Evasion: Non-Standard Port"": 200, ""T1583.005 - Resource Development: Acquire Botnet"": 200, ""T1584.005 - Resource Development: Build/Compromise Botnet"": 199, ""T1590 - Reconnaissance: Gather Victim Network Information"": 199, ""T1595 - Reconnaissance: Active Scanning"": 200, ""TA0011 - Command-and-Control"": 200}",9089798,1753
exploration_bonus_c1.0,exploration_bonus_loo_fragility,"{""c"": 1.0}",808,45,0,1.6500642142373114e-05,0.22743198878202475,0.10895993253734539,0.22330272950390673,0.3585746003014424,5,5,1.0,0.0,0.0,"{""T1036 - Defense Evasion: Masquerading"": 5, ""T1498.001 - Impact: Direct Network Flood"": 5, ""T1498.002 - Impact: Reflection/Amplification Attack"": 5, ""T1571 - Defense Evasion: Non-Standard Port"": 5, ""T1583.005 - Resource Development: Acquire Botnet"": 5, ""T1584.005 - Resource Development: Build/Compromise Botnet"": 5, ""T1590 - Reconnaissance: Gather Victim Network Information"": 5, ""T1595 - Reconnaissance: Active Scanning"": 5, ""TA0011 - Command-and-Control"": 5}",9088045,0
exploration_bonus_c1.0,exploration_bonus_loo_fragility,"{""c"": 1.0}",808,90,45,2.942522110398418e-05,0.22977563123381448,0.11052811725771859,0.22416245399490398,0.3691965732590879,5,50,10.0,14.142135623730951,80.0,"{""T1036 - Defense Evasion: Masquerading"": 5, ""T1498.001 - Impact: Direct Network Flood"": 5, ""T1498.002 - Impact: Reflection/Amplification Attack"": 5, ""T1571 - Defense Evasion: Non-Standard Port"": 50, ""T1583.005 - Resource Development: Acquire Botnet"": 5, ""T1584.005 - Resource Development: Build/Compromise Botnet"": 5, ""T1590 - Reconnaissance: Gather Victim Network Information"": 5, ""T1595 - Reconnaissance: Active Scanning"": 5, ""TA0011 - Command-and-Control"": 5}",9088090,45
exploration_bonus_c1.0,exploration_bonus_loo_fragility,"{""c"": 1.0}",808,180,135,1.6641994726122868e-05,0.2281942544076433,0.10858698852118723,0.222737612160463,0.36573474320344984,5,62,12.4,21.791945504908206,178.0,"{""T1036 - Defense Evasion: Masquerading"": 5, ""T1498.001 - Impact: Direct Network Flood"": 5, ""T1498.002 - Impact: Reflection/Amplification Attack"": 5, ""T1571 - Defense Evasion: Non-Standard Port"": 50, ""T1583.005 - Resource Development: Acquire Botnet"": 6, ""T1584.005 - Resource Development: Build/Compromise Botnet"": 5, ""T1590 - Reconnaissance: Gather Victim Network Information"": 62, ""T1595 - Reconnaissance: Active Scanning"": 5, ""TA0011 - Command-and-Control"": 37}",9088180,135
exploration_bonus_c1.0,exploration_bonus_loo_fragility,"{""c"": 1.0}",808,360,315,8.32490422681851e-06,0.22720270468865356,0.10803351765250607,0.22253430493032164,0.36130285784489685,5,199,39.8,61.411182477895125,406.0,"{""T1036 - Defense Evasion: Masquerading"": 5, ""T1498.001 - Impact: Direct Network Flood"": 5, ""T1498.002 - Impact: Reflection/Amplification Attack"": 6, ""T1571 - Defense Evasion: Non-Standard Port"": 84, ""T1583.005 - Resource Development: Acquire Botnet"": 6, ""T1584.005 - Resource Development: Build/Compromise Botnet"": 5, ""T1590 - Reconnaissance: Gather Victim Network Information"": 199, ""T1595 - Reconnaissance: Active Scanning"": 13, ""TA0011 - Command-and-Control"": 37}",9088360,315
exploration_bonus_c1.0,exploration_bonus_loo_fragility,"{""c"": 1.0}",808,720,675,2.1976274683898232e-06,0.22587350306409795,0.10538080634376945,0.22121262542552345,0.3614810504728036,6,199,33.166666666666664,57.00487308604025,410.0,"{""T1036 - Defense Evasion: Masquerading"": 74, ""T1498.001 - Impact: Direct Network Flood"": 50, ""T1498.002 - Impact: Reflection/Amplification Attack"": 6, ""T1571 - Defense Evasion: Non-Standard Port"": 138, ""T1583.005 - Resource Development: Acquire Botnet"": 50, ""T1584.005 - Resource Development: Build/Compromise Botnet"": 20, ""T1590 - Reconnaissance: Gather Victim Network Information"": 199, ""T1595 - Reconnaissance: Active Scanning"": 75, ""TA0011 - Command-and-Control"": 108}",9088720,675
exploration_bonus_c1.0,exploration_bonus_loo_fragility,"{""c"": 1.0}",808,1200,1155,2.466991312821826e-06,0.22567109392734078,0.1026938932026401,0.2216378890812783,0.3617759054484235,37,200,5.405405405405405,59.70482950873126,482.0,"{""T1036 - Defense Evasion: Masquerading"": 200, ""T1498.001 - Impact: Direct Network Flood"": 82, ""T1498.002 - Impact: Reflection/Amplification Attack"": 64, ""T1571 - Defense Evasion: Non-Standard Port"": 138, ""T1583.005 - Resource Development: Acquire Botnet"": 200, ""T1584.005 - Resource Development: Build/Compromise Botnet"": 37, ""T1590 - Reconnaissance: Gather Victim Network Information"": 199, ""T1595 - Reconnaissance: Active Scanning"": 172, ""TA0011 - Command-and-Control"": 108}",9089200,1155
exploration_bonus_c1.0,exploration_bonus_loo_fragility,"{""c"": 1.0}",808,1798,1753,0.0,0.22470484448919714,0.10282013170083151,0.21987138712593557,0.3602157968474639,199,200,1.0050251256281406,0.41573970964154905,0.0,"{""T1036 - Defense Evasion: Masquerading"": 200, ""T1498.001 - Impact: Direct Network Flood"": 200, ""T1498.002 - Impact: Reflection/Amplification Attack"": 200, ""T1571 - Defense Evasion: Non-Standard Port"": 200, ""T1583.005 - Resource Development: Acquire Botnet"": 200, ""T1584.005 - Resource Development: Build/Compromise Botnet"": 199, ""T1590 - Reconnaissance: Gather Victim Network Information"": 199, ""T1595 - Reconnaissance: Active Scanning"": 200, ""TA0011 - Command-and-Control"": 200}",9089798,1753
uniform_step_balanced,uniform_step_balanced,{},909,45,0,2.5361642045548363e-05,0.22813037244985934,0.11659910877905756,0.2217788828094046,0.36057187400650775,5,5,1.0,0.0,0.0,"{""T1036 - Defense Evasion: Masquerading"": 5, ""T1498.001 - Impact: Direct Network Flood"": 5, ""T1498.002 - Impact: Reflection/Amplification Attack"": 5, ""T1571 - Defense Evasion: Non-Standard Port"": 5, ""T1583.005 - Resource Development: Acquire Botnet"": 5, ""T1584.005 - Resource Development: Build/Compromise Botnet"": 5, ""T1590 - Reconnaissance: Gather Victim Network Information"": 5, ""T1595 - Reconnaissance: Active Scanning"": 5, ""TA0011 - Command-and-Control"": 5}",10098045,0
uniform_step_balanced,uniform_step_balanced,{},909,90,45,1.297541174885011e-05,0.2234504052411804,0.1078553887265576,0.2173191110330101,0.3569912882292247,10,10,1.0,0.0,0.0,"{""T1036 - Defense Evasion: Masquerading"": 10, ""T1498.001 - Impact: Direct Network Flood"": 10, ""T1498.002 - Impact: Reflection/Amplification Attack"": 10, ""T1571 - Defense Evasion: Non-Standard Port"": 10, ""T1583.005 - Resource Development: Acquire Botnet"": 10, ""T1584.005 - Resource Development: Build/Compromise Botnet"": 10, ""T1590 - Reconnaissance: Gather Victim Network Information"": 10, ""T1595 - Reconnaissance: Active Scanning"": 10, ""TA0011 - Command-and-Control"": 10}",10098090,45
uniform_step_balanced,uniform_step_balanced,{},909,180,135,1.8748235835216858e-05,0.22252912688200976,0.10126619267797003,0.21652992585992817,0.3678633159479301,20,20,1.0,0.0,0.0,"{""T1036 - Defense Evasion: Masquerading"": 20, ""T1498.001 - Impact: Direct Network Flood"": 20, ""T1498.002 - Impact: Reflection/Amplification Attack"": 20, ""T1571 - Defense Evasion: Non-Standard Port"": 20, ""T1583.005 - Resource Development: Acquire Botnet"": 20, ""T1584.005 - Resource Development: Build/Compromise Botnet"": 20, ""T1590 - Reconnaissance: Gather Victim Network Information"": 20, ""T1595 - Reconnaissance: Active Scanning"": 20, ""TA0011 - Command-and-Control"": 20}",10098180,135
uniform_step_balanced,uniform_step_balanced,{},909,360,315,3.99806415739245e-06,0.22363079541422348,0.10235757560150678,0.21873853620106587,0.3600694698621183,40,40,1.0,0.0,0.0,"{""T1036 - Defense Evasion: Masquerading"": 40, ""T1498.001 - Impact: Direct Network Flood"": 40, ""T1498.002 - Impact: Reflection/Amplification Attack"": 40, ""T1571 - Defense Evasion: Non-Standard Port"": 40, ""T1583.005 - Resource Development: Acquire Botnet"": 40, ""T1584.005 - Resource Development: Build/Compromise Botnet"": 40, ""T1590 - Reconnaissance: Gather Victim Network Information"": 40, ""T1595 - Reconnaissance: Active Scanning"": 40, ""TA0011 - Command-and-Control"": 40}",10098360,315
uniform_step_balanced,uniform_step_balanced,{},909,720,675,3.4720527939271414e-06,0.2233376384617517,0.10274771727894193,0.21786996377462753,0.3610875290626385,80,80,1.0,0.0,0.0,"{""T1036 - Defense Evasion: Masquerading"": 80, ""T1498.001 - Impact: Direct Network Flood"": 80, ""T1498.002 - Impact: Reflection/Amplification Attack"": 80, ""T1571 - Defense Evasion: Non-Standard Port"": 80, ""T1583.005 - Resource Development: Acquire Botnet"": 80, ""T1584.005 - Resource Development: Build/Compromise Botnet"": 80, ""T1590 - Reconnaissance: Gather Victim Network Information"": 80, ""T1595 - Reconnaissance: Active Scanning"": 80, ""TA0011 - Command-and-Control"": 80}",10098720,675
uniform_step_balanced,uniform_step_balanced,{},909,1200,1155,3.701029375974964e-06,0.22316872644865252,0.10207470902420843,0.21902687948694793,0.3570559058136008,133,134,1.0075187969924813,0.4714045207910317,0.0,"{""T1036 - Defense Evasion: Masquerading"": 133, ""T1498.001 - Impact: Direct Network Flood"": 133, ""T1498.002 - Impact: Reflection/Amplification Attack"": 134, ""T1571 - Defense Evasion: Non-Standard Port"": 133, ""T1583.005 - Resource Development: Acquire Botnet"": 133, ""T1584.005 - Resource Development: Build/Compromise Botnet"": 134, ""T1590 - Reconnaissance: Gather Victim Network Information"": 133, ""T1595 - Reconnaissance: Active Scanning"": 134, ""TA0011 - Command-and-Control"": 133}",10099200,1155
uniform_step_balanced,uniform_step_balanced,{},909,1798,1753,0.0,0.22470484448919714,0.10282013170083151,0.21987138712593557,0.3602157968474639,199,200,1.0050251256281406,0.41573970964154905,0.0,"{""T1036 - Defense Evasion: Masquerading"": 200, ""T1498.001 - Impact: Direct Network Flood"": 200, ""T1498.002 - Impact: Reflection/Amplification Attack"": 200, ""T1571 - Defense Evasion: Non-Standard Port"": 200, ""T1583.005 - Resource Development: Acquire Botnet"": 200, ""T1584.005 - Resource Development: Build/Compromise Botnet"": 199, ""T1590 - Reconnaissance: Gather Victim Network Information"": 199, ""T1595 - Reconnaissance: Active Scanning"": 200, ""TA0011 - Command-and-Control"": 200}",10099798,1753
greedy_loo_fragility,greedy_loo_fragility,{},909,45,0,2.5361642045548363e-05,0.22813037244985934,0.11659910877905756,0.2217788828094046,0.36057187400650775,5,5,1.0,0.0,0.0,"{""T1036 - Defense Evasion: Masquerading"": 5, ""T1498.001 - Impact: Direct Network Flood"": 5, ""T1498.002 - Impact: Reflection/Amplification Attack"": 5, ""T1571 - Defense Evasion: Non-Standard Port"": 5, ""T1583.005 - Resource Development: Acquire Botnet"": 5, ""T1584.005 - Resource Development: Build/Compromise Botnet"": 5, ""T1590 - Reconnaissance: Gather Victim Network Information"": 5, ""T1595 - Reconnaissance: Active Scanning"": 5, ""TA0011 - Command-and-Control"": 5}",10098045,0
greedy_loo_fragility,greedy_loo_fragility,{},909,90,45,3.296311263496833e-06,0.22472620991692693,0.10090144811231984,0.21994260434867452,0.36221044115665113,5,50,10.0,14.142135623730951,80.0,"{""T1036 - Defense Evasion: Masquerading"": 5, ""T1498.001 - Impact: Direct Network Flood"": 5, ""T1498.002 - Impact: Reflection/Amplification Attack"": 5, ""T1571 - Defense Evasion: Non-Standard Port"": 50, ""T1583.005 - Resource Development: Acquire Botnet"": 5, ""T1584.005 - Resource Development: Build/Compromise Botnet"": 5, ""T1590 - Reconnaissance: Gather Victim Network Information"": 5, ""T1595 - Reconnaissance: Active Scanning"": 5, ""TA0011 - Command-and-Control"": 5}",10098090,45
greedy_loo_fragility,greedy_loo_fragility,{},909,180,135,1.2371589972968232e-05,0.2218095339884893,0.09962915430226618,0.21599894268133563,0.36296507396462285,5,50,10.0,21.213203435596427,180.0,"{""T1036 - Defense Evasion: Masquerading"": 50, ""T1498.001 - Impact: Direct Network Flood"": 5, ""T1498.002 - Impact: Reflection/Amplification Attack"": 5, ""T1571 - Defense Evasion: Non-Standard Port"": 50, ""T1583.005 - Resource Development: Acquire Botnet"": 5, ""T1584.005 - Resource Development: Build/Compromise Botnet"": 5, ""T1590 - Reconnaissance: Gather Victim Network Information"": 5, ""T1595 - Reconnaissance: Active Scanning"": 5, ""TA0011 - Command-and-Control"": 50}",10098180,135
greedy_loo_fragility,greedy_loo_fragility,{},909,360,315,3.555863887963658e-06,0.22461252339021748,0.10104267539133638,0.21984441754996914,0.3610189544933189,5,140,28.0,41.23105625617661,280.0,"{""T1036 - Defense Evasion: Masquerading"": 50, ""T1498.001 - Impact: Direct Network Flood"": 5, ""T1498.002 - Impact: Reflection/Amplification Attack"": 5, ""T1571 - Defense Evasion: Non-Standard Port"": 140, ""T1583.005 - Resource Development: Acquire Botnet"": 50, ""T1584.005 - Resource Development: Build/Compromise Botnet"": 50, ""T1590 - Reconnaissance: Gather Victim Network Information"": 5, ""T1595 - Reconnaissance: Active Scanning"": 5, ""TA0011 - Command-and-Control"": 50}",10098360,315
greedy_loo_fragility,greedy_loo_fragility,{},909,720,675,2.5913094392474095e-06,0.22452905852943295,0.1035064136183812,0.21884966705685255,0.362184064578968,5,200,40.0,75.91808450926271,598.0,"{""T1036 - Defense Evasion: Masquerading"": 80, ""T1498.001 - Impact: Direct Network Flood"": 5, ""T1498.002 - Impact: Reflection/Amplification Attack"": 5, ""T1571 - Defense Evasion: Non-Standard Port"": 140, ""T1583.005 - Resource Development: Acquire Botnet"": 200, ""T1584.005 - Resource Development: Build/Compromise Botnet"": 199, ""T1590 - Reconnaissance: Gather Victim Network Information"": 36, ""T1595 - Reconnaissance: Active Scanning"": 5, ""TA0011 - Command-and-Control"": 50}",10098720,675
greedy_loo_fragility,greedy_loo_fragility,{},909,1200,1155,3.7324527192242464e-06,0.22302265544343727,0.10028264553411623,0.21845821819129035,0.3578776451409107,5,200,40.0,78.31276325662944,660.0,"{""T1036 - Defense Evasion: Masquerading"": 110, ""T1498.001 - Impact: Direct Network Flood"": 50, ""T1498.002 - Impact: Reflection/Amplification Attack"": 5, ""T1571 - Defense Evasion: Non-Standard Port"": 200, ""T1583.005 - Resource Development: Acquire Botnet"": 200, ""T1584.005 - Resource Development: Build/Compromise Botnet"": 199, ""T1590 - Reconnaissance: Gather Victim Network Information"": 199, ""T1595 - Reconnaissance: Active Scanning"": 37, ""TA0011 - Command-and-Control"": 200}",10099200,1155
greedy_loo_fragility,greedy_loo_fragility,{},909,1798,1753,0.0,0.22470484448919714,0.10282013170083151,0.21987138712593557,0.3602157968474639,199,200,1.0050251256281406,0.41573970964154905,0.0,"{""T1036 - Defense Evasion: Masquerading"": 200, ""T1498.001 - Impact: Direct Network Flood"": 200, ""T1498.002 - Impact: Reflection/Amplification Attack"": 200, ""T1571 - Defense Evasion: Non-Standard Port"": 200, ""T1583.005 - Resource Development: Acquire Botnet"": 200, ""T1584.005 - Resource Development: Build/Compromise Botnet"": 199, ""T1590 - Reconnaissance: Gather Victim Network Information"": 199, ""T1595 - Reconnaissance: Active Scanning"": 200, ""TA0011 - Command-and-Control"": 200}",10099798,1753
epsilon_greedy_eps0.2,epsilon_greedy_loo_fragility,"{""epsilon"": 0.2}",909,45,0,2.5361642045548363e-05,0.22813037244985934,0.11659910877905756,0.2217788828094046,0.36057187400650775,5,5,1.0,0.0,0.0,"{""T1036 - Defense Evasion: Masquerading"": 5, ""T1498.001 - Impact: Direct Network Flood"": 5, ""T1498.002 - Impact: Reflection/Amplification Attack"": 5, ""T1571 - Defense Evasion: Non-Standard Port"": 5, ""T1583.005 - Resource Development: Acquire Botnet"": 5, ""T1584.005 - Resource Development: Build/Compromise Botnet"": 5, ""T1590 - Reconnaissance: Gather Victim Network Information"": 5, ""T1595 - Reconnaissance: Active Scanning"": 5, ""TA0011 - Command-and-Control"": 5}",10098045,0
epsilon_greedy_eps0.2,epsilon_greedy_loo_fragility,"{""epsilon"": 0.2}",909,90,45,9.364439196509043e-06,0.22411804023703044,0.10595138876605001,0.21891759781677358,0.35947004518839926,6,39,6.5,10.263202878893768,58.0,"{""T1036 - Defense Evasion: Masquerading"": 6, ""T1498.001 - Impact: Direct Network Flood"": 6, ""T1498.002 - Impact: Reflection/Amplification Attack"": 6, ""T1571 - Defense Evasion: Non-Standard Port"": 39, ""T1583.005 - Resource Development: Acquire Botnet"": 7, ""T1584.005 - Resource Development: Build/Compromise Botnet"": 6, ""T1590 - Reconnaissance: Gather Victim Network Information"": 6, ""T1595 - Reconnaissance: Active Scanning"": 7, ""TA0011 - Command-and-Control"": 7}",10098090,45
epsilon_greedy_eps0.2,epsilon_greedy_loo_fragility,"{""epsilon"": 0.2}",909,180,135,2.1781188524397127e-05,0.2216407855441912,0.10708934662340722,0.21685328246067714,0.349510822208392,8,78,9.75,23.007245235649865,160.0,"{""T1036 - Defense Evasion: Masquerading"": 9, ""T1498.001 - Impact: Direct Network Flood"": 9, ""T1498.002 - Impact: Reflection/Amplification Attack"": 9, ""T1571 - Defense Evasion: Non-Standard Port"": 78, ""T1583.005 - Resource Development: Acquire Botnet"": 9, ""T1584.005 - Resource Development: Build/Compromise Botnet"": 8, ""T1590 - Reconnaissance: Gather Victim Network Information"": 8, ""T1595 - Reconnaissance: Active Scanning"": 8, ""TA0011 - Command-and-Control"": 42}",10098180,135
epsilon_greedy_eps0.2,epsilon_greedy_loo_fragility,"{""epsilon"": 0.2}",909,360,315,1.0322526858890425e-05,0.2221210508780083,0.10181027549960062,0.21756502751304815,0.3573389424126375,14,118,8.428571428571429,34.70510689285432,254.0,"{""T1036 - Defense Evasion: Masquerading"": 15, ""T1498.001 - Impact: Direct Network Flood"": 14, ""T1498.002 - Impact: Reflection/Amplification Attack"": 49, ""T1571 - Defense Evasion: Non-Standard Port"": 78, ""T1583.005 - Resource Development: Acquire Botnet"": 14, ""T1584.005 - Resource Development: Build/Compromise Botnet"": 15, ""T1590 - Reconnaissance: Gather Victim Network Information"": 118, ""T1595 - Reconnaissance: Active Scanning"": 15, ""TA0011 - Command-and-Control"": 42}",10098360,315
epsilon_greedy_eps0.2,epsilon_greedy_loo_fragility,"{""epsilon"": 0.2}",909,720,675,1.870676917046035e-06,0.22358156679417251,0.10310952234073013,0.2189653294137046,0.3598988396174245,34,149,4.382352941176471,37.64748774265467,276.0,"{""T1036 - Defense Evasion: Masquerading"": 94, ""T1498.001 - Impact: Direct Network Flood"": 35, ""T1498.002 - Impact: Reflection/Amplification Attack"": 84, ""T1571 - Defense Evasion: Non-Standard Port"": 149, ""T1583.005 - Resource Development: Acquire Botnet"": 35, ""T1584.005 - Resource Development: Build/Compromise Botnet"": 34, ""T1590 - Reconnaissance: Gather Victim Network Information"": 118, ""T1595 - Reconnaissance: Active Scanning"": 93, ""TA0011 - Command-and-Control"": 78}",10098720,675
epsilon_greedy_eps0.2,epsilon_greedy_loo_fragility,"{""epsilon"": 0.2}",909,1200,1155,3.1131440284865683e-06,0.22415028661289801,0.10586611906624002,0.21865476354632873,0.3593893343218845,95,200,2.1052631578947367,38.384024454626086,304.0,"{""T1036 - Defense Evasion: Masquerading"": 169, ""T1498.001 - Impact: Direct Network Flood"": 120, ""T1498.002 - Impact: Reflection/Amplification Attack"": 95, ""T1571 - Defense Evasion: Non-Standard Port"": 185, ""T1583.005 - Resource Development: Acquire Botnet"": 200, ""T1584.005 - Resource Development: Build/Compromise Botnet"": 122, ""T1590 - Reconnaissance: Gather Victim Network Information"": 118, ""T1595 - Reconnaissance: Active Scanning"": 95, ""TA0011 - Command-and-Control"": 96}",10099200,1155
epsilon_greedy_eps0.2,epsilon_greedy_loo_fragility,"{""epsilon"": 0.2}",909,1798,1753,0.0,0.22470484448919714,0.10282013170083151,0.21987138712593557,0.3602157968474639,199,200,1.0050251256281406,0.41573970964154905,0.0,"{""T1036 - Defense Evasion: Masquerading"": 200, ""T1498.001 - Impact: Direct Network Flood"": 200, ""T1498.002 - Impact: Reflection/Amplification Attack"": 200, ""T1571 - Defense Evasion: Non-Standard Port"": 200, ""T1583.005 - Resource Development: Acquire Botnet"": 200, ""T1584.005 - Resource Development: Build/Compromise Botnet"": 199, ""T1590 - Reconnaissance: Gather Victim Network Information"": 199, ""T1595 - Reconnaissance: Active Scanning"": 200, ""TA0011 - Command-and-Control"": 200}",10099798,1753
exploration_bonus_c0.25,exploration_bonus_loo_fragility,"{""c"": 0.25}",909,45,0,2.5361642045548363e-05,0.22813037244985934,0.11659910877905756,0.2217788828094046,0.36057187400650775,5,5,1.0,0.0,0.0,"{""T1036 - Defense Evasion: Masquerading"": 5, ""T1498.001 - Impact: Direct Network Flood"": 5, ""T1498.002 - Impact: Reflection/Amplification Attack"": 5, ""T1571 - Defense Evasion: Non-Standard Port"": 5, ""T1583.005 - Resource Development: Acquire Botnet"": 5, ""T1584.005 - Resource Development: Build/Compromise Botnet"": 5, ""T1590 - Reconnaissance: Gather Victim Network Information"": 5, ""T1595 - Reconnaissance: Active Scanning"": 5, ""TA0011 - Command-and-Control"": 5}",10098045,0
exploration_bonus_c0.25,exploration_bonus_loo_fragility,"{""c"": 0.25}",909,90,45,3.296311263496833e-06,0.22472620991692693,0.10090144811231984,0.21994260434867452,0.36221044115665113,5,50,10.0,14.142135623730951,80.0,"{""T1036 - Defense Evasion: Masquerading"": 5, ""T1498.001 - Impact: Direct Network Flood"": 5, ""T1498.002 - Impact: Reflection/Amplification Attack"": 5, ""T1571 - Defense Evasion: Non-Standard Port"": 50, ""T1583.005 - Resource Development: Acquire Botnet"": 5, ""T1584.005 - Resource Development: Build/Compromise Botnet"": 5, ""T1590 - Reconnaissance: Gather Victim Network Information"": 5, ""T1595 - Reconnaissance: Active Scanning"": 5, ""TA0011 - Command-and-Control"": 5}",10098090,45
exploration_bonus_c0.25,exploration_bonus_loo_fragility,"{""c"": 0.25}",909,180,135,1.2371589972968232e-05,0.2218095339884893,0.09962915430226618,0.21599894268133563,0.36296507396462285,5,50,10.0,21.213203435596427,180.0,"{""T1036 - Defense Evasion: Masquerading"": 50, ""T1498.001 - Impact: Direct Network Flood"": 5, ""T1498.002 - Impact: Reflection/Amplification Attack"": 5, ""T1571 - Defense Evasion: Non-Standard Port"": 50, ""T1583.005 - Resource Development: Acquire Botnet"": 5, ""T1584.005 - Resource Development: Build/Compromise Botnet"": 5, ""T1590 - Reconnaissance: Gather Victim Network Information"": 5, ""T1595 - Reconnaissance: Active Scanning"": 5, ""TA0011 - Command-and-Control"": 50}",10098180,135
exploration_bonus_c0.25,exploration_bonus_loo_fragility,"{""c"": 0.25}",909,360,315,4.197854436458683e-06,0.22346974107817583,0.0981761368158158,0.21895133111867304,0.3616890596841958,5,154,30.8,47.96526521001074,346.0,"{""T1036 - Defense Evasion: Masquerading"": 50, ""T1498.001 - Impact: Direct Network Flood"": 7, ""T1498.002 - Impact: Reflection/Amplification Attack"": 5, ""T1571 - Defense Evasion: Non-Standard Port"": 154, ""T1583.005 - Resource Development: Acquire Botnet"": 5, ""T1584.005 - Resource Development: Build/Compromise Botnet"": 50, ""T1590 - Reconnaissance: Gather Victim Network Information"": 5, ""T1595 - Reconnaissance: Active Scanning"": 5, ""TA0011 - Command-and-Control"": 79}",10098360,315
exploration_bonus_c0.25,exploration_bonus_loo_fragility,"{""c"": 0.25}",909,720,675,5.23843628102014e-06,0.22276579706337643,0.1012995889440181,0.21751876454956048,0.35897184204054766,10,199,19.9,64.10061535499398,448.0,"{""T1036 - Defense Evasion: Masquerading"": 64, ""T1498.001 - Impact: Direct Network Flood"": 78, ""T1498.002 - Impact: Reflection/Amplification Attack"": 17, ""T1571 - Defense Evasion: Non-Standard Port"": 199, ""T1583.005 - Resource Development: Acquire Botnet"": 38, ""T1584.005 - Resource Development: Build/Compromise Botnet"": 185, ""T1590 - Reconnaissance: Gather Victim Network Information"": 50, ""T1595 - Reconnaissance: Active Scanning"": 10, ""TA0011 - Command-and-Control"": 79}",10098720,675
exploration_bonus_c0.25,exploration_bonus_loo_fragility,"{""c"": 0.25}",909,1200,1155,7.9594814922384e-06,0.22206985841350546,0.10034295390629339,0.21720016920437554,0.3569171206219685,17,200,11.764705882352942,75.48215388789296,658.0,"{""T1036 - Defense Evasion: Masquerading"": 64, ""T1498.001 - Impact: Direct Network Flood"": 200, ""T1498.002 - Impact: Reflection/Amplification Attack"": 17, ""T1571 - Defense Evasion: Non-Standard Port"": 199, ""T1583.005 - Resource Development: Acquire Botnet"": 200, ""T1584.005 - Resource Development: Build/Compromise Botnet"": 199, ""T1590 - Reconnaissance: Gather Victim Network Information"": 199, ""T1595 - Reconnaissance: Active Scanning"": 43, ""TA0011 - Command-and-Control"": 79}",10099200,1155
exploration_bonus_c0.25,exploration_bonus_loo_fragility,"{""c"": 0.25}",909,1798,1753,0.0,0.22470484448919714,0.10282013170083151,0.21987138712593557,0.3602157968474639,199,200,1.0050251256281406,0.41573970964154905,0.0,"{""T1036 - Defense Evasion: Masquerading"": 200, ""T1498.001 - Impact: Direct Network Flood"": 200, ""T1498.002 - Impact: Reflection/Amplification Attack"": 200, ""T1571 - Defense Evasion: Non-Standard Port"": 200, ""T1583.005 - Resource Development: Acquire Botnet"": 200, ""T1584.005 - Resource Development: Build/Compromise Botnet"": 199, ""T1590 - Reconnaissance: Gather Victim Network Information"": 199, ""T1595 - Reconnaissance: Active Scanning"": 200, ""TA0011 - Command-and-Control"": 200}",10099798,1753
exploration_bonus_c0.5,exploration_bonus_loo_fragility,"{""c"": 0.5}",909,45,0,2.5361642045548363e-05,0.22813037244985934,0.11659910877905756,0.2217788828094046,0.36057187400650775,5,5,1.0,0.0,0.0,"{""T1036 - Defense Evasion: Masquerading"": 5, ""T1498.001 - Impact: Direct Network Flood"": 5, ""T1498.002 - Impact: Reflection/Amplification Attack"": 5, ""T1571 - Defense Evasion: Non-Standard Port"": 5, ""T1583.005 - Resource Development: Acquire Botnet"": 5, ""T1584.005 - Resource Development: Build/Compromise Botnet"": 5, ""T1590 - Reconnaissance: Gather Victim Network Information"": 5, ""T1595 - Reconnaissance: Active Scanning"": 5, ""TA0011 - Command-and-Control"": 5}",10098045,0
exploration_bonus_c0.5,exploration_bonus_loo_fragility,"{""c"": 0.5}",909,90,45,3.296311263496833e-06,0.22472620991692693,0.10090144811231984,0.21994260434867452,0.36221044115665113,5,50,10.0,14.142135623730951,80.0,"{""T1036 - Defense Evasion: Masquerading"": 5, ""T1498.001 - Impact: Direct Network Flood"": 5, ""T1498.002 - Impact: Reflection/Amplification Attack"": 5, ""T1571 - Defense Evasion: Non-Standard Port"": 50, ""T1583.005 - Resource Development: Acquire Botnet"": 5, ""T1584.005 - Resource Development: Build/Compromise Botnet"": 5, ""T1590 - Reconnaissance: Gather Victim Network Information"": 5, ""T1595 - Reconnaissance: Active Scanning"": 5, ""TA0011 - Command-and-Control"": 5}",10098090,45
exploration_bonus_c0.5,exploration_bonus_loo_fragility,"{""c"": 0.5}",909,180,135,1.2371589972968232e-05,0.2218095339884893,0.09962915430226618,0.21599894268133563,0.36296507396462285,5,50,10.0,21.213203435596427,180.0,"{""T1036 - Defense Evasion: Masquerading"": 50, ""T1498.001 - Impact: Direct Network Flood"": 5, ""T1498.002 - Impact: Reflection/Amplification Attack"": 5, ""T1571 - Defense Evasion: Non-Standard Port"": 50, ""T1583.005 - Resource Development: Acquire Botnet"": 5, ""T1584.005 - Resource Development: Build/Compromise Botnet"": 5, ""T1590 - Reconnaissance: Gather Victim Network Information"": 5, ""T1595 - Reconnaissance: Active Scanning"": 5, ""TA0011 - Command-and-Control"": 50}",10098180,135
exploration_bonus_c0.5,exploration_bonus_loo_fragility,"{""c"": 0.5}",909,360,315,5.205642888583427e-06,0.22265722854918127,0.10232760913775592,0.2178784187978809,0.35782511455991073,5,100,20.0,33.97711648219202,266.0,"{""T1036 - Defense Evasion: Masquerading"": 100, ""T1498.001 - Impact: Direct Network Flood"": 53, ""T1498.002 - Impact: Reflection/Amplification Attack"": 5, ""T1571 - Defense Evasion: Non-Standard Port"": 90, ""T1583.005 - Resource Development: Acquire Botnet"": 7, ""T1584.005 - Resource Development: Build/Compromise Botnet"": 5, ""T1590 - Reconnaissance: Gather Victim Network Information"": 21, ""T1595 - Reconnaissance: Active Scanning"": 29, ""TA0011 - Command-and-Control"": 50}",10098360,315
exploration_bonus_c0.5,exploration_bonus_loo_fragility,"{""c"": 0.5}",909,720,675,5.267820934482239e-06,0.2225589804174169,0.10137358238387081,0.21781847761993736,0.35827269664058303,5,200,40.0,62.889674121521026,462.0,"{""T1036 - Defense Evasion: Masquerading"": 100, ""T1498.001 - Impact: Direct Network Flood"": 157, ""T1498.002 - Impact: Reflection/Amplification Attack"": 5, ""T1571 - Defense Evasion: Non-Standard Port"": 90, ""T1583.005 - Resource Development: Acquire Botnet"": 200, ""T1584.005 - Resource Development: Build/Compromise Botnet"": 5, ""T1590 - Reconnaissance: Gather Victim Network Information"": 84, ""T1595 - Reconnaissance: Active Scanning"": 29, ""TA0011 - Command-and-Control"": 50}",10098720,675
exploration_bonus_c0.5,exploration_bonus_loo_fragility,"{""c"": 0.5}",909,1200,1155,4.026306503668366e-06,0.2228898559282096,0.10303681374947536,0.21792043035887376,0.3592567637783152,5,200,40.0,77.68597757067302,630.0,"{""T1036 - Defense Evasion: Masquerading"": 182, ""T1498.001 - Impact: Direct Network Flood"": 200, ""T1498.002 - Impact: Reflection/Amplification Attack"": 5, ""T1571 - Defense Evasion: Non-Standard Port"": 135, ""T1583.005 - Resource Development: Acquire Botnet"": 200, ""T1584.005 - Resource Development: Build/Compromise Botnet"": 29, ""T1590 - Reconnaissance: Gather Victim Network Information"": 199, ""T1595 - Reconnaissance: Active Scanning"": 200, ""TA0011 - Command-and-Control"": 50}",10099200,1155
exploration_bonus_c0.5,exploration_bonus_loo_fragility,"{""c"": 0.5}",909,1798,1753,0.0,0.22470484448919714,0.10282013170083151,0.21987138712593557,0.3602157968474639,199,200,1.0050251256281406,0.41573970964154905,0.0,"{""T1036 - Defense Evasion: Masquerading"": 200, ""T1498.001 - Impact: Direct Network Flood"": 200, ""T1498.002 - Impact: Reflection/Amplification Attack"": 200, ""T1571 - Defense Evasion: Non-Standard Port"": 200, ""T1583.005 - Resource Development: Acquire Botnet"": 200, ""T1584.005 - Resource Development: Build/Compromise Botnet"": 199, ""T1590 - Reconnaissance: Gather Victim Network Information"": 199, ""T1595 - Reconnaissance: Active Scanning"": 200, ""TA0011 - Command-and-Control"": 200}",10099798,1753
exploration_bonus_c1.0,exploration_bonus_loo_fragility,"{""c"": 1.0}",909,45,0,2.5361642045548363e-05,0.22813037244985934,0.11659910877905756,0.2217788828094046,0.36057187400650775,5,5,1.0,0.0,0.0,"{""T1036 - Defense Evasion: Masquerading"": 5, ""T1498.001 - Impact: Direct Network Flood"": 5, ""T1498.002 - Impact: Reflection/Amplification Attack"": 5, ""T1571 - Defense Evasion: Non-Standard Port"": 5, ""T1583.005 - Resource Development: Acquire Botnet"": 5, ""T1584.005 - Resource Development: Build/Compromise Botnet"": 5, ""T1590 - Reconnaissance: Gather Victim Network Information"": 5, ""T1595 - Reconnaissance: Active Scanning"": 5, ""TA0011 - Command-and-Control"": 5}",10098045,0
exploration_bonus_c1.0,exploration_bonus_loo_fragility,"{""c"": 1.0}",909,90,45,3.296311263496833e-06,0.22472620991692693,0.10090144811231984,0.21994260434867452,0.36221044115665113,5,50,10.0,14.142135623730951,80.0,"{""T1036 - Defense Evasion: Masquerading"": 5, ""T1498.001 - Impact: Direct Network Flood"": 5, ""T1498.002 - Impact: Reflection/Amplification Attack"": 5, ""T1571 - Defense Evasion: Non-Standard Port"": 50, ""T1583.005 - Resource Development: Acquire Botnet"": 5, ""T1584.005 - Resource Development: Build/Compromise Botnet"": 5, ""T1590 - Reconnaissance: Gather Victim Network Information"": 5, ""T1595 - Reconnaissance: Active Scanning"": 5, ""TA0011 - Command-and-Control"": 5}",10098090,45
exploration_bonus_c1.0,exploration_bonus_loo_fragility,"{""c"": 1.0}",909,180,135,1.2371589972968232e-05,0.2218095339884893,0.09962915430226618,0.21599894268133563,0.36296507396462285,5,50,10.0,21.213203435596427,180.0,"{""T1036 - Defense Evasion: Masquerading"": 50, ""T1498.001 - Impact: Direct Network Flood"": 5, ""T1498.002 - Impact: Reflection/Amplification Attack"": 5, ""T1571 - Defense Evasion: Non-Standard Port"": 50, ""T1583.005 - Resource Development: Acquire Botnet"": 5, ""T1584.005 - Resource Development: Build/Compromise Botnet"": 5, ""T1590 - Reconnaissance: Gather Victim Network Information"": 5, ""T1595 - Reconnaissance: Active Scanning"": 5, ""TA0011 - Command-and-Control"": 50}",10098180,135
exploration_bonus_c1.0,exploration_bonus_loo_fragility,"{""c"": 1.0}",909,360,315,1.3154540631810327e-05,0.22141792069388297,0.10017936058967623,0.2163481828181466,0.3546003938299451,9,79,8.777777777777779,22.80350850198276,180.0,"{""T1036 - Defense Evasion: Masquerading"": 64, ""T1498.001 - Impact: Direct Network Flood"": 9, ""T1498.002 - Impact: Reflection/Amplification Attack"": 10, ""T1571 - Defense Evasion: Non-Standard Port"": 79, ""T1583.005 - Resource Development: Acquire Botnet"": 36, ""T1584.005 - Resource Development: Build/Compromise Botnet"": 57, ""T1590 - Reconnaissance: Gather Victim Network Information"": 29, ""T1595 - Reconnaissance: Active Scanning"": 26, ""TA0011 - Command-and-Control"": 50}",10098360,315
exploration_bonus_c1.0,exploration_bonus_loo_fragility,"{""c"": 1.0}",909,720,675,5.996032332608951e-06,0.22305182226759734,0.10477114635395156,0.2171494097821588,0.35674885066311407,29,149,5.137931034482759,32.93765153876167,228.0,"{""T1036 - Defense Evasion: Masquerading"": 82, ""T1498.001 - Impact: Direct Network Flood"": 29, ""T1498.002 - Impact: Reflection/Amplification Attack"": 96, ""T1571 - Defense Evasion: Non-Standard Port"": 79, ""T1583.005 - Resource Development: Acquire Botnet"": 64, ""T1584.005 - Resource Development: Build/Compromise Botnet"": 107, ""T1590 - Reconnaissance: Gather Victim Network Information"": 149, ""T1595 - Reconnaissance: Active Scanning"": 64, ""TA0011 - Command-and-Control"": 50}",10098720,675
exploration_bonus_c1.0,exploration_bonus_loo_fragility,"{""c"": 1.0}",909,1200,1155,5.026848240424774e-06,0.2239999991736051,0.10271239609468429,0.2192279970703417,0.36101476441394126,50,200,4.0,58.82743124314257,478.0,"{""T1036 - Defense Evasion: Masquerading"": 200, ""T1498.001 - Impact: Direct Network Flood"": 51, ""T1498.002 - Impact: Reflection/Amplification Attack"": 141, ""T1571 - Defense Evasion: Non-Standard Port"": 200, ""T1583.005 - Resource Development: Acquire Botnet"": 85, ""T1584.005 - Resource Development: Build/Compromise Botnet"": 107, ""T1590 - Reconnaissance: Gather Victim Network Information"": 199, ""T1595 - Reconnaissance: Active Scanning"": 167, ""TA0011 - Command-and-Control"": 50}",10099200,1155
exploration_bonus_c1.0,exploration_bonus_loo_fragility,"{""c"": 1.0}",909,1798,1753,0.0,0.22470484448919714,0.10282013170083151,0.21987138712593557,0.3602157968474639,199,200,1.0050251256281406,0.41573970964154905,0.0,"{""T1036 - Defense Evasion: Masquerading"": 200, ""T1498.001 - Impact: Direct Network Flood"": 200, ""T1498.002 - Impact: Reflection/Amplification Attack"": 200, ""T1571 - Defense Evasion: Non-Standard Port"": 200, ""T1583.005 - Resource Development: Acquire Botnet"": 200, ""T1584.005 - Resource Development: Build/Compromise Botnet"": 199, ""T1590 - Reconnaissance: Gather Victim Network Information"": 199, ""T1595 - Reconnaissance: Active Scanning"": 200, ""TA0011 - Command-and-Control"": 200}",10099798,1753
uniform_step_balanced,uniform_step_balanced,{},1010,45,0,2.785453143444077e-05,0.2234324552290365,0.1034805841239454,0.21727557083788235,0.3639697523002786,5,5,1.0,0.0,0.0,"{""T1036 - Defense Evasion: Masquerading"": 5, ""T1498.001 - Impact: Direct Network Flood"": 5, ""T1498.002 - Impact: Reflection/Amplification Attack"": 5, ""T1571 - Defense Evasion: Non-Standard Port"": 5, ""T1583.005 - Resource Development: Acquire Botnet"": 5, ""T1584.005 - Resource Development: Build/Compromise Botnet"": 5, ""T1590 - Reconnaissance: Gather Victim Network Information"": 5, ""T1595 - Reconnaissance: Active Scanning"": 5, ""TA0011 - Command-and-Control"": 5}",11108045,0
uniform_step_balanced,uniform_step_balanced,{},1010,90,45,2.543745814710761e-05,0.2212455112714773,0.10294946131458495,0.21531403956413975,0.35512582153422184,10,10,1.0,0.0,0.0,"{""T1036 - Defense Evasion: Masquerading"": 10, ""T1498.001 - Impact: Direct Network Flood"": 10, ""T1498.002 - Impact: Reflection/Amplification Attack"": 10, ""T1571 - Defense Evasion: Non-Standard Port"": 10, ""T1583.005 - Resource Development: Acquire Botnet"": 10, ""T1584.005 - Resource Development: Build/Compromise Botnet"": 10, ""T1590 - Reconnaissance: Gather Victim Network Information"": 10, ""T1595 - Reconnaissance: Active Scanning"": 10, ""TA0011 - Command-and-Control"": 10}",11108090,45
uniform_step_balanced,uniform_step_balanced,{},1010,180,135,4.352548885283851e-07,0.22451313292847438,0.10466047557584503,0.21999857465187667,0.3595866605811361,20,20,1.0,0.0,0.0,"{""T1036 - Defense Evasion: Masquerading"": 20, ""T1498.001 - Impact: Direct Network Flood"": 20, ""T1498.002 - Impact: Reflection/Amplification Attack"": 20, ""T1571 - Defense Evasion: Non-Standard Port"": 20, ""T1583.005 - Resource Development: Acquire Botnet"": 20, ""T1584.005 - Resource Development: Build/Compromise Botnet"": 20, ""T1590 - Reconnaissance: Gather Victim Network Information"": 20, ""T1595 - Reconnaissance: Active Scanning"": 20, ""TA0011 - Command-and-Control"": 20}",11108180,135
uniform_step_balanced,uniform_step_balanced,{},1010,360,315,9.94441482353322e-06,0.22426449297929266,0.10406615853739064,0.2202315460330116,0.35582878094688203,40,40,1.0,0.0,0.0,"{""T1036 - Defense Evasion: Masquerading"": 40, ""T1498.001 - Impact: Direct Network Flood"": 40, ""T1498.002 - Impact: Reflection/Amplification Attack"": 40, ""T1571 - Defense Evasion: Non-Standard Port"": 40, ""T1583.005 - Resource Development: Acquire Botnet"": 40, ""T1584.005 - Resource Development: Build/Compromise Botnet"": 40, ""T1590 - Reconnaissance: Gather Victim Network Information"": 40, ""T1595 - Reconnaissance: Active Scanning"": 40, ""TA0011 - Command-and-Control"": 40}",11108360,315
uniform_step_balanced,uniform_step_balanced,{},1010,720,675,4.6412618037148445e-06,0.2252145969519058,0.1057894143865603,0.22074634931082723,0.3564067955937774,80,80,1.0,0.0,0.0,"{""T1036 - Defense Evasion: Masquerading"": 80, ""T1498.001 - Impact: Direct Network Flood"": 80, ""T1498.002 - Impact: Reflection/Amplification Attack"": 80, ""T1571 - Defense Evasion: Non-Standard Port"": 80, ""T1583.005 - Resource Development: Acquire Botnet"": 80, ""T1584.005 - Resource Development: Build/Compromise Botnet"": 80, ""T1590 - Reconnaissance: Gather Victim Network Information"": 80, ""T1595 - Reconnaissance: Active Scanning"": 80, ""TA0011 - Command-and-Control"": 80}",11108720,675
uniform_step_balanced,uniform_step_balanced,{},1010,1200,1155,9.55199074291996e-07,0.22513574652591414,0.1050473518679072,0.22072257767813686,0.3588389724187576,133,134,1.0075187969924813,0.4714045207910317,0.0,"{""T1036 - Defense Evasion: Masquerading"": 133, ""T1498.001 - Impact: Direct Network Flood"": 133, ""T1498.002 - Impact: Reflection/Amplification Attack"": 133, ""T1571 - Defense Evasion: Non-Standard Port"": 133, ""T1583.005 - Resource Development: Acquire Botnet"": 133, ""T1584.005 - Resource Development: Build/Compromise Botnet"": 133, ""T1590 - Reconnaissance: Gather Victim Network Information"": 134, ""T1595 - Reconnaissance: Active Scanning"": 134, ""TA0011 - Command-and-Control"": 134}",11109200,1155
uniform_step_balanced,uniform_step_balanced,{},1010,1798,1753,0.0,0.22470484448919714,0.10282013170083151,0.21987138712593557,0.3602157968474639,199,200,1.0050251256281406,0.41573970964154905,0.0,"{""T1036 - Defense Evasion: Masquerading"": 200, ""T1498.001 - Impact: Direct Network Flood"": 200, ""T1498.002 - Impact: Reflection/Amplification Attack"": 200, ""T1571 - Defense Evasion: Non-Standard Port"": 200, ""T1583.005 - Resource Development: Acquire Botnet"": 200, ""T1584.005 - Resource Development: Build/Compromise Botnet"": 199, ""T1590 - Reconnaissance: Gather Victim Network Information"": 199, ""T1595 - Reconnaissance: Active Scanning"": 200, ""TA0011 - Command-and-Control"": 200}",11109798,1753
greedy_loo_fragility,greedy_loo_fragility,{},1010,45,0,2.785453143444077e-05,0.2234324552290365,0.1034805841239454,0.21727557083788235,0.3639697523002786,5,5,1.0,0.0,0.0,"{""T1036 - Defense Evasion: Masquerading"": 5, ""T1498.001 - Impact: Direct Network Flood"": 5, ""T1498.002 - Impact: Reflection/Amplification Attack"": 5, ""T1571 - Defense Evasion: Non-Standard Port"": 5, ""T1583.005 - Resource Development: Acquire Botnet"": 5, ""T1584.005 - Resource Development: Build/Compromise Botnet"": 5, ""T1590 - Reconnaissance: Gather Victim Network Information"": 5, ""T1595 - Reconnaissance: Active Scanning"": 5, ""TA0011 - Command-and-Control"": 5}",11108045,0
greedy_loo_fragility,greedy_loo_fragility,{},1010,90,45,7.362943908155137e-06,0.22430409704295443,0.10498351713414238,0.21918158786687836,0.3605066855654983,5,50,10.0,14.142135623730951,80.0,"{""T1036 - Defense Evasion: Masquerading"": 5, ""T1498.001 - Impact: Direct Network Flood"": 5, ""T1498.002 - Impact: Reflection/Amplification Attack"": 5, ""T1571 - Defense Evasion: Non-Standard Port"": 50, ""T1583.005 - Resource Development: Acquire Botnet"": 5, ""T1584.005 - Resource Development: Build/Compromise Botnet"": 5, ""T1590 - Reconnaissance: Gather Victim Network Information"": 5, ""T1595 - Reconnaissance: Active Scanning"": 5, ""TA0011 - Command-and-Control"": 5}",11108090,45
greedy_loo_fragility,greedy_loo_fragility,{},1010,180,135,4.962701511683409e-06,0.22387065116551103,0.1060059850096875,0.21982226301596483,0.3562537690852399,5,50,10.0,21.213203435596427,180.0,"{""T1036 - Defense Evasion: Masquerading"": 50, ""T1498.001 - Impact: Direct Network Flood"": 5, ""T1498.002 - Impact: Reflection/Amplification Attack"": 5, ""T1571 - Defense Evasion: Non-Standard Port"": 50, ""T1583.005 - Resource Development: Acquire Botnet"": 5, ""T1584.005 - Resource Development: Build/Compromise Botnet"": 5, ""T1590 - Reconnaissance: Gather Victim Network Information"": 5, ""T1595 - Reconnaissance: Active Scanning"": 5, ""TA0011 - Command-and-Control"": 50}",11108180,135
greedy_loo_fragility,greedy_loo_fragility,{},1010,360,315,4.075000026488591e-06,0.22455055202745092,0.10532730974671876,0.22022612081222248,0.35662243865468113,5,95,19.0,35.35533905932738,280.0,"{""T1036 - Defense Evasion: Masquerading"": 50, ""T1498.001 - Impact: Direct Network Flood"": 5, ""T1498.002 - Impact: Reflection/Amplification Attack"": 5, ""T1571 - Defense Evasion: Non-Standard Port"": 95, ""T1583.005 - Resource Development: Acquire Botnet"": 50, ""T1584.005 - Resource Development: Build/Compromise Botnet"": 5, ""T1590 - Reconnaissance: Gather Victim Network Information"": 5, ""T1595 - Reconnaissance: Active Scanning"": 95, ""TA0011 - Command-and-Control"": 50}",11108360,315
greedy_loo_fragility,greedy_loo_fragility,{},1010,720,675,7.060924428502383e-06,0.22444776245576745,0.10715993336704581,0.220151291684779,0.35814179539914703,5,200,40.0,72.4568837309472,540.0,"{""T1036 - Defense Evasion: Masquerading"": 65, ""T1498.001 - Impact: Direct Network Flood"": 95, ""T1498.002 - Impact: Reflection/Amplification Attack"": 5, ""T1571 - Defense Evasion: Non-Standard Port"": 95, ""T1583.005 - Resource Development: Acquire Botnet"": 200, ""T1584.005 - Resource Development: Build/Compromise Botnet"": 5, ""T1590 - Reconnaissance: Gather Victim Network Information"": 5, ""T1595 - Reconnaissance: Active Scanning"": 200, ""TA0011 - Command-and-Control"": 50}",11108720,675
greedy_loo_fragility,greedy_loo_fragility,{},1010,1200,1155,4.6900832041702475e-06,0.22498084589615724,0.10449417561274107,0.22040711286203096,0.3615243119420778,5,200,40.0,76.67536182575934,662.0,"{""T1036 - Defense Evasion: Masquerading"": 65, ""T1498.001 - Impact: Direct Network Flood"": 200, ""T1498.002 - Impact: Reflection/Amplification Attack"": 81, ""T1571 - Defense Evasion: Non-Standard Port"": 200, ""T1583.005 - Resource Development: Acquire Botnet"": 200, ""T1584.005 - Resource Development: Build/Compromise Botnet"": 5, ""T1590 - Reconnaissance: Gather Victim Network Information"": 199, ""T1595 - Reconnaissance: Active Scanning"": 200, ""TA0011 - Command-and-Control"": 50}",11109200,1155
greedy_loo_fragility,greedy_loo_fragility,{},1010,1798,1753,0.0,0.22470484448919714,0.10282013170083151,0.21987138712593557,0.3602157968474639,199,200,1.0050251256281406,0.41573970964154905,0.0,"{""T1036 - Defense Evasion: Masquerading"": 200, ""T1498.001 - Impact: Direct Network Flood"": 200, ""T1498.002 - Impact: Reflection/Amplification Attack"": 200, ""T1571 - Defense Evasion: Non-Standard Port"": 200, ""T1583.005 - Resource Development: Acquire Botnet"": 200, ""T1584.005 - Resource Development: Build/Compromise Botnet"": 199, ""T1590 - Reconnaissance: Gather Victim Network Information"": 199, ""T1595 - Reconnaissance: Active Scanning"": 200, ""TA0011 - Command-and-Control"": 200}",11109798,1753
epsilon_greedy_eps0.2,epsilon_greedy_loo_fragility,"{""epsilon"": 0.2}",1010,45,0,2.785453143444077e-05,0.2234324552290365,0.1034805841239454,0.21727557083788235,0.3639697523002786,5,5,1.0,0.0,0.0,"{""T1036 - Defense Evasion: Masquerading"": 5, ""T1498.001 - Impact: Direct Network Flood"": 5, ""T1498.002 - Impact: Reflection/Amplification Attack"": 5, ""T1571 - Defense Evasion: Non-Standard Port"": 5, ""T1583.005 - Resource Development: Acquire Botnet"": 5, ""T1584.005 - Resource Development: Build/Compromise Botnet"": 5, ""T1590 - Reconnaissance: Gather Victim Network Information"": 5, ""T1595 - Reconnaissance: Active Scanning"": 5, ""TA0011 - Command-and-Control"": 5}",11108045,0
epsilon_greedy_eps0.2,epsilon_greedy_loo_fragility,"{""epsilon"": 0.2}",1010,90,45,3.2883314557666934e-06,0.22515379469040125,0.10552963214511069,0.22004537416515146,0.3595191465052565,6,39,6.5,10.263202878893768,58.0,"{""T1036 - Defense Evasion: Masquerading"": 6, ""T1498.001 - Impact: Direct Network Flood"": 7, ""T1498.002 - Impact: Reflection/Amplification Attack"": 7, ""T1571 - Defense Evasion: Non-Standard Port"": 39, ""T1583.005 - Resource Development: Acquire Botnet"": 7, ""T1584.005 - Resource Development: Build/Compromise Botnet"": 6, ""T1590 - Reconnaissance: Gather Victim Network Information"": 6, ""T1595 - Reconnaissance: Active Scanning"": 6, ""TA0011 - Command-and-Control"": 6}",11108090,45
epsilon_greedy_eps0.2,epsilon_greedy_loo_fragility,"{""epsilon"": 0.2}",1010,180,135,1.3085909114736997e-05,0.22214888835390956,0.10455556992044798,0.21750349044604841,0.3551278128957314,8,79,9.875,22.88133640230735,156.0,"{""T1036 - Defense Evasion: Masquerading"": 9, ""T1498.001 - Impact: Direct Network Flood"": 9, ""T1498.002 - Impact: Reflection/Amplification Attack"": 8, ""T1571 - Defense Evasion: Non-Standard Port"": 39, ""T1583.005 - Resource Development: Acquire Botnet"": 9, ""T1584.005 - Resource Development: Build/Compromise Botnet"": 9, ""T1590 - Reconnaissance: Gather Victim Network Information"": 9, ""T1595 - Reconnaissance: Active Scanning"": 9, ""TA0011 - Command-and-Control"": 79}",11108180,135
epsilon_greedy_eps0.2,epsilon_greedy_loo_fragility,"{""epsilon"": 0.2}",1010,360,315,8.476869529404222e-06,0.22536301610357745,0.10938291830254364,0.22145371654214135,0.3545714782727539,16,79,4.9375,19.748417658131498,144.0,"{""T1036 - Defense Evasion: Masquerading"": 51, ""T1498.001 - Impact: Direct Network Flood"": 16, ""T1498.002 - Impact: Reflection/Amplification Attack"": 17, ""T1571 - Defense Evasion: Non-Standard Port"": 39, ""T1583.005 - Resource Development: Acquire Botnet"": 16, ""T1584.005 - Resource Development: Build/Compromise Botnet"": 47, ""T1590 - Reconnaissance: Gather Victim Network Information"": 51, ""T1595 - Reconnaissance: Active Scanning"": 44, ""TA0011 - Command-and-Control"": 79}",11108360,315
epsilon_greedy_eps0.2,epsilon_greedy_loo_fragility,"{""epsilon"": 0.2}",1010,720,675,8.199673293650524e-06,0.2253557495392537,0.10430144542090856,0.22113091140024976,0.3579055253660963,52,200,3.8461538461538463,43.98737192523428,240.0,"{""T1036 - Defense Evasion: Masquerading"": 53, ""T1498.001 - Impact: Direct Network Flood"": 53, ""T1498.002 - Impact: Reflection/Amplification Attack"": 75, ""T1571 - Defense Evasion: Non-Standard Port"": 76, ""T1583.005 - Resource Development: Acquire Botnet"": 200, ""T1584.005 - Resource Development: Build/Compromise Botnet"": 53, ""T1590 - Reconnaissance: Gather Victim Network Information"": 52, ""T1595 - Reconnaissance: Active Scanning"": 79, ""TA0011 - Command-and-Control"": 79}",11108720,675
epsilon_greedy_eps0.2,epsilon_greedy_loo_fragility,"{""epsilon"": 0.2}",1010,1200,1155,2.1087196829658643e-06,0.2256250534089189,0.1073125423982427,0.2211572466529265,0.360230135095945,93,200,2.150537634408602,46.27454303754207,380.0,"{""T1036 - Defense Evasion: Masquerading"": 93, ""T1498.001 - Impact: Direct Network Flood"": 200, ""T1498.002 - Impact: Reflection/Amplification Attack"": 93, ""T1571 - Defense Evasion: Non-Standard Port"": 115, ""T1583.005 - Resource Development: Acquire Botnet"": 200, ""T1584.005 - Resource Development: Build/Compromise Botnet"": 192, ""T1590 - Reconnaissance: Gather Victim Network Information"": 120, ""T1595 - Reconnaissance: Active Scanning"": 94, ""TA0011 - Command-and-Control"": 93}",11109200,1155
epsilon_greedy_eps0.2,epsilon_greedy_loo_fragility,"{""epsilon"": 0.2}",1010,1798,1753,0.0,0.22470484448919714,0.10282013170083151,0.21987138712593557,0.3602157968474639,199,200,1.0050251256281406,0.41573970964154905,0.0,"{""T1036 - Defense Evasion: Masquerading"": 200, ""T1498.001 - Impact: Direct Network Flood"": 200, ""T1498.002 - Impact: Reflection/Amplification Attack"": 200, ""T1571 - Defense Evasion: Non-Standard Port"": 200, ""T1583.005 - Resource Development: Acquire Botnet"": 200, ""T1584.005 - Resource Development: Build/Compromise Botnet"": 199, ""T1590 - Reconnaissance: Gather Victim Network Information"": 199, ""T1595 - Reconnaissance: Active Scanning"": 200, ""TA0011 - Command-and-Control"": 200}",11109798,1753
exploration_bonus_c0.25,exploration_bonus_loo_fragility,"{""c"": 0.25}",1010,45,0,2.785453143444077e-05,0.2234324552290365,0.1034805841239454,0.21727557083788235,0.3639697523002786,5,5,1.0,0.0,0.0,"{""T1036 - Defense Evasion: Masquerading"": 5, ""T1498.001 - Impact: Direct Network Flood"": 5, ""T1498.002 - Impact: Reflection/Amplification Attack"": 5, ""T1571 - Defense Evasion: Non-Standard Port"": 5, ""T1583.005 - Resource Development: Acquire Botnet"": 5, ""T1584.005 - Resource Development: Build/Compromise Botnet"": 5, ""T1590 - Reconnaissance: Gather Victim Network Information"": 5, ""T1595 - Reconnaissance: Active Scanning"": 5, ""TA0011 - Command-and-Control"": 5}",11108045,0
exploration_bonus_c0.25,exploration_bonus_loo_fragility,"{""c"": 0.25}",1010,90,45,7.362943908155137e-06,0.22430409704295443,0.10498351713414238,0.21918158786687836,0.3605066855654983,5,50,10.0,14.142135623730951,80.0,"{""T1036 - Defense Evasion: Masquerading"": 5, ""T1498.001 - Impact: Direct Network Flood"": 5, ""T1498.002 - Impact: Reflection/Amplification Attack"": 5, ""T1571 - Defense Evasion: Non-Standard Port"": 50, ""T1583.005 - Resource Development: Acquire Botnet"": 5, ""T1584.005 - Resource Development: Build/Compromise Botnet"": 5, ""T1590 - Reconnaissance: Gather Victim Network Information"": 5, ""T1595 - Reconnaissance: Active Scanning"": 5, ""TA0011 - Command-and-Control"": 5}",11108090,45
exploration_bonus_c0.25,exploration_bonus_loo_fragility,"{""c"": 0.25}",1010,180,135,4.962701511683409e-06,0.22387065116551103,0.1060059850096875,0.21982226301596483,0.3562537690852399,5,50,10.0,21.213203435596427,180.0,"{""T1036 - Defense Evasion: Masquerading"": 50, ""T1498.001 - Impact: Direct Network Flood"": 5, ""T1498.002 - Impact: Reflection/Amplification Attack"": 5, ""T1571 - Defense Evasion: Non-Standard Port"": 50, ""T1583.005 - Resource Development: Acquire Botnet"": 5, ""T1584.005 - Resource Development: Build/Compromise Botnet"": 5, ""T1590 - Reconnaissance: Gather Victim Network Information"": 5, ""T1595 - Reconnaissance: Active Scanning"": 5, ""TA0011 - Command-and-Control"": 50}",11108180,135
exploration_bonus_c0.25,exploration_bonus_loo_fragility,"{""c"": 0.25}",1010,360,315,3.916614646193875e-06,0.2245672223737582,0.10531396296746745,0.2203502574983347,0.3574009562049932,5,96,19.2,35.49960876153739,280.0,"{""T1036 - Defense Evasion: Masquerading"": 50, ""T1498.001 - Impact: Direct Network Flood"": 5, ""T1498.002 - Impact: Reflection/Amplification Attack"": 5, ""T1571 - Defense Evasion: Non-Standard Port"": 95, ""T1583.005 - Resource Development: Acquire Botnet"": 49, ""T1584.005 - Resource Development: Build/Compromise Botnet"": 5, ""T1590 - Reconnaissance: Gather Victim Network Information"": 5, ""T1595 - Reconnaissance: Active Scanning"": 96, ""TA0011 - Command-and-Control"": 50}",11108360,315
exploration_bonus_c0.25,exploration_bonus_loo_fragility,"{""c"": 0.25}",1010,720,675,4.240654265513388e-06,0.224025758514145,0.10720886387393103,0.21957443594435938,0.3580250492357866,5,200,40.0,72.5044059963868,542.0,"{""T1036 - Defense Evasion: Masquerading"": 64, ""T1498.001 - Impact: Direct Network Flood"": 5, ""T1498.002 - Impact: Reflection/Amplification Attack"": 5, ""T1571 - Defense Evasion: Non-Standard Port"": 95, ""T1583.005 - Resource Development: Acquire Botnet"": 200, ""T1584.005 - Resource Development: Build/Compromise Botnet"": 5, ""T1590 - Reconnaissance: Gather Victim Network Information"": 96, ""T1595 - Reconnaissance: Active Scanning"": 200, ""TA0011 - Command-and-Control"": 50}",11108720,675
exploration_bonus_c0.25,exploration_bonus_loo_fragility,"{""c"": 0.25}",1010,1200,1155,2.860903118542633e-06,0.224099180256009,0.10559643756791404,0.21915368904702429,0.35682624751555836,6,200,33.333333333333336,77.96580447007949,660.0,"{""T1036 - Defense Evasion: Masquerading"": 200, ""T1498.001 - Impact: Direct Network Flood"": 6, ""T1498.002 - Impact: Reflection/Amplification Attack"": 39, ""T1571 - Defense Evasion: Non-Standard Port"": 107, ""T1583.005 - Resource Development: Acquire Botnet"": 200, ""T1584.005 - Resource Development: Build/Compromise Botnet"": 199, ""T1590 - Reconnaissance: Gather Victim Network Information"": 199, ""T1595 - Reconnaissance: Active Scanning"": 200, ""TA0011 - Command-and-Control"": 50}",11109200,1155
exploration_bonus_c0.25,exploration_bonus_loo_fragility,"{""c"": 0.25}",1010,1798,1753,0.0,0.22470484448919714,0.10282013170083151,0.21987138712593557,0.3602157968474639,199,200,1.0050251256281406,0.41573970964154905,0.0,"{""T1036 - Defense Evasion: Masquerading"": 200, ""T1498.001 - Impact: Direct Network Flood"": 200, ""T1498.002 - Impact: Reflection/Amplification Attack"": 200, ""T1571 - Defense Evasion: Non-Standard Port"": 200, ""T1583.005 - Resource Development: Acquire Botnet"": 200, ""T1584.005 - Resource Development: Build/Compromise Botnet"": 199, ""T1590 - Reconnaissance: Gather Victim Network Information"": 199, ""T1595 - Reconnaissance: Active Scanning"": 200, ""TA0011 - Command-and-Control"": 200}",11109798,1753
exploration_bonus_c0.5,exploration_bonus_loo_fragility,"{""c"": 0.5}",1010,45,0,2.785453143444077e-05,0.2234324552290365,0.1034805841239454,0.21727557083788235,0.3639697523002786,5,5,1.0,0.0,0.0,"{""T1036 - Defense Evasion: Masquerading"": 5, ""T1498.001 - Impact: Direct Network Flood"": 5, ""T1498.002 - Impact: Reflection/Amplification Attack"": 5, ""T1571 - Defense Evasion: Non-Standard Port"": 5, ""T1583.005 - Resource Development: Acquire Botnet"": 5, ""T1584.005 - Resource Development: Build/Compromise Botnet"": 5, ""T1590 - Reconnaissance: Gather Victim Network Information"": 5, ""T1595 - Reconnaissance: Active Scanning"": 5, ""TA0011 - Command-and-Control"": 5}",11108045,0
exploration_bonus_c0.5,exploration_bonus_loo_fragility,"{""c"": 0.5}",1010,90,45,7.362943908155137e-06,0.22430409704295443,0.10498351713414238,0.21918158786687836,0.3605066855654983,5,50,10.0,14.142135623730951,80.0,"{""T1036 - Defense Evasion: Masquerading"": 5, ""T1498.001 - Impact: Direct Network Flood"": 5, ""T1498.002 - Impact: Reflection/Amplification Attack"": 5, ""T1571 - Defense Evasion: Non-Standard Port"": 50, ""T1583.005 - Resource Development: Acquire Botnet"": 5, ""T1584.005 - Resource Development: Build/Compromise Botnet"": 5, ""T1590 - Reconnaissance: Gather Victim Network Information"": 5, ""T1595 - Reconnaissance: Active Scanning"": 5, ""TA0011 - Command-and-Control"": 5}",11108090,45
exploration_bonus_c0.5,exploration_bonus_loo_fragility,"{""c"": 0.5}",1010,180,135,1.03178521046342e-05,0.22268662622974233,0.10626695872419277,0.21787290565508022,0.35416509880745994,5,59,11.8,20.773915267843844,172.0,"{""T1036 - Defense Evasion: Masquerading"": 9, ""T1498.001 - Impact: Direct Network Flood"": 41, ""T1498.002 - Impact: Reflection/Amplification Attack"": 5, ""T1571 - Defense Evasion: Non-Standard Port"": 59, ""T1583.005 - Resource Development: Acquire Botnet"": 5, ""T1584.005 - Resource Development: Build/Compromise Botnet"": 5, ""T1590 - Reconnaissance: Gather Victim Network Information"": 5, ""T1595 - Reconnaissance: Active Scanning"": 5, ""TA0011 - Command-and-Control"": 46}",11108180,135
exploration_bonus_c0.5,exploration_bonus_loo_fragility,"{""c"": 0.5}",1010,360,315,4.132073490486095e-06,0.2237079134830662,0.10419937877489964,0.21945268339502028,0.35684904526173705,5,98,19.6,28.51510321059896,202.0,"{""T1036 - Defense Evasion: Masquerading"": 9, ""T1498.001 - Impact: Direct Network Flood"": 41, ""T1498.002 - Impact: Reflection/Amplification Attack"": 48, ""T1571 - Defense Evasion: Non-Standard Port"": 59, ""T1583.005 - Resource Development: Acquire Botnet"": 49, ""T1584.005 - Resource Development: Build/Compromise Botnet"": 5, ""T1590 - Reconnaissance: Gather Victim Network Information"": 98, ""T1595 - Reconnaissance: Active Scanning"": 5, ""TA0011 - Command-and-Control"": 46}",11108360,315
exploration_bonus_c0.5,exploration_bonus_loo_fragility,"{""c"": 0.5}",1010,720,675,1.0988180444866354e-05,0.22319593685835806,0.10428234167189607,0.21930865041680875,0.3527104359849583,5,199,39.8,62.271805640898016,496.0,"{""T1036 - Defense Evasion: Masquerading"": 9, ""T1498.001 - Impact: Direct Network Flood"": 41, ""T1498.002 - Impact: Reflection/Amplification Attack"": 143, ""T1571 - Defense Evasion: Non-Standard Port"": 59, ""T1583.005 - Resource Development: Acquire Botnet"": 123, ""T1584.005 - Resource Development: Build/Compromise Botnet"": 38, ""T1590 - Reconnaissance: Gather Victim Network Information"": 199, ""T1595 - Reconnaissance: Active Scanning"": 5, ""TA0011 - Command-and-Control"": 103}",11108720,675
exploration_bonus_c0.5,exploration_bonus_loo_fragility,"{""c"": 0.5}",1010,1200,1155,2.2597459750000027e-06,0.22446048426972048,0.10472567097410614,0.21983040548517171,0.3575169384340598,38,200,5.2631578947368425,66.16477747093069,544.0,"{""T1036 - Defense Evasion: Masquerading"": 40, ""T1498.001 - Impact: Direct Network Flood"": 200, ""T1498.002 - Impact: Reflection/Amplification Attack"": 169, ""T1571 - Defense Evasion: Non-Standard Port"": 59, ""T1583.005 - Resource Development: Acquire Botnet"": 123, ""T1584.005 - Resource Development: Build/Compromise Botnet"": 38, ""T1590 - Reconnaissance: Gather Victim Network Information"": 199, ""T1595 - Reconnaissance: Active Scanning"": 200, ""TA0011 - Command-and-Control"": 172}",11109200,1155
exploration_bonus_c0.5,exploration_bonus_loo_fragility,"{""c"": 0.5}",1010,1798,1753,0.0,0.22470484448919714,0.10282013170083151,0.21987138712593557,0.3602157968474639,199,200,1.0050251256281406,0.41573970964154905,0.0,"{""T1036 - Defense Evasion: Masquerading"": 200, ""T1498.001 - Impact: Direct Network Flood"": 200, ""T1498.002 - Impact: Reflection/Amplification Attack"": 200, ""T1571 - Defense Evasion: Non-Standard Port"": 200, ""T1583.005 - Resource Development: Acquire Botnet"": 200, ""T1584.005 - Resource Development: Build/Compromise Botnet"": 199, ""T1590 - Reconnaissance: Gather Victim Network Information"": 199, ""T1595 - Reconnaissance: Active Scanning"": 200, ""TA0011 - Command-and-Control"": 200}",11109798,1753
exploration_bonus_c1.0,exploration_bonus_loo_fragility,"{""c"": 1.0}",1010,45,0,2.785453143444077e-05,0.2234324552290365,0.1034805841239454,0.21727557083788235,0.3639697523002786,5,5,1.0,0.0,0.0,"{""T1036 - Defense Evasion: Masquerading"": 5, ""T1498.001 - Impact: Direct Network Flood"": 5, ""T1498.002 - Impact: Reflection/Amplification Attack"": 5, ""T1571 - Defense Evasion: Non-Standard Port"": 5, ""T1583.005 - Resource Development: Acquire Botnet"": 5, ""T1584.005 - Resource Development: Build/Compromise Botnet"": 5, ""T1590 - Reconnaissance: Gather Victim Network Information"": 5, ""T1595 - Reconnaissance: Active Scanning"": 5, ""TA0011 - Command-and-Control"": 5}",11108045,0
exploration_bonus_c1.0,exploration_bonus_loo_fragility,"{""c"": 1.0}",1010,90,45,7.362943908155137e-06,0.22430409704295443,0.10498351713414238,0.21918158786687836,0.3605066855654983,5,50,10.0,14.142135623730951,80.0,"{""T1036 - Defense Evasion: Masquerading"": 5, ""T1498.001 - Impact: Direct Network Flood"": 5, ""T1498.002 - Impact: Reflection/Amplification Attack"": 5, ""T1571 - Defense Evasion: Non-Standard Port"": 50, ""T1583.005 - Resource Development: Acquire Botnet"": 5, ""T1584.005 - Resource Development: Build/Compromise Botnet"": 5, ""T1590 - Reconnaissance: Gather Victim Network Information"": 5, ""T1595 - Reconnaissance: Active Scanning"": 5, ""TA0011 - Command-and-Control"": 5}",11108090,45
exploration_bonus_c1.0,exploration_bonus_loo_fragility,"{""c"": 1.0}",1010,180,135,6.134440953783321e-06,0.22380948531427344,0.10715280368643565,0.2189393299511363,0.3562507639903018,5,50,10.0,17.480147469502526,150.0,"{""T1036 - Defense Evasion: Masquerading"": 30, ""T1498.001 - Impact: Direct Network Flood"": 5, ""T1498.002 - Impact: Reflection/Amplification Attack"": 5, ""T1571 - Defense Evasion: Non-Standard Port"": 50, ""T1583.005 - Resource Development: Acquire Botnet"": 5, ""T1584.005 - Resource Development: Build/Compromise Botnet"": 35, ""T1590 - Reconnaissance: Gather Victim Network Information"": 5, ""T1595 - Reconnaissance: Active Scanning"": 5, ""TA0011 - Command-and-Control"": 40}",11108180,135
exploration_bonus_c1.0,exploration_bonus_loo_fragility,"{""c"": 1.0}",1010,360,315,8.775868327767572e-06,0.22490024208699988,0.1070203047550383,0.22071578377032955,0.3552313502648778,5,94,18.8,29.821692328460056,208.0,"{""T1036 - Defense Evasion: Masquerading"": 30, ""T1498.001 - Impact: Direct Network Flood"": 10, ""T1498.002 - Impact: Reflection/Amplification Attack"": 5, ""T1571 - Defense Evasion: Non-Standard Port"": 94, ""T1583.005 - Resource Development: Acquire Botnet"": 23, ""T1584.005 - Resource Development: Build/Compromise Botnet"": 35, ""T1590 - Reconnaissance: Gather Victim Network Information"": 90, ""T1595 - Reconnaissance: Active Scanning"": 33, ""TA0011 - Command-and-Control"": 40}",11108360,315
exploration_bonus_c1.0,exploration_bonus_loo_fragility,"{""c"": 1.0}",1010,720,675,1.0134582672590092e-05,0.22396497146497446,0.105613320897221,0.21990960301581458,0.35562101939596813,10,189,18.9,49.85088876952056,338.0,"{""T1036 - Defense Evasion: Masquerading"": 64, ""T1498.001 - Impact: Direct Network Flood"": 23, ""T1498.002 - Impact: Reflection/Amplification Attack"": 10, ""T1571 - Defense Evasion: Non-Standard Port"": 94, ""T1583.005 - Resource Development: Acquire Botnet"": 91, ""T1584.005 - Resource Development: Build/Compromise Botnet"": 77, ""T1590 - Reconnaissance: Gather Victim Network Information"": 115, ""T1595 - Reconnaissance: Active Scanning"": 189, ""TA0011 - Command-and-Control"": 57}",11108720,675
exploration_bonus_c1.0,exploration_bonus_loo_fragility,"{""c"": 1.0}",1010,1200,1155,3.2613308980557984e-06,0.22510687335250565,0.10355691919198026,0.2206467874740155,0.36059753214775064,36,200,5.555555555555555,62.103855668459815,526.0,"{""T1036 - Defense Evasion: Masquerading"": 72, ""T1498.001 - Impact: Direct Network Flood"": 110, ""T1498.002 - Impact: Reflection/Amplification Attack"": 36, ""T1571 - Defense Evasion: Non-Standard Port"": 200, ""T1583.005 - Resource Development: Acquire Botnet"": 91, ""T1584.005 - Resource Development: Build/Compromise Botnet"": 199, ""T1590 - Reconnaissance: Gather Victim Network Information"": 199, ""T1595 - Reconnaissance: Active Scanning"": 200, ""TA0011 - Command-and-Control"": 93}",11109200,1155
exploration_bonus_c1.0,exploration_bonus_loo_fragility,"{""c"": 1.0}",1010,1798,1753,0.0,0.22470484448919714,0.10282013170083151,0.21987138712593557,0.3602157968474639,199,200,1.0050251256281406,0.41573970964154905,0.0,"{""T1036 - Defense Evasion: Masquerading"": 200, ""T1498.001 - Impact: Direct Network Flood"": 200, ""T1498.002 - Impact: Reflection/Amplification Attack"": 200, ""T1571 - Defense Evasion: Non-Standard Port"": 200, ""T1583.005 - Resource Development: Acquire Botnet"": 200, ""T1584.005 - Resource Development: Build/Compromise Botnet"": 199, ""T1590 - Reconnaissance: Gather Victim Network Information"": 199, ""T1595 - Reconnaissance: Active Scanning"": 200, ""TA0011 - Command-and-Control"": 200}",11109798,1753
uniform_step_balanced,uniform_step_balanced,{},1111,45,0,5.372876920076738e-05,0.23087015123196733,0.11868789474271858,0.22402426840112782,0.36920974403826445,5,5,1.0,0.0,0.0,"{""T1036 - Defense Evasion: Masquerading"": 5, ""T1498.001 - Impact: Direct Network Flood"": 5, ""T1498.002 - Impact: Reflection/Amplification Attack"": 5, ""T1571 - Defense Evasion: Non-Standard Port"": 5, ""T1583.005 - Resource Development: Acquire Botnet"": 5, ""T1584.005 - Resource Development: Build/Compromise Botnet"": 5, ""T1590 - Reconnaissance: Gather Victim Network Information"": 5, ""T1595 - Reconnaissance: Active Scanning"": 5, ""TA0011 - Command-and-Control"": 5}",12118045,0
uniform_step_balanced,uniform_step_balanced,{},1111,90,45,3.2175782161492634e-06,0.22613860589303375,0.10524360773778352,0.22184257365360965,0.35891493729396984,10,10,1.0,0.0,0.0,"{""T1036 - Defense Evasion: Masquerading"": 10, ""T1498.001 - Impact: Direct Network Flood"": 10, ""T1498.002 - Impact: Reflection/Amplification Attack"": 10, ""T1571 - Defense Evasion: Non-Standard Port"": 10, ""T1583.005 - Resource Development: Acquire Botnet"": 10, ""T1584.005 - Resource Development: Build/Compromise Botnet"": 10, ""T1590 - Reconnaissance: Gather Victim Network Information"": 10, ""T1595 - Reconnaissance: Active Scanning"": 10, ""TA0011 - Command-and-Control"": 10}",12118090,45
uniform_step_balanced,uniform_step_balanced,{},1111,180,135,5.2534039956715436e-06,0.22310439271023483,0.10371792152385038,0.21862946120774376,0.35667267731771723,20,20,1.0,0.0,0.0,"{""T1036 - Defense Evasion: Masquerading"": 20, ""T1498.001 - Impact: Direct Network Flood"": 20, ""T1498.002 - Impact: Reflection/Amplification Attack"": 20, ""T1571 - Defense Evasion: Non-Standard Port"": 20, ""T1583.005 - Resource Development: Acquire Botnet"": 20, ""T1584.005 - Resource Development: Build/Compromise Botnet"": 20, ""T1590 - Reconnaissance: Gather Victim Network Information"": 20, ""T1595 - Reconnaissance: Active Scanning"": 20, ""TA0011 - Command-and-Control"": 20}",12118180,135
uniform_step_balanced,uniform_step_balanced,{},1111,360,315,2.642344403460412e-06,0.22377283901885045,0.10260888082860385,0.21999298501471082,0.3565249076060458,40,40,1.0,0.0,0.0,"{""T1036 - Defense Evasion: Masquerading"": 40, ""T1498.001 - Impact: Direct Network Flood"": 40, ""T1498.002 - Impact: Reflection/Amplification Attack"": 40, ""T1571 - Defense Evasion: Non-Standard Port"": 40, ""T1583.005 - Resource Development: Acquire Botnet"": 40, ""T1584.005 - Resource Development: Build/Compromise Botnet"": 40, ""T1590 - Reconnaissance: Gather Victim Network Information"": 40, ""T1595 - Reconnaissance: Active Scanning"": 40, ""TA0011 - Command-and-Control"": 40}",12118360,315
uniform_step_balanced,uniform_step_balanced,{},1111,720,675,7.872533945176518e-06,0.2271054569141953,0.10582161789352956,0.22211042070237225,0.3643717159602146,80,80,1.0,0.0,0.0,"{""T1036 - Defense Evasion: Masquerading"": 80, ""T1498.001 - Impact: Direct Network Flood"": 80, ""T1498.002 - Impact: Reflection/Amplification Attack"": 80, ""T1571 - Defense Evasion: Non-Standard Port"": 80, ""T1583.005 - Resource Development: Acquire Botnet"": 80, ""T1584.005 - Resource Development: Build/Compromise Botnet"": 80, ""T1590 - Reconnaissance: Gather Victim Network Information"": 80, ""T1595 - Reconnaissance: Active Scanning"": 80, ""TA0011 - Command-and-Control"": 80}",12118720,675
uniform_step_balanced,uniform_step_balanced,{},1111,1200,1155,6.876477770137083e-06,0.22595446177425543,0.10323482768778651,0.2218608142042981,0.3619197818018652,133,134,1.0075187969924813,0.4714045207910317,0.0,"{""T1036 - Defense Evasion: Masquerading"": 134, ""T1498.001 - Impact: Direct Network Flood"": 134, ""T1498.002 - Impact: Reflection/Amplification Attack"": 133, ""T1571 - Defense Evasion: Non-Standard Port"": 133, ""T1583.005 - Resource Development: Acquire Botnet"": 134, ""T1584.005 - Resource Development: Build/Compromise Botnet"": 133, ""T1590 - Reconnaissance: Gather Victim Network Information"": 133, ""T1595 - Reconnaissance: Active Scanning"": 133, ""TA0011 - Command-and-Control"": 133}",12119200,1155
uniform_step_balanced,uniform_step_balanced,{},1111,1798,1753,0.0,0.22470484448919714,0.10282013170083151,0.21987138712593557,0.3602157968474639,199,200,1.0050251256281406,0.41573970964154905,0.0,"{""T1036 - Defense Evasion: Masquerading"": 200, ""T1498.001 - Impact: Direct Network Flood"": 200, ""T1498.002 - Impact: Reflection/Amplification Attack"": 200, ""T1571 - Defense Evasion: Non-Standard Port"": 200, ""T1583.005 - Resource Development: Acquire Botnet"": 200, ""T1584.005 - Resource Development: Build/Compromise Botnet"": 199, ""T1590 - Reconnaissance: Gather Victim Network Information"": 199, ""T1595 - Reconnaissance: Active Scanning"": 200, ""TA0011 - Command-and-Control"": 200}",12119798,1753
greedy_loo_fragility,greedy_loo_fragility,{},1111,45,0,5.372876920076738e-05,0.23087015123196733,0.11868789474271858,0.22402426840112782,0.36920974403826445,5,5,1.0,0.0,0.0,"{""T1036 - Defense Evasion: Masquerading"": 5, ""T1498.001 - Impact: Direct Network Flood"": 5, ""T1498.002 - Impact: Reflection/Amplification Attack"": 5, ""T1571 - Defense Evasion: Non-Standard Port"": 5, ""T1583.005 - Resource Development: Acquire Botnet"": 5, ""T1584.005 - Resource Development: Build/Compromise Botnet"": 5, ""T1590 - Reconnaissance: Gather Victim Network Information"": 5, ""T1595 - Reconnaissance: Active Scanning"": 5, ""TA0011 - Command-and-Control"": 5}",12118045,0
greedy_loo_fragility,greedy_loo_fragility,{},1111,90,45,2.277444402766279e-06,0.2248205334641524,0.10395444152311807,0.2208677306445253,0.3588102324710574,5,50,10.0,14.142135623730951,80.0,"{""T1036 - Defense Evasion: Masquerading"": 5, ""T1498.001 - Impact: Direct Network Flood"": 5, ""T1498.002 - Impact: Reflection/Amplification Attack"": 5, ""T1571 - Defense Evasion: Non-Standard Port"": 50, ""T1583.005 - Resource Development: Acquire Botnet"": 5, ""T1584.005 - Resource Development: Build/Compromise Botnet"": 5, ""T1590 - Reconnaissance: Gather Victim Network Information"": 5, ""T1595 - Reconnaissance: Active Scanning"": 5, ""TA0011 - Command-and-Control"": 5}",12118090,45
greedy_loo_fragility,greedy_loo_fragility,{},1111,180,135,7.62546785035822e-07,0.2251927473558628,0.10309054368097544,0.2199271513061493,0.3609046289004535,5,95,19.0,30.0,210.0,"{""T1036 - Defense Evasion: Masquerading"": 5, ""T1498.001 - Impact: Direct Network Flood"": 5, ""T1498.002 - Impact: Reflection/Amplification Attack"": 5, ""T1571 - Defense Evasion: Non-Standard Port"": 95, ""T1583.005 - Resource Development: Acquire Botnet"": 5, ""T1584.005 - Resource Development: Build/Compromise Botnet"": 5, ""T1590 - Reconnaissance: Gather Victim Network Information"": 50, ""T1595 - Reconnaissance: Active Scanning"": 5, ""TA0011 - Command-and-Control"": 5}",12118180,135
greedy_loo_fragility,greedy_loo_fragility,{},1111,360,315,8.487016367313443e-06,0.2269239691766985,0.10474747451311646,0.22290610623656315,0.3610954902672032,5,95,19.0,41.23105625617661,350.0,"{""T1036 - Defense Evasion: Masquerading"": 95, ""T1498.001 - Impact: Direct Network Flood"": 95, ""T1498.002 - Impact: Reflection/Amplification Attack"": 5, ""T1571 - Defense Evasion: Non-Standard Port"": 95, ""T1583.005 - Resource Development: Acquire Botnet"": 5, ""T1584.005 - Resource Development: Build/Compromise Botnet"": 5, ""T1590 - Reconnaissance: Gather Victim Network Information"": 50, ""T1595 - Reconnaissance: Active Scanning"": 5, ""TA0011 - Command-and-Control"": 5}",12118360,315
greedy_loo_fragility,greedy_loo_fragility,{},1111,720,675,6.40345649287174e-06,0.22641540419786588,0.10332309436359802,0.22103260606533293,0.36289635271053705,5,200,40.0,69.2820323027551,510.0,"{""T1036 - Defense Evasion: Masquerading"": 200, ""T1498.001 - Impact: Direct Network Flood"": 200, ""T1498.002 - Impact: Reflection/Amplification Attack"": 50, ""T1571 - Defense Evasion: Non-Standard Port"": 95, ""T1583.005 - Resource Development: Acquire Botnet"": 5, ""T1584.005 - Resource Development: Build/Compromise Botnet"": 65, ""T1590 - Reconnaissance: Gather Victim Network Information"": 50, ""T1595 - Reconnaissance: Active Scanning"": 5, ""TA0011 - Command-and-Control"": 50}",12118720,675
greedy_loo_fragility,greedy_loo_fragility,{},1111,1200,1155,5.023883819831622e-06,0.22645049409629087,0.10291803053921156,0.22169005905340705,0.3625079851022529,35,200,5.714285714285714,67.62313870923833,540.0,"{""T1036 - Defense Evasion: Masquerading"": 200, ""T1498.001 - Impact: Direct Network Flood"": 200, ""T1498.002 - Impact: Reflection/Amplification Attack"": 127, ""T1571 - Defense Evasion: Non-Standard Port"": 140, ""T1583.005 - Resource Development: Acquire Botnet"": 50, ""T1584.005 - Resource Development: Build/Compromise Botnet"": 199, ""T1590 - Reconnaissance: Gather Victim Network Information"": 199, ""T1595 - Reconnaissance: Active Scanning"": 35, ""TA0011 - Command-and-Control"": 50}",12119200,1155
greedy_loo_fragility,greedy_loo_fragility,{},1111,1798,1753,0.0,0.22470484448919714,0.10282013170083151,0.21987138712593557,0.3602157968474639,199,200,1.0050251256281406,0.41573970964154905,0.0,"{""T1036 - Defense Evasion: Masquerading"": 200, ""T1498.001 - Impact: Direct Network Flood"": 200, ""T1498.002 - Impact: Reflection/Amplification Attack"": 200, ""T1571 - Defense Evasion: Non-Standard Port"": 200, ""T1583.005 - Resource Development: Acquire Botnet"": 200, ""T1584.005 - Resource Development: Build/Compromise Botnet"": 199, ""T1590 - Reconnaissance: Gather Victim Network Information"": 199, ""T1595 - Reconnaissance: Active Scanning"": 200, ""TA0011 - Command-and-Control"": 200}",12119798,1753
epsilon_greedy_eps0.2,epsilon_greedy_loo_fragility,"{""epsilon"": 0.2}",1111,45,0,5.372876920076738e-05,0.23087015123196733,0.11868789474271858,0.22402426840112782,0.36920974403826445,5,5,1.0,0.0,0.0,"{""T1036 - Defense Evasion: Masquerading"": 5, ""T1498.001 - Impact: Direct Network Flood"": 5, ""T1498.002 - Impact: Reflection/Amplification Attack"": 5, ""T1571 - Defense Evasion: Non-Standard Port"": 5, ""T1583.005 - Resource Development: Acquire Botnet"": 5, ""T1584.005 - Resource Development: Build/Compromise Botnet"": 5, ""T1590 - Reconnaissance: Gather Victim Network Information"": 5, ""T1595 - Reconnaissance: Active Scanning"": 5, ""TA0011 - Command-and-Control"": 5}",12118045,0
epsilon_greedy_eps0.2,epsilon_greedy_loo_fragility,"{""epsilon"": 0.2}",1111,90,45,1.3964283716329229e-05,0.22246326541035463,0.10506332957638781,0.2183658312665684,0.35247772280450196,5,45,9.0,12.382783747337808,70.0,"{""T1036 - Defense Evasion: Masquerading"": 5, ""T1498.001 - Impact: Direct Network Flood"": 6, ""T1498.002 - Impact: Reflection/Amplification Attack"": 6, ""T1571 - Defense Evasion: Non-Standard Port"": 45, ""T1583.005 - Resource Development: Acquire Botnet"": 6, ""T1584.005 - Resource Development: Build/Compromise Botnet"": 6, ""T1590 - Reconnaissance: Gather Victim Network Information"": 5, ""T1595 - Reconnaissance: Active Scanning"": 5, ""TA0011 - Command-and-Control"": 6}",12118090,45
epsilon_greedy_eps0.2,epsilon_greedy_loo_fragility,"{""epsilon"": 0.2}",1111,180,135,4.682768639703644e-06,0.22464928791536382,0.10627863937752456,0.21907049211098992,0.35971118753524906,7,81,11.571428571428571,24.50396793265214,172.0,"{""T1036 - Defense Evasion: Masquerading"": 7, ""T1498.001 - Impact: Direct Network Flood"": 8, ""T1498.002 - Impact: Reflection/Amplification Attack"": 8, ""T1571 - Defense Evasion: Non-Standard Port"": 45, ""T1583.005 - Resource Development: Acquire Botnet"": 8, ""T1584.005 - Resource Development: Build/Compromise Botnet"": 8, ""T1590 - Reconnaissance: Gather Victim Network Information"": 8, ""T1595 - Reconnaissance: Active Scanning"": 7, ""TA0011 - Command-and-Control"": 81}",12118180,135
epsilon_greedy_eps0.2,epsilon_greedy_loo_fragility,"{""epsilon"": 0.2}",1111,360,315,9.371917197805533e-06,0.22317513321315702,0.10565599681427268,0.218989654348464,0.3543436458045327,13,118,9.076923076923077,42.02644669993196,316.0,"{""T1036 - Defense Evasion: Masquerading"": 13, ""T1498.001 - Impact: Direct Network Flood"": 14, ""T1498.002 - Impact: Reflection/Amplification Attack"": 14, ""T1571 - Defense Evasion: Non-Standard Port"": 45, ""T1583.005 - Resource Development: Acquire Botnet"": 115, ""T1584.005 - Resource Development: Build/Compromise Botnet"": 14, ""T1590 - Reconnaissance: Gather Victim Network Information"": 13, ""T1595 - Reconnaissance: Active Scanning"": 14, ""TA0011 - Command-and-Control"": 118}",12118360,315
epsilon_greedy_eps0.2,epsilon_greedy_loo_fragility,"{""epsilon"": 0.2}",1111,720,675,9.23694162836778e-06,0.22627708827396373,0.10574379585344451,0.22133127012165504,0.3621327247232907,28,200,7.142857142857143,57.24217559340898,450.0,"{""T1036 - Defense Evasion: Masquerading"": 127, ""T1498.001 - Impact: Direct Network Flood"": 28, ""T1498.002 - Impact: Reflection/Amplification Attack"": 28, ""T1571 - Defense Evasion: Non-Standard Port"": 100, ""T1583.005 - Resource Development: Acquire Botnet"": 200, ""T1584.005 - Resource Development: Build/Compromise Botnet"": 29, ""T1590 - Reconnaissance: Gather Victim Network Information"": 28, ""T1595 - Reconnaissance: Active Scanning"": 62, ""TA0011 - Command-and-Control"": 118}",12118720,675
epsilon_greedy_eps0.2,epsilon_greedy_loo_fragility,"{""epsilon"": 0.2}",1111,1200,1155,3.4364260013150234e-06,0.22610196519018058,0.10421670114321765,0.22096092420438382,0.3633328436660827,82,200,2.4390243902439024,42.21900572543655,324.0,"{""T1036 - Defense Evasion: Masquerading"": 198, ""T1498.001 - Impact: Direct Network Flood"": 82, ""T1498.002 - Impact: Reflection/Amplification Attack"": 126, ""T1571 - Defense Evasion: Non-Standard Port"": 123, ""T1583.005 - Resource Development: Acquire Botnet"": 200, ""T1584.005 - Resource Development: Build/Compromise Botnet"": 85, ""T1590 - Reconnaissance: Gather Victim Network Information"": 102, ""T1595 - Reconnaissance: Active Scanning"": 166, ""TA0011 - Command-and-Control"": 118}",12119200,1155
epsilon_greedy_eps0.2,epsilon_greedy_loo_fragility,"{""epsilon"": 0.2}",1111,1798,1753,0.0,0.22470484448919714,0.10282013170083151,0.21987138712593557,0.3602157968474639,199,200,1.0050251256281406,0.41573970964154905,0.0,"{""T1036 - Defense Evasion: Masquerading"": 200, ""T1498.001 - Impact: Direct Network Flood"": 200, ""T1498.002 - Impact: Reflection/Amplification Attack"": 200, ""T1571 - Defense Evasion: Non-Standard Port"": 200, ""T1583.005 - Resource Development: Acquire Botnet"": 200, ""T1584.005 - Resource Development: Build/Compromise Botnet"": 199, ""T1590 - Reconnaissance: Gather Victim Network Information"": 199, ""T1595 - Reconnaissance: Active Scanning"": 200, ""TA0011 - Command-and-Control"": 200}",12119798,1753
exploration_bonus_c0.25,exploration_bonus_loo_fragility,"{""c"": 0.25}",1111,45,0,5.372876920076738e-05,0.23087015123196733,0.11868789474271858,0.22402426840112782,0.36920974403826445,5,5,1.0,0.0,0.0,"{""T1036 - Defense Evasion: Masquerading"": 5, ""T1498.001 - Impact: Direct Network Flood"": 5, ""T1498.002 - Impact: Reflection/Amplification Attack"": 5, ""T1571 - Defense Evasion: Non-Standard Port"": 5, ""T1583.005 - Resource Development: Acquire Botnet"": 5, ""T1584.005 - Resource Development: Build/Compromise Botnet"": 5, ""T1590 - Reconnaissance: Gather Victim Network Information"": 5, ""T1595 - Reconnaissance: Active Scanning"": 5, ""TA0011 - Command-and-Control"": 5}",12118045,0
exploration_bonus_c0.25,exploration_bonus_loo_fragility,"{""c"": 0.25}",1111,90,45,2.277444402766279e-06,0.2248205334641524,0.10395444152311807,0.2208677306445253,0.3588102324710574,5,50,10.0,14.142135623730951,80.0,"{""T1036 - Defense Evasion: Masquerading"": 5, ""T1498.001 - Impact: Direct Network Flood"": 5, ""T1498.002 - Impact: Reflection/Amplification Attack"": 5, ""T1571 - Defense Evasion: Non-Standard Port"": 50, ""T1583.005 - Resource Development: Acquire Botnet"": 5, ""T1584.005 - Resource Development: Build/Compromise Botnet"": 5, ""T1590 - Reconnaissance: Gather Victim Network Information"": 5, ""T1595 - Reconnaissance: Active Scanning"": 5, ""TA0011 - Command-and-Control"": 5}",12118090,45
exploration_bonus_c0.25,exploration_bonus_loo_fragility,"{""c"": 0.25}",1111,180,135,1.2153688721822315e-05,0.22739897935423065,0.10764686770459637,0.22252686664465027,0.36065566921313374,5,92,18.4,29.017236257093817,204.0,"{""T1036 - Defense Evasion: Masquerading"": 5, ""T1498.001 - Impact: Direct Network Flood"": 5, ""T1498.002 - Impact: Reflection/Amplification Attack"": 5, ""T1571 - Defense Evasion: Non-Standard Port"": 92, ""T1583.005 - Resource Development: Acquire Botnet"": 5, ""T1584.005 - Resource Development: Build/Compromise Botnet"": 5, ""T1590 - Reconnaissance: Gather Victim Network Information"": 50, ""T1595 - Reconnaissance: Active Scanning"": 5, ""TA0011 - Command-and-Control"": 8}",12118180,135
exploration_bonus_c0.25,exploration_bonus_loo_fragility,"{""c"": 0.25}",1111,360,315,9.585147842740451e-06,0.22720962557064667,0.10628205544299114,0.22263093076271956,0.36239281503225645,5,134,26.8,38.852999312222416,262.0,"{""T1036 - Defense Evasion: Masquerading"": 11, ""T1498.001 - Impact: Direct Network Flood"": 6, ""T1498.002 - Impact: Reflection/Amplification Attack"": 5, ""T1571 - Defense Evasion: Non-Standard Port"": 134, ""T1583.005 - Resource Development: Acquire Botnet"": 41, ""T1584.005 - Resource Development: Build/Compromise Botnet"": 53, ""T1590 - Reconnaissance: Gather Victim Network Information"": 50, ""T1595 - Reconnaissance: Active Scanning"": 7, ""TA0011 - Command-and-Control"": 53}",12118360,315
exploration_bonus_c0.25,exploration_bonus_loo_fragility,"{""c"": 0.25}",1111,720,675,3.4722683021197203e-06,0.22641273648168714,0.1048309482430393,0.2217604812961121,0.3614890629150773,35,200,5.714285714285714,49.39635614091387,352.0,"{""T1036 - Defense Evasion: Masquerading"": 102, ""T1498.001 - Impact: Direct Network Flood"": 35, ""T1498.002 - Impact: Reflection/Amplification Attack"": 50, ""T1571 - Defense Evasion: Non-Standard Port"": 200, ""T1583.005 - Resource Development: Acquire Botnet"": 41, ""T1584.005 - Resource Development: Build/Compromise Botnet"": 104, ""T1590 - Reconnaissance: Gather Victim Network Information"": 90, ""T1595 - Reconnaissance: Active Scanning"": 45, ""TA0011 - Command-and-Control"": 53}",12118720,675
exploration_bonus_c0.25,exploration_bonus_loo_fragility,"{""c"": 0.25}",1111,1200,1155,1.9312004312371885e-06,0.22574718038389102,0.10452268581653985,0.22096764350962178,0.36226868884342206,35,200,5.714285714285714,53.826882998491875,398.0,"{""T1036 - Defense Evasion: Masquerading"": 135, ""T1498.001 - Impact: Direct Network Flood"": 35, ""T1498.002 - Impact: Reflection/Amplification Attack"": 122, ""T1571 - Defense Evasion: Non-Standard Port"": 200, ""T1583.005 - Resource Development: Acquire Botnet"": 115, ""T1584.005 - Resource Development: Build/Compromise Botnet"": 104, ""T1590 - Reconnaissance: Gather Victim Network Information"": 199, ""T1595 - Reconnaissance: Active Scanning"": 200, ""TA0011 - Command-and-Control"": 90}",12119200,1155
exploration_bonus_c0.25,exploration_bonus_loo_fragility,"{""c"": 0.25}",1111,1798,1753,0.0,0.22470484448919714,0.10282013170083151,0.21987138712593557,0.3602157968474639,199,200,1.0050251256281406,0.41573970964154905,0.0,"{""T1036 - Defense Evasion: Masquerading"": 200, ""T1498.001 - Impact: Direct Network Flood"": 200, ""T1498.002 - Impact: Reflection/Amplification Attack"": 200, ""T1571 - Defense Evasion: Non-Standard Port"": 200, ""T1583.005 - Resource Development: Acquire Botnet"": 200, ""T1584.005 - Resource Development: Build/Compromise Botnet"": 199, ""T1590 - Reconnaissance: Gather Victim Network Information"": 199, ""T1595 - Reconnaissance: Active Scanning"": 200, ""TA0011 - Command-and-Control"": 200}",12119798,1753
exploration_bonus_c0.5,exploration_bonus_loo_fragility,"{""c"": 0.5}",1111,45,0,5.372876920076738e-05,0.23087015123196733,0.11868789474271858,0.22402426840112782,0.36920974403826445,5,5,1.0,0.0,0.0,"{""T1036 - Defense Evasion: Masquerading"": 5, ""T1498.001 - Impact: Direct Network Flood"": 5, ""T1498.002 - Impact: Reflection/Amplification Attack"": 5, ""T1571 - Defense Evasion: Non-Standard Port"": 5, ""T1583.005 - Resource Development: Acquire Botnet"": 5, ""T1584.005 - Resource Development: Build/Compromise Botnet"": 5, ""T1590 - Reconnaissance: Gather Victim Network Information"": 5, ""T1595 - Reconnaissance: Active Scanning"": 5, ""TA0011 - Command-and-Control"": 5}",12118045,0
exploration_bonus_c0.5,exploration_bonus_loo_fragility,"{""c"": 0.5}",1111,90,45,2.277444402766279e-06,0.2248205334641524,0.10395444152311807,0.2208677306445253,0.3588102324710574,5,50,10.0,14.142135623730951,80.0,"{""T1036 - Defense Evasion: Masquerading"": 5, ""T1498.001 - Impact: Direct Network Flood"": 5, ""T1498.002 - Impact: Reflection/Amplification Attack"": 5, ""T1571 - Defense Evasion: Non-Standard Port"": 50, ""T1583.005 - Resource Development: Acquire Botnet"": 5, ""T1584.005 - Resource Development: Build/Compromise Botnet"": 5, ""T1590 - Reconnaissance: Gather Victim Network Information"": 5, ""T1595 - Reconnaissance: Active Scanning"": 5, ""TA0011 - Command-and-Control"": 5}",12118090,45
exploration_bonus_c0.5,exploration_bonus_loo_fragility,"{""c"": 0.5}",1111,180,135,4.261263199685852e-06,0.2262217602560202,0.10393098288109687,0.22125295167112458,0.36414289861109,5,78,15.6,24.752104287649296,176.0,"{""T1036 - Defense Evasion: Masquerading"": 5, ""T1498.001 - Impact: Direct Network Flood"": 5, ""T1498.002 - Impact: Reflection/Amplification Attack"": 5, ""T1571 - Defense Evasion: Non-Standard Port"": 78, ""T1583.005 - Resource Development: Acquire Botnet"": 5, ""T1584.005 - Resource Development: Build/Compromise Botnet"": 5, ""T1590 - Reconnaissance: Gather Victim Network Information"": 50, ""T1595 - Reconnaissance: Active Scanning"": 9, ""TA0011 - Command-and-Control"": 18}",12118180,135
exploration_bonus_c0.5,exploration_bonus_loo_fragility,"{""c"": 0.5}",1111,360,315,4.787215142392149e-06,0.22660557234570652,0.10425772650269517,0.22201510208964292,0.36135181728292876,5,154,30.8,47.0507999695837,324.0,"{""T1036 - Defense Evasion: Masquerading"": 5, ""T1498.001 - Impact: Direct Network Flood"": 5, ""T1498.002 - Impact: Reflection/Amplification Attack"": 5, ""T1571 - Defense Evasion: Non-Standard Port"": 78, ""T1583.005 - Resource Development: Acquire Botnet"": 5, ""T1584.005 - Resource Development: Build/Compromise Botnet"": 154, ""T1590 - Reconnaissance: Gather Victim Network Information"": 50, ""T1595 - Reconnaissance: Active Scanning"": 40, ""TA0011 - Command-and-Control"": 18}",12118360,315
exploration_bonus_c0.5,exploration_bonus_loo_fragility,"{""c"": 0.5}",1111,720,675,8.956954083298633e-06,0.22744389800055556,0.1052791795719944,0.22234764705362486,0.36413140679503875,9,199,22.11111111111111,65.87530307752334,494.0,"{""T1036 - Defense Evasion: Masquerading"": 9, ""T1498.001 - Impact: Direct Network Flood"": 49, ""T1498.002 - Impact: Reflection/Amplification Attack"": 40, ""T1571 - Defense Evasion: Non-Standard Port"": 78, ""T1583.005 - Resource Development: Acquire Botnet"": 17, ""T1584.005 - Resource Development: Build/Compromise Botnet"": 199, ""T1590 - Reconnaissance: Gather Victim Network Information"": 186, ""T1595 - Reconnaissance: Active Scanning"": 40, ""TA0011 - Command-and-Control"": 102}",12118720,675
exploration_bonus_c0.5,exploration_bonus_loo_fragility,"{""c"": 0.5}",1111,1200,1155,6.67769859165518e-06,0.22706514858262827,0.10546900104064967,0.22152404534260323,0.36175900035442593,40,200,5.0,59.47174866177124,450.0,"{""T1036 - Defense Evasion: Masquerading"": 155, ""T1498.001 - Impact: Direct Network Flood"": 109, ""T1498.002 - Impact: Reflection/Amplification Attack"": 40, ""T1571 - Defense Evasion: Non-Standard Port"": 140, ""T1583.005 - Resource Development: Acquire Botnet"": 200, ""T1584.005 - Resource Development: Build/Compromise Botnet"": 199, ""T1590 - Reconnaissance: Gather Victim Network Information"": 199, ""T1595 - Reconnaissance: Active Scanning"": 40, ""TA0011 - Command-and-Control"": 118}",12119200,1155
exploration_bonus_c0.5,exploration_bonus_loo_fragility,"{""c"": 0.5}",1111,1798,1753,0.0,0.22470484448919714,0.10282013170083151,0.21987138712593557,0.3602157968474639,199,200,1.0050251256281406,0.41573970964154905,0.0,"{""T1036 - Defense Evasion: Masquerading"": 200, ""T1498.001 - Impact: Direct Network Flood"": 200, ""T1498.002 - Impact: Reflection/Amplification Attack"": 200, ""T1571 - Defense Evasion: Non-Standard Port"": 200, ""T1583.005 - Resource Development: Acquire Botnet"": 200, ""T1584.005 - Resource Development: Build/Compromise Botnet"": 199, ""T1590 - Reconnaissance: Gather Victim Network Information"": 199, ""T1595 - Reconnaissance: Active Scanning"": 200, ""TA0011 - Command-and-Control"": 200}",12119798,1753
exploration_bonus_c1.0,exploration_bonus_loo_fragility,"{""c"": 1.0}",1111,45,0,5.372876920076738e-05,0.23087015123196733,0.11868789474271858,0.22402426840112782,0.36920974403826445,5,5,1.0,0.0,0.0,"{""T1036 - Defense Evasion: Masquerading"": 5, ""T1498.001 - Impact: Direct Network Flood"": 5, ""T1498.002 - Impact: Reflection/Amplification Attack"": 5, ""T1571 - Defense Evasion: Non-Standard Port"": 5, ""T1583.005 - Resource Development: Acquire Botnet"": 5, ""T1584.005 - Resource Development: Build/Compromise Botnet"": 5, ""T1590 - Reconnaissance: Gather Victim Network Information"": 5, ""T1595 - Reconnaissance: Active Scanning"": 5, ""TA0011 - Command-and-Control"": 5}",12118045,0
exploration_bonus_c1.0,exploration_bonus_loo_fragility,"{""c"": 1.0}",1111,90,45,2.277444402766279e-06,0.2248205334641524,0.10395444152311807,0.2208677306445253,0.3588102324710574,5,50,10.0,14.142135623730951,80.0,"{""T1036 - Defense Evasion: Masquerading"": 5, ""T1498.001 - Impact: Direct Network Flood"": 5, ""T1498.002 - Impact: Reflection/Amplification Attack"": 5, ""T1571 - Defense Evasion: Non-Standard Port"": 50, ""T1583.005 - Resource Development: Acquire Botnet"": 5, ""T1584.005 - Resource Development: Build/Compromise Botnet"": 5, ""T1590 - Reconnaissance: Gather Victim Network Information"": 5, ""T1595 - Reconnaissance: Active Scanning"": 5, ""TA0011 - Command-and-Control"": 5}",12118090,45
exploration_bonus_c1.0,exploration_bonus_loo_fragility,"{""c"": 1.0}",1111,180,135,6.14180801229062e-06,0.2245852608945594,0.10794012761811753,0.21895793661602608,0.3583828930151888,5,51,10.2,17.21110752456745,130.0,"{""T1036 - Defense Evasion: Masquerading"": 11, ""T1498.001 - Impact: Direct Network Flood"": 5, ""T1498.002 - Impact: Reflection/Amplification Attack"": 5, ""T1571 - Defense Evasion: Non-Standard Port"": 51, ""T1583.005 - Resource Development: Acquire Botnet"": 9, ""T1584.005 - Resource Development: Build/Compromise Botnet"": 9, ""T1590 - Reconnaissance: Gather Victim Network Information"": 50, ""T1595 - Reconnaissance: Active Scanning"": 16, ""TA0011 - Command-and-Control"": 24}",12118180,135
exploration_bonus_c1.0,exploration_bonus_loo_fragility,"{""c"": 1.0}",1111,360,315,4.512854195057083e-06,0.22556309771480756,0.10542296456640052,0.22123495384275832,0.3567957404984591,9,63,7.0,17.448336437736536,140.0,"{""T1036 - Defense Evasion: Masquerading"": 52, ""T1498.001 - Impact: Direct Network Flood"": 9, ""T1498.002 - Impact: Reflection/Amplification Attack"": 16, ""T1571 - Defense Evasion: Non-Standard Port"": 51, ""T1583.005 - Resource Development: Acquire Botnet"": 32, ""T1584.005 - Resource Development: Build/Compromise Botnet"": 54, ""T1590 - Reconnaissance: Gather Victim Network Information"": 50, ""T1595 - Reconnaissance: Active Scanning"": 33, ""TA0011 - Command-and-Control"": 63}",12118360,315
exploration_bonus_c1.0,exploration_bonus_loo_fragility,"{""c"": 1.0}",1111,720,675,4.150494912979933e-06,0.22506689022004128,0.10595930072453852,0.22010003304006337,0.3584661866771471,32,200,6.25,55.97221532947297,434.0,"{""T1036 - Defense Evasion: Masquerading"": 200, ""T1498.001 - Impact: Direct Network Flood"": 46, ""T1498.002 - Impact: Reflection/Amplification Attack"": 51, ""T1571 - Defense Evasion: Non-Standard Port"": 51, ""T1583.005 - Resource Development: Acquire Botnet"": 32, ""T1584.005 - Resource Development: Build/Compromise Botnet"": 149, ""T1590 - Reconnaissance: Gather Victim Network Information"": 50, ""T1595 - Reconnaissance: Active Scanning"": 33, ""TA0011 - Command-and-Control"": 108}",12118720,675
exploration_bonus_c1.0,exploration_bonus_loo_fragility,"{""c"": 1.0}",1111,1200,1155,5.567973628474453e-06,0.22627889090051823,0.10651990038531993,0.22012236561287266,0.3636532910577132,41,200,4.878048780487805,59.04235767650205,470.0,"{""T1036 - Defense Evasion: Masquerading"": 200, ""T1498.001 - Impact: Direct Network Flood"": 121, ""T1498.002 - Impact: Reflection/Amplification Attack"": 198, ""T1571 - Defense Evasion: Non-Standard Port"": 110, ""T1583.005 - Resource Development: Acquire Botnet"": 200, ""T1584.005 - Resource Development: Build/Compromise Botnet"": 172, ""T1590 - Reconnaissance: Gather Victim Network Information"": 50, ""T1595 - Reconnaissance: Active Scanning"": 41, ""TA0011 - Command-and-Control"": 108}",12119200,1155
exploration_bonus_c1.0,exploration_bonus_loo_fragility,"{""c"": 1.0}",1111,1798,1753,0.0,0.22470484448919714,0.10282013170083151,0.21987138712593557,0.3602157968474639,199,200,1.0050251256281406,0.41573970964154905,0.0,"{""T1036 - Defense Evasion: Masquerading"": 200, ""T1498.001 - Impact: Direct Network Flood"": 200, ""T1498.002 - Impact: Reflection/Amplification Attack"": 200, ""T1571 - Defense Evasion: Non-Standard Port"": 200, ""T1583.005 - Resource Development: Acquire Botnet"": 200, ""T1584.005 - Resource Development: Build/Compromise Botnet"": 199, ""T1590 - Reconnaissance: Gather Victim Network Information"": 199, ""T1595 - Reconnaissance: Active Scanning"": 200, ""TA0011 - Command-and-Control"": 200}",12119798,1753
uniform_step_balanced,uniform_step_balanced,{},1212,45,0,7.12891162980287e-05,0.22894626854257627,0.08835483606097796,0.22683404447250033,0.369375235115836,5,5,1.0,0.0,0.0,"{""T1036 - Defense Evasion: Masquerading"": 5, ""T1498.001 - Impact: Direct Network Flood"": 5, ""T1498.002 - Impact: Reflection/Amplification Attack"": 5, ""T1571 - Defense Evasion: Non-Standard Port"": 5, ""T1583.005 - Resource Development: Acquire Botnet"": 5, ""T1584.005 - Resource Development: Build/Compromise Botnet"": 5, ""T1590 - Reconnaissance: Gather Victim Network Information"": 5, ""T1595 - Reconnaissance: Active Scanning"": 5, ""TA0011 - Command-and-Control"": 5}",13128045,0
uniform_step_balanced,uniform_step_balanced,{},1212,90,45,1.2010595887152313e-05,0.22686077169995514,0.10080798681956234,0.22304519076516421,0.36228730240544993,10,10,1.0,0.0,0.0,"{""T1036 - Defense Evasion: Masquerading"": 10, ""T1498.001 - Impact: Direct Network Flood"": 10, ""T1498.002 - Impact: Reflection/Amplification Attack"": 10, ""T1571 - Defense Evasion: Non-Standard Port"": 10, ""T1583.005 - Resource Development: Acquire Botnet"": 10, ""T1584.005 - Resource Development: Build/Compromise Botnet"": 10, ""T1590 - Reconnaissance: Gather Victim Network Information"": 10, ""T1595 - Reconnaissance: Active Scanning"": 10, ""TA0011 - Command-and-Control"": 10}",13128090,45
uniform_step_balanced,uniform_step_balanced,{},1212,180,135,2.143833833424582e-05,0.22854047411948977,0.10266984074558197,0.2248809744004725,0.36239299831267746,20,20,1.0,0.0,0.0,"{""T1036 - Defense Evasion: Masquerading"": 20, ""T1498.001 - Impact: Direct Network Flood"": 20, ""T1498.002 - Impact: Reflection/Amplification Attack"": 20, ""T1571 - Defense Evasion: Non-Standard Port"": 20, ""T1583.005 - Resource Development: Acquire Botnet"": 20, ""T1584.005 - Resource Development: Build/Compromise Botnet"": 20, ""T1590 - Reconnaissance: Gather Victim Network Information"": 20, ""T1595 - Reconnaissance: Active Scanning"": 20, ""TA0011 - Command-and-Control"": 20}",13128180,135
uniform_step_balanced,uniform_step_balanced,{},1212,360,315,1.7734066531698357e-05,0.2279436388788687,0.101140169674402,0.22395816386719342,0.3653193844101171,40,40,1.0,0.0,0.0,"{""T1036 - Defense Evasion: Masquerading"": 40, ""T1498.001 - Impact: Direct Network Flood"": 40, ""T1498.002 - Impact: Reflection/Amplification Attack"": 40, ""T1571 - Defense Evasion: Non-Standard Port"": 40, ""T1583.005 - Resource Development: Acquire Botnet"": 40, ""T1584.005 - Resource Development: Build/Compromise Botnet"": 40, ""T1590 - Reconnaissance: Gather Victim Network Information"": 40, ""T1595 - Reconnaissance: Active Scanning"": 40, ""TA0011 - Command-and-Control"": 40}",13128360,315
uniform_step_balanced,uniform_step_balanced,{},1212,720,675,2.7157945126774357e-06,0.22556954027936107,0.10344561371427023,0.22153224780974723,0.36116943019938685,80,80,1.0,0.0,0.0,"{""T1036 - Defense Evasion: Masquerading"": 80, ""T1498.001 - Impact: Direct Network Flood"": 80, ""T1498.002 - Impact: Reflection/Amplification Attack"": 80, ""T1571 - Defense Evasion: Non-Standard Port"": 80, ""T1583.005 - Resource Development: Acquire Botnet"": 80, ""T1584.005 - Resource Development: Build/Compromise Botnet"": 80, ""T1590 - Reconnaissance: Gather Victim Network Information"": 80, ""T1595 - Reconnaissance: Active Scanning"": 80, ""TA0011 - Command-and-Control"": 80}",13128720,675
uniform_step_balanced,uniform_step_balanced,{},1212,1200,1155,3.7536555671576087e-06,0.2249087387178816,0.10168465099308378,0.21992589340659846,0.36262091636077276,133,134,1.0075187969924813,0.4714045207910317,0.0,"{""T1036 - Defense Evasion: Masquerading"": 133, ""T1498.001 - Impact: Direct Network Flood"": 134, ""T1498.002 - Impact: Reflection/Amplification Attack"": 134, ""T1571 - Defense Evasion: Non-Standard Port"": 133, ""T1583.005 - Resource Development: Acquire Botnet"": 133, ""T1584.005 - Resource Development: Build/Compromise Botnet"": 133, ""T1590 - Reconnaissance: Gather Victim Network Information"": 134, ""T1595 - Reconnaissance: Active Scanning"": 133, ""TA0011 - Command-and-Control"": 133}",13129200,1155
uniform_step_balanced,uniform_step_balanced,{},1212,1798,1753,0.0,0.22470484448919714,0.10282013170083151,0.21987138712593557,0.3602157968474639,199,200,1.0050251256281406,0.41573970964154905,0.0,"{""T1036 - Defense Evasion: Masquerading"": 200, ""T1498.001 - Impact: Direct Network Flood"": 200, ""T1498.002 - Impact: Reflection/Amplification Attack"": 200, ""T1571 - Defense Evasion: Non-Standard Port"": 200, ""T1583.005 - Resource Development: Acquire Botnet"": 200, ""T1584.005 - Resource Development: Build/Compromise Botnet"": 199, ""T1590 - Reconnaissance: Gather Victim Network Information"": 199, ""T1595 - Reconnaissance: Active Scanning"": 200, ""TA0011 - Command-and-Control"": 200}",13129798,1753
greedy_loo_fragility,greedy_loo_fragility,{},1212,45,0,7.12891162980287e-05,0.22894626854257627,0.08835483606097796,0.22683404447250033,0.369375235115836,5,5,1.0,0.0,0.0,"{""T1036 - Defense Evasion: Masquerading"": 5, ""T1498.001 - Impact: Direct Network Flood"": 5, ""T1498.002 - Impact: Reflection/Amplification Attack"": 5, ""T1571 - Defense Evasion: Non-Standard Port"": 5, ""T1583.005 - Resource Development: Acquire Botnet"": 5, ""T1584.005 - Resource Development: Build/Compromise Botnet"": 5, ""T1590 - Reconnaissance: Gather Victim Network Information"": 5, ""T1595 - Reconnaissance: Active Scanning"": 5, ""TA0011 - Command-and-Control"": 5}",13128045,0
greedy_loo_fragility,greedy_loo_fragility,{},1212,90,45,1.6076717778388717e-05,0.2272722009807948,0.09907475929828616,0.22367955984613191,0.3660978891536829,5,50,10.0,14.142135623730951,80.0,"{""T1036 - Defense Evasion: Masquerading"": 5, ""T1498.001 - Impact: Direct Network Flood"": 5, ""T1498.002 - Impact: Reflection/Amplification Attack"": 5, ""T1571 - Defense Evasion: Non-Standard Port"": 50, ""T1583.005 - Resource Development: Acquire Botnet"": 5, ""T1584.005 - Resource Development: Build/Compromise Botnet"": 5, ""T1590 - Reconnaissance: Gather Victim Network Information"": 5, ""T1595 - Reconnaissance: Active Scanning"": 5, ""TA0011 - Command-and-Control"": 5}",13128090,45
greedy_loo_fragility,greedy_loo_fragility,{},1212,180,135,4.411922444455235e-06,0.22459418247015928,0.09785817646499877,0.2207969167509199,0.3599661371276064,5,50,10.0,21.213203435596427,180.0,"{""T1036 - Defense Evasion: Masquerading"": 5, ""T1498.001 - Impact: Direct Network Flood"": 5, ""T1498.002 - Impact: Reflection/Amplification Attack"": 5, ""T1571 - Defense Evasion: Non-Standard Port"": 50, ""T1583.005 - Resource Development: Acquire Botnet"": 50, ""T1584.005 - Resource Development: Build/Compromise Botnet"": 5, ""T1590 - Reconnaissance: Gather Victim Network Information"": 5, ""T1595 - Reconnaissance: Active Scanning"": 5, ""TA0011 - Command-and-Control"": 50}",13128180,135
greedy_loo_fragility,greedy_loo_fragility,{},1212,360,315,6.7390921831108365e-06,0.22510629822857658,0.09719506940690581,0.22077819546898686,0.3621047967504247,5,185,37.0,55.226805085936306,350.0,"{""T1036 - Defense Evasion: Masquerading"": 5, ""T1498.001 - Impact: Direct Network Flood"": 5, ""T1498.002 - Impact: Reflection/Amplification Attack"": 5, ""T1571 - Defense Evasion: Non-Standard Port"": 50, ""T1583.005 - Resource Development: Acquire Botnet"": 50, ""T1584.005 - Resource Development: Build/Compromise Botnet"": 185, ""T1590 - Reconnaissance: Gather Victim Network Information"": 5, ""T1595 - Reconnaissance: Active Scanning"": 5, ""TA0011 - Command-and-Control"": 50}",13128360,315
greedy_loo_fragility,greedy_loo_fragility,{},1212,720,675,2.77428618787186e-06,0.22463355717636077,0.10039959391526572,0.22088548011366407,0.3593858976841967,5,199,39.8,73.5768683456666,598.0,"{""T1036 - Defense Evasion: Masquerading"": 5, ""T1498.001 - Impact: Direct Network Flood"": 140, ""T1498.002 - Impact: Reflection/Amplification Attack"": 5, ""T1571 - Defense Evasion: Non-Standard Port"": 185, ""T1583.005 - Resource Development: Acquire Botnet"": 50, ""T1584.005 - Resource Development: Build/Compromise Botnet"": 199, ""T1590 - Reconnaissance: Gather Victim Network Information"": 36, ""T1595 - Reconnaissance: Active Scanning"": 5, ""TA0011 - Command-and-Control"": 95}",13128720,675
greedy_loo_fragility,greedy_loo_fragility,{},1212,1200,1155,4.05720800244646e-06,0.22375465186929022,0.09952937164777585,0.21910227444757302,0.35884045928315744,5,200,40.0,84.51561328469958,708.0,"{""T1036 - Defense Evasion: Masquerading"": 5, ""T1498.001 - Impact: Direct Network Flood"": 200, ""T1498.002 - Impact: Reflection/Amplification Attack"": 5, ""T1571 - Defense Evasion: Non-Standard Port"": 185, ""T1583.005 - Resource Development: Acquire Botnet"": 200, ""T1584.005 - Resource Development: Build/Compromise Botnet"": 199, ""T1590 - Reconnaissance: Gather Victim Network Information"": 199, ""T1595 - Reconnaissance: Active Scanning"": 35, ""TA0011 - Command-and-Control"": 172}",13129200,1155
greedy_loo_fragility,greedy_loo_fragility,{},1212,1798,1753,0.0,0.22470484448919714,0.10282013170083151,0.21987138712593557,0.3602157968474639,199,200,1.0050251256281406,0.41573970964154905,0.0,"{""T1036 - Defense Evasion: Masquerading"": 200, ""T1498.001 - Impact: Direct Network Flood"": 200, ""T1498.002 - Impact: Reflection/Amplification Attack"": 200, ""T1571 - Defense Evasion: Non-Standard Port"": 200, ""T1583.005 - Resource Development: Acquire Botnet"": 200, ""T1584.005 - Resource Development: Build/Compromise Botnet"": 199, ""T1590 - Reconnaissance: Gather Victim Network Information"": 199, ""T1595 - Reconnaissance: Active Scanning"": 200, ""TA0011 - Command-and-Control"": 200}",13129798,1753
epsilon_greedy_eps0.2,epsilon_greedy_loo_fragility,"{""epsilon"": 0.2}",1212,45,0,7.12891162980287e-05,0.22894626854257627,0.08835483606097796,0.22683404447250033,0.369375235115836,5,5,1.0,0.0,0.0,"{""T1036 - Defense Evasion: Masquerading"": 5, ""T1498.001 - Impact: Direct Network Flood"": 5, ""T1498.002 - Impact: Reflection/Amplification Attack"": 5, ""T1571 - Defense Evasion: Non-Standard Port"": 5, ""T1583.005 - Resource Development: Acquire Botnet"": 5, ""T1584.005 - Resource Development: Build/Compromise Botnet"": 5, ""T1590 - Reconnaissance: Gather Victim Network Information"": 5, ""T1595 - Reconnaissance: Active Scanning"": 5, ""TA0011 - Command-and-Control"": 5}",13128045,0
epsilon_greedy_eps0.2,epsilon_greedy_loo_fragility,"{""epsilon"": 0.2}",1212,90,45,2.079626678270847e-05,0.22865035818965998,0.10397303497945228,0.22527502654722137,0.3625820619020917,5,45,9.0,12.382783747337808,70.0,"{""T1036 - Defense Evasion: Masquerading"": 6, ""T1498.001 - Impact: Direct Network Flood"": 6, ""T1498.002 - Impact: Reflection/Amplification Attack"": 5, ""T1571 - Defense Evasion: Non-Standard Port"": 45, ""T1583.005 - Resource Development: Acquire Botnet"": 6, ""T1584.005 - Resource Development: Build/Compromise Botnet"": 6, ""T1590 - Reconnaissance: Gather Victim Network Information"": 6, ""T1595 - Reconnaissance: Active Scanning"": 5, ""TA0011 - Command-and-Control"": 5}",13128090,45
epsilon_greedy_eps0.2,epsilon_greedy_loo_fragility,"{""epsilon"": 0.2}",1212,180,135,5.224345544641285e-05,0.23181202104937373,0.10802787753296314,0.22698514017808472,0.3694237759472459,8,45,5.625,16.29587541544042,138.0,"{""T1036 - Defense Evasion: Masquerading"": 9, ""T1498.001 - Impact: Direct Network Flood"": 8, ""T1498.002 - Impact: Reflection/Amplification Attack"": 8, ""T1571 - Defense Evasion: Non-Standard Port"": 45, ""T1583.005 - Resource Development: Acquire Botnet"": 43, ""T1584.005 - Resource Development: Build/Compromise Botnet"": 9, ""T1590 - Reconnaissance: Gather Victim Network Information"": 41, ""T1595 - Reconnaissance: Active Scanning"": 8, ""TA0011 - Command-and-Control"": 9}",13128180,135
epsilon_greedy_eps0.2,epsilon_greedy_loo_fragility,"{""epsilon"": 0.2}",1212,360,315,2.318196088999973e-05,0.22926824474134838,0.10521135794435085,0.22461700076933466,0.3669422054980426,15,121,8.066666666666666,31.930480039541457,200.0,"{""T1036 - Defense Evasion: Masquerading"": 48, ""T1498.001 - Impact: Direct Network Flood"": 15, ""T1498.002 - Impact: Reflection/Amplification Attack"": 15, ""T1571 - Defense Evasion: Non-Standard Port"": 45, ""T1583.005 - Resource Development: Acquire Botnet"": 121, ""T1584.005 - Resource Development: Build/Compromise Botnet"": 45, ""T1590 - Reconnaissance: Gather Victim Network Information"": 41, ""T1595 - Reconnaissance: Active Scanning"": 15, ""TA0011 - Command-and-Control"": 15}",13128360,315
epsilon_greedy_eps0.2,epsilon_greedy_loo_fragility,"{""epsilon"": 0.2}",1212,720,675,2.480863111598731e-06,0.22552284708783527,0.10105494519145561,0.2223265796957129,0.3598967877920497,42,200,4.761904761904762,47.16166051171462,294.0,"{""T1036 - Defense Evasion: Masquerading"": 87, ""T1498.001 - Impact: Direct Network Flood"": 43, ""T1498.002 - Impact: Reflection/Amplification Attack"": 91, ""T1571 - Defense Evasion: Non-Standard Port"": 84, ""T1583.005 - Resource Development: Acquire Botnet"": 200, ""T1584.005 - Resource Development: Build/Compromise Botnet"": 45, ""T1590 - Reconnaissance: Gather Victim Network Information"": 43, ""T1595 - Reconnaissance: Active Scanning"": 85, ""TA0011 - Command-and-Control"": 42}",13128720,675
epsilon_greedy_eps0.2,epsilon_greedy_loo_fragility,"{""epsilon"": 0.2}",1212,1200,1155,1.8706753176336995e-06,0.22556077909683117,0.10332788337207015,0.22163252833260644,0.3593715206801548,77,200,2.5974025974025974,54.004115069543026,474.0,"{""T1036 - Defense Evasion: Masquerading"": 87, ""T1498.001 - Impact: Direct Network Flood"": 78, ""T1498.002 - Impact: Reflection/Amplification Attack"": 182, ""T1571 - Defense Evasion: Non-Standard Port"": 84, ""T1583.005 - Resource Development: Acquire Botnet"": 200, ""T1584.005 - Resource Development: Build/Compromise Botnet"": 77, ""T1590 - Reconnaissance: Gather Victim Network Information"": 199, ""T1595 - Reconnaissance: Active Scanning"": 191, ""TA0011 - Command-and-Control"": 102}",13129200,1155
epsilon_greedy_eps0.2,epsilon_greedy_loo_fragility,"{""epsilon"": 0.2}",1212,1798,1753,0.0,0.22470484448919714,0.10282013170083151,0.21987138712593557,0.3602157968474639,199,200,1.0050251256281406,0.41573970964154905,0.0,"{""T1036 - Defense Evasion: Masquerading"": 200, ""T1498.001 - Impact: Direct Network Flood"": 200, ""T1498.002 - Impact: Reflection/Amplification Attack"": 200, ""T1571 - Defense Evasion: Non-Standard Port"": 200, ""T1583.005 - Resource Development: Acquire Botnet"": 200, ""T1584.005 - Resource Development: Build/Compromise Botnet"": 199, ""T1590 - Reconnaissance: Gather Victim Network Information"": 199, ""T1595 - Reconnaissance: Active Scanning"": 200, ""TA0011 - Command-and-Control"": 200}",13129798,1753
exploration_bonus_c0.25,exploration_bonus_loo_fragility,"{""c"": 0.25}",1212,45,0,7.12891162980287e-05,0.22894626854257627,0.08835483606097796,0.22683404447250033,0.369375235115836,5,5,1.0,0.0,0.0,"{""T1036 - Defense Evasion: Masquerading"": 5, ""T1498.001 - Impact: Direct Network Flood"": 5, ""T1498.002 - Impact: Reflection/Amplification Attack"": 5, ""T1571 - Defense Evasion: Non-Standard Port"": 5, ""T1583.005 - Resource Development: Acquire Botnet"": 5, ""T1584.005 - Resource Development: Build/Compromise Botnet"": 5, ""T1590 - Reconnaissance: Gather Victim Network Information"": 5, ""T1595 - Reconnaissance: Active Scanning"": 5, ""TA0011 - Command-and-Control"": 5}",13128045,0
exploration_bonus_c0.25,exploration_bonus_loo_fragility,"{""c"": 0.25}",1212,90,45,1.6076717778388717e-05,0.2272722009807948,0.09907475929828616,0.22367955984613191,0.3660978891536829,5,50,10.0,14.142135623730951,80.0,"{""T1036 - Defense Evasion: Masquerading"": 5, ""T1498.001 - Impact: Direct Network Flood"": 5, ""T1498.002 - Impact: Reflection/Amplification Attack"": 5, ""T1571 - Defense Evasion: Non-Standard Port"": 50, ""T1583.005 - Resource Development: Acquire Botnet"": 5, ""T1584.005 - Resource Development: Build/Compromise Botnet"": 5, ""T1590 - Reconnaissance: Gather Victim Network Information"": 5, ""T1595 - Reconnaissance: Active Scanning"": 5, ""TA0011 - Command-and-Control"": 5}",13128090,45
exploration_bonus_c0.25,exploration_bonus_loo_fragility,"{""c"": 0.25}",1212,180,135,4.614987250746013e-06,0.22450886105292603,0.09782588858231878,0.220766761310627,0.35996933793907276,5,50,10.0,18.445113776342563,150.0,"{""T1036 - Defense Evasion: Masquerading"": 5, ""T1498.001 - Impact: Direct Network Flood"": 5, ""T1498.002 - Impact: Reflection/Amplification Attack"": 5, ""T1571 - Defense Evasion: Non-Standard Port"": 50, ""T1583.005 - Resource Development: Acquire Botnet"": 31, ""T1584.005 - Resource Development: Build/Compromise Botnet"": 24, ""T1590 - Reconnaissance: Gather Victim Network Information"": 5, ""T1595 - Reconnaissance: Active Scanning"": 5, ""TA0011 - Command-and-Control"": 50}",13128180,135
exploration_bonus_c0.25,exploration_bonus_loo_fragility,"{""c"": 0.25}",1212,360,315,6.474291267838538e-06,0.2250454782678184,0.0969110489027015,0.22084183460913562,0.3621762626267756,5,158,31.6,46.219284094652764,298.0,"{""T1036 - Defense Evasion: Masquerading"": 5, ""T1498.001 - Impact: Direct Network Flood"": 5, ""T1498.002 - Impact: Reflection/Amplification Attack"": 5, ""T1571 - Defense Evasion: Non-Standard Port"": 50, ""T1583.005 - Resource Development: Acquire Botnet"": 31, ""T1584.005 - Resource Development: Build/Compromise Botnet"": 158, ""T1590 - Reconnaissance: Gather Victim Network Information"": 51, ""T1595 - Reconnaissance: Active Scanning"": 5, ""TA0011 - Command-and-Control"": 50}",13128360,315
exploration_bonus_c0.25,exploration_bonus_loo_fragility,"{""c"": 0.25}",1212,720,675,4.193397699326166e-06,0.22640810892091637,0.10224571669786685,0.22245982347351906,0.3621391994504022,5,199,39.8,66.15973935189822,518.0,"{""T1036 - Defense Evasion: Masquerading"": 69, ""T1498.001 - Impact: Direct Network Flood"": 5, ""T1498.002 - Impact: Reflection/Amplification Attack"": 130, ""T1571 - Defense Evasion: Non-Standard Port"": 50, ""T1583.005 - Resource Development: Acquire Botnet"": 41, ""T1584.005 - Resource Development: Build/Compromise Botnet"": 199, ""T1590 - Reconnaissance: Gather Victim Network Information"": 51, ""T1595 - Reconnaissance: Active Scanning"": 5, ""TA0011 - Command-and-Control"": 170}",13128720,675
exploration_bonus_c0.25,exploration_bonus_loo_fragility,"{""c"": 0.25}",1212,1200,1155,2.3183824670074384e-06,0.22520922295970522,0.10209132060802115,0.22051331329064527,0.36443112275127737,5,200,40.0,71.69689285069782,584.0,"{""T1036 - Defense Evasion: Masquerading"": 69, ""T1498.001 - Impact: Direct Network Flood"": 116, ""T1498.002 - Impact: Reflection/Amplification Attack"": 200, ""T1571 - Defense Evasion: Non-Standard Port"": 50, ""T1583.005 - Resource Development: Acquire Botnet"": 200, ""T1584.005 - Resource Development: Build/Compromise Botnet"": 199, ""T1590 - Reconnaissance: Gather Victim Network Information"": 161, ""T1595 - Reconnaissance: Active Scanning"": 5, ""TA0011 - Command-and-Control"": 200}",13129200,1155
exploration_bonus_c0.25,exploration_bonus_loo_fragility,"{""c"": 0.25}",1212,1798,1753,0.0,0.22470484448919714,0.10282013170083151,0.21987138712593557,0.3602157968474639,199,200,1.0050251256281406,0.41573970964154905,0.0,"{""T1036 - Defense Evasion: Masquerading"": 200, ""T1498.001 - Impact: Direct Network Flood"": 200, ""T1498.002 - Impact: Reflection/Amplification Attack"": 200, ""T1571 - Defense Evasion: Non-Standard Port"": 200, ""T1583.005 - Resource Development: Acquire Botnet"": 200, ""T1584.005 - Resource Development: Build/Compromise Botnet"": 199, ""T1590 - Reconnaissance: Gather Victim Network Information"": 199, ""T1595 - Reconnaissance: Active Scanning"": 200, ""TA0011 - Command-and-Control"": 200}",13129798,1753
exploration_bonus_c0.5,exploration_bonus_loo_fragility,"{""c"": 0.5}",1212,45,0,7.12891162980287e-05,0.22894626854257627,0.08835483606097796,0.22683404447250033,0.369375235115836,5,5,1.0,0.0,0.0,"{""T1036 - Defense Evasion: Masquerading"": 5, ""T1498.001 - Impact: Direct Network Flood"": 5, ""T1498.002 - Impact: Reflection/Amplification Attack"": 5, ""T1571 - Defense Evasion: Non-Standard Port"": 5, ""T1583.005 - Resource Development: Acquire Botnet"": 5, ""T1584.005 - Resource Development: Build/Compromise Botnet"": 5, ""T1590 - Reconnaissance: Gather Victim Network Information"": 5, ""T1595 - Reconnaissance: Active Scanning"": 5, ""TA0011 - Command-and-Control"": 5}",13128045,0
exploration_bonus_c0.5,exploration_bonus_loo_fragility,"{""c"": 0.5}",1212,90,45,1.6076717778388717e-05,0.2272722009807948,0.09907475929828616,0.22367955984613191,0.3660978891536829,5,50,10.0,14.142135623730951,80.0,"{""T1036 - Defense Evasion: Masquerading"": 5, ""T1498.001 - Impact: Direct Network Flood"": 5, ""T1498.002 - Impact: Reflection/Amplification Attack"": 5, ""T1571 - Defense Evasion: Non-Standard Port"": 50, ""T1583.005 - Resource Development: Acquire Botnet"": 5, ""T1584.005 - Resource Development: Build/Compromise Botnet"": 5, ""T1590 - Reconnaissance: Gather Victim Network Information"": 5, ""T1595 - Reconnaissance: Active Scanning"": 5, ""TA0011 - Command-and-Control"": 5}",13128090,45
exploration_bonus_c0.5,exploration_bonus_loo_fragility,"{""c"": 0.5}",1212,180,135,4.7984614100467845e-06,0.22444001767374944,0.09772434399450682,0.22061043713131362,0.36006112100482945,5,50,10.0,18.384776310850235,150.0,"{""T1036 - Defense Evasion: Masquerading"": 5, ""T1498.001 - Impact: Direct Network Flood"": 5, ""T1498.002 - Impact: Reflection/Amplification Attack"": 5, ""T1571 - Defense Evasion: Non-Standard Port"": 50, ""T1583.005 - Resource Development: Acquire Botnet"": 29, ""T1584.005 - Resource Development: Build/Compromise Botnet"": 26, ""T1590 - Reconnaissance: Gather Victim Network Information"": 5, ""T1595 - Reconnaissance: Active Scanning"": 5, ""TA0011 - Command-and-Control"": 50}",13128180,135
exploration_bonus_c0.5,exploration_bonus_loo_fragility,"{""c"": 0.5}",1212,360,315,1.600981886380295e-05,0.22815179138171499,0.1030372962070716,0.2235328586919219,0.3652621560111008,5,176,35.2,50.872389367907616,312.0,"{""T1036 - Defense Evasion: Masquerading"": 20, ""T1498.001 - Impact: Direct Network Flood"": 5, ""T1498.002 - Impact: Reflection/Amplification Attack"": 5, ""T1571 - Defense Evasion: Non-Standard Port"": 50, ""T1583.005 - Resource Development: Acquire Botnet"": 29, ""T1584.005 - Resource Development: Build/Compromise Botnet"": 176, ""T1590 - Reconnaissance: Gather Victim Network Information"": 20, ""T1595 - Reconnaissance: Active Scanning"": 5, ""TA0011 - Command-and-Control"": 50}",13128360,315
exploration_bonus_c0.5,exploration_bonus_loo_fragility,"{""c"": 0.5}",1212,720,675,8.637245069144793e-06,0.22713712187818136,0.10285152868280824,0.22277185889212003,0.3636302000968898,5,200,40.0,67.54422419587202,478.0,"{""T1036 - Defense Evasion: Masquerading"": 56, ""T1498.001 - Impact: Direct Network Flood"": 5, ""T1498.002 - Impact: Reflection/Amplification Attack"": 200, ""T1571 - Defense Evasion: Non-Standard Port"": 50, ""T1583.005 - Resource Development: Acquire Botnet"": 59, ""T1584.005 - Resource Development: Build/Compromise Botnet"": 199, ""T1590 - Reconnaissance: Gather Victim Network Information"": 62, ""T1595 - Reconnaissance: Active Scanning"": 12, ""TA0011 - Command-and-Control"": 77}",13128720,675
exploration_bonus_c0.5,exploration_bonus_loo_fragility,"{""c"": 0.5}",1212,1200,1155,3.5418612294959236e-06,0.22515258351086678,0.10398657422036639,0.22035109506533435,0.3618719011882406,43,200,4.651162790697675,64.00347212803727,538.0,"{""T1036 - Defense Evasion: Masquerading"": 82, ""T1498.001 - Impact: Direct Network Flood"": 200, ""T1498.002 - Impact: Reflection/Amplification Attack"": 200, ""T1571 - Defense Evasion: Non-Standard Port"": 61, ""T1583.005 - Resource Development: Acquire Botnet"": 200, ""T1584.005 - Resource Development: Build/Compromise Botnet"": 199, ""T1590 - Reconnaissance: Gather Victim Network Information"": 138, ""T1595 - Reconnaissance: Active Scanning"": 43, ""TA0011 - Command-and-Control"": 77}",13129200,1155
exploration_bonus_c0.5,exploration_bonus_loo_fragility,"{""c"": 0.5}",1212,1798,1753,0.0,0.22470484448919714,0.10282013170083151,0.21987138712593557,0.3602157968474639,199,200,1.0050251256281406,0.41573970964154905,0.0,"{""T1036 - Defense Evasion: Masquerading"": 200, ""T1498.001 - Impact: Direct Network Flood"": 200, ""T1498.002 - Impact: Reflection/Amplification Attack"": 200, ""T1571 - Defense Evasion: Non-Standard Port"": 200, ""T1583.005 - Resource Development: Acquire Botnet"": 200, ""T1584.005 - Resource Development: Build/Compromise Botnet"": 199, ""T1590 - Reconnaissance: Gather Victim Network Information"": 199, ""T1595 - Reconnaissance: Active Scanning"": 200, ""TA0011 - Command-and-Control"": 200}",13129798,1753
exploration_bonus_c1.0,exploration_bonus_loo_fragility,"{""c"": 1.0}",1212,45,0,7.12891162980287e-05,0.22894626854257627,0.08835483606097796,0.22683404447250033,0.369375235115836,5,5,1.0,0.0,0.0,"{""T1036 - Defense Evasion: Masquerading"": 5, ""T1498.001 - Impact: Direct Network Flood"": 5, ""T1498.002 - Impact: Reflection/Amplification Attack"": 5, ""T1571 - Defense Evasion: Non-Standard Port"": 5, ""T1583.005 - Resource Development: Acquire Botnet"": 5, ""T1584.005 - Resource Development: Build/Compromise Botnet"": 5, ""T1590 - Reconnaissance: Gather Victim Network Information"": 5, ""T1595 - Reconnaissance: Active Scanning"": 5, ""TA0011 - Command-and-Control"": 5}",13128045,0
exploration_bonus_c1.0,exploration_bonus_loo_fragility,"{""c"": 1.0}",1212,90,45,1.6076717778388717e-05,0.2272722009807948,0.09907475929828616,0.22367955984613191,0.3660978891536829,5,50,10.0,14.142135623730951,80.0,"{""T1036 - Defense Evasion: Masquerading"": 5, ""T1498.001 - Impact: Direct Network Flood"": 5, ""T1498.002 - Impact: Reflection/Amplification Attack"": 5, ""T1571 - Defense Evasion: Non-Standard Port"": 50, ""T1583.005 - Resource Development: Acquire Botnet"": 5, ""T1584.005 - Resource Development: Build/Compromise Botnet"": 5, ""T1590 - Reconnaissance: Gather Victim Network Information"": 5, ""T1595 - Reconnaissance: Active Scanning"": 5, ""TA0011 - Command-and-Control"": 5}",13128090,45
exploration_bonus_c1.0,exploration_bonus_loo_fragility,"{""c"": 1.0}",1212,180,135,6.348216373343676e-06,0.22518733314021303,0.10042412527704903,0.22150052440166085,0.35869126941645135,5,50,10.0,17.75762746915627,140.0,"{""T1036 - Defense Evasion: Masquerading"": 6, ""T1498.001 - Impact: Direct Network Flood"": 5, ""T1498.002 - Impact: Reflection/Amplification Attack"": 6, ""T1571 - Defense Evasion: Non-Standard Port"": 50, ""T1583.005 - Resource Development: Acquire Botnet"": 26, ""T1584.005 - Resource Development: Build/Compromise Botnet"": 24, ""T1590 - Reconnaissance: Gather Victim Network Information"": 8, ""T1595 - Reconnaissance: Active Scanning"": 5, ""TA0011 - Command-and-Control"": 50}",13128180,135
exploration_bonus_c1.0,exploration_bonus_loo_fragility,"{""c"": 1.0}",1212,360,315,1.4998481857169347e-05,0.2277372612946475,0.10207937865920043,0.22304788622537908,0.36578123237487764,6,117,19.5,32.19040574802098,216.0,"{""T1036 - Defense Evasion: Masquerading"": 14, ""T1498.001 - Impact: Direct Network Flood"": 8, ""T1498.002 - Impact: Reflection/Amplification Attack"": 117, ""T1571 - Defense Evasion: Non-Standard Port"": 50, ""T1583.005 - Resource Development: Acquire Botnet"": 49, ""T1584.005 - Resource Development: Build/Compromise Botnet"": 42, ""T1590 - Reconnaissance: Gather Victim Network Information"": 24, ""T1595 - Reconnaissance: Active Scanning"": 6, ""TA0011 - Command-and-Control"": 50}",13128360,315
exploration_bonus_c1.0,exploration_bonus_loo_fragility,"{""c"": 1.0}",1212,720,675,6.650922137769653e-06,0.22645799005787412,0.1010359442099279,0.2225434074583924,0.3621101529388895,6,200,33.333333333333336,67.93951558392051,478.0,"{""T1036 - Defense Evasion: Masquerading"": 62, ""T1498.001 - Impact: Direct Network Flood"": 8, ""T1498.002 - Impact: Reflection/Amplification Attack"": 200, ""T1571 - Defense Evasion: Non-Standard Port"": 50, ""T1583.005 - Resource Development: Acquire Botnet"": 79, ""T1584.005 - Resource Development: Build/Compromise Botnet"": 199, ""T1590 - Reconnaissance: Gather Victim Network Information"": 66, ""T1595 - Reconnaissance: Active Scanning"": 6, ""TA0011 - Command-and-Control"": 50}",13128720,675
exploration_bonus_c1.0,exploration_bonus_loo_fragility,"{""c"": 1.0}",1212,1200,1155,3.3815078956723393e-06,0.22599845714898756,0.1034876081497623,0.2207715157628128,0.36473869023075395,8,200,25.0,68.071857457967,526.0,"{""T1036 - Defense Evasion: Masquerading"": 127, ""T1498.001 - Impact: Direct Network Flood"": 97, ""T1498.002 - Impact: Reflection/Amplification Attack"": 200, ""T1571 - Defense Evasion: Non-Standard Port"": 50, ""T1583.005 - Resource Development: Acquire Botnet"": 200, ""T1584.005 - Resource Development: Build/Compromise Botnet"": 199, ""T1590 - Reconnaissance: Gather Victim Network Information"": 199, ""T1595 - Reconnaissance: Active Scanning"": 8, ""TA0011 - Command-and-Control"": 120}",13129200,1155
exploration_bonus_c1.0,exploration_bonus_loo_fragility,"{""c"": 1.0}",1212,1798,1753,0.0,0.22470484448919714,0.10282013170083151,0.21987138712593557,0.3602157968474639,199,200,1.0050251256281406,0.41573970964154905,0.0,"{""T1036 - Defense Evasion: Masquerading"": 200, ""T1498.001 - Impact: Direct Network Flood"": 200, ""T1498.002 - Impact: Reflection/Amplification Attack"": 200, ""T1571 - Defense Evasion: Non-Standard Port"": 200, ""T1583.005 - Resource Development: Acquire Botnet"": 200, ""T1584.005 - Resource Development: Build/Compromise Botnet"": 199, ""T1590 - Reconnaissance: Gather Victim Network Information"": 199, ""T1595 - Reconnaissance: Active Scanning"": 200, ""TA0011 - Command-and-Control"": 200}",13129798,1753
uniform_step_balanced,uniform_step_balanced,{},1313,45,0,7.696953445342797e-05,0.21767482879009512,0.10480532191505205,0.21316898581198196,0.3443407591614601,5,5,1.0,0.0,0.0,"{""T1036 - Defense Evasion: Masquerading"": 5, ""T1498.001 - Impact: Direct Network Flood"": 5, ""T1498.002 - Impact: Reflection/Amplification Attack"": 5, ""T1571 - Defense Evasion: Non-Standard Port"": 5, ""T1583.005 - Resource Development: Acquire Botnet"": 5, ""T1584.005 - Resource Development: Build/Compromise Botnet"": 5, ""T1590 - Reconnaissance: Gather Victim Network Information"": 5, ""T1595 - Reconnaissance: Active Scanning"": 5, ""TA0011 - Command-and-Control"": 5}",14138045,0
uniform_step_balanced,uniform_step_balanced,{},1313,90,45,6.14302491229625e-05,0.21732181203049286,0.09949904523567193,0.21240813008210968,0.3493494841583658,10,10,1.0,0.0,0.0,"{""T1036 - Defense Evasion: Masquerading"": 10, ""T1498.001 - Impact: Direct Network Flood"": 10, ""T1498.002 - Impact: Reflection/Amplification Attack"": 10, ""T1571 - Defense Evasion: Non-Standard Port"": 10, ""T1583.005 - Resource Development: Acquire Botnet"": 10, ""T1584.005 - Resource Development: Build/Compromise Botnet"": 10, ""T1590 - Reconnaissance: Gather Victim Network Information"": 10, ""T1595 - Reconnaissance: Active Scanning"": 10, ""TA0011 - Command-and-Control"": 10}",14138090,45
uniform_step_balanced,uniform_step_balanced,{},1313,180,135,8.771736832287152e-05,0.21643141047568015,0.10180719790221175,0.2117257470848209,0.34409647872213933,20,20,1.0,0.0,0.0,"{""T1036 - Defense Evasion: Masquerading"": 20, ""T1498.001 - Impact: Direct Network Flood"": 20, ""T1498.002 - Impact: Reflection/Amplification Attack"": 20, ""T1571 - Defense Evasion: Non-Standard Port"": 20, ""T1583.005 - Resource Development: Acquire Botnet"": 20, ""T1584.005 - Resource Development: Build/Compromise Botnet"": 20, ""T1590 - Reconnaissance: Gather Victim Network Information"": 20, ""T1595 - Reconnaissance: Active Scanning"": 20, ""TA0011 - Command-and-Control"": 20}",14138180,135
uniform_step_balanced,uniform_step_balanced,{},1313,360,315,1.8349214431461665e-05,0.22139576047671725,0.10364682753022747,0.21659552326830117,0.3518600304599971,40,40,1.0,0.0,0.0,"{""T1036 - Defense Evasion: Masquerading"": 40, ""T1498.001 - Impact: Direct Network Flood"": 40, ""T1498.002 - Impact: Reflection/Amplification Attack"": 40, ""T1571 - Defense Evasion: Non-Standard Port"": 40, ""T1583.005 - Resource Development: Acquire Botnet"": 40, ""T1584.005 - Resource Development: Build/Compromise Botnet"": 40, ""T1590 - Reconnaissance: Gather Victim Network Information"": 40, ""T1595 - Reconnaissance: Active Scanning"": 40, ""TA0011 - Command-and-Control"": 40}",14138360,315
uniform_step_balanced,uniform_step_balanced,{},1313,720,675,1.9917479890487487e-06,0.22413713641353084,0.10449069055165723,0.21912198835933538,0.3575283352685883,80,80,1.0,0.0,0.0,"{""T1036 - Defense Evasion: Masquerading"": 80, ""T1498.001 - Impact: Direct Network Flood"": 80, ""T1498.002 - Impact: Reflection/Amplification Attack"": 80, ""T1571 - Defense Evasion: Non-Standard Port"": 80, ""T1583.005 - Resource Development: Acquire Botnet"": 80, ""T1584.005 - Resource Development: Build/Compromise Botnet"": 80, ""T1590 - Reconnaissance: Gather Victim Network Information"": 80, ""T1595 - Reconnaissance: Active Scanning"": 80, ""TA0011 - Command-and-Control"": 80}",14138720,675
uniform_step_balanced,uniform_step_balanced,{},1313,1200,1155,2.7278892497689234e-06,0.2240817521817692,0.1025957188319173,0.21982782521992744,0.3566929110330094,133,134,1.0075187969924813,0.4714045207910317,0.0,"{""T1036 - Defense Evasion: Masquerading"": 134, ""T1498.001 - Impact: Direct Network Flood"": 134, ""T1498.002 - Impact: Reflection/Amplification Attack"": 133, ""T1571 - Defense Evasion: Non-Standard Port"": 133, ""T1583.005 - Resource Development: Acquire Botnet"": 133, ""T1584.005 - Resource Development: Build/Compromise Botnet"": 133, ""T1590 - Reconnaissance: Gather Victim Network Information"": 134, ""T1595 - Reconnaissance: Active Scanning"": 133, ""TA0011 - Command-and-Control"": 133}",14139200,1155
uniform_step_balanced,uniform_step_balanced,{},1313,1798,1753,0.0,0.22470484448919714,0.10282013170083151,0.21987138712593557,0.3602157968474639,199,200,1.0050251256281406,0.41573970964154905,0.0,"{""T1036 - Defense Evasion: Masquerading"": 200, ""T1498.001 - Impact: Direct Network Flood"": 200, ""T1498.002 - Impact: Reflection/Amplification Attack"": 200, ""T1571 - Defense Evasion: Non-Standard Port"": 200, ""T1583.005 - Resource Development: Acquire Botnet"": 200, ""T1584.005 - Resource Development: Build/Compromise Botnet"": 199, ""T1590 - Reconnaissance: Gather Victim Network Information"": 199, ""T1595 - Reconnaissance: Active Scanning"": 200, ""TA0011 - Command-and-Control"": 200}",14139798,1753
greedy_loo_fragility,greedy_loo_fragility,{},1313,45,0,7.696953445342797e-05,0.21767482879009512,0.10480532191505205,0.21316898581198196,0.3443407591614601,5,5,1.0,0.0,0.0,"{""T1036 - Defense Evasion: Masquerading"": 5, ""T1498.001 - Impact: Direct Network Flood"": 5, ""T1498.002 - Impact: Reflection/Amplification Attack"": 5, ""T1571 - Defense Evasion: Non-Standard Port"": 5, ""T1583.005 - Resource Development: Acquire Botnet"": 5, ""T1584.005 - Resource Development: Build/Compromise Botnet"": 5, ""T1590 - Reconnaissance: Gather Victim Network Information"": 5, ""T1595 - Reconnaissance: Active Scanning"": 5, ""TA0011 - Command-and-Control"": 5}",14138045,0
greedy_loo_fragility,greedy_loo_fragility,{},1313,90,45,2.9232038014636658e-06,0.22505412830601626,0.10678391870213691,0.21990076839348727,0.3590700597066345,5,50,10.0,14.142135623730951,80.0,"{""T1036 - Defense Evasion: Masquerading"": 5, ""T1498.001 - Impact: Direct Network Flood"": 5, ""T1498.002 - Impact: Reflection/Amplification Attack"": 5, ""T1571 - Defense Evasion: Non-Standard Port"": 50, ""T1583.005 - Resource Development: Acquire Botnet"": 5, ""T1584.005 - Resource Development: Build/Compromise Botnet"": 5, ""T1590 - Reconnaissance: Gather Victim Network Information"": 5, ""T1595 - Reconnaissance: Active Scanning"": 5, ""TA0011 - Command-and-Control"": 5}",14138090,45
greedy_loo_fragility,greedy_loo_fragility,{},1313,180,135,7.2551681014618166e-06,0.22466104045481916,0.10800145843179085,0.21949475981714706,0.35718176952776837,5,50,10.0,21.213203435596427,180.0,"{""T1036 - Defense Evasion: Masquerading"": 5, ""T1498.001 - Impact: Direct Network Flood"": 5, ""T1498.002 - Impact: Reflection/Amplification Attack"": 5, ""T1571 - Defense Evasion: Non-Standard Port"": 50, ""T1583.005 - Resource Development: Acquire Botnet"": 5, ""T1584.005 - Resource Development: Build/Compromise Botnet"": 5, ""T1590 - Reconnaissance: Gather Victim Network Information"": 50, ""T1595 - Reconnaissance: Active Scanning"": 50, ""TA0011 - Command-and-Control"": 5}",14138180,135
greedy_loo_fragility,greedy_loo_fragility,{},1313,360,315,2.8039458828168974e-06,0.2254136675016158,0.10453804819696753,0.22008975618028115,0.36363786764840245,5,185,37.0,55.226805085936306,350.0,"{""T1036 - Defense Evasion: Masquerading"": 5, ""T1498.001 - Impact: Direct Network Flood"": 5, ""T1498.002 - Impact: Reflection/Amplification Attack"": 5, ""T1571 - Defense Evasion: Non-Standard Port"": 50, ""T1583.005 - Resource Development: Acquire Botnet"": 5, ""T1584.005 - Resource Development: Build/Compromise Botnet"": 5, ""T1590 - Reconnaissance: Gather Victim Network Information"": 50, ""T1595 - Reconnaissance: Active Scanning"": 185, ""TA0011 - Command-and-Control"": 50}",14138360,315
greedy_loo_fragility,greedy_loo_fragility,{},1313,720,675,6.308140955676175e-06,0.22362805966802451,0.10407342916823986,0.2196010052837688,0.3565312625873789,5,200,40.0,69.2820323027551,510.0,"{""T1036 - Defense Evasion: Masquerading"": 95, ""T1498.001 - Impact: Direct Network Flood"": 50, ""T1498.002 - Impact: Reflection/Amplification Attack"": 5, ""T1571 - Defense Evasion: Non-Standard Port"": 200, ""T1583.005 - Resource Development: Acquire Botnet"": 5, ""T1584.005 - Resource Development: Build/Compromise Botnet"": 50, ""T1590 - Reconnaissance: Gather Victim Network Information"": 65, ""T1595 - Reconnaissance: Active Scanning"": 200, ""TA0011 - Command-and-Control"": 50}",14138720,675
greedy_loo_fragility,greedy_loo_fragility,{},1313,1200,1155,2.131485103091149e-06,0.22519086629283375,0.10414333358995957,0.22089285672704634,0.35806697206843247,5,200,40.0,77.19815772125365,660.0,"{""T1036 - Defense Evasion: Masquerading"": 200, ""T1498.001 - Impact: Direct Network Flood"": 50, ""T1498.002 - Impact: Reflection/Amplification Attack"": 97, ""T1571 - Defense Evasion: Non-Standard Port"": 200, ""T1583.005 - Resource Development: Acquire Botnet"": 5, ""T1584.005 - Resource Development: Build/Compromise Botnet"": 199, ""T1590 - Reconnaissance: Gather Victim Network Information"": 199, ""T1595 - Reconnaissance: Active Scanning"": 200, ""TA0011 - Command-and-Control"": 50}",14139200,1155
greedy_loo_fragility,greedy_loo_fragility,{},1313,1798,1753,0.0,0.22470484448919714,0.10282013170083151,0.21987138712593557,0.3602157968474639,199,200,1.0050251256281406,0.41573970964154905,0.0,"{""T1036 - Defense Evasion: Masquerading"": 200, ""T1498.001 - Impact: Direct Network Flood"": 200, ""T1498.002 - Impact: Reflection/Amplification Attack"": 200, ""T1571 - Defense Evasion: Non-Standard Port"": 200, ""T1583.005 - Resource Development: Acquire Botnet"": 200, ""T1584.005 - Resource Development: Build/Compromise Botnet"": 199, ""T1590 - Reconnaissance: Gather Victim Network Information"": 199, ""T1595 - Reconnaissance: Active Scanning"": 200, ""TA0011 - Command-and-Control"": 200}",14139798,1753
epsilon_greedy_eps0.2,epsilon_greedy_loo_fragility,"{""epsilon"": 0.2}",1313,45,0,7.696953445342797e-05,0.21767482879009512,0.10480532191505205,0.21316898581198196,0.3443407591614601,5,5,1.0,0.0,0.0,"{""T1036 - Defense Evasion: Masquerading"": 5, ""T1498.001 - Impact: Direct Network Flood"": 5, ""T1498.002 - Impact: Reflection/Amplification Attack"": 5, ""T1571 - Defense Evasion: Non-Standard Port"": 5, ""T1583.005 - Resource Development: Acquire Botnet"": 5, ""T1584.005 - Resource Development: Build/Compromise Botnet"": 5, ""T1590 - Reconnaissance: Gather Victim Network Information"": 5, ""T1595 - Reconnaissance: Active Scanning"": 5, ""TA0011 - Command-and-Control"": 5}",14138045,0
epsilon_greedy_eps0.2,epsilon_greedy_loo_fragility,"{""epsilon"": 0.2}",1313,90,45,2.1550005868743383e-05,0.22351870779402497,0.11165782816120372,0.21764317813589232,0.3527968348359061,6,42,7.0,11.313708498984761,64.0,"{""T1036 - Defense Evasion: Masquerading"": 6, ""T1498.001 - Impact: Direct Network Flood"": 6, ""T1498.002 - Impact: Reflection/Amplification Attack"": 6, ""T1571 - Defense Evasion: Non-Standard Port"": 42, ""T1583.005 - Resource Development: Acquire Botnet"": 6, ""T1584.005 - Resource Development: Build/Compromise Botnet"": 6, ""T1590 - Reconnaissance: Gather Victim Network Information"": 6, ""T1595 - Reconnaissance: Active Scanning"": 6, ""TA0011 - Command-and-Control"": 6}",14138090,45
epsilon_greedy_eps0.2,epsilon_greedy_loo_fragility,"{""epsilon"": 0.2}",1313,180,135,2.3410918167520212e-05,0.22210868337230266,0.1070910940906463,0.21675903547732966,0.35248096705974946,8,43,5.375,15.797327481430381,134.0,"{""T1036 - Defense Evasion: Masquerading"": 9, ""T1498.001 - Impact: Direct Network Flood"": 9, ""T1498.002 - Impact: Reflection/Amplification Attack"": 8, ""T1571 - Defense Evasion: Non-Standard Port"": 42, ""T1583.005 - Resource Development: Acquire Botnet"": 9, ""T1584.005 - Resource Development: Build/Compromise Botnet"": 42, ""T1590 - Reconnaissance: Gather Victim Network Information"": 9, ""T1595 - Reconnaissance: Active Scanning"": 9, ""TA0011 - Command-and-Control"": 43}",14138180,135
epsilon_greedy_eps0.2,epsilon_greedy_loo_fragility,"{""epsilon"": 0.2}",1313,360,315,1.3402123704898306e-05,0.2226703222388579,0.10760438109458385,0.21752030556945584,0.3543217637944566,18,140,7.777777777777778,36.98047532895644,214.0,"{""T1036 - Defense Evasion: Masquerading"": 19, ""T1498.001 - Impact: Direct Network Flood"": 18, ""T1498.002 - Impact: Reflection/Amplification Attack"": 19, ""T1571 - Defense Evasion: Non-Standard Port"": 42, ""T1583.005 - Resource Development: Acquire Botnet"": 140, ""T1584.005 - Resource Development: Build/Compromise Botnet"": 42, ""T1590 - Reconnaissance: Gather Victim Network Information"": 19, ""T1595 - Reconnaissance: Active Scanning"": 18, ""TA0011 - Command-and-Control"": 43}",14138360,315
epsilon_greedy_eps0.2,epsilon_greedy_loo_fragility,"{""epsilon"": 0.2}",1313,720,675,1.5986268849173474e-06,0.22429777709672466,0.10403072493218123,0.21874569963666368,0.35756655229288015,40,200,5.0,50.714889332423866,344.0,"{""T1036 - Defense Evasion: Masquerading"": 67, ""T1498.001 - Impact: Direct Network Flood"": 41, ""T1498.002 - Impact: Reflection/Amplification Attack"": 40, ""T1571 - Defense Evasion: Non-Standard Port"": 78, ""T1583.005 - Resource Development: Acquire Botnet"": 200, ""T1584.005 - Resource Development: Build/Compromise Botnet"": 42, ""T1590 - Reconnaissance: Gather Victim Network Information"": 129, ""T1595 - Reconnaissance: Active Scanning"": 40, ""TA0011 - Command-and-Control"": 83}",14138720,675
epsilon_greedy_eps0.2,epsilon_greedy_loo_fragility,"{""epsilon"": 0.2}",1313,1200,1155,4.764424477672086e-06,0.22442185355326036,0.10277254862770814,0.2198758615180355,0.35970663667058816,68,200,2.9411764705882355,52.30466305959515,428.0,"{""T1036 - Defense Evasion: Masquerading"": 112, ""T1498.001 - Impact: Direct Network Flood"": 69, ""T1498.002 - Impact: Reflection/Amplification Attack"": 68, ""T1571 - Defense Evasion: Non-Standard Port"": 113, ""T1583.005 - Resource Development: Acquire Botnet"": 200, ""T1584.005 - Resource Development: Build/Compromise Botnet"": 199, ""T1590 - Reconnaissance: Gather Victim Network Information"": 199, ""T1595 - Reconnaissance: Active Scanning"": 89, ""TA0011 - Command-and-Control"": 151}",14139200,1155
epsilon_greedy_eps0.2,epsilon_greedy_loo_fragility,"{""epsilon"": 0.2}",1313,1798,1753,0.0,0.22470484448919714,0.10282013170083151,0.21987138712593557,0.3602157968474639,199,200,1.0050251256281406,0.41573970964154905,0.0,"{""T1036 - Defense Evasion: Masquerading"": 200, ""T1498.001 - Impact: Direct Network Flood"": 200, ""T1498.002 - Impact: Reflection/Amplification Attack"": 200, ""T1571 - Defense Evasion: Non-Standard Port"": 200, ""T1583.005 - Resource Development: Acquire Botnet"": 200, ""T1584.005 - Resource Development: Build/Compromise Botnet"": 199, ""T1590 - Reconnaissance: Gather Victim Network Information"": 199, ""T1595 - Reconnaissance: Active Scanning"": 200, ""TA0011 - Command-and-Control"": 200}",14139798,1753
exploration_bonus_c0.25,exploration_bonus_loo_fragility,"{""c"": 0.25}",1313,45,0,7.696953445342797e-05,0.21767482879009512,0.10480532191505205,0.21316898581198196,0.3443407591614601,5,5,1.0,0.0,0.0,"{""T1036 - Defense Evasion: Masquerading"": 5, ""T1498.001 - Impact: Direct Network Flood"": 5, ""T1498.002 - Impact: Reflection/Amplification Attack"": 5, ""T1571 - Defense Evasion: Non-Standard Port"": 5, ""T1583.005 - Resource Development: Acquire Botnet"": 5, ""T1584.005 - Resource Development: Build/Compromise Botnet"": 5, ""T1590 - Reconnaissance: Gather Victim Network Information"": 5, ""T1595 - Reconnaissance: Active Scanning"": 5, ""TA0011 - Command-and-Control"": 5}",14138045,0
exploration_bonus_c0.25,exploration_bonus_loo_fragility,"{""c"": 0.25}",1313,90,45,2.9232038014636658e-06,0.22505412830601626,0.10678391870213691,0.21990076839348727,0.3590700597066345,5,50,10.0,14.142135623730951,80.0,"{""T1036 - Defense Evasion: Masquerading"": 5, ""T1498.001 - Impact: Direct Network Flood"": 5, ""T1498.002 - Impact: Reflection/Amplification Attack"": 5, ""T1571 - Defense Evasion: Non-Standard Port"": 50, ""T1583.005 - Resource Development: Acquire Botnet"": 5, ""T1584.005 - Resource Development: Build/Compromise Botnet"": 5, ""T1590 - Reconnaissance: Gather Victim Network Information"": 5, ""T1595 - Reconnaissance: Active Scanning"": 5, ""TA0011 - Command-and-Control"": 5}",14138090,45
exploration_bonus_c0.25,exploration_bonus_loo_fragility,"{""c"": 0.25}",1313,180,135,7.2551681014618166e-06,0.22466104045481916,0.10800145843179085,0.21949475981714706,0.35718176952776837,5,50,10.0,21.213203435596427,180.0,"{""T1036 - Defense Evasion: Masquerading"": 5, ""T1498.001 - Impact: Direct Network Flood"": 5, ""T1498.002 - Impact: Reflection/Amplification Attack"": 5, ""T1571 - Defense Evasion: Non-Standard Port"": 50, ""T1583.005 - Resource Development: Acquire Botnet"": 5, ""T1584.005 - Resource Development: Build/Compromise Botnet"": 5, ""T1590 - Reconnaissance: Gather Victim Network Information"": 50, ""T1595 - Reconnaissance: Active Scanning"": 50, ""TA0011 - Command-and-Control"": 5}",14138180,135
exploration_bonus_c0.25,exploration_bonus_loo_fragility,"{""c"": 0.25}",1313,360,315,9.403867404638872e-06,0.2231377739525264,0.10414060472264844,0.21819754512529638,0.3578410921909449,5,130,26.0,39.015666369065414,280.0,"{""T1036 - Defense Evasion: Masquerading"": 60, ""T1498.001 - Impact: Direct Network Flood"": 5, ""T1498.002 - Impact: Reflection/Amplification Attack"": 5, ""T1571 - Defense Evasion: Non-Standard Port"": 50, ""T1583.005 - Resource Development: Acquire Botnet"": 5, ""T1584.005 - Resource Development: Build/Compromise Botnet"": 5, ""T1590 - Reconnaissance: Gather Victim Network Information"": 50, ""T1595 - Reconnaissance: Active Scanning"": 130, ""TA0011 - Command-and-Control"": 50}",14138360,315
exploration_bonus_c0.25,exploration_bonus_loo_fragility,"{""c"": 0.25}",1313,720,675,3.1486194407315976e-06,0.22471124809901408,0.10476001423221917,0.21970747077054742,0.3616080677204273,5,199,39.8,60.048128844933856,460.0,"{""T1036 - Defense Evasion: Masquerading"": 60, ""T1498.001 - Impact: Direct Network Flood"": 5, ""T1498.002 - Impact: Reflection/Amplification Attack"": 5, ""T1571 - Defense Evasion: Non-Standard Port"": 95, ""T1583.005 - Resource Development: Acquire Botnet"": 126, ""T1584.005 - Resource Development: Build/Compromise Botnet"": 199, ""T1590 - Reconnaissance: Gather Victim Network Information"": 50, ""T1595 - Reconnaissance: Active Scanning"": 130, ""TA0011 - Command-and-Control"": 50}",14138720,675
exploration_bonus_c0.25,exploration_bonus_loo_fragility,"{""c"": 0.25}",1313,1200,1155,2.8221242652916503e-06,0.22432028482702576,0.10227208590208307,0.22074535726531808,0.3578996195573776,6,200,33.333333333333336,73.28028384224504,586.0,"{""T1036 - Defense Evasion: Masquerading"": 200, ""T1498.001 - Impact: Direct Network Flood"": 157, ""T1498.002 - Impact: Reflection/Amplification Attack"": 6, ""T1571 - Defense Evasion: Non-Standard Port"": 138, ""T1583.005 - Resource Development: Acquire Botnet"": 200, ""T1584.005 - Resource Development: Build/Compromise Botnet"": 199, ""T1590 - Reconnaissance: Gather Victim Network Information"": 50, ""T1595 - Reconnaissance: Active Scanning"": 200, ""TA0011 - Command-and-Control"": 50}",14139200,1155
exploration_bonus_c0.25,exploration_bonus_loo_fragility,"{""c"": 0.25}",1313,1798,1753,0.0,0.22470484448919714,0.10282013170083151,0.21987138712593557,0.3602157968474639,199,200,1.0050251256281406,0.41573970964154905,0.0,"{""T1036 - Defense Evasion: Masquerading"": 200, ""T1498.001 - Impact: Direct Network Flood"": 200, ""T1498.002 - Impact: Reflection/Amplification Attack"": 200, ""T1571 - Defense Evasion: Non-Standard Port"": 200, ""T1583.005 - Resource Development: Acquire Botnet"": 200, ""T1584.005 - Resource Development: Build/Compromise Botnet"": 199, ""T1590 - Reconnaissance: Gather Victim Network Information"": 199, ""T1595 - Reconnaissance: Active Scanning"": 200, ""TA0011 - Command-and-Control"": 200}",14139798,1753
exploration_bonus_c0.5,exploration_bonus_loo_fragility,"{""c"": 0.5}",1313,45,0,7.696953445342797e-05,0.21767482879009512,0.10480532191505205,0.21316898581198196,0.3443407591614601,5,5,1.0,0.0,0.0,"{""T1036 - Defense Evasion: Masquerading"": 5, ""T1498.001 - Impact: Direct Network Flood"": 5, ""T1498.002 - Impact: Reflection/Amplification Attack"": 5, ""T1571 - Defense Evasion: Non-Standard Port"": 5, ""T1583.005 - Resource Development: Acquire Botnet"": 5, ""T1584.005 - Resource Development: Build/Compromise Botnet"": 5, ""T1590 - Reconnaissance: Gather Victim Network Information"": 5, ""T1595 - Reconnaissance: Active Scanning"": 5, ""TA0011 - Command-and-Control"": 5}",14138045,0
exploration_bonus_c0.5,exploration_bonus_loo_fragility,"{""c"": 0.5}",1313,90,45,2.9232038014636658e-06,0.22505412830601626,0.10678391870213691,0.21990076839348727,0.3590700597066345,5,50,10.0,14.142135623730951,80.0,"{""T1036 - Defense Evasion: Masquerading"": 5, ""T1498.001 - Impact: Direct Network Flood"": 5, ""T1498.002 - Impact: Reflection/Amplification Attack"": 5, ""T1571 - Defense Evasion: Non-Standard Port"": 50, ""T1583.005 - Resource Development: Acquire Botnet"": 5, ""T1584.005 - Resource Development: Build/Compromise Botnet"": 5, ""T1590 - Reconnaissance: Gather Victim Network Information"": 5, ""T1595 - Reconnaissance: Active Scanning"": 5, ""TA0011 - Command-and-Control"": 5}",14138090,45
exploration_bonus_c0.5,exploration_bonus_loo_fragility,"{""c"": 0.5}",1313,180,135,9.922648703433336e-06,0.22271892575570418,0.10095699809038243,0.21767353982093451,0.3599911089452157,5,50,10.0,20.54263858417414,174.0,"{""T1036 - Defense Evasion: Masquerading"": 5, ""T1498.001 - Impact: Direct Network Flood"": 5, ""T1498.002 - Impact: Reflection/Amplification Attack"": 5, ""T1571 - Defense Evasion: Non-Standard Port"": 50, ""T1583.005 - Resource Development: Acquire Botnet"": 5, ""T1584.005 - Resource Development: Build/Compromise Botnet"": 5, ""T1590 - Reconnaissance: Gather Victim Network Information"": 50, ""T1595 - Reconnaissance: Active Scanning"": 47, ""TA0011 - Command-and-Control"": 8}",14138180,135
exploration_bonus_c0.5,exploration_bonus_loo_fragility,"{""c"": 0.5}",1313,360,315,7.70838718083184e-06,0.22217608727478363,0.10152689455865867,0.2174231283779483,0.35749188815261906,5,104,20.8,35.364765892999586,272.0,"{""T1036 - Defense Evasion: Masquerading"": 104, ""T1498.001 - Impact: Direct Network Flood"": 5, ""T1498.002 - Impact: Reflection/Amplification Attack"": 7, ""T1571 - Defense Evasion: Non-Standard Port"": 95, ""T1583.005 - Resource Development: Acquire Botnet"": 22, ""T1584.005 - Resource Development: Build/Compromise Botnet"": 22, ""T1590 - Reconnaissance: Gather Victim Network Information"": 50, ""T1595 - Reconnaissance: Active Scanning"": 47, ""TA0011 - Command-and-Control"": 8}",14138360,315
exploration_bonus_c0.5,exploration_bonus_loo_fragility,"{""c"": 0.5}",1313,720,675,8.457698596290844e-06,0.2227232624795225,0.10308926227851944,0.21776193252421666,0.3565088208348266,5,199,39.8,72.14953607304454,564.0,"{""T1036 - Defense Evasion: Masquerading"": 196, ""T1498.001 - Impact: Direct Network Flood"": 5, ""T1498.002 - Impact: Reflection/Amplification Attack"": 7, ""T1571 - Defense Evasion: Non-Standard Port"": 95, ""T1583.005 - Resource Development: Acquire Botnet"": 112, ""T1584.005 - Resource Development: Build/Compromise Botnet"": 199, ""T1590 - Reconnaissance: Gather Victim Network Information"": 50, ""T1595 - Reconnaissance: Active Scanning"": 47, ""TA0011 - Command-and-Control"": 9}",14138720,675
exploration_bonus_c0.5,exploration_bonus_loo_fragility,"{""c"": 0.5}",1313,1200,1155,9.247655977810418e-06,0.22240265092232503,0.10221266986052167,0.21838679127937927,0.35319793724187054,5,200,40.0,85.47774239206628,716.0,"{""T1036 - Defense Evasion: Masquerading"": 196, ""T1498.001 - Impact: Direct Network Flood"": 5, ""T1498.002 - Impact: Reflection/Amplification Attack"": 7, ""T1571 - Defense Evasion: Non-Standard Port"": 165, ""T1583.005 - Resource Development: Acquire Botnet"": 200, ""T1584.005 - Resource Development: Build/Compromise Botnet"": 199, ""T1590 - Reconnaissance: Gather Victim Network Information"": 199, ""T1595 - Reconnaissance: Active Scanning"": 200, ""TA0011 - Command-and-Control"": 29}",14139200,1155
exploration_bonus_c0.5,exploration_bonus_loo_fragility,"{""c"": 0.5}",1313,1798,1753,0.0,0.22470484448919714,0.10282013170083151,0.21987138712593557,0.3602157968474639,199,200,1.0050251256281406,0.41573970964154905,0.0,"{""T1036 - Defense Evasion: Masquerading"": 200, ""T1498.001 - Impact: Direct Network Flood"": 200, ""T1498.002 - Impact: Reflection/Amplification Attack"": 200, ""T1571 - Defense Evasion: Non-Standard Port"": 200, ""T1583.005 - Resource Development: Acquire Botnet"": 200, ""T1584.005 - Resource Development: Build/Compromise Botnet"": 199, ""T1590 - Reconnaissance: Gather Victim Network Information"": 199, ""T1595 - Reconnaissance: Active Scanning"": 200, ""TA0011 - Command-and-Control"": 200}",14139798,1753
exploration_bonus_c1.0,exploration_bonus_loo_fragility,"{""c"": 1.0}",1313,45,0,7.696953445342797e-05,0.21767482879009512,0.10480532191505205,0.21316898581198196,0.3443407591614601,5,5,1.0,0.0,0.0,"{""T1036 - Defense Evasion: Masquerading"": 5, ""T1498.001 - Impact: Direct Network Flood"": 5, ""T1498.002 - Impact: Reflection/Amplification Attack"": 5, ""T1571 - Defense Evasion: Non-Standard Port"": 5, ""T1583.005 - Resource Development: Acquire Botnet"": 5, ""T1584.005 - Resource Development: Build/Compromise Botnet"": 5, ""T1590 - Reconnaissance: Gather Victim Network Information"": 5, ""T1595 - Reconnaissance: Active Scanning"": 5, ""TA0011 - Command-and-Control"": 5}",14138045,0
exploration_bonus_c1.0,exploration_bonus_loo_fragility,"{""c"": 1.0}",1313,90,45,2.9232038014636658e-06,0.22505412830601626,0.10678391870213691,0.21990076839348727,0.3590700597066345,5,50,10.0,14.142135623730951,80.0,"{""T1036 - Defense Evasion: Masquerading"": 5, ""T1498.001 - Impact: Direct Network Flood"": 5, ""T1498.002 - Impact: Reflection/Amplification Attack"": 5, ""T1571 - Defense Evasion: Non-Standard Port"": 50, ""T1583.005 - Resource Development: Acquire Botnet"": 5, ""T1584.005 - Resource Development: Build/Compromise Botnet"": 5, ""T1590 - Reconnaissance: Gather Victim Network Information"": 5, ""T1595 - Reconnaissance: Active Scanning"": 5, ""TA0011 - Command-and-Control"": 5}",14138090,45
exploration_bonus_c1.0,exploration_bonus_loo_fragility,"{""c"": 1.0}",1313,180,135,1.7544117282319385e-05,0.22186934305925923,0.10443347967402135,0.21683305458401592,0.3567281710774314,5,50,10.0,19.281539818639427,162.0,"{""T1036 - Defense Evasion: Masquerading"": 6, ""T1498.001 - Impact: Direct Network Flood"": 5, ""T1498.002 - Impact: Reflection/Amplification Attack"": 5, ""T1571 - Defense Evasion: Non-Standard Port"": 50, ""T1583.005 - Resource Development: Acquire Botnet"": 5, ""T1584.005 - Resource Development: Build/Compromise Botnet"": 5, ""T1590 - Reconnaissance: Gather Victim Network Information"": 45, ""T1595 - Reconnaissance: Active Scanning"": 46, ""TA0011 - Command-and-Control"": 13}",14138180,135
exploration_bonus_c1.0,exploration_bonus_loo_fragility,"{""c"": 1.0}",1313,360,315,5.302345660371524e-06,0.2242455104911412,0.10667588586990542,0.21955625070503526,0.3555505975420006,13,71,5.461538461538462,20.51557673790549,170.0,"{""T1036 - Defense Evasion: Masquerading"": 13, ""T1498.001 - Impact: Direct Network Flood"": 14, ""T1498.002 - Impact: Reflection/Amplification Attack"": 54, ""T1571 - Defense Evasion: Non-Standard Port"": 71, ""T1583.005 - Resource Development: Acquire Botnet"": 26, ""T1584.005 - Resource Development: Build/Compromise Botnet"": 36, ""T1590 - Reconnaissance: Gather Victim Network Information"": 63, ""T1595 - Reconnaissance: Active Scanning"": 57, ""TA0011 - Command-and-Control"": 26}",14138360,315
exploration_bonus_c1.0,exploration_bonus_loo_fragility,"{""c"": 1.0}",1313,720,675,1.5374159957277705e-06,0.22448570636228432,0.1050978121392635,0.2201493763959922,0.3588642182031993,33,141,4.2727272727272725,36.968455021364726,292.0,"{""T1036 - Defense Evasion: Masquerading"": 33, ""T1498.001 - Impact: Direct Network Flood"": 134, ""T1498.002 - Impact: Reflection/Amplification Attack"": 54, ""T1571 - Defense Evasion: Non-Standard Port"": 110, ""T1583.005 - Resource Development: Acquire Botnet"": 48, ""T1584.005 - Resource Development: Build/Compromise Botnet"": 62, ""T1590 - Reconnaissance: Gather Victim Network Information"": 141, ""T1595 - Reconnaissance: Active Scanning"": 57, ""TA0011 - Command-and-Control"": 81}",14138720,675
exploration_bonus_c1.0,exploration_bonus_loo_fragility,"{""c"": 1.0}",1313,1200,1155,9.212697101656342e-07,0.22515129774504059,0.10468972912967921,0.22085837570280958,0.3602705089665578,54,200,3.7037037037037037,54.446711970921115,454.0,"{""T1036 - Defense Evasion: Masquerading"": 102, ""T1498.001 - Impact: Direct Network Flood"": 179, ""T1498.002 - Impact: Reflection/Amplification Attack"": 54, ""T1571 - Defense Evasion: Non-Standard Port"": 146, ""T1583.005 - Resource Development: Acquire Botnet"": 200, ""T1584.005 - Resource Development: Build/Compromise Botnet"": 69, ""T1590 - Reconnaissance: Gather Victim Network Information"": 199, ""T1595 - Reconnaissance: Active Scanning"": 80, ""TA0011 - Command-and-Control"": 171}",14139200,1155
exploration_bonus_c1.0,exploration_bonus_loo_fragility,"{""c"": 1.0}",1313,1798,1753,0.0,0.22470484448919714,0.10282013170083151,0.21987138712593557,0.3602157968474639,199,200,1.0050251256281406,0.41573970964154905,0.0,"{""T1036 - Defense Evasion: Masquerading"": 200, ""T1498.001 - Impact: Direct Network Flood"": 200, ""T1498.002 - Impact: Reflection/Amplification Attack"": 200, ""T1571 - Defense Evasion: Non-Standard Port"": 200, ""T1583.005 - Resource Development: Acquire Botnet"": 200, ""T1584.005 - Resource Development: Build/Compromise Botnet"": 199, ""T1590 - Reconnaissance: Gather Victim Network Information"": 199, ""T1595 - Reconnaissance: Active Scanning"": 200, ""TA0011 - Command-and-Control"": 200}",14139798,1753
uniform_step_balanced,uniform_step_balanced,{},1414,45,0,0.00014082810804004353,0.21481848814845944,0.1016880578944129,0.21116858154481238,0.3366875548598454,5,5,1.0,0.0,0.0,"{""T1036 - Defense Evasion: Masquerading"": 5, ""T1498.001 - Impact: Direct Network Flood"": 5, ""T1498.002 - Impact: Reflection/Amplification Attack"": 5, ""T1571 - Defense Evasion: Non-Standard Port"": 5, ""T1583.005 - Resource Development: Acquire Botnet"": 5, ""T1584.005 - Resource Development: Build/Compromise Botnet"": 5, ""T1590 - Reconnaissance: Gather Victim Network Information"": 5, ""T1595 - Reconnaissance: Active Scanning"": 5, ""TA0011 - Command-and-Control"": 5}",15148045,0
uniform_step_balanced,uniform_step_balanced,{},1414,90,45,6.144888078864398e-05,0.21789967176643163,0.10393654092937948,0.21243729498094216,0.34808712411729925,10,10,1.0,0.0,0.0,"{""T1036 - Defense Evasion: Masquerading"": 10, ""T1498.001 - Impact: Direct Network Flood"": 10, ""T1498.002 - Impact: Reflection/Amplification Attack"": 10, ""T1571 - Defense Evasion: Non-Standard Port"": 10, ""T1583.005 - Resource Development: Acquire Botnet"": 10, ""T1584.005 - Resource Development: Build/Compromise Botnet"": 10, ""T1590 - Reconnaissance: Gather Victim Network Information"": 10, ""T1595 - Reconnaissance: Active Scanning"": 10, ""TA0011 - Command-and-Control"": 10}",15148090,45
uniform_step_balanced,uniform_step_balanced,{},1414,180,135,1.1747413638044282e-05,0.22327232930484212,0.10870173077674819,0.21790269848432153,0.3564305512751199,20,20,1.0,0.0,0.0,"{""T1036 - Defense Evasion: Masquerading"": 20, ""T1498.001 - Impact: Direct Network Flood"": 20, ""T1498.002 - Impact: Reflection/Amplification Attack"": 20, ""T1571 - Defense Evasion: Non-Standard Port"": 20, ""T1583.005 - Resource Development: Acquire Botnet"": 20, ""T1584.005 - Resource Development: Build/Compromise Botnet"": 20, ""T1590 - Reconnaissance: Gather Victim Network Information"": 20, ""T1595 - Reconnaissance: Active Scanning"": 20, ""TA0011 - Command-and-Control"": 20}",15148180,135
uniform_step_balanced,uniform_step_balanced,{},1414,360,315,9.242381926623557e-06,0.22251111823437103,0.10401815038766635,0.21789703887275763,0.35728051654880166,40,40,1.0,0.0,0.0,"{""T1036 - Defense Evasion: Masquerading"": 40, ""T1498.001 - Impact: Direct Network Flood"": 40, ""T1498.002 - Impact: Reflection/Amplification Attack"": 40, ""T1571 - Defense Evasion: Non-Standard Port"": 40, ""T1583.005 - Resource Development: Acquire Botnet"": 40, ""T1584.005 - Resource Development: Build/Compromise Botnet"": 40, ""T1590 - Reconnaissance: Gather Victim Network Information"": 40, ""T1595 - Reconnaissance: Active Scanning"": 40, ""TA0011 - Command-and-Control"": 40}",15148360,315
uniform_step_balanced,uniform_step_balanced,{},1414,720,675,5.024014713892699e-06,0.22392202304262215,0.10586245906906802,0.21908050923007996,0.3554678101905737,80,80,1.0,0.0,0.0,"{""T1036 - Defense Evasion: Masquerading"": 80, ""T1498.001 - Impact: Direct Network Flood"": 80, ""T1498.002 - Impact: Reflection/Amplification Attack"": 80, ""T1571 - Defense Evasion: Non-Standard Port"": 80, ""T1583.005 - Resource Development: Acquire Botnet"": 80, ""T1584.005 - Resource Development: Build/Compromise Botnet"": 80, ""T1590 - Reconnaissance: Gather Victim Network Information"": 80, ""T1595 - Reconnaissance: Active Scanning"": 80, ""TA0011 - Command-and-Control"": 80}",15148720,675
uniform_step_balanced,uniform_step_balanced,{},1414,1200,1155,8.11134885246694e-06,0.22303907183890387,0.10710375754900414,0.21809216817383026,0.3546000143815718,133,134,1.0075187969924813,0.4714045207910317,0.0,"{""T1036 - Defense Evasion: Masquerading"": 133, ""T1498.001 - Impact: Direct Network Flood"": 133, ""T1498.002 - Impact: Reflection/Amplification Attack"": 133, ""T1571 - Defense Evasion: Non-Standard Port"": 134, ""T1583.005 - Resource Development: Acquire Botnet"": 133, ""T1584.005 - Resource Development: Build/Compromise Botnet"": 134, ""T1590 - Reconnaissance: Gather Victim Network Information"": 133, ""T1595 - Reconnaissance: Active Scanning"": 133, ""TA0011 - Command-and-Control"": 134}",15149200,1155
uniform_step_balanced,uniform_step_balanced,{},1414,1798,1753,0.0,0.22470484448919714,0.10282013170083151,0.21987138712593557,0.3602157968474639,199,200,1.0050251256281406,0.41573970964154905,0.0,"{""T1036 - Defense Evasion: Masquerading"": 200, ""T1498.001 - Impact: Direct Network Flood"": 200, ""T1498.002 - Impact: Reflection/Amplification Attack"": 200, ""T1571 - Defense Evasion: Non-Standard Port"": 200, ""T1583.005 - Resource Development: Acquire Botnet"": 200, ""T1584.005 - Resource Development: Build/Compromise Botnet"": 199, ""T1590 - Reconnaissance: Gather Victim Network Information"": 199, ""T1595 - Reconnaissance: Active Scanning"": 200, ""TA0011 - Command-and-Control"": 200}",15149798,1753
greedy_loo_fragility,greedy_loo_fragility,{},1414,45,0,0.00014082810804004353,0.21481848814845944,0.1016880578944129,0.21116858154481238,0.3366875548598454,5,5,1.0,0.0,0.0,"{""T1036 - Defense Evasion: Masquerading"": 5, ""T1498.001 - Impact: Direct Network Flood"": 5, ""T1498.002 - Impact: Reflection/Amplification Attack"": 5, ""T1571 - Defense Evasion: Non-Standard Port"": 5, ""T1583.005 - Resource Development: Acquire Botnet"": 5, ""T1584.005 - Resource Development: Build/Compromise Botnet"": 5, ""T1590 - Reconnaissance: Gather Victim Network Information"": 5, ""T1595 - Reconnaissance: Active Scanning"": 5, ""TA0011 - Command-and-Control"": 5}",15148045,0
greedy_loo_fragility,greedy_loo_fragility,{},1414,90,45,2.365920929606784e-05,0.2219961947553533,0.10700967766289395,0.21702162570999733,0.35221499900097447,5,50,10.0,14.142135623730951,80.0,"{""T1036 - Defense Evasion: Masquerading"": 5, ""T1498.001 - Impact: Direct Network Flood"": 5, ""T1498.002 - Impact: Reflection/Amplification Attack"": 5, ""T1571 - Defense Evasion: Non-Standard Port"": 50, ""T1583.005 - Resource Development: Acquire Botnet"": 5, ""T1584.005 - Resource Development: Build/Compromise Botnet"": 5, ""T1590 - Reconnaissance: Gather Victim Network Information"": 5, ""T1595 - Reconnaissance: Active Scanning"": 5, ""TA0011 - Command-and-Control"": 5}",15148090,45
greedy_loo_fragility,greedy_loo_fragility,{},1414,180,135,8.130713527414313e-06,0.22407644730380663,0.10787092856489171,0.21899962778376753,0.3563366963820042,5,50,10.0,21.213203435596427,180.0,"{""T1036 - Defense Evasion: Masquerading"": 50, ""T1498.001 - Impact: Direct Network Flood"": 5, ""T1498.002 - Impact: Reflection/Amplification Attack"": 5, ""T1571 - Defense Evasion: Non-Standard Port"": 50, ""T1583.005 - Resource Development: Acquire Botnet"": 5, ""T1584.005 - Resource Development: Build/Compromise Botnet"": 5, ""T1590 - Reconnaissance: Gather Victim Network Information"": 5, ""T1595 - Reconnaissance: Active Scanning"": 5, ""TA0011 - Command-and-Control"": 50}",15148180,135
greedy_loo_fragility,greedy_loo_fragility,{},1414,360,315,9.366063582989303e-06,0.22349191740538527,0.10523870084081026,0.21932103075595366,0.355662013158196,5,185,37.0,55.226805085936306,350.0,"{""T1036 - Defense Evasion: Masquerading"": 50, ""T1498.001 - Impact: Direct Network Flood"": 5, ""T1498.002 - Impact: Reflection/Amplification Attack"": 5, ""T1571 - Defense Evasion: Non-Standard Port"": 50, ""T1583.005 - Resource Development: Acquire Botnet"": 5, ""T1584.005 - Resource Development: Build/Compromise Botnet"": 5, ""T1590 - Reconnaissance: Gather Victim Network Information"": 185, ""T1595 - Reconnaissance: Active Scanning"": 5, ""TA0011 - Command-and-Control"": 50}",15148360,315
greedy_loo_fragility,greedy_loo_fragility,{},1414,720,675,9.737020363858527e-06,0.2236917826621836,0.10784057574858194,0.21862246258877502,0.35434809790008526,5,200,40.0,80.25099514786233,660.0,"{""T1036 - Defense Evasion: Masquerading"": 50, ""T1498.001 - Impact: Direct Network Flood"": 200, ""T1498.002 - Impact: Reflection/Amplification Attack"": 5, ""T1571 - Defense Evasion: Non-Standard Port"": 95, ""T1583.005 - Resource Development: Acquire Botnet"": 5, ""T1584.005 - Resource Development: Build/Compromise Botnet"": 5, ""T1590 - Reconnaissance: Gather Victim Network Information"": 199, ""T1595 - Reconnaissance: Active Scanning"": 5, ""TA0011 - Command-and-Control"": 156}",15148720,675
greedy_loo_fragility,greedy_loo_fragility,{},1414,1200,1155,2.9282904384136602e-06,0.22408553471175952,0.10349148592818022,0.2191740788724641,0.35631702989457187,5,200,40.0,82.13268398011706,678.0,"{""T1036 - Defense Evasion: Masquerading"": 50, ""T1498.001 - Impact: Direct Network Flood"": 200, ""T1498.002 - Impact: Reflection/Amplification Attack"": 5, ""T1571 - Defense Evasion: Non-Standard Port"": 185, ""T1583.005 - Resource Development: Acquire Botnet"": 200, ""T1584.005 - Resource Development: Build/Compromise Botnet"": 5, ""T1590 - Reconnaissance: Gather Victim Network Information"": 199, ""T1595 - Reconnaissance: Active Scanning"": 200, ""TA0011 - Command-and-Control"": 156}",15149200,1155
greedy_loo_fragility,greedy_loo_fragility,{},1414,1798,1753,0.0,0.22470484448919714,0.10282013170083151,0.21987138712593557,0.3602157968474639,199,200,1.0050251256281406,0.41573970964154905,0.0,"{""T1036 - Defense Evasion: Masquerading"": 200, ""T1498.001 - Impact: Direct Network Flood"": 200, ""T1498.002 - Impact: Reflection/Amplification Attack"": 200, ""T1571 - Defense Evasion: Non-Standard Port"": 200, ""T1583.005 - Resource Development: Acquire Botnet"": 200, ""T1584.005 - Resource Development: Build/Compromise Botnet"": 199, ""T1590 - Reconnaissance: Gather Victim Network Information"": 199, ""T1595 - Reconnaissance: Active Scanning"": 200, ""TA0011 - Command-and-Control"": 200}",15149798,1753
epsilon_greedy_eps0.2,epsilon_greedy_loo_fragility,"{""epsilon"": 0.2}",1414,45,0,0.00014082810804004353,0.21481848814845944,0.1016880578944129,0.21116858154481238,0.3366875548598454,5,5,1.0,0.0,0.0,"{""T1036 - Defense Evasion: Masquerading"": 5, ""T1498.001 - Impact: Direct Network Flood"": 5, ""T1498.002 - Impact: Reflection/Amplification Attack"": 5, ""T1571 - Defense Evasion: Non-Standard Port"": 5, ""T1583.005 - Resource Development: Acquire Botnet"": 5, ""T1584.005 - Resource Development: Build/Compromise Botnet"": 5, ""T1590 - Reconnaissance: Gather Victim Network Information"": 5, ""T1595 - Reconnaissance: Active Scanning"": 5, ""TA0011 - Command-and-Control"": 5}",15148045,0
epsilon_greedy_eps0.2,epsilon_greedy_loo_fragility,"{""epsilon"": 0.2}",1414,90,45,2.876042273754846e-05,0.21999898750665417,0.10221481691706451,0.2142402686008913,0.35352891642622114,6,39,6.5,10.263202878893768,58.0,"{""T1036 - Defense Evasion: Masquerading"": 6, ""T1498.001 - Impact: Direct Network Flood"": 6, ""T1498.002 - Impact: Reflection/Amplification Attack"": 6, ""T1571 - Defense Evasion: Non-Standard Port"": 39, ""T1583.005 - Resource Development: Acquire Botnet"": 6, ""T1584.005 - Resource Development: Build/Compromise Botnet"": 7, ""T1590 - Reconnaissance: Gather Victim Network Information"": 7, ""T1595 - Reconnaissance: Active Scanning"": 7, ""TA0011 - Command-and-Control"": 6}",15148090,45
epsilon_greedy_eps0.2,epsilon_greedy_loo_fragility,"{""epsilon"": 0.2}",1414,180,135,5.07307441501127e-06,0.2253510189776323,0.1079421039348393,0.22036862367172014,0.35771057297384035,8,47,5.875,16.377491328717664,138.0,"{""T1036 - Defense Evasion: Masquerading"": 43, ""T1498.001 - Impact: Direct Network Flood"": 47, ""T1498.002 - Impact: Reflection/Amplification Attack"": 8, ""T1571 - Defense Evasion: Non-Standard Port"": 39, ""T1583.005 - Resource Development: Acquire Botnet"": 9, ""T1584.005 - Resource Development: Build/Compromise Botnet"": 9, ""T1590 - Reconnaissance: Gather Victim Network Information"": 9, ""T1595 - Reconnaissance: Active Scanning"": 8, ""TA0011 - Command-and-Control"": 8}",15148180,135
epsilon_greedy_eps0.2,epsilon_greedy_loo_fragility,"{""epsilon"": 0.2}",1414,360,315,2.5053800029142173e-06,0.22431931854936144,0.10661022591651789,0.21964136124614336,0.3589845936116586,17,80,4.705882352941177,19.241159586215748,136.0,"{""T1036 - Defense Evasion: Masquerading"": 43, ""T1498.001 - Impact: Direct Network Flood"": 80, ""T1498.002 - Impact: Reflection/Amplification Attack"": 18, ""T1571 - Defense Evasion: Non-Standard Port"": 39, ""T1583.005 - Resource Development: Acquire Botnet"": 50, ""T1584.005 - Resource Development: Build/Compromise Botnet"": 17, ""T1590 - Reconnaissance: Gather Victim Network Information"": 45, ""T1595 - Reconnaissance: Active Scanning"": 50, ""TA0011 - Command-and-Control"": 18}",15148360,315
epsilon_greedy_eps0.2,epsilon_greedy_loo_fragility,"{""epsilon"": 0.2}",1414,720,675,1.1398610559427293e-05,0.22297402654041376,0.1053765626380076,0.21768083760147827,0.3560948052039313,43,158,3.6744186046511627,35.696249413940144,236.0,"{""T1036 - Defense Evasion: Masquerading"": 77, ""T1498.001 - Impact: Direct Network Flood"": 80, ""T1498.002 - Impact: Reflection/Amplification Attack"": 43, ""T1571 - Defense Evasion: Non-Standard Port"": 74, ""T1583.005 - Resource Development: Acquire Botnet"": 158, ""T1584.005 - Resource Development: Build/Compromise Botnet"": 44, ""T1590 - Reconnaissance: Gather Victim Network Information"": 117, ""T1595 - Reconnaissance: Active Scanning"": 83, ""TA0011 - Command-and-Control"": 44}",15148720,675
epsilon_greedy_eps0.2,epsilon_greedy_loo_fragility,"{""epsilon"": 0.2}",1414,1200,1155,3.6227201519701136e-06,0.2245212853007045,0.10533840386969719,0.2190963316832526,0.36100095305719143,77,200,2.5974025974025974,53.68840139587362,462.0,"{""T1036 - Defense Evasion: Masquerading"": 77, ""T1498.001 - Impact: Direct Network Flood"": 107, ""T1498.002 - Impact: Reflection/Amplification Attack"": 77, ""T1571 - Defense Evasion: Non-Standard Port"": 167, ""T1583.005 - Resource Development: Acquire Botnet"": 200, ""T1584.005 - Resource Development: Build/Compromise Botnet"": 77, ""T1590 - Reconnaissance: Gather Victim Network Information"": 199, ""T1595 - Reconnaissance: Active Scanning"": 200, ""TA0011 - Command-and-Control"": 96}",15149200,1155
epsilon_greedy_eps0.2,epsilon_greedy_loo_fragility,"{""epsilon"": 0.2}",1414,1798,1753,0.0,0.22470484448919714,0.10282013170083151,0.21987138712593557,0.3602157968474639,199,200,1.0050251256281406,0.41573970964154905,0.0,"{""T1036 - Defense Evasion: Masquerading"": 200, ""T1498.001 - Impact: Direct Network Flood"": 200, ""T1498.002 - Impact: Reflection/Amplification Attack"": 200, ""T1571 - Defense Evasion: Non-Standard Port"": 200, ""T1583.005 - Resource Development: Acquire Botnet"": 200, ""T1584.005 - Resource Development: Build/Compromise Botnet"": 199, ""T1590 - Reconnaissance: Gather Victim Network Information"": 199, ""T1595 - Reconnaissance: Active Scanning"": 200, ""TA0011 - Command-and-Control"": 200}",15149798,1753
exploration_bonus_c0.25,exploration_bonus_loo_fragility,"{""c"": 0.25}",1414,45,0,0.00014082810804004353,0.21481848814845944,0.1016880578944129,0.21116858154481238,0.3366875548598454,5,5,1.0,0.0,0.0,"{""T1036 - Defense Evasion: Masquerading"": 5, ""T1498.001 - Impact: Direct Network Flood"": 5, ""T1498.002 - Impact: Reflection/Amplification Attack"": 5, ""T1571 - Defense Evasion: Non-Standard Port"": 5, ""T1583.005 - Resource Development: Acquire Botnet"": 5, ""T1584.005 - Resource Development: Build/Compromise Botnet"": 5, ""T1590 - Reconnaissance: Gather Victim Network Information"": 5, ""T1595 - Reconnaissance: Active Scanning"": 5, ""TA0011 - Command-and-Control"": 5}",15148045,0
exploration_bonus_c0.25,exploration_bonus_loo_fragility,"{""c"": 0.25}",1414,90,45,2.365920929606784e-05,0.2219961947553533,0.10700967766289395,0.21702162570999733,0.35221499900097447,5,50,10.0,14.142135623730951,80.0,"{""T1036 - Defense Evasion: Masquerading"": 5, ""T1498.001 - Impact: Direct Network Flood"": 5, ""T1498.002 - Impact: Reflection/Amplification Attack"": 5, ""T1571 - Defense Evasion: Non-Standard Port"": 50, ""T1583.005 - Resource Development: Acquire Botnet"": 5, ""T1584.005 - Resource Development: Build/Compromise Botnet"": 5, ""T1590 - Reconnaissance: Gather Victim Network Information"": 5, ""T1595 - Reconnaissance: Active Scanning"": 5, ""TA0011 - Command-and-Control"": 5}",15148090,45
exploration_bonus_c0.25,exploration_bonus_loo_fragility,"{""c"": 0.25}",1414,180,135,8.130713527414313e-06,0.22407644730380663,0.10787092856489171,0.21899962778376753,0.3563366963820042,5,50,10.0,21.213203435596427,180.0,"{""T1036 - Defense Evasion: Masquerading"": 50, ""T1498.001 - Impact: Direct Network Flood"": 5, ""T1498.002 - Impact: Reflection/Amplification Attack"": 5, ""T1571 - Defense Evasion: Non-Standard Port"": 50, ""T1583.005 - Resource Development: Acquire Botnet"": 5, ""T1584.005 - Resource Development: Build/Compromise Botnet"": 5, ""T1590 - Reconnaissance: Gather Victim Network Information"": 5, ""T1595 - Reconnaissance: Active Scanning"": 5, ""TA0011 - Command-and-Control"": 50}",15148180,135
exploration_bonus_c0.25,exploration_bonus_loo_fragility,"{""c"": 0.25}",1414,360,315,7.317453270022086e-06,0.22380642864239308,0.10510623063183462,0.21937519426606444,0.35624765736447866,5,150,30.0,43.84315479321968,280.0,"{""T1036 - Defense Evasion: Masquerading"": 50, ""T1498.001 - Impact: Direct Network Flood"": 40, ""T1498.002 - Impact: Reflection/Amplification Attack"": 5, ""T1571 - Defense Evasion: Non-Standard Port"": 50, ""T1583.005 - Resource Development: Acquire Botnet"": 5, ""T1584.005 - Resource Development: Build/Compromise Botnet"": 5, ""T1590 - Reconnaissance: Gather Victim Network Information"": 150, ""T1595 - Reconnaissance: Active Scanning"": 5, ""TA0011 - Command-and-Control"": 50}",15148360,315
exploration_bonus_c0.25,exploration_bonus_loo_fragility,"{""c"": 0.25}",1414,720,675,4.600057106279246e-06,0.22434384759537898,0.10713610258721643,0.21927620801308498,0.3560460695584949,5,200,40.0,84.41695458983475,702.0,"{""T1036 - Defense Evasion: Masquerading"": 50, ""T1498.001 - Impact: Direct Network Flood"": 200, ""T1498.002 - Impact: Reflection/Amplification Attack"": 5, ""T1571 - Defense Evasion: Non-Standard Port"": 50, ""T1583.005 - Resource Development: Acquire Botnet"": 5, ""T1584.005 - Resource Development: Build/Compromise Botnet"": 14, ""T1590 - Reconnaissance: Gather Victim Network Information"": 199, ""T1595 - Reconnaissance: Active Scanning"": 5, ""TA0011 - Command-and-Control"": 192}",15148720,675
exploration_bonus_c0.25,exploration_bonus_loo_fragility,"{""c"": 0.25}",1414,1200,1155,2.4887828504404885e-06,0.22440984703342373,0.1051263249908815,0.2194527975437398,0.35685510181103086,14,200,14.285714285714286,77.04399897316972,662.0,"{""T1036 - Defense Evasion: Masquerading"": 50, ""T1498.001 - Impact: Direct Network Flood"": 200, ""T1498.002 - Impact: Reflection/Amplification Attack"": 39, ""T1571 - Defense Evasion: Non-Standard Port"": 200, ""T1583.005 - Resource Development: Acquire Botnet"": 200, ""T1584.005 - Resource Development: Build/Compromise Botnet"": 14, ""T1590 - Reconnaissance: Gather Victim Network Information"": 199, ""T1595 - Reconnaissance: Active Scanning"": 98, ""TA0011 - Command-and-Control"": 200}",15149200,1155
exploration_bonus_c0.25,exploration_bonus_loo_fragility,"{""c"": 0.25}",1414,1798,1753,0.0,0.22470484448919714,0.10282013170083151,0.21987138712593557,0.3602157968474639,199,200,1.0050251256281406,0.41573970964154905,0.0,"{""T1036 - Defense Evasion: Masquerading"": 200, ""T1498.001 - Impact: Direct Network Flood"": 200, ""T1498.002 - Impact: Reflection/Amplification Attack"": 200, ""T1571 - Defense Evasion: Non-Standard Port"": 200, ""T1583.005 - Resource Development: Acquire Botnet"": 200, ""T1584.005 - Resource Development: Build/Compromise Botnet"": 199, ""T1590 - Reconnaissance: Gather Victim Network Information"": 199, ""T1595 - Reconnaissance: Active Scanning"": 200, ""TA0011 - Command-and-Control"": 200}",15149798,1753
exploration_bonus_c0.5,exploration_bonus_loo_fragility,"{""c"": 0.5}",1414,45,0,0.00014082810804004353,0.21481848814845944,0.1016880578944129,0.21116858154481238,0.3366875548598454,5,5,1.0,0.0,0.0,"{""T1036 - Defense Evasion: Masquerading"": 5, ""T1498.001 - Impact: Direct Network Flood"": 5, ""T1498.002 - Impact: Reflection/Amplification Attack"": 5, ""T1571 - Defense Evasion: Non-Standard Port"": 5, ""T1583.005 - Resource Development: Acquire Botnet"": 5, ""T1584.005 - Resource Development: Build/Compromise Botnet"": 5, ""T1590 - Reconnaissance: Gather Victim Network Information"": 5, ""T1595 - Reconnaissance: Active Scanning"": 5, ""TA0011 - Command-and-Control"": 5}",15148045,0
exploration_bonus_c0.5,exploration_bonus_loo_fragility,"{""c"": 0.5}",1414,90,45,2.365920929606784e-05,0.2219961947553533,0.10700967766289395,0.21702162570999733,0.35221499900097447,5,50,10.0,14.142135623730951,80.0,"{""T1036 - Defense Evasion: Masquerading"": 5, ""T1498.001 - Impact: Direct Network Flood"": 5, ""T1498.002 - Impact: Reflection/Amplification Attack"": 5, ""T1571 - Defense Evasion: Non-Standard Port"": 50, ""T1583.005 - Resource Development: Acquire Botnet"": 5, ""T1584.005 - Resource Development: Build/Compromise Botnet"": 5, ""T1590 - Reconnaissance: Gather Victim Network Information"": 5, ""T1595 - Reconnaissance: Active Scanning"": 5, ""TA0011 - Command-and-Control"": 5}",15148090,45
exploration_bonus_c0.5,exploration_bonus_loo_fragility,"{""c"": 0.5}",1414,180,135,8.130713527414313e-06,0.22407644730380663,0.10787092856489171,0.21899962778376753,0.3563366963820042,5,50,10.0,21.213203435596427,180.0,"{""T1036 - Defense Evasion: Masquerading"": 50, ""T1498.001 - Impact: Direct Network Flood"": 5, ""T1498.002 - Impact: Reflection/Amplification Attack"": 5, ""T1571 - Defense Evasion: Non-Standard Port"": 50, ""T1583.005 - Resource Development: Acquire Botnet"": 5, ""T1584.005 - Resource Development: Build/Compromise Botnet"": 5, ""T1590 - Reconnaissance: Gather Victim Network Information"": 5, ""T1595 - Reconnaissance: Active Scanning"": 5, ""TA0011 - Command-and-Control"": 50}",15148180,135
exploration_bonus_c0.5,exploration_bonus_loo_fragility,"{""c"": 0.5}",1414,360,315,8.466525937791661e-06,0.2238291955986901,0.10541294344919486,0.21954436105103364,0.35651123377976984,5,152,30.4,44.40720662234904,284.0,"{""T1036 - Defense Evasion: Masquerading"": 50, ""T1498.001 - Impact: Direct Network Flood"": 38, ""T1498.002 - Impact: Reflection/Amplification Attack"": 5, ""T1571 - Defense Evasion: Non-Standard Port"": 50, ""T1583.005 - Resource Development: Acquire Botnet"": 5, ""T1584.005 - Resource Development: Build/Compromise Botnet"": 5, ""T1590 - Reconnaissance: Gather Victim Network Information"": 152, ""T1595 - Reconnaissance: Active Scanning"": 5, ""TA0011 - Command-and-Control"": 50}",15148360,315
exploration_bonus_c0.5,exploration_bonus_loo_fragility,"{""c"": 0.5}",1414,720,675,5.105634627318814e-06,0.22360286100491708,0.10478268259084622,0.21854920424280466,0.3551931291539289,6,200,33.333333333333336,69.02173570694958,490.0,"{""T1036 - Defense Evasion: Masquerading"": 67, ""T1498.001 - Impact: Direct Network Flood"": 200, ""T1498.002 - Impact: Reflection/Amplification Attack"": 10, ""T1571 - Defense Evasion: Non-Standard Port"": 75, ""T1583.005 - Resource Development: Acquire Botnet"": 6, ""T1584.005 - Resource Development: Build/Compromise Botnet"": 27, ""T1590 - Reconnaissance: Gather Victim Network Information"": 199, ""T1595 - Reconnaissance: Active Scanning"": 50, ""TA0011 - Command-and-Control"": 86}",15148720,675
exploration_bonus_c0.5,exploration_bonus_loo_fragility,"{""c"": 0.5}",1414,1200,1155,7.64323957661393e-06,0.22317137864411207,0.10605941494934404,0.2179071341223216,0.3551665409366487,15,200,13.333333333333334,77.73887916180252,662.0,"{""T1036 - Defense Evasion: Masquerading"": 200, ""T1498.001 - Impact: Direct Network Flood"": 200, ""T1498.002 - Impact: Reflection/Amplification Attack"": 15, ""T1571 - Defense Evasion: Non-Standard Port"": 106, ""T1583.005 - Resource Development: Acquire Botnet"": 32, ""T1584.005 - Resource Development: Build/Compromise Botnet"": 48, ""T1590 - Reconnaissance: Gather Victim Network Information"": 199, ""T1595 - Reconnaissance: Active Scanning"": 200, ""TA0011 - Command-and-Control"": 200}",15149200,1155
exploration_bonus_c0.5,exploration_bonus_loo_fragility,"{""c"": 0.5}",1414,1798,1753,0.0,0.22470484448919714,0.10282013170083151,0.21987138712593557,0.3602157968474639,199,200,1.0050251256281406,0.41573970964154905,0.0,"{""T1036 - Defense Evasion: Masquerading"": 200, ""T1498.001 - Impact: Direct Network Flood"": 200, ""T1498.002 - Impact: Reflection/Amplification Attack"": 200, ""T1571 - Defense Evasion: Non-Standard Port"": 200, ""T1583.005 - Resource Development: Acquire Botnet"": 200, ""T1584.005 - Resource Development: Build/Compromise Botnet"": 199, ""T1590 - Reconnaissance: Gather Victim Network Information"": 199, ""T1595 - Reconnaissance: Active Scanning"": 200, ""TA0011 - Command-and-Control"": 200}",15149798,1753
exploration_bonus_c1.0,exploration_bonus_loo_fragility,"{""c"": 1.0}",1414,45,0,0.00014082810804004353,0.21481848814845944,0.1016880578944129,0.21116858154481238,0.3366875548598454,5,5,1.0,0.0,0.0,"{""T1036 - Defense Evasion: Masquerading"": 5, ""T1498.001 - Impact: Direct Network Flood"": 5, ""T1498.002 - Impact: Reflection/Amplification Attack"": 5, ""T1571 - Defense Evasion: Non-Standard Port"": 5, ""T1583.005 - Resource Development: Acquire Botnet"": 5, ""T1584.005 - Resource Development: Build/Compromise Botnet"": 5, ""T1590 - Reconnaissance: Gather Victim Network Information"": 5, ""T1595 - Reconnaissance: Active Scanning"": 5, ""TA0011 - Command-and-Control"": 5}",15148045,0
exploration_bonus_c1.0,exploration_bonus_loo_fragility,"{""c"": 1.0}",1414,90,45,2.365920929606784e-05,0.2219961947553533,0.10700967766289395,0.21702162570999733,0.35221499900097447,5,50,10.0,14.142135623730951,80.0,"{""T1036 - Defense Evasion: Masquerading"": 5, ""T1498.001 - Impact: Direct Network Flood"": 5, ""T1498.002 - Impact: Reflection/Amplification Attack"": 5, ""T1571 - Defense Evasion: Non-Standard Port"": 50, ""T1583.005 - Resource Development: Acquire Botnet"": 5, ""T1584.005 - Resource Development: Build/Compromise Botnet"": 5, ""T1590 - Reconnaissance: Gather Victim Network Information"": 5, ""T1595 - Reconnaissance: Active Scanning"": 5, ""TA0011 - Command-and-Control"": 5}",15148090,45
exploration_bonus_c1.0,exploration_bonus_loo_fragility,"{""c"": 1.0}",1414,180,135,2.133718659601303e-05,0.22036450875783004,0.10237991863998273,0.2146075410290822,0.3560847609836677,5,50,10.0,20.520991962161848,174.0,"{""T1036 - Defense Evasion: Masquerading"": 7, ""T1498.001 - Impact: Direct Network Flood"": 5, ""T1498.002 - Impact: Reflection/Amplification Attack"": 5, ""T1571 - Defense Evasion: Non-Standard Port"": 50, ""T1583.005 - Resource Development: Acquire Botnet"": 5, ""T1584.005 - Resource Development: Build/Compromise Botnet"": 6, ""T1590 - Reconnaissance: Gather Victim Network Information"": 49, ""T1595 - Reconnaissance: Active Scanning"": 5, ""TA0011 - Command-and-Control"": 48}",15148180,135
exploration_bonus_c1.0,exploration_bonus_loo_fragility,"{""c"": 1.0}",1414,360,315,2.922665064761109e-06,0.22373713574817575,0.10397147854324061,0.21913970287798012,0.35685259676869857,12,91,7.583333333333333,22.005049925465343,154.0,"{""T1036 - Defense Evasion: Masquerading"": 36, ""T1498.001 - Impact: Direct Network Flood"": 22, ""T1498.002 - Impact: Reflection/Amplification Attack"": 48, ""T1571 - Defense Evasion: Non-Standard Port"": 50, ""T1583.005 - Resource Development: Acquire Botnet"": 22, ""T1584.005 - Resource Development: Build/Compromise Botnet"": 31, ""T1590 - Reconnaissance: Gather Victim Network Information"": 91, ""T1595 - Reconnaissance: Active Scanning"": 12, ""TA0011 - Command-and-Control"": 48}",15148360,315
exploration_bonus_c1.0,exploration_bonus_loo_fragility,"{""c"": 1.0}",1414,720,675,9.585043631495126e-06,0.2232555593304765,0.1059243421639007,0.21791858917102455,0.35667759123976606,31,200,6.451612903225806,53.85577447632189,400.0,"{""T1036 - Defense Evasion: Masquerading"": 39, ""T1498.001 - Impact: Direct Network Flood"": 97, ""T1498.002 - Impact: Reflection/Amplification Attack"": 68, ""T1571 - Defense Evasion: Non-Standard Port"": 50, ""T1583.005 - Resource Development: Acquire Botnet"": 200, ""T1584.005 - Resource Development: Build/Compromise Botnet"": 31, ""T1590 - Reconnaissance: Gather Victim Network Information"": 143, ""T1595 - Reconnaissance: Active Scanning"": 44, ""TA0011 - Command-and-Control"": 48}",15148720,675
exploration_bonus_c1.0,exploration_bonus_loo_fragility,"{""c"": 1.0}",1414,1200,1155,1.2361128877873479e-05,0.22350674624067637,0.1087047868313148,0.21844130519365737,0.3534309183019691,35,200,5.714285714285714,60.21258635497695,496.0,"{""T1036 - Defense Evasion: Masquerading"": 64, ""T1498.001 - Impact: Direct Network Flood"": 105, ""T1498.002 - Impact: Reflection/Amplification Attack"": 117, ""T1571 - Defense Evasion: Non-Standard Port"": 96, ""T1583.005 - Resource Development: Acquire Botnet"": 200, ""T1584.005 - Resource Development: Build/Compromise Botnet"": 35, ""T1590 - Reconnaissance: Gather Victim Network Information"": 199, ""T1595 - Reconnaissance: Active Scanning"": 197, ""TA0011 - Command-and-Control"": 187}",15149200,1155
exploration_bonus_c1.0,exploration_bonus_loo_fragility,"{""c"": 1.0}",1414,1798,1753,0.0,0.22470484448919714,0.10282013170083151,0.21987138712593557,0.3602157968474639,199,200,1.0050251256281406,0.41573970964154905,0.0,"{""T1036 - Defense Evasion: Masquerading"": 200, ""T1498.001 - Impact: Direct Network Flood"": 200, ""T1498.002 - Impact: Reflection/Amplification Attack"": 200, ""T1571 - Defense Evasion: Non-Standard Port"": 200, ""T1583.005 - Resource Development: Acquire Botnet"": 200, ""T1584.005 - Resource Development: Build/Compromise Botnet"": 199, ""T1590 - Reconnaissance: Gather Victim Network Information"": 199, ""T1595 - Reconnaissance: Active Scanning"": 200, ""TA0011 - Command-and-Control"": 200}",15149798,1753
uniform_step_balanced,uniform_step_balanced,{},1515,45,0,7.931406907139748e-05,0.22159132957445454,0.114214357060837,0.2163422291814383,0.3442428945933854,5,5,1.0,0.0,0.0,"{""T1036 - Defense Evasion: Masquerading"": 5, ""T1498.001 - Impact: Direct Network Flood"": 5, ""T1498.002 - Impact: Reflection/Amplification Attack"": 5, ""T1571 - Defense Evasion: Non-Standard Port"": 5, ""T1583.005 - Resource Development: Acquire Botnet"": 5, ""T1584.005 - Resource Development: Build/Compromise Botnet"": 5, ""T1590 - Reconnaissance: Gather Victim Network Information"": 5, ""T1595 - Reconnaissance: Active Scanning"": 5, ""TA0011 - Command-and-Control"": 5}",16158045,0
uniform_step_balanced,uniform_step_balanced,{},1515,90,45,2.9029520646917187e-05,0.2253350577353428,0.11611998456291839,0.21851441100975788,0.3587485131963813,10,10,1.0,0.0,0.0,"{""T1036 - Defense Evasion: Masquerading"": 10, ""T1498.001 - Impact: Direct Network Flood"": 10, ""T1498.002 - Impact: Reflection/Amplification Attack"": 10, ""T1571 - Defense Evasion: Non-Standard Port"": 10, ""T1583.005 - Resource Development: Acquire Botnet"": 10, ""T1584.005 - Resource Development: Build/Compromise Botnet"": 10, ""T1590 - Reconnaissance: Gather Victim Network Information"": 10, ""T1595 - Reconnaissance: Active Scanning"": 10, ""TA0011 - Command-and-Control"": 10}",16158090,45
uniform_step_balanced,uniform_step_balanced,{},1515,180,135,9.556338621266298e-06,0.2244870037337658,0.11064888637571678,0.2181173528221763,0.3581657048132502,20,20,1.0,0.0,0.0,"{""T1036 - Defense Evasion: Masquerading"": 20, ""T1498.001 - Impact: Direct Network Flood"": 20, ""T1498.002 - Impact: Reflection/Amplification Attack"": 20, ""T1571 - Defense Evasion: Non-Standard Port"": 20, ""T1583.005 - Resource Development: Acquire Botnet"": 20, ""T1584.005 - Resource Development: Build/Compromise Botnet"": 20, ""T1590 - Reconnaissance: Gather Victim Network Information"": 20, ""T1595 - Reconnaissance: Active Scanning"": 20, ""TA0011 - Command-and-Control"": 20}",16158180,135
uniform_step_balanced,uniform_step_balanced,{},1515,360,315,6.3489026209249186e-06,0.22624740241662616,0.1080675118685021,0.22123305934204435,0.3586665375517661,40,40,1.0,0.0,0.0,"{""T1036 - Defense Evasion: Masquerading"": 40, ""T1498.001 - Impact: Direct Network Flood"": 40, ""T1498.002 - Impact: Reflection/Amplification Attack"": 40, ""T1571 - Defense Evasion: Non-Standard Port"": 40, ""T1583.005 - Resource Development: Acquire Botnet"": 40, ""T1584.005 - Resource Development: Build/Compromise Botnet"": 40, ""T1590 - Reconnaissance: Gather Victim Network Information"": 40, ""T1595 - Reconnaissance: Active Scanning"": 40, ""TA0011 - Command-and-Control"": 40}",16158360,315
uniform_step_balanced,uniform_step_balanced,{},1515,720,675,3.1483199396288347e-06,0.22341956354846876,0.1030602337804509,0.21866299007501738,0.3574259763955041,80,80,1.0,0.0,0.0,"{""T1036 - Defense Evasion: Masquerading"": 80, ""T1498.001 - Impact: Direct Network Flood"": 80, ""T1498.002 - Impact: Reflection/Amplification Attack"": 80, ""T1571 - Defense Evasion: Non-Standard Port"": 80, ""T1583.005 - Resource Development: Acquire Botnet"": 80, ""T1584.005 - Resource Development: Build/Compromise Botnet"": 80, ""T1590 - Reconnaissance: Gather Victim Network Information"": 80, ""T1595 - Reconnaissance: Active Scanning"": 80, ""TA0011 - Command-and-Control"": 80}",16158720,675
uniform_step_balanced,uniform_step_balanced,{},1515,1200,1155,2.0934792959938093e-06,0.22526752813049367,0.10463454995537656,0.22064928154140823,0.3569398715367383,133,134,1.0075187969924813,0.4714045207910317,0.0,"{""T1036 - Defense Evasion: Masquerading"": 133, ""T1498.001 - Impact: Direct Network Flood"": 133, ""T1498.002 - Impact: Reflection/Amplification Attack"": 133, ""T1571 - Defense Evasion: Non-Standard Port"": 134, ""T1583.005 - Resource Development: Acquire Botnet"": 134, ""T1584.005 - Resource Development: Build/Compromise Botnet"": 133, ""T1590 - Reconnaissance: Gather Victim Network Information"": 134, ""T1595 - Reconnaissance: Active Scanning"": 133, ""TA0011 - Command-and-Control"": 133}",16159200,1155
uniform_step_balanced,uniform_step_balanced,{},1515,1798,1753,0.0,0.22470484448919714,0.10282013170083151,0.21987138712593557,0.3602157968474639,199,200,1.0050251256281406,0.41573970964154905,0.0,"{""T1036 - Defense Evasion: Masquerading"": 200, ""T1498.001 - Impact: Direct Network Flood"": 200, ""T1498.002 - Impact: Reflection/Amplification Attack"": 200, ""T1571 - Defense Evasion: Non-Standard Port"": 200, ""T1583.005 - Resource Development: Acquire Botnet"": 200, ""T1584.005 - Resource Development: Build/Compromise Botnet"": 199, ""T1590 - Reconnaissance: Gather Victim Network Information"": 199, ""T1595 - Reconnaissance: Active Scanning"": 200, ""TA0011 - Command-and-Control"": 200}",16159798,1753
greedy_loo_fragility,greedy_loo_fragility,{},1515,45,0,7.931406907139748e-05,0.22159132957445454,0.114214357060837,0.2163422291814383,0.3442428945933854,5,5,1.0,0.0,0.0,"{""T1036 - Defense Evasion: Masquerading"": 5, ""T1498.001 - Impact: Direct Network Flood"": 5, ""T1498.002 - Impact: Reflection/Amplification Attack"": 5, ""T1571 - Defense Evasion: Non-Standard Port"": 5, ""T1583.005 - Resource Development: Acquire Botnet"": 5, ""T1584.005 - Resource Development: Build/Compromise Botnet"": 5, ""T1590 - Reconnaissance: Gather Victim Network Information"": 5, ""T1595 - Reconnaissance: Active Scanning"": 5, ""TA0011 - Command-and-Control"": 5}",16158045,0
greedy_loo_fragility,greedy_loo_fragility,{},1515,90,45,1.1310804361967302e-05,0.2252226757284192,0.11019328015756147,0.22035606499272695,0.3571531572433458,5,50,10.0,14.142135623730951,80.0,"{""T1036 - Defense Evasion: Masquerading"": 5, ""T1498.001 - Impact: Direct Network Flood"": 5, ""T1498.002 - Impact: Reflection/Amplification Attack"": 5, ""T1571 - Defense Evasion: Non-Standard Port"": 50, ""T1583.005 - Resource Development: Acquire Botnet"": 5, ""T1584.005 - Resource Development: Build/Compromise Botnet"": 5, ""T1590 - Reconnaissance: Gather Victim Network Information"": 5, ""T1595 - Reconnaissance: Active Scanning"": 5, ""TA0011 - Command-and-Control"": 5}",16158090,45
greedy_loo_fragility,greedy_loo_fragility,{},1515,180,135,3.7805785511964774e-06,0.22584064657200073,0.10624005264247607,0.22047779945423213,0.36113681221639515,5,50,10.0,21.213203435596427,180.0,"{""T1036 - Defense Evasion: Masquerading"": 50, ""T1498.001 - Impact: Direct Network Flood"": 5, ""T1498.002 - Impact: Reflection/Amplification Attack"": 5, ""T1571 - Defense Evasion: Non-Standard Port"": 50, ""T1583.005 - Resource Development: Acquire Botnet"": 5, ""T1584.005 - Resource Development: Build/Compromise Botnet"": 5, ""T1590 - Reconnaissance: Gather Victim Network Information"": 5, ""T1595 - Reconnaissance: Active Scanning"": 5, ""TA0011 - Command-and-Control"": 50}",16158180,135
greedy_loo_fragility,greedy_loo_fragility,{},1515,360,315,4.7195911178910765e-06,0.22538486563894133,0.10649872508022036,0.2211265048568528,0.35505583592762646,5,140,28.0,41.23105625617661,280.0,"{""T1036 - Defense Evasion: Masquerading"": 50, ""T1498.001 - Impact: Direct Network Flood"": 5, ""T1498.002 - Impact: Reflection/Amplification Attack"": 50, ""T1571 - Defense Evasion: Non-Standard Port"": 140, ""T1583.005 - Resource Development: Acquire Botnet"": 5, ""T1584.005 - Resource Development: Build/Compromise Botnet"": 5, ""T1590 - Reconnaissance: Gather Victim Network Information"": 50, ""T1595 - Reconnaissance: Active Scanning"": 5, ""TA0011 - Command-and-Control"": 50}",16158360,315
greedy_loo_fragility,greedy_loo_fragility,{},1515,720,675,3.7166442651197815e-06,0.22400868715078104,0.10462536955068008,0.21954155400722464,0.35597832715896494,5,200,40.0,79.24785310796894,660.0,"{""T1036 - Defense Evasion: Masquerading"": 111, ""T1498.001 - Impact: Direct Network Flood"": 5, ""T1498.002 - Impact: Reflection/Amplification Attack"": 200, ""T1571 - Defense Evasion: Non-Standard Port"": 140, ""T1583.005 - Resource Development: Acquire Botnet"": 5, ""T1584.005 - Resource Development: Build/Compromise Botnet"": 5, ""T1590 - Reconnaissance: Gather Victim Network Information"": 199, ""T1595 - Reconnaissance: Active Scanning"": 5, ""TA0011 - Command-and-Control"": 50}",16158720,675
greedy_loo_fragility,greedy_loo_fragility,{},1515,1200,1155,2.138063456618259e-06,0.22510448353389229,0.10656571147064305,0.22038818801934812,0.35870436654099247,50,200,4.0,71.24449296456378,632.0,"{""T1036 - Defense Evasion: Masquerading"": 200, ""T1498.001 - Impact: Direct Network Flood"": 66, ""T1498.002 - Impact: Reflection/Amplification Attack"": 200, ""T1571 - Defense Evasion: Non-Standard Port"": 185, ""T1583.005 - Resource Development: Acquire Botnet"": 50, ""T1584.005 - Resource Development: Build/Compromise Botnet"": 50, ""T1590 - Reconnaissance: Gather Victim Network Information"": 199, ""T1595 - Reconnaissance: Active Scanning"": 200, ""TA0011 - Command-and-Control"": 50}",16159200,1155
greedy_loo_fragility,greedy_loo_fragility,{},1515,1798,1753,0.0,0.22470484448919714,0.10282013170083151,0.21987138712593557,0.3602157968474639,199,200,1.0050251256281406,0.41573970964154905,0.0,"{""T1036 - Defense Evasion: Masquerading"": 200, ""T1498.001 - Impact: Direct Network Flood"": 200, ""T1498.002 - Impact: Reflection/Amplification Attack"": 200, ""T1571 - Defense Evasion: Non-Standard Port"": 200, ""T1583.005 - Resource Development: Acquire Botnet"": 200, ""T1584.005 - Resource Development: Build/Compromise Botnet"": 199, ""T1590 - Reconnaissance: Gather Victim Network Information"": 199, ""T1595 - Reconnaissance: Active Scanning"": 200, ""TA0011 - Command-and-Control"": 200}",16159798,1753
epsilon_greedy_eps0.2,epsilon_greedy_loo_fragility,"{""epsilon"": 0.2}",1515,45,0,7.931406907139748e-05,0.22159132957445454,0.114214357060837,0.2163422291814383,0.3442428945933854,5,5,1.0,0.0,0.0,"{""T1036 - Defense Evasion: Masquerading"": 5, ""T1498.001 - Impact: Direct Network Flood"": 5, ""T1498.002 - Impact: Reflection/Amplification Attack"": 5, ""T1571 - Defense Evasion: Non-Standard Port"": 5, ""T1583.005 - Resource Development: Acquire Botnet"": 5, ""T1584.005 - Resource Development: Build/Compromise Botnet"": 5, ""T1590 - Reconnaissance: Gather Victim Network Information"": 5, ""T1595 - Reconnaissance: Active Scanning"": 5, ""TA0011 - Command-and-Control"": 5}",16158045,0
epsilon_greedy_eps0.2,epsilon_greedy_loo_fragility,"{""epsilon"": 0.2}",1515,90,45,8.860866093331449e-06,0.22424302363277834,0.10962791664599592,0.21935360275015975,0.3533330128796374,5,45,9.0,12.382783747337808,70.0,"{""T1036 - Defense Evasion: Masquerading"": 5, ""T1498.001 - Impact: Direct Network Flood"": 6, ""T1498.002 - Impact: Reflection/Amplification Attack"": 6, ""T1571 - Defense Evasion: Non-Standard Port"": 45, ""T1583.005 - Resource Development: Acquire Botnet"": 6, ""T1584.005 - Resource Development: Build/Compromise Botnet"": 5, ""T1590 - Reconnaissance: Gather Victim Network Information"": 5, ""T1595 - Reconnaissance: Active Scanning"": 6, ""TA0011 - Command-and-Control"": 6}",16158090,45
epsilon_greedy_eps0.2,epsilon_greedy_loo_fragility,"{""epsilon"": 0.2}",1515,180,135,9.3446547008522e-06,0.22570044387157917,0.11058677354839093,0.22111483473327267,0.358470250323211,9,45,5.0,15.648926125740669,132.0,"{""T1036 - Defense Evasion: Masquerading"": 38, ""T1498.001 - Impact: Direct Network Flood"": 9, ""T1498.002 - Impact: Reflection/Amplification Attack"": 43, ""T1571 - Defense Evasion: Non-Standard Port"": 45, ""T1583.005 - Resource Development: Acquire Botnet"": 9, ""T1584.005 - Resource Development: Build/Compromise Botnet"": 9, ""T1590 - Reconnaissance: Gather Victim Network Information"": 9, ""T1595 - Reconnaissance: Active Scanning"": 9, ""TA0011 - Command-and-Control"": 9}",16158180,135
epsilon_greedy_eps0.2,epsilon_greedy_loo_fragility,"{""epsilon"": 0.2}",1515,360,315,6.059087545454239e-06,0.22701585063911783,0.10643917749469249,0.2218359683400633,0.36310319031989025,14,158,11.285714285714286,43.736585244951264,258.0,"{""T1036 - Defense Evasion: Masquerading"": 38, ""T1498.001 - Impact: Direct Network Flood"": 15, ""T1498.002 - Impact: Reflection/Amplification Attack"": 158, ""T1571 - Defense Evasion: Non-Standard Port"": 45, ""T1583.005 - Resource Development: Acquire Botnet"": 14, ""T1584.005 - Resource Development: Build/Compromise Botnet"": 15, ""T1590 - Reconnaissance: Gather Victim Network Information"": 46, ""T1595 - Reconnaissance: Active Scanning"": 14, ""TA0011 - Command-and-Control"": 15}",16158360,315
epsilon_greedy_eps0.2,epsilon_greedy_loo_fragility,"{""epsilon"": 0.2}",1515,720,675,9.911776493135293e-07,0.22414842409431812,0.10238115504968107,0.21990109392734497,0.35667620581790127,33,200,6.0606060606060606,59.04047575839627,470.0,"{""T1036 - Defense Evasion: Masquerading"": 38, ""T1498.001 - Impact: Direct Network Flood"": 33, ""T1498.002 - Impact: Reflection/Amplification Attack"": 200, ""T1571 - Defense Evasion: Non-Standard Port"": 121, ""T1583.005 - Resource Development: Acquire Botnet"": 154, ""T1584.005 - Resource Development: Build/Compromise Botnet"": 34, ""T1590 - Reconnaissance: Gather Victim Network Information"": 46, ""T1595 - Reconnaissance: Active Scanning"": 33, ""TA0011 - Command-and-Control"": 61}",16158720,675
epsilon_greedy_eps0.2,epsilon_greedy_loo_fragility,"{""epsilon"": 0.2}",1515,1200,1155,6.104504452945385e-06,0.22560353102366243,0.1046899014719444,0.2214768992737211,0.3576159550082768,63,200,3.1746031746031744,54.36297759811666,452.0,"{""T1036 - Defense Evasion: Masquerading"": 85, ""T1498.001 - Impact: Direct Network Flood"": 200, ""T1498.002 - Impact: Reflection/Amplification Attack"": 200, ""T1571 - Defense Evasion: Non-Standard Port"": 121, ""T1583.005 - Resource Development: Acquire Botnet"": 200, ""T1584.005 - Resource Development: Build/Compromise Botnet"": 63, ""T1590 - Reconnaissance: Gather Victim Network Information"": 99, ""T1595 - Reconnaissance: Active Scanning"": 161, ""TA0011 - Command-and-Control"": 71}",16159200,1155
epsilon_greedy_eps0.2,epsilon_greedy_loo_fragility,"{""epsilon"": 0.2}",1515,1798,1753,0.0,0.22470484448919714,0.10282013170083151,0.21987138712593557,0.3602157968474639,199,200,1.0050251256281406,0.41573970964154905,0.0,"{""T1036 - Defense Evasion: Masquerading"": 200, ""T1498.001 - Impact: Direct Network Flood"": 200, ""T1498.002 - Impact: Reflection/Amplification Attack"": 200, ""T1571 - Defense Evasion: Non-Standard Port"": 200, ""T1583.005 - Resource Development: Acquire Botnet"": 200, ""T1584.005 - Resource Development: Build/Compromise Botnet"": 199, ""T1590 - Reconnaissance: Gather Victim Network Information"": 199, ""T1595 - Reconnaissance: Active Scanning"": 200, ""TA0011 - Command-and-Control"": 200}",16159798,1753
exploration_bonus_c0.25,exploration_bonus_loo_fragility,"{""c"": 0.25}",1515,45,0,7.931406907139748e-05,0.22159132957445454,0.114214357060837,0.2163422291814383,0.3442428945933854,5,5,1.0,0.0,0.0,"{""T1036 - Defense Evasion: Masquerading"": 5, ""T1498.001 - Impact: Direct Network Flood"": 5, ""T1498.002 - Impact: Reflection/Amplification Attack"": 5, ""T1571 - Defense Evasion: Non-Standard Port"": 5, ""T1583.005 - Resource Development: Acquire Botnet"": 5, ""T1584.005 - Resource Development: Build/Compromise Botnet"": 5, ""T1590 - Reconnaissance: Gather Victim Network Information"": 5, ""T1595 - Reconnaissance: Active Scanning"": 5, ""TA0011 - Command-and-Control"": 5}",16158045,0
exploration_bonus_c0.25,exploration_bonus_loo_fragility,"{""c"": 0.25}",1515,90,45,1.1310804361967302e-05,0.2252226757284192,0.11019328015756147,0.22035606499272695,0.3571531572433458,5,50,10.0,14.142135623730951,80.0,"{""T1036 - Defense Evasion: Masquerading"": 5, ""T1498.001 - Impact: Direct Network Flood"": 5, ""T1498.002 - Impact: Reflection/Amplification Attack"": 5, ""T1571 - Defense Evasion: Non-Standard Port"": 50, ""T1583.005 - Resource Development: Acquire Botnet"": 5, ""T1584.005 - Resource Development: Build/Compromise Botnet"": 5, ""T1590 - Reconnaissance: Gather Victim Network Information"": 5, ""T1595 - Reconnaissance: Active Scanning"": 5, ""TA0011 - Command-and-Control"": 5}",16158090,45
exploration_bonus_c0.25,exploration_bonus_loo_fragility,"{""c"": 0.25}",1515,180,135,3.6597024786481824e-06,0.22521447721665036,0.10847446628144668,0.21926111053778294,0.3606391020692643,5,50,10.0,20.31966753883756,172.0,"{""T1036 - Defense Evasion: Masquerading"": 9, ""T1498.001 - Impact: Direct Network Flood"": 5, ""T1498.002 - Impact: Reflection/Amplification Attack"": 5, ""T1571 - Defense Evasion: Non-Standard Port"": 50, ""T1583.005 - Resource Development: Acquire Botnet"": 47, ""T1584.005 - Resource Development: Build/Compromise Botnet"": 5, ""T1590 - Reconnaissance: Gather Victim Network Information"": 5, ""T1595 - Reconnaissance: Active Scanning"": 5, ""TA0011 - Command-and-Control"": 49}",16158180,135
exploration_bonus_c0.25,exploration_bonus_loo_fragility,"{""c"": 0.25}",1515,360,315,9.244304076504234e-06,0.22492761600385391,0.10763213968385262,0.22048143936013434,0.35613864630645803,5,95,19.0,27.6204433144888,202.0,"{""T1036 - Defense Evasion: Masquerading"": 9, ""T1498.001 - Impact: Direct Network Flood"": 5, ""T1498.002 - Impact: Reflection/Amplification Attack"": 50, ""T1571 - Defense Evasion: Non-Standard Port"": 50, ""T1583.005 - Resource Development: Acquire Botnet"": 47, ""T1584.005 - Resource Development: Build/Compromise Botnet"": 5, ""T1590 - Reconnaissance: Gather Victim Network Information"": 95, ""T1595 - Reconnaissance: Active Scanning"": 50, ""TA0011 - Command-and-Control"": 49}",16158360,315
exploration_bonus_c0.25,exploration_bonus_loo_fragility,"{""c"": 0.25}",1515,720,675,4.266399430217097e-06,0.22477896823584856,0.10541937928053619,0.21963040866438593,0.3601458216663171,5,200,40.0,70.840979979419,552.0,"{""T1036 - Defense Evasion: Masquerading"": 45, ""T1498.001 - Impact: Direct Network Flood"": 5, ""T1498.002 - Impact: Reflection/Amplification Attack"": 50, ""T1571 - Defense Evasion: Non-Standard Port"": 50, ""T1583.005 - Resource Development: Acquire Botnet"": 117, ""T1584.005 - Resource Development: Build/Compromise Botnet"": 5, ""T1590 - Reconnaissance: Gather Victim Network Information"": 199, ""T1595 - Reconnaissance: Active Scanning"": 200, ""TA0011 - Command-and-Control"": 49}",16158720,675
exploration_bonus_c0.25,exploration_bonus_loo_fragility,"{""c"": 0.25}",1515,1200,1155,7.327784442777956e-06,0.22528217871493908,0.1063490495073398,0.22070049276614212,0.35888730335980523,16,200,12.5,75.59688412156211,616.0,"{""T1036 - Defense Evasion: Masquerading"": 200, ""T1498.001 - Impact: Direct Network Flood"": 16, ""T1498.002 - Impact: Reflection/Amplification Attack"": 170, ""T1571 - Defense Evasion: Non-Standard Port"": 140, ""T1583.005 - Resource Development: Acquire Botnet"": 200, ""T1584.005 - Resource Development: Build/Compromise Botnet"": 26, ""T1590 - Reconnaissance: Gather Victim Network Information"": 199, ""T1595 - Reconnaissance: Active Scanning"": 200, ""TA0011 - Command-and-Control"": 49}",16159200,1155
exploration_bonus_c0.25,exploration_bonus_loo_fragility,"{""c"": 0.25}",1515,1798,1753,0.0,0.22470484448919714,0.10282013170083151,0.21987138712593557,0.3602157968474639,199,200,1.0050251256281406,0.41573970964154905,0.0,"{""T1036 - Defense Evasion: Masquerading"": 200, ""T1498.001 - Impact: Direct Network Flood"": 200, ""T1498.002 - Impact: Reflection/Amplification Attack"": 200, ""T1571 - Defense Evasion: Non-Standard Port"": 200, ""T1583.005 - Resource Development: Acquire Botnet"": 200, ""T1584.005 - Resource Development: Build/Compromise Botnet"": 199, ""T1590 - Reconnaissance: Gather Victim Network Information"": 199, ""T1595 - Reconnaissance: Active Scanning"": 200, ""TA0011 - Command-and-Control"": 200}",16159798,1753
exploration_bonus_c0.5,exploration_bonus_loo_fragility,"{""c"": 0.5}",1515,45,0,7.931406907139748e-05,0.22159132957445454,0.114214357060837,0.2163422291814383,0.3442428945933854,5,5,1.0,0.0,0.0,"{""T1036 - Defense Evasion: Masquerading"": 5, ""T1498.001 - Impact: Direct Network Flood"": 5, ""T1498.002 - Impact: Reflection/Amplification Attack"": 5, ""T1571 - Defense Evasion: Non-Standard Port"": 5, ""T1583.005 - Resource Development: Acquire Botnet"": 5, ""T1584.005 - Resource Development: Build/Compromise Botnet"": 5, ""T1590 - Reconnaissance: Gather Victim Network Information"": 5, ""T1595 - Reconnaissance: Active Scanning"": 5, ""TA0011 - Command-and-Control"": 5}",16158045,0
exploration_bonus_c0.5,exploration_bonus_loo_fragility,"{""c"": 0.5}",1515,90,45,1.1310804361967302e-05,0.2252226757284192,0.11019328015756147,0.22035606499272695,0.3571531572433458,5,50,10.0,14.142135623730951,80.0,"{""T1036 - Defense Evasion: Masquerading"": 5, ""T1498.001 - Impact: Direct Network Flood"": 5, ""T1498.002 - Impact: Reflection/Amplification Attack"": 5, ""T1571 - Defense Evasion: Non-Standard Port"": 50, ""T1583.005 - Resource Development: Acquire Botnet"": 5, ""T1584.005 - Resource Development: Build/Compromise Botnet"": 5, ""T1590 - Reconnaissance: Gather Victim Network Information"": 5, ""T1595 - Reconnaissance: Active Scanning"": 5, ""TA0011 - Command-and-Control"": 5}",16158090,45
exploration_bonus_c0.5,exploration_bonus_loo_fragility,"{""c"": 0.5}",1515,180,135,9.97063126163872e-06,0.22611149056911053,0.10900339450500482,0.2204455082535908,0.3594591639928053,5,50,10.0,18.808981306221177,158.0,"{""T1036 - Defense Evasion: Masquerading"": 12, ""T1498.001 - Impact: Direct Network Flood"": 5, ""T1498.002 - Impact: Reflection/Amplification Attack"": 46, ""T1571 - Defense Evasion: Non-Standard Port"": 50, ""T1583.005 - Resource Development: Acquire Botnet"": 5, ""T1584.005 - Resource Development: Build/Compromise Botnet"": 8, ""T1590 - Reconnaissance: Gather Victim Network Information"": 6, ""T1595 - Reconnaissance: Active Scanning"": 5, ""TA0011 - Command-and-Control"": 43}",16158180,135
exploration_bonus_c0.5,exploration_bonus_loo_fragility,"{""c"": 0.5}",1515,360,315,1.215988401108302e-05,0.22655577397361384,0.10809508076286112,0.2217639655762925,0.35740815482018895,5,121,24.2,34.25070964390535,230.0,"{""T1036 - Defense Evasion: Masquerading"": 27, ""T1498.001 - Impact: Direct Network Flood"": 5, ""T1498.002 - Impact: Reflection/Amplification Attack"": 121, ""T1571 - Defense Evasion: Non-Standard Port"": 50, ""T1583.005 - Resource Development: Acquire Botnet"": 54, ""T1584.005 - Resource Development: Build/Compromise Botnet"": 8, ""T1590 - Reconnaissance: Gather Victim Network Information"": 47, ""T1595 - Reconnaissance: Active Scanning"": 5, ""TA0011 - Command-and-Control"": 43}",16158360,315
exploration_bonus_c0.5,exploration_bonus_loo_fragility,"{""c"": 0.5}",1515,720,675,5.865321468145092e-06,0.22456609979104278,0.10373398807530405,0.21932364737002902,0.3600050970023833,8,200,25.0,71.25696847014723,564.0,"{""T1036 - Defense Evasion: Masquerading"": 122, ""T1498.001 - Impact: Direct Network Flood"": 8, ""T1498.002 - Impact: Reflection/Amplification Attack"": 200, ""T1571 - Defense Evasion: Non-Standard Port"": 50, ""T1583.005 - Resource Development: Acquire Botnet"": 200, ""T1584.005 - Resource Development: Build/Compromise Botnet"": 17, ""T1590 - Reconnaissance: Gather Victim Network Information"": 56, ""T1595 - Reconnaissance: Active Scanning"": 24, ""TA0011 - Command-and-Control"": 43}",16158720,675
exploration_bonus_c0.5,exploration_bonus_loo_fragility,"{""c"": 0.5}",1515,1200,1155,1.523165139377522e-06,0.22522507621793447,0.1057397137122641,0.22081028480978554,0.36061352185579515,44,200,4.545454545454546,58.12438769092062,438.0,"{""T1036 - Defense Evasion: Masquerading"": 200, ""T1498.001 - Impact: Direct Network Flood"": 44, ""T1498.002 - Impact: Reflection/Amplification Attack"": 200, ""T1571 - Defense Evasion: Non-Standard Port"": 149, ""T1583.005 - Resource Development: Acquire Botnet"": 200, ""T1584.005 - Resource Development: Build/Compromise Botnet"": 80, ""T1590 - Reconnaissance: Gather Victim Network Information"": 56, ""T1595 - Reconnaissance: Active Scanning"": 138, ""TA0011 - Command-and-Control"": 133}",16159200,1155
exploration_bonus_c0.5,exploration_bonus_loo_fragility,"{""c"": 0.5}",1515,1798,1753,0.0,0.22470484448919714,0.10282013170083151,0.21987138712593557,0.3602157968474639,199,200,1.0050251256281406,0.41573970964154905,0.0,"{""T1036 - Defense Evasion: Masquerading"": 200, ""T1498.001 - Impact: Direct Network Flood"": 200, ""T1498.002 - Impact: Reflection/Amplification Attack"": 200, ""T1571 - Defense Evasion: Non-Standard Port"": 200, ""T1583.005 - Resource Development: Acquire Botnet"": 200, ""T1584.005 - Resource Development: Build/Compromise Botnet"": 199, ""T1590 - Reconnaissance: Gather Victim Network Information"": 199, ""T1595 - Reconnaissance: Active Scanning"": 200, ""TA0011 - Command-and-Control"": 200}",16159798,1753
exploration_bonus_c1.0,exploration_bonus_loo_fragility,"{""c"": 1.0}",1515,45,0,7.931406907139748e-05,0.22159132957445454,0.114214357060837,0.2163422291814383,0.3442428945933854,5,5,1.0,0.0,0.0,"{""T1036 - Defense Evasion: Masquerading"": 5, ""T1498.001 - Impact: Direct Network Flood"": 5, ""T1498.002 - Impact: Reflection/Amplification Attack"": 5, ""T1571 - Defense Evasion: Non-Standard Port"": 5, ""T1583.005 - Resource Development: Acquire Botnet"": 5, ""T1584.005 - Resource Development: Build/Compromise Botnet"": 5, ""T1590 - Reconnaissance: Gather Victim Network Information"": 5, ""T1595 - Reconnaissance: Active Scanning"": 5, ""TA0011 - Command-and-Control"": 5}",16158045,0
exploration_bonus_c1.0,exploration_bonus_loo_fragility,"{""c"": 1.0}",1515,90,45,1.1310804361967302e-05,0.2252226757284192,0.11019328015756147,0.22035606499272695,0.3571531572433458,5,50,10.0,14.142135623730951,80.0,"{""T1036 - Defense Evasion: Masquerading"": 5, ""T1498.001 - Impact: Direct Network Flood"": 5, ""T1498.002 - Impact: Reflection/Amplification Attack"": 5, ""T1571 - Defense Evasion: Non-Standard Port"": 50, ""T1583.005 - Resource Development: Acquire Botnet"": 5, ""T1584.005 - Resource Development: Build/Compromise Botnet"": 5, ""T1590 - Reconnaissance: Gather Victim Network Information"": 5, ""T1595 - Reconnaissance: Active Scanning"": 5, ""TA0011 - Command-and-Control"": 5}",16158090,45
exploration_bonus_c1.0,exploration_bonus_loo_fragility,"{""c"": 1.0}",1515,180,135,7.560407475048025e-06,0.22676875088366677,0.1096088814478948,0.2212224972174035,0.3599288604296526,5,50,10.0,17.575235101952092,140.0,"{""T1036 - Defense Evasion: Masquerading"": 17, ""T1498.001 - Impact: Direct Network Flood"": 7, ""T1498.002 - Impact: Reflection/Amplification Attack"": 9, ""T1571 - Defense Evasion: Non-Standard Port"": 50, ""T1583.005 - Resource Development: Acquire Botnet"": 5, ""T1584.005 - Resource Development: Build/Compromise Botnet"": 7, ""T1590 - Reconnaissance: Gather Victim Network Information"": 49, ""T1595 - Reconnaissance: Active Scanning"": 5, ""TA0011 - Command-and-Control"": 31}",16158180,135
exploration_bonus_c1.0,exploration_bonus_loo_fragility,"{""c"": 1.0}",1515,360,315,5.81402739548573e-06,0.22582912796568738,0.10863482376542163,0.2212914902010022,0.35645833067013605,7,108,15.428571428571429,27.872726613822497,188.0,"{""T1036 - Defense Evasion: Masquerading"": 46, ""T1498.001 - Impact: Direct Network Flood"": 7, ""T1498.002 - Impact: Reflection/Amplification Attack"": 28, ""T1571 - Defense Evasion: Non-Standard Port"": 50, ""T1583.005 - Resource Development: Acquire Botnet"": 108, ""T1584.005 - Resource Development: Build/Compromise Botnet"": 23, ""T1590 - Reconnaissance: Gather Victim Network Information"": 50, ""T1595 - Reconnaissance: Active Scanning"": 17, ""TA0011 - Command-and-Control"": 31}",16158360,315
exploration_bonus_c1.0,exploration_bonus_loo_fragility,"{""c"": 1.0}",1515,720,675,3.837617544276545e-06,0.22410026272298283,0.10351829352612707,0.21922253272171843,0.35912253090367613,21,200,9.523809523809524,65.95452979136459,480.0,"{""T1036 - Defense Evasion: Masquerading"": 46, ""T1498.001 - Impact: Direct Network Flood"": 21, ""T1498.002 - Impact: Reflection/Amplification Attack"": 36, ""T1571 - Defense Evasion: Non-Standard Port"": 50, ""T1583.005 - Resource Development: Acquire Botnet"": 200, ""T1584.005 - Resource Development: Build/Compromise Botnet"": 30, ""T1590 - Reconnaissance: Gather Victim Network Information"": 61, ""T1595 - Reconnaissance: Active Scanning"": 200, ""TA0011 - Command-and-Control"": 76}",16158720,675
exploration_bonus_c1.0,exploration_bonus_loo_fragility,"{""c"": 1.0}",1515,1200,1155,2.2563503821917092e-05,0.2254586009532301,0.10536976738995485,0.22059760363847047,0.3582847746606586,30,200,6.666666666666667,57.94250023370871,450.0,"{""T1036 - Defense Evasion: Masquerading"": 116, ""T1498.001 - Impact: Direct Network Flood"": 161, ""T1498.002 - Impact: Reflection/Amplification Attack"": 89, ""T1571 - Defense Evasion: Non-Standard Port"": 129, ""T1583.005 - Resource Development: Acquire Botnet"": 200, ""T1584.005 - Resource Development: Build/Compromise Botnet"": 30, ""T1590 - Reconnaissance: Gather Victim Network Information"": 199, ""T1595 - Reconnaissance: Active Scanning"": 200, ""TA0011 - Command-and-Control"": 76}",16159200,1155
exploration_bonus_c1.0,exploration_bonus_loo_fragility,"{""c"": 1.0}",1515,1798,1753,0.0,0.22470484448919714,0.10282013170083151,0.21987138712593557,0.3602157968474639,199,200,1.0050251256281406,0.41573970964154905,0.0,"{""T1036 - Defense Evasion: Masquerading"": 200, ""T1498.001 - Impact: Direct Network Flood"": 200, ""T1498.002 - Impact: Reflection/Amplification Attack"": 200, ""T1571 - Defense Evasion: Non-Standard Port"": 200, ""T1583.005 - Resource Development: Acquire Botnet"": 200, ""T1584.005 - Resource Development: Build/Compromise Botnet"": 199, ""T1590 - Reconnaissance: Gather Victim Network Information"": 199, ""T1595 - Reconnaissance: Active Scanning"": 200, ""TA0011 - Command-and-Control"": 200}",16159798,1753
uniform_step_balanced,uniform_step_balanced,{},1616,45,0,5.4480598938576774e-05,0.2283178371956346,0.11627766860379622,0.22369246277389435,0.3524555373488843,5,5,1.0,0.0,0.0,"{""T1036 - Defense Evasion: Masquerading"": 5, ""T1498.001 - Impact: Direct Network Flood"": 5, ""T1498.002 - Impact: Reflection/Amplification Attack"": 5, ""T1571 - Defense Evasion: Non-Standard Port"": 5, ""T1583.005 - Resource Development: Acquire Botnet"": 5, ""T1584.005 - Resource Development: Build/Compromise Botnet"": 5, ""T1590 - Reconnaissance: Gather Victim Network Information"": 5, ""T1595 - Reconnaissance: Active Scanning"": 5, ""TA0011 - Command-and-Control"": 5}",17168045,0
uniform_step_balanced,uniform_step_balanced,{},1616,90,45,1.351017766124889e-05,0.22675524555868787,0.1094363921676756,0.22265453827533235,0.35616698543139225,10,10,1.0,0.0,0.0,"{""T1036 - Defense Evasion: Masquerading"": 10, ""T1498.001 - Impact: Direct Network Flood"": 10, ""T1498.002 - Impact: Reflection/Amplification Attack"": 10, ""T1571 - Defense Evasion: Non-Standard Port"": 10, ""T1583.005 - Resource Development: Acquire Botnet"": 10, ""T1584.005 - Resource Development: Build/Compromise Botnet"": 10, ""T1590 - Reconnaissance: Gather Victim Network Information"": 10, ""T1595 - Reconnaissance: Active Scanning"": 10, ""TA0011 - Command-and-Control"": 10}",17168090,45
uniform_step_balanced,uniform_step_balanced,{},1616,180,135,1.8156523414962695e-05,0.22867880346310576,0.11041230697138524,0.22340521740226982,0.3636926298695525,20,20,1.0,0.0,0.0,"{""T1036 - Defense Evasion: Masquerading"": 20, ""T1498.001 - Impact: Direct Network Flood"": 20, ""T1498.002 - Impact: Reflection/Amplification Attack"": 20, ""T1571 - Defense Evasion: Non-Standard Port"": 20, ""T1583.005 - Resource Development: Acquire Botnet"": 20, ""T1584.005 - Resource Development: Build/Compromise Botnet"": 20, ""T1590 - Reconnaissance: Gather Victim Network Information"": 20, ""T1595 - Reconnaissance: Active Scanning"": 20, ""TA0011 - Command-and-Control"": 20}",17168180,135
uniform_step_balanced,uniform_step_balanced,{},1616,360,315,1.0200793865727366e-05,0.22263837357315655,0.10471655962647744,0.21808256532608078,0.35438474113187163,40,40,1.0,0.0,0.0,"{""T1036 - Defense Evasion: Masquerading"": 40, ""T1498.001 - Impact: Direct Network Flood"": 40, ""T1498.002 - Impact: Reflection/Amplification Attack"": 40, ""T1571 - Defense Evasion: Non-Standard Port"": 40, ""T1583.005 - Resource Development: Acquire Botnet"": 40, ""T1584.005 - Resource Development: Build/Compromise Botnet"": 40, ""T1590 - Reconnaissance: Gather Victim Network Information"": 40, ""T1595 - Reconnaissance: Active Scanning"": 40, ""TA0011 - Command-and-Control"": 40}",17168360,315
uniform_step_balanced,uniform_step_balanced,{},1616,720,675,5.2939921150800115e-06,0.2245421318534787,0.10728641478870213,0.21979320413268735,0.3578433993433566,80,80,1.0,0.0,0.0,"{""T1036 - Defense Evasion: Masquerading"": 80, ""T1498.001 - Impact: Direct Network Flood"": 80, ""T1498.002 - Impact: Reflection/Amplification Attack"": 80, ""T1571 - Defense Evasion: Non-Standard Port"": 80, ""T1583.005 - Resource Development: Acquire Botnet"": 80, ""T1584.005 - Resource Development: Build/Compromise Botnet"": 80, ""T1590 - Reconnaissance: Gather Victim Network Information"": 80, ""T1595 - Reconnaissance: Active Scanning"": 80, ""TA0011 - Command-and-Control"": 80}",17168720,675
uniform_step_balanced,uniform_step_balanced,{},1616,1200,1155,2.95591146933713e-06,0.22398189698637533,0.10346015644599622,0.21878602255432672,0.35939412865917875,133,134,1.0075187969924813,0.4714045207910317,0.0,"{""T1036 - Defense Evasion: Masquerading"": 134, ""T1498.001 - Impact: Direct Network Flood"": 133, ""T1498.002 - Impact: Reflection/Amplification Attack"": 133, ""T1571 - Defense Evasion: Non-Standard Port"": 133, ""T1583.005 - Resource Development: Acquire Botnet"": 134, ""T1584.005 - Resource Development: Build/Compromise Botnet"": 133, ""T1590 - Reconnaissance: Gather Victim Network Information"": 133, ""T1595 - Reconnaissance: Active Scanning"": 133, ""TA0011 - Command-and-Control"": 134}",17169200,1155
uniform_step_balanced,uniform_step_balanced,{},1616,1798,1753,0.0,0.22470484448919714,0.10282013170083151,0.21987138712593557,0.3602157968474639,199,200,1.0050251256281406,0.41573970964154905,0.0,"{""T1036 - Defense Evasion: Masquerading"": 200, ""T1498.001 - Impact: Direct Network Flood"": 200, ""T1498.002 - Impact: Reflection/Amplification Attack"": 200, ""T1571 - Defense Evasion: Non-Standard Port"": 200, ""T1583.005 - Resource Development: Acquire Botnet"": 200, ""T1584.005 - Resource Development: Build/Compromise Botnet"": 199, ""T1590 - Reconnaissance: Gather Victim Network Information"": 199, ""T1595 - Reconnaissance: Active Scanning"": 200, ""TA0011 - Command-and-Control"": 200}",17169798,1753
greedy_loo_fragility,greedy_loo_fragility,{},1616,45,0,5.4480598938576774e-05,0.2283178371956346,0.11627766860379622,0.22369246277389435,0.3524555373488843,5,5,1.0,0.0,0.0,"{""T1036 - Defense Evasion: Masquerading"": 5, ""T1498.001 - Impact: Direct Network Flood"": 5, ""T1498.002 - Impact: Reflection/Amplification Attack"": 5, ""T1571 - Defense Evasion: Non-Standard Port"": 5, ""T1583.005 - Resource Development: Acquire Botnet"": 5, ""T1584.005 - Resource Development: Build/Compromise Botnet"": 5, ""T1590 - Reconnaissance: Gather Victim Network Information"": 5, ""T1595 - Reconnaissance: Active Scanning"": 5, ""TA0011 - Command-and-Control"": 5}",17168045,0
greedy_loo_fragility,greedy_loo_fragility,{},1616,90,45,1.5644386480673522e-05,0.22719765849920978,0.11076203171532668,0.22238592572318866,0.35815876304522093,5,50,10.0,14.142135623730951,80.0,"{""T1036 - Defense Evasion: Masquerading"": 5, ""T1498.001 - Impact: Direct Network Flood"": 5, ""T1498.002 - Impact: Reflection/Amplification Attack"": 5, ""T1571 - Defense Evasion: Non-Standard Port"": 50, ""T1583.005 - Resource Development: Acquire Botnet"": 5, ""T1584.005 - Resource Development: Build/Compromise Botnet"": 5, ""T1590 - Reconnaissance: Gather Victim Network Information"": 5, ""T1595 - Reconnaissance: Active Scanning"": 5, ""TA0011 - Command-and-Control"": 5}",17168090,45
greedy_loo_fragility,greedy_loo_fragility,{},1616,180,135,3.348956769233512e-05,0.229611168108764,0.11426134944049343,0.22412936550437146,0.3611328343952947,5,95,19.0,30.0,210.0,"{""T1036 - Defense Evasion: Masquerading"": 5, ""T1498.001 - Impact: Direct Network Flood"": 5, ""T1498.002 - Impact: Reflection/Amplification Attack"": 5, ""T1571 - Defense Evasion: Non-Standard Port"": 50, ""T1583.005 - Resource Development: Acquire Botnet"": 5, ""T1584.005 - Resource Development: Build/Compromise Botnet"": 5, ""T1590 - Reconnaissance: Gather Victim Network Information"": 95, ""T1595 - Reconnaissance: Active Scanning"": 5, ""TA0011 - Command-and-Control"": 5}",17168180,135
greedy_loo_fragility,greedy_loo_fragility,{},1616,360,315,1.997893478466733e-05,0.22564786834874231,0.11100018439409604,0.2207188747330694,0.3548430224458909,5,199,39.8,61.834905640386935,420.0,"{""T1036 - Defense Evasion: Masquerading"": 81, ""T1498.001 - Impact: Direct Network Flood"": 5, ""T1498.002 - Impact: Reflection/Amplification Attack"": 5, ""T1571 - Defense Evasion: Non-Standard Port"": 50, ""T1583.005 - Resource Development: Acquire Botnet"": 5, ""T1584.005 - Resource Development: Build/Compromise Botnet"": 5, ""T1590 - Reconnaissance: Gather Victim Network Information"": 199, ""T1595 - Reconnaissance: Active Scanning"": 5, ""TA0011 - Command-and-Control"": 5}",17168360,315
greedy_loo_fragility,greedy_loo_fragility,{},1616,720,675,1.7801694813902756e-06,0.22575190263888412,0.10443836662045632,0.22095531105550376,0.3597576237761512,5,200,40.0,75.30087796448474,598.0,"{""T1036 - Defense Evasion: Masquerading"": 200, ""T1498.001 - Impact: Direct Network Flood"": 5, ""T1498.002 - Impact: Reflection/Amplification Attack"": 5, ""T1571 - Defense Evasion: Non-Standard Port"": 140, ""T1583.005 - Resource Development: Acquire Botnet"": 66, ""T1584.005 - Resource Development: Build/Compromise Botnet"": 5, ""T1590 - Reconnaissance: Gather Victim Network Information"": 199, ""T1595 - Reconnaissance: Active Scanning"": 50, ""TA0011 - Command-and-Control"": 50}",17168720,675
greedy_loo_fragility,greedy_loo_fragility,{},1616,1200,1155,5.00629467198025e-06,0.22627922734536118,0.1072597957825954,0.2209831323118993,0.3636852632149215,5,200,40.0,83.02074707230985,678.0,"{""T1036 - Defense Evasion: Masquerading"": 200, ""T1498.001 - Impact: Direct Network Flood"": 200, ""T1498.002 - Impact: Reflection/Amplification Attack"": 5, ""T1571 - Defense Evasion: Non-Standard Port"": 141, ""T1583.005 - Resource Development: Acquire Botnet"": 200, ""T1584.005 - Resource Development: Build/Compromise Botnet"": 5, ""T1590 - Reconnaissance: Gather Victim Network Information"": 199, ""T1595 - Reconnaissance: Active Scanning"": 200, ""TA0011 - Command-and-Control"": 50}",17169200,1155
greedy_loo_fragility,greedy_loo_fragility,{},1616,1798,1753,0.0,0.22470484448919714,0.10282013170083151,0.21987138712593557,0.3602157968474639,199,200,1.0050251256281406,0.41573970964154905,0.0,"{""T1036 - Defense Evasion: Masquerading"": 200, ""T1498.001 - Impact: Direct Network Flood"": 200, ""T1498.002 - Impact: Reflection/Amplification Attack"": 200, ""T1571 - Defense Evasion: Non-Standard Port"": 200, ""T1583.005 - Resource Development: Acquire Botnet"": 200, ""T1584.005 - Resource Development: Build/Compromise Botnet"": 199, ""T1590 - Reconnaissance: Gather Victim Network Information"": 199, ""T1595 - Reconnaissance: Active Scanning"": 200, ""TA0011 - Command-and-Control"": 200}",17169798,1753
epsilon_greedy_eps0.2,epsilon_greedy_loo_fragility,"{""epsilon"": 0.2}",1616,45,0,5.4480598938576774e-05,0.2283178371956346,0.11627766860379622,0.22369246277389435,0.3524555373488843,5,5,1.0,0.0,0.0,"{""T1036 - Defense Evasion: Masquerading"": 5, ""T1498.001 - Impact: Direct Network Flood"": 5, ""T1498.002 - Impact: Reflection/Amplification Attack"": 5, ""T1571 - Defense Evasion: Non-Standard Port"": 5, ""T1583.005 - Resource Development: Acquire Botnet"": 5, ""T1584.005 - Resource Development: Build/Compromise Botnet"": 5, ""T1590 - Reconnaissance: Gather Victim Network Information"": 5, ""T1595 - Reconnaissance: Active Scanning"": 5, ""TA0011 - Command-and-Control"": 5}",17168045,0
epsilon_greedy_eps0.2,epsilon_greedy_loo_fragility,"{""epsilon"": 0.2}",1616,90,45,3.096716607114724e-06,0.2253387305343438,0.10621912202617999,0.22094893415726422,0.3587430010411821,6,40,6.666666666666667,10.614455552060438,60.0,"{""T1036 - Defense Evasion: Masquerading"": 6, ""T1498.001 - Impact: Direct Network Flood"": 6, ""T1498.002 - Impact: Reflection/Amplification Attack"": 6, ""T1571 - Defense Evasion: Non-Standard Port"": 40, ""T1583.005 - Resource Development: Acquire Botnet"": 7, ""T1584.005 - Resource Development: Build/Compromise Botnet"": 7, ""T1590 - Reconnaissance: Gather Victim Network Information"": 6, ""T1595 - Reconnaissance: Active Scanning"": 6, ""TA0011 - Command-and-Control"": 6}",17168090,45
epsilon_greedy_eps0.2,epsilon_greedy_loo_fragility,"{""epsilon"": 0.2}",1616,180,135,3.070999452531023e-05,0.2294014530795799,0.11451585224771443,0.22387508127590372,0.36293539365676103,9,74,8.222222222222221,21.186998109427606,146.0,"{""T1036 - Defense Evasion: Masquerading"": 9, ""T1498.001 - Impact: Direct Network Flood"": 10, ""T1498.002 - Impact: Reflection/Amplification Attack"": 10, ""T1571 - Defense Evasion: Non-Standard Port"": 74, ""T1583.005 - Resource Development: Acquire Botnet"": 39, ""T1584.005 - Resource Development: Build/Compromise Botnet"": 9, ""T1590 - Reconnaissance: Gather Victim Network Information"": 9, ""T1595 - Reconnaissance: Active Scanning"": 10, ""TA0011 - Command-and-Control"": 10}",17168180,135
epsilon_greedy_eps0.2,epsilon_greedy_loo_fragility,"{""epsilon"": 0.2}",1616,360,315,3.6831932413051276e-06,0.22421936042945198,0.10480836167054852,0.22004923057668666,0.35529600584313825,15,81,5.4,28.724747363747362,248.0,"{""T1036 - Defense Evasion: Masquerading"": 15, ""T1498.001 - Impact: Direct Network Flood"": 15, ""T1498.002 - Impact: Reflection/Amplification Attack"": 16, ""T1571 - Defense Evasion: Non-Standard Port"": 74, ""T1583.005 - Resource Development: Acquire Botnet"": 77, ""T1584.005 - Resource Development: Build/Compromise Botnet"": 15, ""T1590 - Reconnaissance: Gather Victim Network Information"": 52, ""T1595 - Reconnaissance: Active Scanning"": 81, ""TA0011 - Command-and-Control"": 15}",17168360,315
epsilon_greedy_eps0.2,epsilon_greedy_loo_fragility,"{""epsilon"": 0.2}",1616,720,675,5.349494257339736e-06,0.22435378017933919,0.10710322483667874,0.21958726503573783,0.3572117983913111,29,194,6.689655172413793,58.47126549758342,456.0,"{""T1036 - Defense Evasion: Masquerading"": 29, ""T1498.001 - Impact: Direct Network Flood"": 29, ""T1498.002 - Impact: Reflection/Amplification Attack"": 29, ""T1571 - Defense Evasion: Non-Standard Port"": 74, ""T1583.005 - Resource Development: Acquire Botnet"": 194, ""T1584.005 - Resource Development: Build/Compromise Botnet"": 29, ""T1590 - Reconnaissance: Gather Victim Network Information"": 121, ""T1595 - Reconnaissance: Active Scanning"": 153, ""TA0011 - Command-and-Control"": 62}",17168720,675
epsilon_greedy_eps0.2,epsilon_greedy_loo_fragility,"{""epsilon"": 0.2}",1616,1200,1155,1.2510473346093713e-06,0.22430641479608376,0.10404485345206811,0.21897702714263728,0.36080358864292494,75,200,2.6666666666666665,50.039984012787215,396.0,"{""T1036 - Defense Evasion: Masquerading"": 128, ""T1498.001 - Impact: Direct Network Flood"": 200, ""T1498.002 - Impact: Reflection/Amplification Attack"": 75, ""T1571 - Defense Evasion: Non-Standard Port"": 106, ""T1583.005 - Resource Development: Acquire Botnet"": 200, ""T1584.005 - Resource Development: Build/Compromise Botnet"": 75, ""T1590 - Reconnaissance: Gather Victim Network Information"": 121, ""T1595 - Reconnaissance: Active Scanning"": 200, ""TA0011 - Command-and-Control"": 95}",17169200,1155
epsilon_greedy_eps0.2,epsilon_greedy_loo_fragility,"{""epsilon"": 0.2}",1616,1798,1753,0.0,0.22470484448919714,0.10282013170083151,0.21987138712593557,0.3602157968474639,199,200,1.0050251256281406,0.41573970964154905,0.0,"{""T1036 - Defense Evasion: Masquerading"": 200, ""T1498.001 - Impact: Direct Network Flood"": 200, ""T1498.002 - Impact: Reflection/Amplification Attack"": 200, ""T1571 - Defense Evasion: Non-Standard Port"": 200, ""T1583.005 - Resource Development: Acquire Botnet"": 200, ""T1584.005 - Resource Development: Build/Compromise Botnet"": 199, ""T1590 - Reconnaissance: Gather Victim Network Information"": 199, ""T1595 - Reconnaissance: Active Scanning"": 200, ""TA0011 - Command-and-Control"": 200}",17169798,1753
exploration_bonus_c0.25,exploration_bonus_loo_fragility,"{""c"": 0.25}",1616,45,0,5.4480598938576774e-05,0.2283178371956346,0.11627766860379622,0.22369246277389435,0.3524555373488843,5,5,1.0,0.0,0.0,"{""T1036 - Defense Evasion: Masquerading"": 5, ""T1498.001 - Impact: Direct Network Flood"": 5, ""T1498.002 - Impact: Reflection/Amplification Attack"": 5, ""T1571 - Defense Evasion: Non-Standard Port"": 5, ""T1583.005 - Resource Development: Acquire Botnet"": 5, ""T1584.005 - Resource Development: Build/Compromise Botnet"": 5, ""T1590 - Reconnaissance: Gather Victim Network Information"": 5, ""T1595 - Reconnaissance: Active Scanning"": 5, ""TA0011 - Command-and-Control"": 5}",17168045,0
exploration_bonus_c0.25,exploration_bonus_loo_fragility,"{""c"": 0.25}",1616,90,45,1.5644386480673522e-05,0.22719765849920978,0.11076203171532668,0.22238592572318866,0.35815876304522093,5,50,10.0,14.142135623730951,80.0,"{""T1036 - Defense Evasion: Masquerading"": 5, ""T1498.001 - Impact: Direct Network Flood"": 5, ""T1498.002 - Impact: Reflection/Amplification Attack"": 5, ""T1571 - Defense Evasion: Non-Standard Port"": 50, ""T1583.005 - Resource Development: Acquire Botnet"": 5, ""T1584.005 - Resource Development: Build/Compromise Botnet"": 5, ""T1590 - Reconnaissance: Gather Victim Network Information"": 5, ""T1595 - Reconnaissance: Active Scanning"": 5, ""TA0011 - Command-and-Control"": 5}",17168090,45
exploration_bonus_c0.25,exploration_bonus_loo_fragility,"{""c"": 0.25}",1616,180,135,2.6230193103286543e-05,0.2284828934515019,0.1152739139422446,0.2231499994079032,0.359027669014012,5,89,17.8,28.071337695236398,198.0,"{""T1036 - Defense Evasion: Masquerading"": 11, ""T1498.001 - Impact: Direct Network Flood"": 5, ""T1498.002 - Impact: Reflection/Amplification Attack"": 5, ""T1571 - Defense Evasion: Non-Standard Port"": 50, ""T1583.005 - Resource Development: Acquire Botnet"": 5, ""T1584.005 - Resource Development: Build/Compromise Botnet"": 5, ""T1590 - Reconnaissance: Gather Victim Network Information"": 89, ""T1595 - Reconnaissance: Active Scanning"": 5, ""TA0011 - Command-and-Control"": 5}",17168180,135
exploration_bonus_c0.25,exploration_bonus_loo_fragility,"{""c"": 0.25}",1616,360,315,2.7980587369881276e-05,0.22912966930167072,0.11463821493417581,0.22342601876738172,0.3645859147441236,5,134,26.8,46.79743582719036,380.0,"{""T1036 - Defense Evasion: Masquerading"": 18, ""T1498.001 - Impact: Direct Network Flood"": 5, ""T1498.002 - Impact: Reflection/Amplification Attack"": 5, ""T1571 - Defense Evasion: Non-Standard Port"": 81, ""T1583.005 - Resource Development: Acquire Botnet"": 95, ""T1584.005 - Resource Development: Build/Compromise Botnet"": 5, ""T1590 - Reconnaissance: Gather Victim Network Information"": 134, ""T1595 - Reconnaissance: Active Scanning"": 12, ""TA0011 - Command-and-Control"": 5}",17168360,315
exploration_bonus_c0.25,exploration_bonus_loo_fragility,"{""c"": 0.25}",1616,720,675,3.180973926054421e-05,0.2293709132990439,0.1147427493117444,0.22417450896253788,0.35975635942452805,5,200,40.0,76.37626158259734,590.0,"{""T1036 - Defense Evasion: Masquerading"": 18, ""T1498.001 - Impact: Direct Network Flood"": 5, ""T1498.002 - Impact: Reflection/Amplification Attack"": 5, ""T1571 - Defense Evasion: Non-Standard Port"": 81, ""T1583.005 - Resource Development: Acquire Botnet"": 200, ""T1584.005 - Resource Development: Build/Compromise Botnet"": 72, ""T1590 - Reconnaissance: Gather Victim Network Information"": 134, ""T1595 - Reconnaissance: Active Scanning"": 200, ""TA0011 - Command-and-Control"": 5}",17168720,675
exploration_bonus_c0.25,exploration_bonus_loo_fragility,"{""c"": 0.25}",1616,1200,1155,3.734036422701807e-06,0.2259602878784628,0.10712928272652791,0.22039145245316344,0.36139779612367373,20,200,10.0,76.54628229596348,662.0,"{""T1036 - Defense Evasion: Masquerading"": 200, ""T1498.001 - Impact: Direct Network Flood"": 36, ""T1498.002 - Impact: Reflection/Amplification Attack"": 51, ""T1571 - Defense Evasion: Non-Standard Port"": 200, ""T1583.005 - Resource Development: Acquire Botnet"": 200, ""T1584.005 - Resource Development: Build/Compromise Botnet"": 94, ""T1590 - Reconnaissance: Gather Victim Network Information"": 199, ""T1595 - Reconnaissance: Active Scanning"": 200, ""TA0011 - Command-and-Control"": 20}",17169200,1155
exploration_bonus_c0.25,exploration_bonus_loo_fragility,"{""c"": 0.25}",1616,1798,1753,0.0,0.22470484448919714,0.10282013170083151,0.21987138712593557,0.3602157968474639,199,200,1.0050251256281406,0.41573970964154905,0.0,"{""T1036 - Defense Evasion: Masquerading"": 200, ""T1498.001 - Impact: Direct Network Flood"": 200, ""T1498.002 - Impact: Reflection/Amplification Attack"": 200, ""T1571 - Defense Evasion: Non-Standard Port"": 200, ""T1583.005 - Resource Development: Acquire Botnet"": 200, ""T1584.005 - Resource Development: Build/Compromise Botnet"": 199, ""T1590 - Reconnaissance: Gather Victim Network Information"": 199, ""T1595 - Reconnaissance: Active Scanning"": 200, ""TA0011 - Command-and-Control"": 200}",17169798,1753
exploration_bonus_c0.5,exploration_bonus_loo_fragility,"{""c"": 0.5}",1616,45,0,5.4480598938576774e-05,0.2283178371956346,0.11627766860379622,0.22369246277389435,0.3524555373488843,5,5,1.0,0.0,0.0,"{""T1036 - Defense Evasion: Masquerading"": 5, ""T1498.001 - Impact: Direct Network Flood"": 5, ""T1498.002 - Impact: Reflection/Amplification Attack"": 5, ""T1571 - Defense Evasion: Non-Standard Port"": 5, ""T1583.005 - Resource Development: Acquire Botnet"": 5, ""T1584.005 - Resource Development: Build/Compromise Botnet"": 5, ""T1590 - Reconnaissance: Gather Victim Network Information"": 5, ""T1595 - Reconnaissance: Active Scanning"": 5, ""TA0011 - Command-and-Control"": 5}",17168045,0
exploration_bonus_c0.5,exploration_bonus_loo_fragility,"{""c"": 0.5}",1616,90,45,1.5644386480673522e-05,0.22719765849920978,0.11076203171532668,0.22238592572318866,0.35815876304522093,5,50,10.0,14.142135623730951,80.0,"{""T1036 - Defense Evasion: Masquerading"": 5, ""T1498.001 - Impact: Direct Network Flood"": 5, ""T1498.002 - Impact: Reflection/Amplification Attack"": 5, ""T1571 - Defense Evasion: Non-Standard Port"": 50, ""T1583.005 - Resource Development: Acquire Botnet"": 5, ""T1584.005 - Resource Development: Build/Compromise Botnet"": 5, ""T1590 - Reconnaissance: Gather Victim Network Information"": 5, ""T1595 - Reconnaissance: Active Scanning"": 5, ""TA0011 - Command-and-Control"": 5}",17168090,45
exploration_bonus_c0.5,exploration_bonus_loo_fragility,"{""c"": 0.5}",1616,180,135,4.401526745922286e-05,0.230060717148362,0.1173082124980407,0.22480043003228428,0.3603300617449304,5,50,10.0,20.75786330258702,176.0,"{""T1036 - Defense Evasion: Masquerading"": 7, ""T1498.001 - Impact: Direct Network Flood"": 5, ""T1498.002 - Impact: Reflection/Amplification Attack"": 5, ""T1571 - Defense Evasion: Non-Standard Port"": 50, ""T1583.005 - Resource Development: Acquire Botnet"": 50, ""T1584.005 - Resource Development: Build/Compromise Botnet"": 5, ""T1590 - Reconnaissance: Gather Victim Network Information"": 48, ""T1595 - Reconnaissance: Active Scanning"": 5, ""TA0011 - Command-and-Control"": 5}",17168180,135
exploration_bonus_c0.5,exploration_bonus_loo_fragility,"{""c"": 0.5}",1616,360,315,1.365845345855023e-05,0.2253891988224514,0.11191583111478783,0.22078609274497774,0.35689145036581743,5,86,17.2,25.982900359873437,198.0,"{""T1036 - Defense Evasion: Masquerading"": 66, ""T1498.001 - Impact: Direct Network Flood"": 5, ""T1498.002 - Impact: Reflection/Amplification Attack"": 20, ""T1571 - Defense Evasion: Non-Standard Port"": 57, ""T1583.005 - Resource Development: Acquire Botnet"": 50, ""T1584.005 - Resource Development: Build/Compromise Botnet"": 34, ""T1590 - Reconnaissance: Gather Victim Network Information"": 86, ""T1595 - Reconnaissance: Active Scanning"": 37, ""TA0011 - Command-and-Control"": 5}",17168360,315
exploration_bonus_c0.5,exploration_bonus_loo_fragility,"{""c"": 0.5}",1616,720,675,1.273434305386717e-05,0.22593533880690242,0.110414259235232,0.22068724388025215,0.3576113400750307,5,200,40.0,69.98412518405712,548.0,"{""T1036 - Defense Evasion: Masquerading"": 200, ""T1498.001 - Impact: Direct Network Flood"": 10, ""T1498.002 - Impact: Reflection/Amplification Attack"": 20, ""T1571 - Defense Evasion: Non-Standard Port"": 57, ""T1583.005 - Resource Development: Acquire Botnet"": 185, ""T1584.005 - Resource Development: Build/Compromise Botnet"": 34, ""T1590 - Reconnaissance: Gather Victim Network Information"": 86, ""T1595 - Reconnaissance: Active Scanning"": 123, ""TA0011 - Command-and-Control"": 5}",17168720,675
exploration_bonus_c0.5,exploration_bonus_loo_fragility,"{""c"": 0.5}",1616,1200,1155,3.6526424580634153e-06,0.2244550316237538,0.10265900808499477,0.2195156871091417,0.35989480871719204,10,200,20.0,79.7036176510619,662.0,"{""T1036 - Defense Evasion: Masquerading"": 200, ""T1498.001 - Impact: Direct Network Flood"": 10, ""T1498.002 - Impact: Reflection/Amplification Attack"": 200, ""T1571 - Defense Evasion: Non-Standard Port"": 66, ""T1583.005 - Resource Development: Acquire Botnet"": 200, ""T1584.005 - Resource Development: Build/Compromise Botnet"": 114, ""T1590 - Reconnaissance: Gather Victim Network Information"": 199, ""T1595 - Reconnaissance: Active Scanning"": 200, ""TA0011 - Command-and-Control"": 11}",17169200,1155
exploration_bonus_c0.5,exploration_bonus_loo_fragility,"{""c"": 0.5}",1616,1798,1753,0.0,0.22470484448919714,0.10282013170083151,0.21987138712593557,0.3602157968474639,199,200,1.0050251256281406,0.41573970964154905,0.0,"{""T1036 - Defense Evasion: Masquerading"": 200, ""T1498.001 - Impact: Direct Network Flood"": 200, ""T1498.002 - Impact: Reflection/Amplification Attack"": 200, ""T1571 - Defense Evasion: Non-Standard Port"": 200, ""T1583.005 - Resource Development: Acquire Botnet"": 200, ""T1584.005 - Resource Development: Build/Compromise Botnet"": 199, ""T1590 - Reconnaissance: Gather Victim Network Information"": 199, ""T1595 - Reconnaissance: Active Scanning"": 200, ""TA0011 - Command-and-Control"": 200}",17169798,1753
exploration_bonus_c1.0,exploration_bonus_loo_fragility,"{""c"": 1.0}",1616,45,0,5.4480598938576774e-05,0.2283178371956346,0.11627766860379622,0.22369246277389435,0.3524555373488843,5,5,1.0,0.0,0.0,"{""T1036 - Defense Evasion: Masquerading"": 5, ""T1498.001 - Impact: Direct Network Flood"": 5, ""T1498.002 - Impact: Reflection/Amplification Attack"": 5, ""T1571 - Defense Evasion: Non-Standard Port"": 5, ""T1583.005 - Resource Development: Acquire Botnet"": 5, ""T1584.005 - Resource Development: Build/Compromise Botnet"": 5, ""T1590 - Reconnaissance: Gather Victim Network Information"": 5, ""T1595 - Reconnaissance: Active Scanning"": 5, ""TA0011 - Command-and-Control"": 5}",17168045,0
exploration_bonus_c1.0,exploration_bonus_loo_fragility,"{""c"": 1.0}",1616,90,45,1.5644386480673522e-05,0.22719765849920978,0.11076203171532668,0.22238592572318866,0.35815876304522093,5,50,10.0,14.142135623730951,80.0,"{""T1036 - Defense Evasion: Masquerading"": 5, ""T1498.001 - Impact: Direct Network Flood"": 5, ""T1498.002 - Impact: Reflection/Amplification Attack"": 5, ""T1571 - Defense Evasion: Non-Standard Port"": 50, ""T1583.005 - Resource Development: Acquire Botnet"": 5, ""T1584.005 - Resource Development: Build/Compromise Botnet"": 5, ""T1590 - Reconnaissance: Gather Victim Network Information"": 5, ""T1595 - Reconnaissance: Active Scanning"": 5, ""TA0011 - Command-and-Control"": 5}",17168090,45
exploration_bonus_c1.0,exploration_bonus_loo_fragility,"{""c"": 1.0}",1616,180,135,1.7591047372761538e-05,0.22674980054128377,0.11255423015975863,0.2221683205678164,0.3569763074603314,5,50,10.0,18.208667044996883,148.0,"{""T1036 - Defense Evasion: Masquerading"": 36, ""T1498.001 - Impact: Direct Network Flood"": 6, ""T1498.002 - Impact: Reflection/Amplification Attack"": 7, ""T1571 - Defense Evasion: Non-Standard Port"": 50, ""T1583.005 - Resource Development: Acquire Botnet"": 18, ""T1584.005 - Resource Development: Build/Compromise Botnet"": 5, ""T1590 - Reconnaissance: Gather Victim Network Information"": 48, ""T1595 - Reconnaissance: Active Scanning"": 5, ""TA0011 - Command-and-Control"": 5}",17168180,135
exploration_bonus_c1.0,exploration_bonus_loo_fragility,"{""c"": 1.0}",1616,360,315,5.218439420714513e-06,0.22334289440569205,0.10349938703566128,0.21923896417489336,0.3560117165573928,11,93,8.454545454545455,26.54555832275273,212.0,"{""T1036 - Defense Evasion: Masquerading"": 67, ""T1498.001 - Impact: Direct Network Flood"": 11, ""T1498.002 - Impact: Reflection/Amplification Attack"": 18, ""T1571 - Defense Evasion: Non-Standard Port"": 53, ""T1583.005 - Resource Development: Acquire Botnet"": 18, ""T1584.005 - Resource Development: Build/Compromise Botnet"": 16, ""T1590 - Reconnaissance: Gather Victim Network Information"": 93, ""T1595 - Reconnaissance: Active Scanning"": 53, ""TA0011 - Command-and-Control"": 31}",17168360,315
exploration_bonus_c1.0,exploration_bonus_loo_fragility,"{""c"": 1.0}",1616,720,675,2.5311788824772165e-06,0.22470312902009673,0.10425173525669167,0.2200616058314412,0.36061590372635444,14,199,14.214285714285714,69.8426803609369,570.0,"{""T1036 - Defense Evasion: Masquerading"": 137, ""T1498.001 - Impact: Direct Network Flood"": 14, ""T1498.002 - Impact: Reflection/Amplification Attack"": 40, ""T1571 - Defense Evasion: Non-Standard Port"": 189, ""T1583.005 - Resource Development: Acquire Botnet"": 18, ""T1584.005 - Resource Development: Build/Compromise Botnet"": 39, ""T1590 - Reconnaissance: Gather Victim Network Information"": 199, ""T1595 - Reconnaissance: Active Scanning"": 53, ""TA0011 - Command-and-Control"": 31}",17168720,675
exploration_bonus_c1.0,exploration_bonus_loo_fragility,"{""c"": 1.0}",1616,1200,1155,1.537544168363931e-06,0.2244720351239478,0.10251929633779594,0.2196465612177446,0.36032099042484816,39,200,5.128205128205129,63.3105222077833,504.0,"{""T1036 - Defense Evasion: Masquerading"": 200, ""T1498.001 - Impact: Direct Network Flood"": 55, ""T1498.002 - Impact: Reflection/Amplification Attack"": 184, ""T1571 - Defense Evasion: Non-Standard Port"": 189, ""T1583.005 - Resource Development: Acquire Botnet"": 135, ""T1584.005 - Resource Development: Build/Compromise Botnet"": 39, ""T1590 - Reconnaissance: Gather Victim Network Information"": 199, ""T1595 - Reconnaissance: Active Scanning"": 53, ""TA0011 - Command-and-Control"": 146}",17169200,1155
exploration_bonus_c1.0,exploration_bonus_loo_fragility,"{""c"": 1.0}",1616,1798,1753,0.0,0.22470484448919714,0.10282013170083151,0.21987138712593557,0.3602157968474639,199,200,1.0050251256281406,0.41573970964154905,0.0,"{""T1036 - Defense Evasion: Masquerading"": 200, ""T1498.001 - Impact: Direct Network Flood"": 200, ""T1498.002 - Impact: Reflection/Amplification Attack"": 200, ""T1571 - Defense Evasion: Non-Standard Port"": 200, ""T1583.005 - Resource Development: Acquire Botnet"": 200, ""T1584.005 - Resource Development: Build/Compromise Botnet"": 199, ""T1590 - Reconnaissance: Gather Victim Network Information"": 199, ""T1595 - Reconnaissance: Active Scanning"": 200, ""TA0011 - Command-and-Control"": 200}",17169798,1753
uniform_step_balanced,uniform_step_balanced,{},1717,45,0,2.6305082396720455e-05,0.22952049899169097,0.1083429587750836,0.22524338112324582,0.3631317557482235,5,5,1.0,0.0,0.0,"{""T1036 - Defense Evasion: Masquerading"": 5, ""T1498.001 - Impact: Direct Network Flood"": 5, ""T1498.002 - Impact: Reflection/Amplification Attack"": 5, ""T1571 - Defense Evasion: Non-Standard Port"": 5, ""T1583.005 - Resource Development: Acquire Botnet"": 5, ""T1584.005 - Resource Development: Build/Compromise Botnet"": 5, ""T1590 - Reconnaissance: Gather Victim Network Information"": 5, ""T1595 - Reconnaissance: Active Scanning"": 5, ""TA0011 - Command-and-Control"": 5}",18178045,0
uniform_step_balanced,uniform_step_balanced,{},1717,90,45,9.137014666049507e-06,0.22440549570400672,0.09917381187279736,0.2216189327959247,0.3545633916111209,10,10,1.0,0.0,0.0,"{""T1036 - Defense Evasion: Masquerading"": 10, ""T1498.001 - Impact: Direct Network Flood"": 10, ""T1498.002 - Impact: Reflection/Amplification Attack"": 10, ""T1571 - Defense Evasion: Non-Standard Port"": 10, ""T1583.005 - Resource Development: Acquire Botnet"": 10, ""T1584.005 - Resource Development: Build/Compromise Botnet"": 10, ""T1590 - Reconnaissance: Gather Victim Network Information"": 10, ""T1595 - Reconnaissance: Active Scanning"": 10, ""TA0011 - Command-and-Control"": 10}",18178090,45
uniform_step_balanced,uniform_step_balanced,{},1717,180,135,8.220026536912759e-06,0.2230141848810219,0.10161634120355381,0.2188129038917573,0.3525446620750081,20,20,1.0,0.0,0.0,"{""T1036 - Defense Evasion: Masquerading"": 20, ""T1498.001 - Impact: Direct Network Flood"": 20, ""T1498.002 - Impact: Reflection/Amplification Attack"": 20, ""T1571 - Defense Evasion: Non-Standard Port"": 20, ""T1583.005 - Resource Development: Acquire Botnet"": 20, ""T1584.005 - Resource Development: Build/Compromise Botnet"": 20, ""T1590 - Reconnaissance: Gather Victim Network Information"": 20, ""T1595 - Reconnaissance: Active Scanning"": 20, ""TA0011 - Command-and-Control"": 20}",18178180,135
uniform_step_balanced,uniform_step_balanced,{},1717,360,315,7.005245766450799e-06,0.22503770424500152,0.10461646604916008,0.22121287805234496,0.35766613524763313,40,40,1.0,0.0,0.0,"{""T1036 - Defense Evasion: Masquerading"": 40, ""T1498.001 - Impact: Direct Network Flood"": 40, ""T1498.002 - Impact: Reflection/Amplification Attack"": 40, ""T1571 - Defense Evasion: Non-Standard Port"": 40, ""T1583.005 - Resource Development: Acquire Botnet"": 40, ""T1584.005 - Resource Development: Build/Compromise Botnet"": 40, ""T1590 - Reconnaissance: Gather Victim Network Information"": 40, ""T1595 - Reconnaissance: Active Scanning"": 40, ""TA0011 - Command-and-Control"": 40}",18178360,315
uniform_step_balanced,uniform_step_balanced,{},1717,720,675,7.044222642826366e-06,0.2252435295305746,0.10661907606965162,0.22055472408736743,0.3567870314955796,80,80,1.0,0.0,0.0,"{""T1036 - Defense Evasion: Masquerading"": 80, ""T1498.001 - Impact: Direct Network Flood"": 80, ""T1498.002 - Impact: Reflection/Amplification Attack"": 80, ""T1571 - Defense Evasion: Non-Standard Port"": 80, ""T1583.005 - Resource Development: Acquire Botnet"": 80, ""T1584.005 - Resource Development: Build/Compromise Botnet"": 80, ""T1590 - Reconnaissance: Gather Victim Network Information"": 80, ""T1595 - Reconnaissance: Active Scanning"": 80, ""TA0011 - Command-and-Control"": 80}",18178720,675
uniform_step_balanced,uniform_step_balanced,{},1717,1200,1155,3.0883003441557246e-06,0.22573228467406584,0.10250045825207671,0.22123175066241074,0.36334700945793097,133,134,1.0075187969924813,0.4714045207910317,0.0,"{""T1036 - Defense Evasion: Masquerading"": 134, ""T1498.001 - Impact: Direct Network Flood"": 133, ""T1498.002 - Impact: Reflection/Amplification Attack"": 133, ""T1571 - Defense Evasion: Non-Standard Port"": 134, ""T1583.005 - Resource Development: Acquire Botnet"": 134, ""T1584.005 - Resource Development: Build/Compromise Botnet"": 133, ""T1590 - Reconnaissance: Gather Victim Network Information"": 133, ""T1595 - Reconnaissance: Active Scanning"": 133, ""TA0011 - Command-and-Control"": 133}",18179200,1155
uniform_step_balanced,uniform_step_balanced,{},1717,1798,1753,0.0,0.22470484448919714,0.10282013170083151,0.21987138712593557,0.3602157968474639,199,200,1.0050251256281406,0.41573970964154905,0.0,"{""T1036 - Defense Evasion: Masquerading"": 200, ""T1498.001 - Impact: Direct Network Flood"": 200, ""T1498.002 - Impact: Reflection/Amplification Attack"": 200, ""T1571 - Defense Evasion: Non-Standard Port"": 200, ""T1583.005 - Resource Development: Acquire Botnet"": 200, ""T1584.005 - Resource Development: Build/Compromise Botnet"": 199, ""T1590 - Reconnaissance: Gather Victim Network Information"": 199, ""T1595 - Reconnaissance: Active Scanning"": 200, ""TA0011 - Command-and-Control"": 200}",18179798,1753
greedy_loo_fragility,greedy_loo_fragility,{},1717,45,0,2.6305082396720455e-05,0.22952049899169097,0.1083429587750836,0.22524338112324582,0.3631317557482235,5,5,1.0,0.0,0.0,"{""T1036 - Defense Evasion: Masquerading"": 5, ""T1498.001 - Impact: Direct Network Flood"": 5, ""T1498.002 - Impact: Reflection/Amplification Attack"": 5, ""T1571 - Defense Evasion: Non-Standard Port"": 5, ""T1583.005 - Resource Development: Acquire Botnet"": 5, ""T1584.005 - Resource Development: Build/Compromise Botnet"": 5, ""T1590 - Reconnaissance: Gather Victim Network Information"": 5, ""T1595 - Reconnaissance: Active Scanning"": 5, ""TA0011 - Command-and-Control"": 5}",18178045,0
greedy_loo_fragility,greedy_loo_fragility,{},1717,90,45,1.239176710760384e-05,0.22794810206279298,0.10388855102001103,0.22354544601996212,0.3645775539413934,5,50,10.0,14.142135623730951,80.0,"{""T1036 - Defense Evasion: Masquerading"": 5, ""T1498.001 - Impact: Direct Network Flood"": 5, ""T1498.002 - Impact: Reflection/Amplification Attack"": 5, ""T1571 - Defense Evasion: Non-Standard Port"": 50, ""T1583.005 - Resource Development: Acquire Botnet"": 5, ""T1584.005 - Resource Development: Build/Compromise Botnet"": 5, ""T1590 - Reconnaissance: Gather Victim Network Information"": 5, ""T1595 - Reconnaissance: Active Scanning"": 5, ""TA0011 - Command-and-Control"": 5}",18178090,45
greedy_loo_fragility,greedy_loo_fragility,{},1717,180,135,5.349932296700785e-06,0.22602075340367334,0.10054309543757298,0.22202508889274447,0.3613559549678746,5,95,19.0,30.0,210.0,"{""T1036 - Defense Evasion: Masquerading"": 5, ""T1498.001 - Impact: Direct Network Flood"": 5, ""T1498.002 - Impact: Reflection/Amplification Attack"": 5, ""T1571 - Defense Evasion: Non-Standard Port"": 95, ""T1583.005 - Resource Development: Acquire Botnet"": 50, ""T1584.005 - Resource Development: Build/Compromise Botnet"": 5, ""T1590 - Reconnaissance: Gather Victim Network Information"": 5, ""T1595 - Reconnaissance: Active Scanning"": 5, ""TA0011 - Command-and-Control"": 5}",18178180,135
greedy_loo_fragility,greedy_loo_fragility,{},1717,360,315,1.1401861505887333e-06,0.22511795517199953,0.1020316458860497,0.2201703742228815,0.36067633565556645,5,140,28.0,46.36809247747852,350.0,"{""T1036 - Defense Evasion: Masquerading"": 50, ""T1498.001 - Impact: Direct Network Flood"": 50, ""T1498.002 - Impact: Reflection/Amplification Attack"": 5, ""T1571 - Defense Evasion: Non-Standard Port"": 140, ""T1583.005 - Resource Development: Acquire Botnet"": 95, ""T1584.005 - Resource Development: Build/Compromise Botnet"": 5, ""T1590 - Reconnaissance: Gather Victim Network Information"": 5, ""T1595 - Reconnaissance: Active Scanning"": 5, ""TA0011 - Command-and-Control"": 5}",18178360,315
greedy_loo_fragility,greedy_loo_fragility,{},1717,720,675,2.3830513146775106e-06,0.22446021811568317,0.10189339901719927,0.22014072437610688,0.35930493810222736,5,200,40.0,80.0,660.0,"{""T1036 - Defense Evasion: Masquerading"": 200, ""T1498.001 - Impact: Direct Network Flood"": 50, ""T1498.002 - Impact: Reflection/Amplification Attack"": 35, ""T1571 - Defense Evasion: Non-Standard Port"": 170, ""T1583.005 - Resource Development: Acquire Botnet"": 200, ""T1584.005 - Resource Development: Build/Compromise Botnet"": 5, ""T1590 - Reconnaissance: Gather Victim Network Information"": 50, ""T1595 - Reconnaissance: Active Scanning"": 5, ""TA0011 - Command-and-Control"": 5}",18178720,675
greedy_loo_fragility,greedy_loo_fragility,{},1717,1200,1155,1.276857358873386e-06,0.2250854927889237,0.10424040092259458,0.21970970968780762,0.360839248918683,5,200,40.0,77.62588342671391,662.0,"{""T1036 - Defense Evasion: Masquerading"": 200, ""T1498.001 - Impact: Direct Network Flood"": 95, ""T1498.002 - Impact: Reflection/Amplification Attack"": 35, ""T1571 - Defense Evasion: Non-Standard Port"": 200, ""T1583.005 - Resource Development: Acquire Botnet"": 200, ""T1584.005 - Resource Development: Build/Compromise Botnet"": 5, ""T1590 - Reconnaissance: Gather Victim Network Information"": 199, ""T1595 - Reconnaissance: Active Scanning"": 200, ""TA0011 - Command-and-Control"": 66}",18179200,1155
greedy_loo_fragility,greedy_loo_fragility,{},1717,1798,1753,0.0,0.22470484448919714,0.10282013170083151,0.21987138712593557,0.3602157968474639,199,200,1.0050251256281406,0.41573970964154905,0.0,"{""T1036 - Defense Evasion: Masquerading"": 200, ""T1498.001 - Impact: Direct Network Flood"": 200, ""T1498.002 - Impact: Reflection/Amplification Attack"": 200, ""T1571 - Defense Evasion: Non-Standard Port"": 200, ""T1583.005 - Resource Development: Acquire Botnet"": 200, ""T1584.005 - Resource Development: Build/Compromise Botnet"": 199, ""T1590 - Reconnaissance: Gather Victim Network Information"": 199, ""T1595 - Reconnaissance: Active Scanning"": 200, ""TA0011 - Command-and-Control"": 200}",18179798,1753
epsilon_greedy_eps0.2,epsilon_greedy_loo_fragility,"{""epsilon"": 0.2}",1717,45,0,2.6305082396720455e-05,0.22952049899169097,0.1083429587750836,0.22524338112324582,0.3631317557482235,5,5,1.0,0.0,0.0,"{""T1036 - Defense Evasion: Masquerading"": 5, ""T1498.001 - Impact: Direct Network Flood"": 5, ""T1498.002 - Impact: Reflection/Amplification Attack"": 5, ""T1571 - Defense Evasion: Non-Standard Port"": 5, ""T1583.005 - Resource Development: Acquire Botnet"": 5, ""T1584.005 - Resource Development: Build/Compromise Botnet"": 5, ""T1590 - Reconnaissance: Gather Victim Network Information"": 5, ""T1595 - Reconnaissance: Active Scanning"": 5, ""TA0011 - Command-and-Control"": 5}",18178045,0
epsilon_greedy_eps0.2,epsilon_greedy_loo_fragility,"{""epsilon"": 0.2}",1717,90,45,2.2654887034721964e-05,0.22615431126608354,0.0965758649218206,0.22140116486528053,0.3704627461053594,6,40,6.666666666666667,10.614455552060438,60.0,"{""T1036 - Defense Evasion: Masquerading"": 6, ""T1498.001 - Impact: Direct Network Flood"": 6, ""T1498.002 - Impact: Reflection/Amplification Attack"": 6, ""T1571 - Defense Evasion: Non-Standard Port"": 40, ""T1583.005 - Resource Development: Acquire Botnet"": 6, ""T1584.005 - Resource Development: Build/Compromise Botnet"": 6, ""T1590 - Reconnaissance: Gather Victim Network Information"": 6, ""T1595 - Reconnaissance: Active Scanning"": 7, ""TA0011 - Command-and-Control"": 7}",18178090,45
epsilon_greedy_eps0.2,epsilon_greedy_loo_fragility,"{""epsilon"": 0.2}",1717,180,135,1.4241887276346038e-06,0.22520772804192216,0.10349408746537458,0.2204841000656364,0.36067487242590845,9,45,5.0,14.742229591663987,124.0,"{""T1036 - Defense Evasion: Masquerading"": 10, ""T1498.001 - Impact: Direct Network Flood"": 9, ""T1498.002 - Impact: Reflection/Amplification Attack"": 9, ""T1571 - Defense Evasion: Non-Standard Port"": 40, ""T1583.005 - Resource Development: Acquire Botnet"": 10, ""T1584.005 - Resource Development: Build/Compromise Botnet"": 45, ""T1590 - Reconnaissance: Gather Victim Network Information"": 37, ""T1595 - Reconnaissance: Active Scanning"": 10, ""TA0011 - Command-and-Control"": 10}",18178180,135
epsilon_greedy_eps0.2,epsilon_greedy_loo_fragility,"{""epsilon"": 0.2}",1717,360,315,9.46255689160883e-06,0.2240500944492399,0.10361067945923558,0.21980274253869903,0.35685559909429476,17,153,9.0,41.429994502104925,236.0,"{""T1036 - Defense Evasion: Masquerading"": 17, ""T1498.001 - Impact: Direct Network Flood"": 17, ""T1498.002 - Impact: Reflection/Amplification Attack"": 17, ""T1571 - Defense Evasion: Non-Standard Port"": 40, ""T1583.005 - Resource Development: Acquire Botnet"": 45, ""T1584.005 - Resource Development: Build/Compromise Botnet"": 153, ""T1590 - Reconnaissance: Gather Victim Network Information"": 37, ""T1595 - Reconnaissance: Active Scanning"": 17, ""TA0011 - Command-and-Control"": 17}",18178360,315
epsilon_greedy_eps0.2,epsilon_greedy_loo_fragility,"{""epsilon"": 0.2}",1717,720,675,2.05742434724277e-06,0.22560591057822293,0.1023036731294737,0.22150524159028226,0.36070458832218627,39,199,5.102564102564102,49.0600539022216,334.0,"{""T1036 - Defense Evasion: Masquerading"": 46, ""T1498.001 - Impact: Direct Network Flood"": 69, ""T1498.002 - Impact: Reflection/Amplification Attack"": 40, ""T1571 - Defense Evasion: Non-Standard Port"": 113, ""T1583.005 - Resource Development: Acquire Botnet"": 82, ""T1584.005 - Resource Development: Build/Compromise Botnet"": 199, ""T1590 - Reconnaissance: Gather Victim Network Information"": 39, ""T1595 - Reconnaissance: Active Scanning"": 39, ""TA0011 - Command-and-Control"": 93}",18178720,675
epsilon_greedy_eps0.2,epsilon_greedy_loo_fragility,"{""epsilon"": 0.2}",1717,1200,1155,3.987780674878987e-06,0.22582303297367098,0.10413203162643961,0.22130008152738156,0.3599703042923497,76,200,2.6315789473684212,53.62213473308699,458.0,"{""T1036 - Defense Evasion: Masquerading"": 77, ""T1498.001 - Impact: Direct Network Flood"": 200, ""T1498.002 - Impact: Reflection/Amplification Attack"": 76, ""T1571 - Defense Evasion: Non-Standard Port"": 113, ""T1583.005 - Resource Development: Acquire Botnet"": 200, ""T1584.005 - Resource Development: Build/Compromise Botnet"": 199, ""T1590 - Reconnaissance: Gather Victim Network Information"": 77, ""T1595 - Reconnaissance: Active Scanning"": 165, ""TA0011 - Command-and-Control"": 93}",18179200,1155
epsilon_greedy_eps0.2,epsilon_greedy_loo_fragility,"{""epsilon"": 0.2}",1717,1798,1753,0.0,0.22470484448919714,0.10282013170083151,0.21987138712593557,0.3602157968474639,199,200,1.0050251256281406,0.41573970964154905,0.0,"{""T1036 - Defense Evasion: Masquerading"": 200, ""T1498.001 - Impact: Direct Network Flood"": 200, ""T1498.002 - Impact: Reflection/Amplification Attack"": 200, ""T1571 - Defense Evasion: Non-Standard Port"": 200, ""T1583.005 - Resource Development: Acquire Botnet"": 200, ""T1584.005 - Resource Development: Build/Compromise Botnet"": 199, ""T1590 - Reconnaissance: Gather Victim Network Information"": 199, ""T1595 - Reconnaissance: Active Scanning"": 200, ""TA0011 - Command-and-Control"": 200}",18179798,1753
exploration_bonus_c0.25,exploration_bonus_loo_fragility,"{""c"": 0.25}",1717,45,0,2.6305082396720455e-05,0.22952049899169097,0.1083429587750836,0.22524338112324582,0.3631317557482235,5,5,1.0,0.0,0.0,"{""T1036 - Defense Evasion: Masquerading"": 5, ""T1498.001 - Impact: Direct Network Flood"": 5, ""T1498.002 - Impact: Reflection/Amplification Attack"": 5, ""T1571 - Defense Evasion: Non-Standard Port"": 5, ""T1583.005 - Resource Development: Acquire Botnet"": 5, ""T1584.005 - Resource Development: Build/Compromise Botnet"": 5, ""T1590 - Reconnaissance: Gather Victim Network Information"": 5, ""T1595 - Reconnaissance: Active Scanning"": 5, ""TA0011 - Command-and-Control"": 5}",18178045,0
exploration_bonus_c0.25,exploration_bonus_loo_fragility,"{""c"": 0.25}",1717,90,45,1.239176710760384e-05,0.22794810206279298,0.10388855102001103,0.22354544601996212,0.3645775539413934,5,50,10.0,14.142135623730951,80.0,"{""T1036 - Defense Evasion: Masquerading"": 5, ""T1498.001 - Impact: Direct Network Flood"": 5, ""T1498.002 - Impact: Reflection/Amplification Attack"": 5, ""T1571 - Defense Evasion: Non-Standard Port"": 50, ""T1583.005 - Resource Development: Acquire Botnet"": 5, ""T1584.005 - Resource Development: Build/Compromise Botnet"": 5, ""T1590 - Reconnaissance: Gather Victim Network Information"": 5, ""T1595 - Reconnaissance: Active Scanning"": 5, ""TA0011 - Command-and-Control"": 5}",18178090,45
exploration_bonus_c0.25,exploration_bonus_loo_fragility,"{""c"": 0.25}",1717,180,135,5.089713074044688e-06,0.22615642056503688,0.10140023410019752,0.22246115178835116,0.36024858742213145,5,58,11.6,21.01322334996598,174.0,"{""T1036 - Defense Evasion: Masquerading"": 5, ""T1498.001 - Impact: Direct Network Flood"": 5, ""T1498.002 - Impact: Reflection/Amplification Attack"": 5, ""T1571 - Defense Evasion: Non-Standard Port"": 58, ""T1583.005 - Resource Development: Acquire Botnet"": 50, ""T1584.005 - Resource Development: Build/Compromise Botnet"": 8, ""T1590 - Reconnaissance: Gather Victim Network Information"": 5, ""T1595 - Reconnaissance: Active Scanning"": 39, ""TA0011 - Command-and-Control"": 5}",18178180,135
exploration_bonus_c0.25,exploration_bonus_loo_fragility,"{""c"": 0.25}",1717,360,315,3.022597827742558e-06,0.22428448448574353,0.0983029678264004,0.22057675116471803,0.3587088922031212,5,127,25.4,37.64748774265467,270.0,"{""T1036 - Defense Evasion: Masquerading"": 50, ""T1498.001 - Impact: Direct Network Flood"": 50, ""T1498.002 - Impact: Reflection/Amplification Attack"": 5, ""T1571 - Defense Evasion: Non-Standard Port"": 58, ""T1583.005 - Resource Development: Acquire Botnet"": 50, ""T1584.005 - Resource Development: Build/Compromise Botnet"": 8, ""T1590 - Reconnaissance: Gather Victim Network Information"": 5, ""T1595 - Reconnaissance: Active Scanning"": 127, ""TA0011 - Command-and-Control"": 7}",18178360,315
exploration_bonus_c0.25,exploration_bonus_loo_fragility,"{""c"": 0.25}",1717,720,675,1.1079496814769727e-05,0.22523431527319782,0.09981751172525494,0.22044616688580448,0.3634625152761727,5,200,40.0,77.74316690230724,634.0,"{""T1036 - Defense Evasion: Masquerading"": 95, ""T1498.001 - Impact: Direct Network Flood"": 200, ""T1498.002 - Impact: Reflection/Amplification Attack"": 13, ""T1571 - Defense Evasion: Non-Standard Port"": 142, ""T1583.005 - Resource Development: Acquire Botnet"": 50, ""T1584.005 - Resource Development: Build/Compromise Botnet"": 8, ""T1590 - Reconnaissance: Gather Victim Network Information"": 5, ""T1595 - Reconnaissance: Active Scanning"": 200, ""TA0011 - Command-and-Control"": 7}",18178720,675
exploration_bonus_c0.25,exploration_bonus_loo_fragility,"{""c"": 0.25}",1717,1200,1155,6.554189666972038e-06,0.22447958589535183,0.10469188960752153,0.22005092749843935,0.35891614153914253,16,200,12.5,68.85895406957295,544.0,"{""T1036 - Defense Evasion: Masquerading"": 200, ""T1498.001 - Impact: Direct Network Flood"": 200, ""T1498.002 - Impact: Reflection/Amplification Attack"": 16, ""T1571 - Defense Evasion: Non-Standard Port"": 200, ""T1583.005 - Resource Development: Acquire Botnet"": 125, ""T1584.005 - Resource Development: Build/Compromise Botnet"": 140, ""T1590 - Reconnaissance: Gather Victim Network Information"": 67, ""T1595 - Reconnaissance: Active Scanning"": 200, ""TA0011 - Command-and-Control"": 52}",18179200,1155
exploration_bonus_c0.25,exploration_bonus_loo_fragility,"{""c"": 0.25}",1717,1798,1753,0.0,0.22470484448919714,0.10282013170083151,0.21987138712593557,0.3602157968474639,199,200,1.0050251256281406,0.41573970964154905,0.0,"{""T1036 - Defense Evasion: Masquerading"": 200, ""T1498.001 - Impact: Direct Network Flood"": 200, ""T1498.002 - Impact: Reflection/Amplification Attack"": 200, ""T1571 - Defense Evasion: Non-Standard Port"": 200, ""T1583.005 - Resource Development: Acquire Botnet"": 200, ""T1584.005 - Resource Development: Build/Compromise Botnet"": 199, ""T1590 - Reconnaissance: Gather Victim Network Information"": 199, ""T1595 - Reconnaissance: Active Scanning"": 200, ""TA0011 - Command-and-Control"": 200}",18179798,1753
exploration_bonus_c0.5,exploration_bonus_loo_fragility,"{""c"": 0.5}",1717,45,0,2.6305082396720455e-05,0.22952049899169097,0.1083429587750836,0.22524338112324582,0.3631317557482235,5,5,1.0,0.0,0.0,"{""T1036 - Defense Evasion: Masquerading"": 5, ""T1498.001 - Impact: Direct Network Flood"": 5, ""T1498.002 - Impact: Reflection/Amplification Attack"": 5, ""T1571 - Defense Evasion: Non-Standard Port"": 5, ""T1583.005 - Resource Development: Acquire Botnet"": 5, ""T1584.005 - Resource Development: Build/Compromise Botnet"": 5, ""T1590 - Reconnaissance: Gather Victim Network Information"": 5, ""T1595 - Reconnaissance: Active Scanning"": 5, ""TA0011 - Command-and-Control"": 5}",18178045,0
exploration_bonus_c0.5,exploration_bonus_loo_fragility,"{""c"": 0.5}",1717,90,45,1.239176710760384e-05,0.22794810206279298,0.10388855102001103,0.22354544601996212,0.3645775539413934,5,50,10.0,14.142135623730951,80.0,"{""T1036 - Defense Evasion: Masquerading"": 5, ""T1498.001 - Impact: Direct Network Flood"": 5, ""T1498.002 - Impact: Reflection/Amplification Attack"": 5, ""T1571 - Defense Evasion: Non-Standard Port"": 50, ""T1583.005 - Resource Development: Acquire Botnet"": 5, ""T1584.005 - Resource Development: Build/Compromise Botnet"": 5, ""T1590 - Reconnaissance: Gather Victim Network Information"": 5, ""T1595 - Reconnaissance: Active Scanning"": 5, ""TA0011 - Command-and-Control"": 5}",18178090,45
exploration_bonus_c0.5,exploration_bonus_loo_fragility,"{""c"": 0.5}",1717,180,135,1.0993780508370494e-05,0.22319987072411587,0.09890039494776885,0.2191791419154827,0.35819241659863515,5,71,14.2,22.705848487901868,164.0,"{""T1036 - Defense Evasion: Masquerading"": 7, ""T1498.001 - Impact: Direct Network Flood"": 8, ""T1498.002 - Impact: Reflection/Amplification Attack"": 5, ""T1571 - Defense Evasion: Non-Standard Port"": 71, ""T1583.005 - Resource Development: Acquire Botnet"": 51, ""T1584.005 - Resource Development: Build/Compromise Botnet"": 17, ""T1590 - Reconnaissance: Gather Victim Network Information"": 5, ""T1595 - Reconnaissance: Active Scanning"": 11, ""TA0011 - Command-and-Control"": 5}",18178180,135
exploration_bonus_c0.5,exploration_bonus_loo_fragility,"{""c"": 0.5}",1717,360,315,4.972595515299619e-06,0.2243676003104534,0.10017245936903085,0.22082820456713825,0.35764970859329687,8,97,12.125,28.468305963728234,218.0,"{""T1036 - Defense Evasion: Masquerading"": 9, ""T1498.001 - Impact: Direct Network Flood"": 8, ""T1498.002 - Impact: Reflection/Amplification Attack"": 97, ""T1571 - Defense Evasion: Non-Standard Port"": 71, ""T1583.005 - Resource Development: Acquire Botnet"": 51, ""T1584.005 - Resource Development: Build/Compromise Botnet"": 17, ""T1590 - Reconnaissance: Gather Victim Network Information"": 50, ""T1595 - Reconnaissance: Active Scanning"": 35, ""TA0011 - Command-and-Control"": 22}",18178360,315
exploration_bonus_c0.5,exploration_bonus_loo_fragility,"{""c"": 0.5}",1717,720,675,1.464414697919726e-06,0.22489955724420987,0.1022997924923728,0.21999246629257954,0.3601175607578169,9,200,22.22222222222222,69.23550790999916,494.0,"{""T1036 - Defense Evasion: Masquerading"": 9, ""T1498.001 - Impact: Direct Network Flood"": 25, ""T1498.002 - Impact: Reflection/Amplification Attack"": 200, ""T1571 - Defense Evasion: Non-Standard Port"": 71, ""T1583.005 - Resource Development: Acquire Botnet"": 80, ""T1584.005 - Resource Development: Build/Compromise Botnet"": 17, ""T1590 - Reconnaissance: Gather Victim Network Information"": 199, ""T1595 - Reconnaissance: Active Scanning"": 88, ""TA0011 - Command-and-Control"": 31}",18178720,675
exploration_bonus_c0.5,exploration_bonus_loo_fragility,"{""c"": 0.5}",1717,1200,1155,9.671218006141754e-07,0.22492900729940352,0.10270696876915003,0.22001495405040117,0.3600598915553003,17,200,11.764705882352942,73.6432843736164,622.0,"{""T1036 - Defense Evasion: Masquerading"": 26, ""T1498.001 - Impact: Direct Network Flood"": 200, ""T1498.002 - Impact: Reflection/Amplification Attack"": 200, ""T1571 - Defense Evasion: Non-Standard Port"": 90, ""T1583.005 - Resource Development: Acquire Botnet"": 200, ""T1584.005 - Resource Development: Build/Compromise Botnet"": 17, ""T1590 - Reconnaissance: Gather Victim Network Information"": 199, ""T1595 - Reconnaissance: Active Scanning"": 88, ""TA0011 - Command-and-Control"": 180}",18179200,1155
exploration_bonus_c0.5,exploration_bonus_loo_fragility,"{""c"": 0.5}",1717,1798,1753,0.0,0.22470484448919714,0.10282013170083151,0.21987138712593557,0.3602157968474639,199,200,1.0050251256281406,0.41573970964154905,0.0,"{""T1036 - Defense Evasion: Masquerading"": 200, ""T1498.001 - Impact: Direct Network Flood"": 200, ""T1498.002 - Impact: Reflection/Amplification Attack"": 200, ""T1571 - Defense Evasion: Non-Standard Port"": 200, ""T1583.005 - Resource Development: Acquire Botnet"": 200, ""T1584.005 - Resource Development: Build/Compromise Botnet"": 199, ""T1590 - Reconnaissance: Gather Victim Network Information"": 199, ""T1595 - Reconnaissance: Active Scanning"": 200, ""TA0011 - Command-and-Control"": 200}",18179798,1753
exploration_bonus_c1.0,exploration_bonus_loo_fragility,"{""c"": 1.0}",1717,45,0,2.6305082396720455e-05,0.22952049899169097,0.1083429587750836,0.22524338112324582,0.3631317557482235,5,5,1.0,0.0,0.0,"{""T1036 - Defense Evasion: Masquerading"": 5, ""T1498.001 - Impact: Direct Network Flood"": 5, ""T1498.002 - Impact: Reflection/Amplification Attack"": 5, ""T1571 - Defense Evasion: Non-Standard Port"": 5, ""T1583.005 - Resource Development: Acquire Botnet"": 5, ""T1584.005 - Resource Development: Build/Compromise Botnet"": 5, ""T1590 - Reconnaissance: Gather Victim Network Information"": 5, ""T1595 - Reconnaissance: Active Scanning"": 5, ""TA0011 - Command-and-Control"": 5}",18178045,0
exploration_bonus_c1.0,exploration_bonus_loo_fragility,"{""c"": 1.0}",1717,90,45,1.239176710760384e-05,0.22794810206279298,0.10388855102001103,0.22354544601996212,0.3645775539413934,5,50,10.0,14.142135623730951,80.0,"{""T1036 - Defense Evasion: Masquerading"": 5, ""T1498.001 - Impact: Direct Network Flood"": 5, ""T1498.002 - Impact: Reflection/Amplification Attack"": 5, ""T1571 - Defense Evasion: Non-Standard Port"": 50, ""T1583.005 - Resource Development: Acquire Botnet"": 5, ""T1584.005 - Resource Development: Build/Compromise Botnet"": 5, ""T1590 - Reconnaissance: Gather Victim Network Information"": 5, ""T1595 - Reconnaissance: Active Scanning"": 5, ""TA0011 - Command-and-Control"": 5}",18178090,45
exploration_bonus_c1.0,exploration_bonus_loo_fragility,"{""c"": 1.0}",1717,180,135,2.899681316798942e-06,0.22507606076763642,0.10106301565186687,0.22085101835731208,0.36293135073564947,5,50,10.0,15.463218006324269,126.0,"{""T1036 - Defense Evasion: Masquerading"": 13, ""T1498.001 - Impact: Direct Network Flood"": 8, ""T1498.002 - Impact: Reflection/Amplification Attack"": 5, ""T1571 - Defense Evasion: Non-Standard Port"": 50, ""T1583.005 - Resource Development: Acquire Botnet"": 37, ""T1584.005 - Resource Development: Build/Compromise Botnet"": 12, ""T1590 - Reconnaissance: Gather Victim Network Information"": 8, ""T1595 - Reconnaissance: Active Scanning"": 36, ""TA0011 - Command-and-Control"": 11}",18178180,135
exploration_bonus_c1.0,exploration_bonus_loo_fragility,"{""c"": 1.0}",1717,360,315,5.521231650520318e-06,0.22509903174099605,0.10388510610581295,0.22117689164701065,0.35612844886104794,7,120,17.142857142857142,31.012542265634686,182.0,"{""T1036 - Defense Evasion: Masquerading"": 120, ""T1498.001 - Impact: Direct Network Flood"": 24, ""T1498.002 - Impact: Reflection/Amplification Attack"": 7, ""T1571 - Defense Evasion: Non-Standard Port"": 50, ""T1583.005 - Resource Development: Acquire Botnet"": 39, ""T1584.005 - Resource Development: Build/Compromise Botnet"": 22, ""T1590 - Reconnaissance: Gather Victim Network Information"": 18, ""T1595 - Reconnaissance: Active Scanning"": 41, ""TA0011 - Command-and-Control"": 39}",18178360,315
exploration_bonus_c1.0,exploration_bonus_loo_fragility,"{""c"": 1.0}",1717,720,675,1.4276422094215844e-06,0.22494749433529615,0.10595994280594251,0.22039093990773578,0.35863212722442245,24,143,5.958333333333333,46.05069670120819,384.0,"{""T1036 - Defense Evasion: Masquerading"": 132, ""T1498.001 - Impact: Direct Network Flood"": 24, ""T1498.002 - Impact: Reflection/Amplification Attack"": 143, ""T1571 - Defense Evasion: Non-Standard Port"": 81, ""T1583.005 - Resource Development: Acquire Botnet"": 113, ""T1584.005 - Resource Development: Build/Compromise Botnet"": 24, ""T1590 - Reconnaissance: Gather Victim Network Information"": 123, ""T1595 - Reconnaissance: Active Scanning"": 41, ""TA0011 - Command-and-Control"": 39}",18178720,675
exploration_bonus_c1.0,exploration_bonus_loo_fragility,"{""c"": 1.0}",1717,1200,1155,1.598814858675772e-06,0.2243628106954944,0.10510410735387417,0.2199771140111783,0.3570655846347844,41,200,4.878048780487805,64.5600495662759,530.0,"{""T1036 - Defense Evasion: Masquerading"": 134, ""T1498.001 - Impact: Direct Network Flood"": 48, ""T1498.002 - Impact: Reflection/Amplification Attack"": 200, ""T1571 - Defense Evasion: Non-Standard Port"": 81, ""T1583.005 - Resource Development: Acquire Botnet"": 200, ""T1584.005 - Resource Development: Build/Compromise Botnet"": 97, ""T1590 - Reconnaissance: Gather Victim Network Information"": 199, ""T1595 - Reconnaissance: Active Scanning"": 41, ""TA0011 - Command-and-Control"": 200}",18179200,1155
exploration_bonus_c1.0,exploration_bonus_loo_fragility,"{""c"": 1.0}",1717,1798,1753,0.0,0.22470484448919714,0.10282013170083151,0.21987138712593557,0.3602157968474639,199,200,1.0050251256281406,0.41573970964154905,0.0,"{""T1036 - Defense Evasion: Masquerading"": 200, ""T1498.001 - Impact: Direct Network Flood"": 200, ""T1498.002 - Impact: Reflection/Amplification Attack"": 200, ""T1571 - Defense Evasion: Non-Standard Port"": 200, ""T1583.005 - Resource Development: Acquire Botnet"": 200, ""T1584.005 - Resource Development: Build/Compromise Botnet"": 199, ""T1590 - Reconnaissance: Gather Victim Network Information"": 199, ""T1595 - Reconnaissance: Active Scanning"": 200, ""TA0011 - Command-and-Control"": 200}",18179798,1753
uniform_step_balanced,uniform_step_balanced,{},1818,45,0,6.675658172659877e-05,0.2175446836767132,0.10391476319762134,0.21323596022414582,0.3467141246852092,5,5,1.0,0.0,0.0,"{""T1036 - Defense Evasion: Masquerading"": 5, ""T1498.001 - Impact: Direct Network Flood"": 5, ""T1498.002 - Impact: Reflection/Amplification Attack"": 5, ""T1571 - Defense Evasion: Non-Standard Port"": 5, ""T1583.005 - Resource Development: Acquire Botnet"": 5, ""T1584.005 - Resource Development: Build/Compromise Botnet"": 5, ""T1590 - Reconnaissance: Gather Victim Network Information"": 5, ""T1595 - Reconnaissance: Active Scanning"": 5, ""TA0011 - Command-and-Control"": 5}",19188045,0
uniform_step_balanced,uniform_step_balanced,{},1818,90,45,3.767200334169876e-05,0.21930604889999414,0.09991996274187799,0.2154612325372995,0.3497576898283275,10,10,1.0,0.0,0.0,"{""T1036 - Defense Evasion: Masquerading"": 10, ""T1498.001 - Impact: Direct Network Flood"": 10, ""T1498.002 - Impact: Reflection/Amplification Attack"": 10, ""T1571 - Defense Evasion: Non-Standard Port"": 10, ""T1583.005 - Resource Development: Acquire Botnet"": 10, ""T1584.005 - Resource Development: Build/Compromise Botnet"": 10, ""T1590 - Reconnaissance: Gather Victim Network Information"": 10, ""T1595 - Reconnaissance: Active Scanning"": 10, ""TA0011 - Command-and-Control"": 10}",19188090,45
uniform_step_balanced,uniform_step_balanced,{},1818,180,135,7.713061844757031e-06,0.22483141217161962,0.10753880205631221,0.2206860312047148,0.3559849110498591,20,20,1.0,0.0,0.0,"{""T1036 - Defense Evasion: Masquerading"": 20, ""T1498.001 - Impact: Direct Network Flood"": 20, ""T1498.002 - Impact: Reflection/Amplification Attack"": 20, ""T1571 - Defense Evasion: Non-Standard Port"": 20, ""T1583.005 - Resource Development: Acquire Botnet"": 20, ""T1584.005 - Resource Development: Build/Compromise Botnet"": 20, ""T1590 - Reconnaissance: Gather Victim Network Information"": 20, ""T1595 - Reconnaissance: Active Scanning"": 20, ""TA0011 - Command-and-Control"": 20}",19188180,135
uniform_step_balanced,uniform_step_balanced,{},1818,360,315,6.707702799044307e-06,0.22475179951181398,0.1042063196987625,0.22060478794503663,0.35724247682727334,40,40,1.0,0.0,0.0,"{""T1036 - Defense Evasion: Masquerading"": 40, ""T1498.001 - Impact: Direct Network Flood"": 40, ""T1498.002 - Impact: Reflection/Amplification Attack"": 40, ""T1571 - Defense Evasion: Non-Standard Port"": 40, ""T1583.005 - Resource Development: Acquire Botnet"": 40, ""T1584.005 - Resource Development: Build/Compromise Botnet"": 40, ""T1590 - Reconnaissance: Gather Victim Network Information"": 40, ""T1595 - Reconnaissance: Active Scanning"": 40, ""TA0011 - Command-and-Control"": 40}",19188360,315
uniform_step_balanced,uniform_step_balanced,{},1818,720,675,4.3926089488518805e-06,0.22367344706938397,0.10335981890782397,0.21905991214840506,0.3572135378655946,80,80,1.0,0.0,0.0,"{""T1036 - Defense Evasion: Masquerading"": 80, ""T1498.001 - Impact: Direct Network Flood"": 80, ""T1498.002 - Impact: Reflection/Amplification Attack"": 80, ""T1571 - Defense Evasion: Non-Standard Port"": 80, ""T1583.005 - Resource Development: Acquire Botnet"": 80, ""T1584.005 - Resource Development: Build/Compromise Botnet"": 80, ""T1590 - Reconnaissance: Gather Victim Network Information"": 80, ""T1595 - Reconnaissance: Active Scanning"": 80, ""TA0011 - Command-and-Control"": 80}",19188720,675
uniform_step_balanced,uniform_step_balanced,{},1818,1200,1155,1.062200910266686e-06,0.22423739507680612,0.10275076850549919,0.22036564007811213,0.35874723104618483,133,134,1.0075187969924813,0.4714045207910317,0.0,"{""T1036 - Defense Evasion: Masquerading"": 134, ""T1498.001 - Impact: Direct Network Flood"": 133, ""T1498.002 - Impact: Reflection/Amplification Attack"": 133, ""T1571 - Defense Evasion: Non-Standard Port"": 134, ""T1583.005 - Resource Development: Acquire Botnet"": 133, ""T1584.005 - Resource Development: Build/Compromise Botnet"": 134, ""T1590 - Reconnaissance: Gather Victim Network Information"": 133, ""T1595 - Reconnaissance: Active Scanning"": 133, ""TA0011 - Command-and-Control"": 133}",19189200,1155
uniform_step_balanced,uniform_step_balanced,{},1818,1798,1753,0.0,0.22470484448919714,0.10282013170083151,0.21987138712593557,0.3602157968474639,199,200,1.0050251256281406,0.41573970964154905,0.0,"{""T1036 - Defense Evasion: Masquerading"": 200, ""T1498.001 - Impact: Direct Network Flood"": 200, ""T1498.002 - Impact: Reflection/Amplification Attack"": 200, ""T1571 - Defense Evasion: Non-Standard Port"": 200, ""T1583.005 - Resource Development: Acquire Botnet"": 200, ""T1584.005 - Resource Development: Build/Compromise Botnet"": 199, ""T1590 - Reconnaissance: Gather Victim Network Information"": 199, ""T1595 - Reconnaissance: Active Scanning"": 200, ""TA0011 - Command-and-Control"": 200}",19189798,1753
greedy_loo_fragility,greedy_loo_fragility,{},1818,45,0,6.675658172659877e-05,0.2175446836767132,0.10391476319762134,0.21323596022414582,0.3467141246852092,5,5,1.0,0.0,0.0,"{""T1036 - Defense Evasion: Masquerading"": 5, ""T1498.001 - Impact: Direct Network Flood"": 5, ""T1498.002 - Impact: Reflection/Amplification Attack"": 5, ""T1571 - Defense Evasion: Non-Standard Port"": 5, ""T1583.005 - Resource Development: Acquire Botnet"": 5, ""T1584.005 - Resource Development: Build/Compromise Botnet"": 5, ""T1590 - Reconnaissance: Gather Victim Network Information"": 5, ""T1595 - Reconnaissance: Active Scanning"": 5, ""TA0011 - Command-and-Control"": 5}",19188045,0
greedy_loo_fragility,greedy_loo_fragility,{},1818,90,45,2.7024342774300633e-05,0.2203564076389848,0.1037320379790593,0.21494839020926595,0.3523047574076937,5,50,10.0,14.142135623730951,80.0,"{""T1036 - Defense Evasion: Masquerading"": 5, ""T1498.001 - Impact: Direct Network Flood"": 5, ""T1498.002 - Impact: Reflection/Amplification Attack"": 5, ""T1571 - Defense Evasion: Non-Standard Port"": 50, ""T1583.005 - Resource Development: Acquire Botnet"": 5, ""T1584.005 - Resource Development: Build/Compromise Botnet"": 5, ""T1590 - Reconnaissance: Gather Victim Network Information"": 5, ""T1595 - Reconnaissance: Active Scanning"": 5, ""TA0011 - Command-and-Control"": 5}",19188090,45
greedy_loo_fragility,greedy_loo_fragility,{},1818,180,135,7.639464807542745e-06,0.22329397677281923,0.10569829317061864,0.21860234934241046,0.3542806318694283,5,50,10.0,21.213203435596427,180.0,"{""T1036 - Defense Evasion: Masquerading"": 5, ""T1498.001 - Impact: Direct Network Flood"": 5, ""T1498.002 - Impact: Reflection/Amplification Attack"": 5, ""T1571 - Defense Evasion: Non-Standard Port"": 50, ""T1583.005 - Resource Development: Acquire Botnet"": 5, ""T1584.005 - Resource Development: Build/Compromise Botnet"": 50, ""T1590 - Reconnaissance: Gather Victim Network Information"": 5, ""T1595 - Reconnaissance: Active Scanning"": 5, ""TA0011 - Command-and-Control"": 50}",19188180,135
greedy_loo_fragility,greedy_loo_fragility,{},1818,360,315,6.000181213115108e-06,0.2238177238695821,0.10639935448966027,0.21935442858085047,0.3538841478908993,5,185,37.0,55.226805085936306,350.0,"{""T1036 - Defense Evasion: Masquerading"": 5, ""T1498.001 - Impact: Direct Network Flood"": 5, ""T1498.002 - Impact: Reflection/Amplification Attack"": 5, ""T1571 - Defense Evasion: Non-Standard Port"": 50, ""T1583.005 - Resource Development: Acquire Botnet"": 5, ""T1584.005 - Resource Development: Build/Compromise Botnet"": 185, ""T1590 - Reconnaissance: Gather Victim Network Information"": 50, ""T1595 - Reconnaissance: Active Scanning"": 5, ""TA0011 - Command-and-Control"": 50}",19188360,315
greedy_loo_fragility,greedy_loo_fragility,{},1818,720,675,1.2780049672287208e-05,0.22344534051328682,0.10339381023119514,0.2192032187282345,0.35538126858110225,5,200,40.0,83.78676639077452,688.0,"{""T1036 - Defense Evasion: Masquerading"": 5, ""T1498.001 - Impact: Direct Network Flood"": 5, ""T1498.002 - Impact: Reflection/Amplification Attack"": 5, ""T1571 - Defense Evasion: Non-Standard Port"": 185, ""T1583.005 - Resource Development: Acquire Botnet"": 50, ""T1584.005 - Resource Development: Build/Compromise Botnet"": 199, ""T1590 - Reconnaissance: Gather Victim Network Information"": 66, ""T1595 - Reconnaissance: Active Scanning"": 5, ""TA0011 - Command-and-Control"": 200}",19188720,675
greedy_loo_fragility,greedy_loo_fragility,{},1818,1200,1155,7.825668061040522e-06,0.2231030140854487,0.1021943565420067,0.21830349560931733,0.35585297034198315,5,200,40.0,71.83004632850765,600.0,"{""T1036 - Defense Evasion: Masquerading"": 80, ""T1498.001 - Impact: Direct Network Flood"": 97, ""T1498.002 - Impact: Reflection/Amplification Attack"": 50, ""T1571 - Defense Evasion: Non-Standard Port"": 200, ""T1583.005 - Resource Development: Acquire Botnet"": 170, ""T1584.005 - Resource Development: Build/Compromise Botnet"": 199, ""T1590 - Reconnaissance: Gather Victim Network Information"": 199, ""T1595 - Reconnaissance: Active Scanning"": 5, ""TA0011 - Command-and-Control"": 200}",19189200,1155
greedy_loo_fragility,greedy_loo_fragility,{},1818,1798,1753,0.0,0.22470484448919714,0.10282013170083151,0.21987138712593557,0.3602157968474639,199,200,1.0050251256281406,0.41573970964154905,0.0,"{""T1036 - Defense Evasion: Masquerading"": 200, ""T1498.001 - Impact: Direct Network Flood"": 200, ""T1498.002 - Impact: Reflection/Amplification Attack"": 200, ""T1571 - Defense Evasion: Non-Standard Port"": 200, ""T1583.005 - Resource Development: Acquire Botnet"": 200, ""T1584.005 - Resource Development: Build/Compromise Botnet"": 199, ""T1590 - Reconnaissance: Gather Victim Network Information"": 199, ""T1595 - Reconnaissance: Active Scanning"": 200, ""TA0011 - Command-and-Control"": 200}",19189798,1753
epsilon_greedy_eps0.2,epsilon_greedy_loo_fragility,"{""epsilon"": 0.2}",1818,45,0,6.675658172659877e-05,0.2175446836767132,0.10391476319762134,0.21323596022414582,0.3467141246852092,5,5,1.0,0.0,0.0,"{""T1036 - Defense Evasion: Masquerading"": 5, ""T1498.001 - Impact: Direct Network Flood"": 5, ""T1498.002 - Impact: Reflection/Amplification Attack"": 5, ""T1571 - Defense Evasion: Non-Standard Port"": 5, ""T1583.005 - Resource Development: Acquire Botnet"": 5, ""T1584.005 - Resource Development: Build/Compromise Botnet"": 5, ""T1590 - Reconnaissance: Gather Victim Network Information"": 5, ""T1595 - Reconnaissance: Active Scanning"": 5, ""TA0011 - Command-and-Control"": 5}",19188045,0
epsilon_greedy_eps0.2,epsilon_greedy_loo_fragility,"{""epsilon"": 0.2}",1818,90,45,2.981816081969143e-05,0.22060849518944406,0.10621282248970174,0.2161857893898541,0.3490941208698212,6,40,6.666666666666667,10.614455552060438,60.0,"{""T1036 - Defense Evasion: Masquerading"": 6, ""T1498.001 - Impact: Direct Network Flood"": 7, ""T1498.002 - Impact: Reflection/Amplification Attack"": 6, ""T1571 - Defense Evasion: Non-Standard Port"": 40, ""T1583.005 - Resource Development: Acquire Botnet"": 6, ""T1584.005 - Resource Development: Build/Compromise Botnet"": 6, ""T1590 - Reconnaissance: Gather Victim Network Information"": 7, ""T1595 - Reconnaissance: Active Scanning"": 6, ""TA0011 - Command-and-Control"": 6}",19188090,45
epsilon_greedy_eps0.2,epsilon_greedy_loo_fragility,"{""epsilon"": 0.2}",1818,180,135,1.6726362003244674e-05,0.22266229350642244,0.10484901296384413,0.2187371248278377,0.35264866719594945,8,79,9.875,23.031379560166265,158.0,"{""T1036 - Defense Evasion: Masquerading"": 9, ""T1498.001 - Impact: Direct Network Flood"": 8, ""T1498.002 - Impact: Reflection/Amplification Attack"": 8, ""T1571 - Defense Evasion: Non-Standard Port"": 40, ""T1583.005 - Resource Development: Acquire Botnet"": 79, ""T1584.005 - Resource Development: Build/Compromise Botnet"": 9, ""T1590 - Reconnaissance: Gather Victim Network Information"": 9, ""T1595 - Reconnaissance: Active Scanning"": 9, ""TA0011 - Command-and-Control"": 9}",19188180,135
epsilon_greedy_eps0.2,epsilon_greedy_loo_fragility,"{""epsilon"": 0.2}",1818,360,315,6.1759659367090825e-06,0.2249569301997967,0.1070603858486501,0.22105648603526312,0.35666532140168167,13,187,14.384615384615385,53.7152988759565,318.0,"{""T1036 - Defense Evasion: Masquerading"": 13, ""T1498.001 - Impact: Direct Network Flood"": 13, ""T1498.002 - Impact: Reflection/Amplification Attack"": 13, ""T1571 - Defense Evasion: Non-Standard Port"": 40, ""T1583.005 - Resource Development: Acquire Botnet"": 187, ""T1584.005 - Resource Development: Build/Compromise Botnet"": 14, ""T1590 - Reconnaissance: Gather Victim Network Information"": 14, ""T1595 - Reconnaissance: Active Scanning"": 52, ""TA0011 - Command-and-Control"": 14}",19188360,315
epsilon_greedy_eps0.2,epsilon_greedy_loo_fragility,"{""epsilon"": 0.2}",1818,720,675,3.595046914319523e-06,0.2232299977761566,0.10096062728637038,0.2191403932677056,0.35741574442889285,42,200,4.761904761904762,52.35774377619163,380.0,"{""T1036 - Defense Evasion: Masquerading"": 53, ""T1498.001 - Impact: Direct Network Flood"": 58, ""T1498.002 - Impact: Reflection/Amplification Attack"": 87, ""T1571 - Defense Evasion: Non-Standard Port"": 43, ""T1583.005 - Resource Development: Acquire Botnet"": 200, ""T1584.005 - Resource Development: Build/Compromise Botnet"": 42, ""T1590 - Reconnaissance: Gather Victim Network Information"": 143, ""T1595 - Reconnaissance: Active Scanning"": 52, ""TA0011 - Command-and-Control"": 42}",19188720,675
epsilon_greedy_eps0.2,epsilon_greedy_loo_fragility,"{""epsilon"": 0.2}",1818,1200,1155,5.425247344510094e-07,0.22487590046041195,0.10395040628876526,0.21941096447122765,0.3592702932364266,88,200,2.272727272727273,48.46533698313557,394.0,"{""T1036 - Defense Evasion: Masquerading"": 95, ""T1498.001 - Impact: Direct Network Flood"": 112, ""T1498.002 - Impact: Reflection/Amplification Attack"": 200, ""T1571 - Defense Evasion: Non-Standard Port"": 128, ""T1583.005 - Resource Development: Acquire Botnet"": 200, ""T1584.005 - Resource Development: Build/Compromise Botnet"": 88, ""T1590 - Reconnaissance: Gather Victim Network Information"": 199, ""T1595 - Reconnaissance: Active Scanning"": 89, ""TA0011 - Command-and-Control"": 89}",19189200,1155
epsilon_greedy_eps0.2,epsilon_greedy_loo_fragility,"{""epsilon"": 0.2}",1818,1798,1753,0.0,0.22470484448919714,0.10282013170083151,0.21987138712593557,0.3602157968474639,199,200,1.0050251256281406,0.41573970964154905,0.0,"{""T1036 - Defense Evasion: Masquerading"": 200, ""T1498.001 - Impact: Direct Network Flood"": 200, ""T1498.002 - Impact: Reflection/Amplification Attack"": 200, ""T1571 - Defense Evasion: Non-Standard Port"": 200, ""T1583.005 - Resource Development: Acquire Botnet"": 200, ""T1584.005 - Resource Development: Build/Compromise Botnet"": 199, ""T1590 - Reconnaissance: Gather Victim Network Information"": 199, ""T1595 - Reconnaissance: Active Scanning"": 200, ""TA0011 - Command-and-Control"": 200}",19189798,1753
exploration_bonus_c0.25,exploration_bonus_loo_fragility,"{""c"": 0.25}",1818,45,0,6.675658172659877e-05,0.2175446836767132,0.10391476319762134,0.21323596022414582,0.3467141246852092,5,5,1.0,0.0,0.0,"{""T1036 - Defense Evasion: Masquerading"": 5, ""T1498.001 - Impact: Direct Network Flood"": 5, ""T1498.002 - Impact: Reflection/Amplification Attack"": 5, ""T1571 - Defense Evasion: Non-Standard Port"": 5, ""T1583.005 - Resource Development: Acquire Botnet"": 5, ""T1584.005 - Resource Development: Build/Compromise Botnet"": 5, ""T1590 - Reconnaissance: Gather Victim Network Information"": 5, ""T1595 - Reconnaissance: Active Scanning"": 5, ""TA0011 - Command-and-Control"": 5}",19188045,0
exploration_bonus_c0.25,exploration_bonus_loo_fragility,"{""c"": 0.25}",1818,90,45,2.7024342774300633e-05,0.2203564076389848,0.1037320379790593,0.21494839020926595,0.3523047574076937,5,50,10.0,14.142135623730951,80.0,"{""T1036 - Defense Evasion: Masquerading"": 5, ""T1498.001 - Impact: Direct Network Flood"": 5, ""T1498.002 - Impact: Reflection/Amplification Attack"": 5, ""T1571 - Defense Evasion: Non-Standard Port"": 50, ""T1583.005 - Resource Development: Acquire Botnet"": 5, ""T1584.005 - Resource Development: Build/Compromise Botnet"": 5, ""T1590 - Reconnaissance: Gather Victim Network Information"": 5, ""T1595 - Reconnaissance: Active Scanning"": 5, ""TA0011 - Command-and-Control"": 5}",19188090,45
exploration_bonus_c0.25,exploration_bonus_loo_fragility,"{""c"": 0.25}",1818,180,135,7.639464807542745e-06,0.22329397677281923,0.10569829317061864,0.21860234934241046,0.3542806318694283,5,50,10.0,21.213203435596427,180.0,"{""T1036 - Defense Evasion: Masquerading"": 5, ""T1498.001 - Impact: Direct Network Flood"": 5, ""T1498.002 - Impact: Reflection/Amplification Attack"": 5, ""T1571 - Defense Evasion: Non-Standard Port"": 50, ""T1583.005 - Resource Development: Acquire Botnet"": 5, ""T1584.005 - Resource Development: Build/Compromise Botnet"": 50, ""T1590 - Reconnaissance: Gather Victim Network Information"": 5, ""T1595 - Reconnaissance: Active Scanning"": 5, ""TA0011 - Command-and-Control"": 50}",19188180,135
exploration_bonus_c0.25,exploration_bonus_loo_fragility,"{""c"": 0.25}",1818,360,315,7.3021062925376706e-06,0.22379492858307803,0.1066671906476536,0.2191185752681123,0.3552752555001955,5,183,36.6,54.595482108565236,348.0,"{""T1036 - Defense Evasion: Masquerading"": 5, ""T1498.001 - Impact: Direct Network Flood"": 5, ""T1498.002 - Impact: Reflection/Amplification Attack"": 5, ""T1571 - Defense Evasion: Non-Standard Port"": 50, ""T1583.005 - Resource Development: Acquire Botnet"": 5, ""T1584.005 - Resource Development: Build/Compromise Botnet"": 183, ""T1590 - Reconnaissance: Gather Victim Network Information"": 50, ""T1595 - Reconnaissance: Active Scanning"": 6, ""TA0011 - Command-and-Control"": 51}",19188360,315
exploration_bonus_c0.25,exploration_bonus_loo_fragility,"{""c"": 0.25}",1818,720,675,8.451530597261046e-06,0.2227626372755448,0.10144506533762333,0.2189568335084368,0.3542920418631974,5,200,40.0,79.22962408930975,656.0,"{""T1036 - Defense Evasion: Masquerading"": 36, ""T1498.001 - Impact: Direct Network Flood"": 5, ""T1498.002 - Impact: Reflection/Amplification Attack"": 5, ""T1571 - Defense Evasion: Non-Standard Port"": 50, ""T1583.005 - Resource Development: Acquire Botnet"": 185, ""T1584.005 - Resource Development: Build/Compromise Botnet"": 183, ""T1590 - Reconnaissance: Gather Victim Network Information"": 50, ""T1595 - Reconnaissance: Active Scanning"": 6, ""TA0011 - Command-and-Control"": 200}",19188720,675
exploration_bonus_c0.25,exploration_bonus_loo_fragility,"{""c"": 0.25}",1818,1200,1155,1.4127290115468287e-06,0.22459343703092705,0.10189234499792126,0.21979917274449,0.3608608338282998,11,200,18.181818181818183,81.40980011986,668.0,"{""T1036 - Defense Evasion: Masquerading"": 200, ""T1498.001 - Impact: Direct Network Flood"": 11, ""T1498.002 - Impact: Reflection/Amplification Attack"": 34, ""T1571 - Defense Evasion: Non-Standard Port"": 137, ""T1583.005 - Resource Development: Acquire Botnet"": 200, ""T1584.005 - Resource Development: Build/Compromise Botnet"": 199, ""T1590 - Reconnaissance: Gather Victim Network Information"": 199, ""T1595 - Reconnaissance: Active Scanning"": 20, ""TA0011 - Command-and-Control"": 200}",19189200,1155
exploration_bonus_c0.25,exploration_bonus_loo_fragility,"{""c"": 0.25}",1818,1798,1753,0.0,0.22470484448919714,0.10282013170083151,0.21987138712593557,0.3602157968474639,199,200,1.0050251256281406,0.41573970964154905,0.0,"{""T1036 - Defense Evasion: Masquerading"": 200, ""T1498.001 - Impact: Direct Network Flood"": 200, ""T1498.002 - Impact: Reflection/Amplification Attack"": 200, ""T1571 - Defense Evasion: Non-Standard Port"": 200, ""T1583.005 - Resource Development: Acquire Botnet"": 200, ""T1584.005 - Resource Development: Build/Compromise Botnet"": 199, ""T1590 - Reconnaissance: Gather Victim Network Information"": 199, ""T1595 - Reconnaissance: Active Scanning"": 200, ""TA0011 - Command-and-Control"": 200}",19189798,1753
exploration_bonus_c0.5,exploration_bonus_loo_fragility,"{""c"": 0.5}",1818,45,0,6.675658172659877e-05,0.2175446836767132,0.10391476319762134,0.21323596022414582,0.3467141246852092,5,5,1.0,0.0,0.0,"{""T1036 - Defense Evasion: Masquerading"": 5, ""T1498.001 - Impact: Direct Network Flood"": 5, ""T1498.002 - Impact: Reflection/Amplification Attack"": 5, ""T1571 - Defense Evasion: Non-Standard Port"": 5, ""T1583.005 - Resource Development: Acquire Botnet"": 5, ""T1584.005 - Resource Development: Build/Compromise Botnet"": 5, ""T1590 - Reconnaissance: Gather Victim Network Information"": 5, ""T1595 - Reconnaissance: Active Scanning"": 5, ""TA0011 - Command-and-Control"": 5}",19188045,0
exploration_bonus_c0.5,exploration_bonus_loo_fragility,"{""c"": 0.5}",1818,90,45,2.7024342774300633e-05,0.2203564076389848,0.1037320379790593,0.21494839020926595,0.3523047574076937,5,50,10.0,14.142135623730951,80.0,"{""T1036 - Defense Evasion: Masquerading"": 5, ""T1498.001 - Impact: Direct Network Flood"": 5, ""T1498.002 - Impact: Reflection/Amplification Attack"": 5, ""T1571 - Defense Evasion: Non-Standard Port"": 50, ""T1583.005 - Resource Development: Acquire Botnet"": 5, ""T1584.005 - Resource Development: Build/Compromise Botnet"": 5, ""T1590 - Reconnaissance: Gather Victim Network Information"": 5, ""T1595 - Reconnaissance: Active Scanning"": 5, ""TA0011 - Command-and-Control"": 5}",19188090,45
exploration_bonus_c0.5,exploration_bonus_loo_fragility,"{""c"": 0.5}",1818,180,135,6.976471347569902e-06,0.2231471735888077,0.10519901662884905,0.2185086452081681,0.3541485332452227,5,50,10.0,19.39644870130154,162.0,"{""T1036 - Defense Evasion: Masquerading"": 5, ""T1498.001 - Impact: Direct Network Flood"": 5, ""T1498.002 - Impact: Reflection/Amplification Attack"": 5, ""T1571 - Defense Evasion: Non-Standard Port"": 50, ""T1583.005 - Resource Development: Acquire Botnet"": 14, ""T1584.005 - Resource Development: Build/Compromise Botnet"": 42, ""T1590 - Reconnaissance: Gather Victim Network Information"": 5, ""T1595 - Reconnaissance: Active Scanning"": 5, ""TA0011 - Command-and-Control"": 49}",19188180,135
exploration_bonus_c0.5,exploration_bonus_loo_fragility,"{""c"": 0.5}",1818,360,315,5.626969498240813e-06,0.2255594942038766,0.10625780483889832,0.2210459995138419,0.35688364571361303,5,127,25.4,40.55722979801368,306.0,"{""T1036 - Defense Evasion: Masquerading"": 5, ""T1498.001 - Impact: Direct Network Flood"": 10, ""T1498.002 - Impact: Reflection/Amplification Attack"": 5, ""T1571 - Defense Evasion: Non-Standard Port"": 50, ""T1583.005 - Resource Development: Acquire Botnet"": 16, ""T1584.005 - Resource Development: Build/Compromise Botnet"": 48, ""T1590 - Reconnaissance: Gather Victim Network Information"": 88, ""T1595 - Reconnaissance: Active Scanning"": 11, ""TA0011 - Command-and-Control"": 127}",19188360,315
exploration_bonus_c0.5,exploration_bonus_loo_fragility,"{""c"": 0.5}",1818,720,675,5.437237678419627e-06,0.22344317421223167,0.1042194156784232,0.2196763192335119,0.35463684084959896,5,200,40.0,85.37238689672701,716.0,"{""T1036 - Defense Evasion: Masquerading"": 5, ""T1498.001 - Impact: Direct Network Flood"": 12, ""T1498.002 - Impact: Reflection/Amplification Attack"": 5, ""T1571 - Defense Evasion: Non-Standard Port"": 50, ""T1583.005 - Resource Development: Acquire Botnet"": 30, ""T1584.005 - Resource Development: Build/Compromise Botnet"": 199, ""T1590 - Reconnaissance: Gather Victim Network Information"": 199, ""T1595 - Reconnaissance: Active Scanning"": 20, ""TA0011 - Command-and-Control"": 200}",19188720,675
exploration_bonus_c0.5,exploration_bonus_loo_fragility,"{""c"": 0.5}",1818,1200,1155,7.85950466039135e-06,0.22275496426159516,0.10257811297231642,0.21812396306619922,0.35400405291901255,7,200,28.571428571428573,76.64927338932256,624.0,"{""T1036 - Defense Evasion: Masquerading"": 50, ""T1498.001 - Impact: Direct Network Flood"": 175, ""T1498.002 - Impact: Reflection/Amplification Attack"": 7, ""T1571 - Defense Evasion: Non-Standard Port"": 140, ""T1583.005 - Resource Development: Acquire Botnet"": 30, ""T1584.005 - Resource Development: Build/Compromise Botnet"": 199, ""T1590 - Reconnaissance: Gather Victim Network Information"": 199, ""T1595 - Reconnaissance: Active Scanning"": 200, ""TA0011 - Command-and-Control"": 200}",19189200,1155
exploration_bonus_c0.5,exploration_bonus_loo_fragility,"{""c"": 0.5}",1818,1798,1753,0.0,0.22470484448919714,0.10282013170083151,0.21987138712593557,0.3602157968474639,199,200,1.0050251256281406,0.41573970964154905,0.0,"{""T1036 - Defense Evasion: Masquerading"": 200, ""T1498.001 - Impact: Direct Network Flood"": 200, ""T1498.002 - Impact: Reflection/Amplification Attack"": 200, ""T1571 - Defense Evasion: Non-Standard Port"": 200, ""T1583.005 - Resource Development: Acquire Botnet"": 200, ""T1584.005 - Resource Development: Build/Compromise Botnet"": 199, ""T1590 - Reconnaissance: Gather Victim Network Information"": 199, ""T1595 - Reconnaissance: Active Scanning"": 200, ""TA0011 - Command-and-Control"": 200}",19189798,1753
exploration_bonus_c1.0,exploration_bonus_loo_fragility,"{""c"": 1.0}",1818,45,0,6.675658172659877e-05,0.2175446836767132,0.10391476319762134,0.21323596022414582,0.3467141246852092,5,5,1.0,0.0,0.0,"{""T1036 - Defense Evasion: Masquerading"": 5, ""T1498.001 - Impact: Direct Network Flood"": 5, ""T1498.002 - Impact: Reflection/Amplification Attack"": 5, ""T1571 - Defense Evasion: Non-Standard Port"": 5, ""T1583.005 - Resource Development: Acquire Botnet"": 5, ""T1584.005 - Resource Development: Build/Compromise Botnet"": 5, ""T1590 - Reconnaissance: Gather Victim Network Information"": 5, ""T1595 - Reconnaissance: Active Scanning"": 5, ""TA0011 - Command-and-Control"": 5}",19188045,0
exploration_bonus_c1.0,exploration_bonus_loo_fragility,"{""c"": 1.0}",1818,90,45,2.7024342774300633e-05,0.2203564076389848,0.1037320379790593,0.21494839020926595,0.3523047574076937,5,50,10.0,14.142135623730951,80.0,"{""T1036 - Defense Evasion: Masquerading"": 5, ""T1498.001 - Impact: Direct Network Flood"": 5, ""T1498.002 - Impact: Reflection/Amplification Attack"": 5, ""T1571 - Defense Evasion: Non-Standard Port"": 50, ""T1583.005 - Resource Development: Acquire Botnet"": 5, ""T1584.005 - Resource Development: Build/Compromise Botnet"": 5, ""T1590 - Reconnaissance: Gather Victim Network Information"": 5, ""T1595 - Reconnaissance: Active Scanning"": 5, ""TA0011 - Command-and-Control"": 5}",19188090,45
exploration_bonus_c1.0,exploration_bonus_loo_fragility,"{""c"": 1.0}",1818,180,135,1.342359242218969e-05,0.22252454069648284,0.10492438933217635,0.21768553438291688,0.35295612575631485,5,53,10.6,20.248456731316587,170.0,"{""T1036 - Defense Evasion: Masquerading"": 6, ""T1498.001 - Impact: Direct Network Flood"": 5, ""T1498.002 - Impact: Reflection/Amplification Attack"": 5, ""T1571 - Defense Evasion: Non-Standard Port"": 50, ""T1583.005 - Resource Development: Acquire Botnet"": 9, ""T1584.005 - Resource Development: Build/Compromise Botnet"": 53, ""T1590 - Reconnaissance: Gather Victim Network Information"": 5, ""T1595 - Reconnaissance: Active Scanning"": 5, ""TA0011 - Command-and-Control"": 42}",19188180,135
exploration_bonus_c1.0,exploration_bonus_loo_fragility,"{""c"": 1.0}",1818,360,315,3.999864631127736e-06,0.22436011694921734,0.10375199807516394,0.22021179556034476,0.35765261390656405,9,143,15.88888888888889,39.87759047663515,256.0,"{""T1036 - Defense Evasion: Masquerading"": 10, ""T1498.001 - Impact: Direct Network Flood"": 12, ""T1498.002 - Impact: Reflection/Amplification Attack"": 143, ""T1571 - Defense Evasion: Non-Standard Port"": 50, ""T1583.005 - Resource Development: Acquire Botnet"": 17, ""T1584.005 - Resource Development: Build/Compromise Botnet"": 53, ""T1590 - Reconnaissance: Gather Victim Network Information"": 24, ""T1595 - Reconnaissance: Active Scanning"": 9, ""TA0011 - Command-and-Control"": 42}",19188360,315
exploration_bonus_c1.0,exploration_bonus_loo_fragility,"{""c"": 1.0}",1818,720,675,3.1754328700254264e-06,0.22385879816099827,0.10334788339697965,0.2197267795590453,0.35710443426766014,11,200,18.181818181818183,56.3086731034098,430.0,"{""T1036 - Defense Evasion: Masquerading"": 58, ""T1498.001 - Impact: Direct Network Flood"": 127, ""T1498.002 - Impact: Reflection/Amplification Attack"": 200, ""T1571 - Defense Evasion: Non-Standard Port"": 50, ""T1583.005 - Resource Development: Acquire Botnet"": 24, ""T1584.005 - Resource Development: Build/Compromise Botnet"": 109, ""T1590 - Reconnaissance: Gather Victim Network Information"": 99, ""T1595 - Reconnaissance: Active Scanning"": 11, ""TA0011 - Command-and-Control"": 42}",19188720,675
exploration_bonus_c1.0,exploration_bonus_loo_fragility,"{""c"": 1.0}",1818,1200,1155,2.7847367832569643e-06,0.2236986030914472,0.10320532901860688,0.21901710213632852,0.3576946951035625,37,200,5.405405405405405,62.28251047534221,528.0,"{""T1036 - Defense Evasion: Masquerading"": 200, ""T1498.001 - Impact: Direct Network Flood"": 200, ""T1498.002 - Impact: Reflection/Amplification Attack"": 200, ""T1571 - Defense Evasion: Non-Standard Port"": 94, ""T1583.005 - Resource Development: Acquire Botnet"": 67, ""T1584.005 - Resource Development: Build/Compromise Botnet"": 199, ""T1590 - Reconnaissance: Gather Victim Network Information"": 99, ""T1595 - Reconnaissance: Active Scanning"": 37, ""TA0011 - Command-and-Control"": 104}",19189200,1155
exploration_bonus_c1.0,exploration_bonus_loo_fragility,"{""c"": 1.0}",1818,1798,1753,0.0,0.22470484448919714,0.10282013170083151,0.21987138712593557,0.3602157968474639,199,200,1.0050251256281406,0.41573970964154905,0.0,"{""T1036 - Defense Evasion: Masquerading"": 200, ""T1498.001 - Impact: Direct Network Flood"": 200, ""T1498.002 - Impact: Reflection/Amplification Attack"": 200, ""T1571 - Defense Evasion: Non-Standard Port"": 200, ""T1583.005 - Resource Development: Acquire Botnet"": 200, ""T1584.005 - Resource Development: Build/Compromise Botnet"": 199, ""T1590 - Reconnaissance: Gather Victim Network Information"": 199, ""T1595 - Reconnaissance: Active Scanning"": 200, ""TA0011 - Command-and-Control"": 200}",19189798,1753
uniform_step_balanced,uniform_step_balanced,{},1919,45,0,2.6973343876948786e-06,0.22489273203703514,0.10488175368624718,0.21992062159820186,0.3605025327047978,5,5,1.0,0.0,0.0,"{""T1036 - Defense Evasion: Masquerading"": 5, ""T1498.001 - Impact: Direct Network Flood"": 5, ""T1498.002 - Impact: Reflection/Amplification Attack"": 5, ""T1571 - Defense Evasion: Non-Standard Port"": 5, ""T1583.005 - Resource Development: Acquire Botnet"": 5, ""T1584.005 - Resource Development: Build/Compromise Botnet"": 5, ""T1590 - Reconnaissance: Gather Victim Network Information"": 5, ""T1595 - Reconnaissance: Active Scanning"": 5, ""TA0011 - Command-and-Control"": 5}",20198045,0
uniform_step_balanced,uniform_step_balanced,{},1919,90,45,3.240931873341765e-05,0.21985839183868797,0.10162449125851035,0.21560148034971377,0.35005592638123045,10,10,1.0,0.0,0.0,"{""T1036 - Defense Evasion: Masquerading"": 10, ""T1498.001 - Impact: Direct Network Flood"": 10, ""T1498.002 - Impact: Reflection/Amplification Attack"": 10, ""T1571 - Defense Evasion: Non-Standard Port"": 10, ""T1583.005 - Resource Development: Acquire Botnet"": 10, ""T1584.005 - Resource Development: Build/Compromise Botnet"": 10, ""T1590 - Reconnaissance: Gather Victim Network Information"": 10, ""T1595 - Reconnaissance: Active Scanning"": 10, ""TA0011 - Command-and-Control"": 10}",20198090,45
uniform_step_balanced,uniform_step_balanced,{},1919,180,135,1.7804723076266378e-05,0.22139272849535196,0.10407782197405059,0.2171475541916163,0.3536254931630253,20,20,1.0,0.0,0.0,"{""T1036 - Defense Evasion: Masquerading"": 20, ""T1498.001 - Impact: Direct Network Flood"": 20, ""T1498.002 - Impact: Reflection/Amplification Attack"": 20, ""T1571 - Defense Evasion: Non-Standard Port"": 20, ""T1583.005 - Resource Development: Acquire Botnet"": 20, ""T1584.005 - Resource Development: Build/Compromise Botnet"": 20, ""T1590 - Reconnaissance: Gather Victim Network Information"": 20, ""T1595 - Reconnaissance: Active Scanning"": 20, ""TA0011 - Command-and-Control"": 20}",20198180,135
uniform_step_balanced,uniform_step_balanced,{},1919,360,315,8.77582188197071e-06,0.22301515519677131,0.1044593975540966,0.21838431776396466,0.3544147307871357,40,40,1.0,0.0,0.0,"{""T1036 - Defense Evasion: Masquerading"": 40, ""T1498.001 - Impact: Direct Network Flood"": 40, ""T1498.002 - Impact: Reflection/Amplification Attack"": 40, ""T1571 - Defense Evasion: Non-Standard Port"": 40, ""T1583.005 - Resource Development: Acquire Botnet"": 40, ""T1584.005 - Resource Development: Build/Compromise Botnet"": 40, ""T1590 - Reconnaissance: Gather Victim Network Information"": 40, ""T1595 - Reconnaissance: Active Scanning"": 40, ""TA0011 - Command-and-Control"": 40}",20198360,315
uniform_step_balanced,uniform_step_balanced,{},1919,720,675,8.927951285129663e-06,0.2230412422101184,0.10447357657701783,0.21907825755358978,0.3535431267826676,80,80,1.0,0.0,0.0,"{""T1036 - Defense Evasion: Masquerading"": 80, ""T1498.001 - Impact: Direct Network Flood"": 80, ""T1498.002 - Impact: Reflection/Amplification Attack"": 80, ""T1571 - Defense Evasion: Non-Standard Port"": 80, ""T1583.005 - Resource Development: Acquire Botnet"": 80, ""T1584.005 - Resource Development: Build/Compromise Botnet"": 80, ""T1590 - Reconnaissance: Gather Victim Network Information"": 80, ""T1595 - Reconnaissance: Active Scanning"": 80, ""TA0011 - Command-and-Control"": 80}",20198720,675
uniform_step_balanced,uniform_step_balanced,{},1919,1200,1155,4.294182994001978e-06,0.22508171342279085,0.10374538942277678,0.2208190019133785,0.3575956148189859,133,134,1.0075187969924813,0.4714045207910317,0.0,"{""T1036 - Defense Evasion: Masquerading"": 133, ""T1498.001 - Impact: Direct Network Flood"": 134, ""T1498.002 - Impact: Reflection/Amplification Attack"": 133, ""T1571 - Defense Evasion: Non-Standard Port"": 134, ""T1583.005 - Resource Development: Acquire Botnet"": 133, ""T1584.005 - Resource Development: Build/Compromise Botnet"": 134, ""T1590 - Reconnaissance: Gather Victim Network Information"": 133, ""T1595 - Reconnaissance: Active Scanning"": 133, ""TA0011 - Command-and-Control"": 133}",20199200,1155
uniform_step_balanced,uniform_step_balanced,{},1919,1798,1753,0.0,0.22470484448919714,0.10282013170083151,0.21987138712593557,0.3602157968474639,199,200,1.0050251256281406,0.41573970964154905,0.0,"{""T1036 - Defense Evasion: Masquerading"": 200, ""T1498.001 - Impact: Direct Network Flood"": 200, ""T1498.002 - Impact: Reflection/Amplification Attack"": 200, ""T1571 - Defense Evasion: Non-Standard Port"": 200, ""T1583.005 - Resource Development: Acquire Botnet"": 200, ""T1584.005 - Resource Development: Build/Compromise Botnet"": 199, ""T1590 - Reconnaissance: Gather Victim Network Information"": 199, ""T1595 - Reconnaissance: Active Scanning"": 200, ""TA0011 - Command-and-Control"": 200}",20199798,1753
greedy_loo_fragility,greedy_loo_fragility,{},1919,45,0,2.6973343876948786e-06,0.22489273203703514,0.10488175368624718,0.21992062159820186,0.3605025327047978,5,5,1.0,0.0,0.0,"{""T1036 - Defense Evasion: Masquerading"": 5, ""T1498.001 - Impact: Direct Network Flood"": 5, ""T1498.002 - Impact: Reflection/Amplification Attack"": 5, ""T1571 - Defense Evasion: Non-Standard Port"": 5, ""T1583.005 - Resource Development: Acquire Botnet"": 5, ""T1584.005 - Resource Development: Build/Compromise Botnet"": 5, ""T1590 - Reconnaissance: Gather Victim Network Information"": 5, ""T1595 - Reconnaissance: Active Scanning"": 5, ""TA0011 - Command-and-Control"": 5}",20198045,0
greedy_loo_fragility,greedy_loo_fragility,{},1919,90,45,1.2259481450311243e-05,0.22409063175279945,0.10781512375012543,0.2199564029354486,0.353928538008075,5,50,10.0,14.142135623730951,80.0,"{""T1036 - Defense Evasion: Masquerading"": 5, ""T1498.001 - Impact: Direct Network Flood"": 5, ""T1498.002 - Impact: Reflection/Amplification Attack"": 5, ""T1571 - Defense Evasion: Non-Standard Port"": 50, ""T1583.005 - Resource Development: Acquire Botnet"": 5, ""T1584.005 - Resource Development: Build/Compromise Botnet"": 5, ""T1590 - Reconnaissance: Gather Victim Network Information"": 5, ""T1595 - Reconnaissance: Active Scanning"": 5, ""TA0011 - Command-and-Control"": 5}",20198090,45
greedy_loo_fragility,greedy_loo_fragility,{},1919,180,135,8.338974331686611e-06,0.22594029571237434,0.1071911904537432,0.2219389510193403,0.35632421950572496,5,95,19.0,30.0,210.0,"{""T1036 - Defense Evasion: Masquerading"": 50, ""T1498.001 - Impact: Direct Network Flood"": 5, ""T1498.002 - Impact: Reflection/Amplification Attack"": 5, ""T1571 - Defense Evasion: Non-Standard Port"": 95, ""T1583.005 - Resource Development: Acquire Botnet"": 5, ""T1584.005 - Resource Development: Build/Compromise Botnet"": 5, ""T1590 - Reconnaissance: Gather Victim Network Information"": 5, ""T1595 - Reconnaissance: Active Scanning"": 5, ""TA0011 - Command-and-Control"": 5}",20198180,135
greedy_loo_fragility,greedy_loo_fragility,{},1919,360,315,7.158068583318195e-06,0.22539723518145244,0.10357075242894669,0.2216366190029534,0.3583172647386291,5,140,28.0,41.23105625617661,280.0,"{""T1036 - Defense Evasion: Masquerading"": 50, ""T1498.001 - Impact: Direct Network Flood"": 50, ""T1498.002 - Impact: Reflection/Amplification Attack"": 5, ""T1571 - Defense Evasion: Non-Standard Port"": 140, ""T1583.005 - Resource Development: Acquire Botnet"": 5, ""T1584.005 - Resource Development: Build/Compromise Botnet"": 5, ""T1590 - Reconnaissance: Gather Victim Network Information"": 5, ""T1595 - Reconnaissance: Active Scanning"": 50, ""TA0011 - Command-and-Control"": 50}",20198360,315
greedy_loo_fragility,greedy_loo_fragility,{},1919,720,675,1.1121541984482217e-06,0.22407480683813533,0.10094839604458639,0.21945000235622136,0.3588217601452136,5,200,40.0,67.45368781616021,540.0,"{""T1036 - Defense Evasion: Masquerading"": 200, ""T1498.001 - Impact: Direct Network Flood"": 50, ""T1498.002 - Impact: Reflection/Amplification Attack"": 5, ""T1571 - Defense Evasion: Non-Standard Port"": 140, ""T1583.005 - Resource Development: Acquire Botnet"": 170, ""T1584.005 - Resource Development: Build/Compromise Botnet"": 5, ""T1590 - Reconnaissance: Gather Victim Network Information"": 50, ""T1595 - Reconnaissance: Active Scanning"": 50, ""TA0011 - Command-and-Control"": 50}",20198720,675
greedy_loo_fragility,greedy_loo_fragility,{},1919,1200,1155,2.510793706580167e-06,0.22592425541976818,0.10497300941315228,0.2211903344531302,0.3604327522698049,5,200,40.0,74.15599174113385,604.0,"{""T1036 - Defense Evasion: Masquerading"": 200, ""T1498.001 - Impact: Direct Network Flood"": 50, ""T1498.002 - Impact: Reflection/Amplification Attack"": 125, ""T1571 - Defense Evasion: Non-Standard Port"": 171, ""T1583.005 - Resource Development: Acquire Botnet"": 200, ""T1584.005 - Resource Development: Build/Compromise Botnet"": 5, ""T1590 - Reconnaissance: Gather Victim Network Information"": 199, ""T1595 - Reconnaissance: Active Scanning"": 200, ""TA0011 - Command-and-Control"": 50}",20199200,1155
greedy_loo_fragility,greedy_loo_fragility,{},1919,1798,1753,0.0,0.22470484448919714,0.10282013170083151,0.21987138712593557,0.3602157968474639,199,200,1.0050251256281406,0.41573970964154905,0.0,"{""T1036 - Defense Evasion: Masquerading"": 200, ""T1498.001 - Impact: Direct Network Flood"": 200, ""T1498.002 - Impact: Reflection/Amplification Attack"": 200, ""T1571 - Defense Evasion: Non-Standard Port"": 200, ""T1583.005 - Resource Development: Acquire Botnet"": 200, ""T1584.005 - Resource Development: Build/Compromise Botnet"": 199, ""T1590 - Reconnaissance: Gather Victim Network Information"": 199, ""T1595 - Reconnaissance: Active Scanning"": 200, ""TA0011 - Command-and-Control"": 200}",20199798,1753
epsilon_greedy_eps0.2,epsilon_greedy_loo_fragility,"{""epsilon"": 0.2}",1919,45,0,2.6973343876948786e-06,0.22489273203703514,0.10488175368624718,0.21992062159820186,0.3605025327047978,5,5,1.0,0.0,0.0,"{""T1036 - Defense Evasion: Masquerading"": 5, ""T1498.001 - Impact: Direct Network Flood"": 5, ""T1498.002 - Impact: Reflection/Amplification Attack"": 5, ""T1571 - Defense Evasion: Non-Standard Port"": 5, ""T1583.005 - Resource Development: Acquire Botnet"": 5, ""T1584.005 - Resource Development: Build/Compromise Botnet"": 5, ""T1590 - Reconnaissance: Gather Victim Network Information"": 5, ""T1595 - Reconnaissance: Active Scanning"": 5, ""TA0011 - Command-and-Control"": 5}",20198045,0
epsilon_greedy_eps0.2,epsilon_greedy_loo_fragility,"{""epsilon"": 0.2}",1919,90,45,2.957409814495993e-05,0.22225236742510493,0.10857428626684223,0.21843140960262408,0.34899081167167434,6,41,6.833333333333333,10.96458946893235,62.0,"{""T1036 - Defense Evasion: Masquerading"": 6, ""T1498.001 - Impact: Direct Network Flood"": 6, ""T1498.002 - Impact: Reflection/Amplification Attack"": 6, ""T1571 - Defense Evasion: Non-Standard Port"": 41, ""T1583.005 - Resource Development: Acquire Botnet"": 6, ""T1584.005 - Resource Development: Build/Compromise Botnet"": 7, ""T1590 - Reconnaissance: Gather Victim Network Information"": 6, ""T1595 - Reconnaissance: Active Scanning"": 6, ""TA0011 - Command-and-Control"": 6}",20198090,45
epsilon_greedy_eps0.2,epsilon_greedy_loo_fragility,"{""epsilon"": 0.2}",1919,180,135,1.774643408781468e-05,0.2214150137124248,0.10315919977513363,0.21726851503580846,0.35062505303211894,8,46,5.75,16.316317667360558,138.0,"{""T1036 - Defense Evasion: Masquerading"": 9, ""T1498.001 - Impact: Direct Network Flood"": 9, ""T1498.002 - Impact: Reflection/Amplification Attack"": 8, ""T1571 - Defense Evasion: Non-Standard Port"": 41, ""T1583.005 - Resource Development: Acquire Botnet"": 8, ""T1584.005 - Resource Development: Build/Compromise Botnet"": 9, ""T1590 - Reconnaissance: Gather Victim Network Information"": 8, ""T1595 - Reconnaissance: Active Scanning"": 42, ""TA0011 - Command-and-Control"": 46}",20198180,135
epsilon_greedy_eps0.2,epsilon_greedy_loo_fragility,"{""epsilon"": 0.2}",1919,360,315,1.3791354990128944e-05,0.22252692791893777,0.10557127590415848,0.21763923846048805,0.3520017243496218,16,86,5.375,20.933757957476775,140.0,"{""T1036 - Defense Evasion: Masquerading"": 16, ""T1498.001 - Impact: Direct Network Flood"": 17, ""T1498.002 - Impact: Reflection/Amplification Attack"": 17, ""T1571 - Defense Evasion: Non-Standard Port"": 41, ""T1583.005 - Resource Development: Acquire Botnet"": 86, ""T1584.005 - Resource Development: Build/Compromise Botnet"": 43, ""T1590 - Reconnaissance: Gather Victim Network Information"": 52, ""T1595 - Reconnaissance: Active Scanning"": 42, ""TA0011 - Command-and-Control"": 46}",20198360,315
epsilon_greedy_eps0.2,epsilon_greedy_loo_fragility,"{""epsilon"": 0.2}",1919,720,675,1.6549181941154285e-05,0.22262176002382966,0.10385555434954694,0.218993802288022,0.3512875944660405,54,165,3.0555555555555554,34.425442787437184,240.0,"{""T1036 - Defense Evasion: Masquerading"": 98, ""T1498.001 - Impact: Direct Network Flood"": 54, ""T1498.002 - Impact: Reflection/Amplification Attack"": 64, ""T1571 - Defense Evasion: Non-Standard Port"": 91, ""T1583.005 - Resource Development: Acquire Botnet"": 86, ""T1584.005 - Resource Development: Build/Compromise Botnet"": 54, ""T1590 - Reconnaissance: Gather Victim Network Information"": 165, ""T1595 - Reconnaissance: Active Scanning"": 54, ""TA0011 - Command-and-Control"": 54}",20198720,675
epsilon_greedy_eps0.2,epsilon_greedy_loo_fragility,"{""epsilon"": 0.2}",1919,1200,1155,1.1360652352287563e-06,0.22494515648377963,0.1056325569644069,0.22047536541086674,0.3602742833145528,81,200,2.4691358024691357,47.47630988187688,386.0,"{""T1036 - Defense Evasion: Masquerading"": 133, ""T1498.001 - Impact: Direct Network Flood"": 81, ""T1498.002 - Impact: Reflection/Amplification Attack"": 95, ""T1571 - Defense Evasion: Non-Standard Port"": 163, ""T1583.005 - Resource Development: Acquire Botnet"": 200, ""T1584.005 - Resource Development: Build/Compromise Botnet"": 82, ""T1590 - Reconnaissance: Gather Victim Network Information"": 199, ""T1595 - Reconnaissance: Active Scanning"": 166, ""TA0011 - Command-and-Control"": 81}",20199200,1155
epsilon_greedy_eps0.2,epsilon_greedy_loo_fragility,"{""epsilon"": 0.2}",1919,1798,1753,0.0,0.22470484448919714,0.10282013170083151,0.21987138712593557,0.3602157968474639,199,200,1.0050251256281406,0.41573970964154905,0.0,"{""T1036 - Defense Evasion: Masquerading"": 200, ""T1498.001 - Impact: Direct Network Flood"": 200, ""T1498.002 - Impact: Reflection/Amplification Attack"": 200, ""T1571 - Defense Evasion: Non-Standard Port"": 200, ""T1583.005 - Resource Development: Acquire Botnet"": 200, ""T1584.005 - Resource Development: Build/Compromise Botnet"": 199, ""T1590 - Reconnaissance: Gather Victim Network Information"": 199, ""T1595 - Reconnaissance: Active Scanning"": 200, ""TA0011 - Command-and-Control"": 200}",20199798,1753
exploration_bonus_c0.25,exploration_bonus_loo_fragility,"{""c"": 0.25}",1919,45,0,2.6973343876948786e-06,0.22489273203703514,0.10488175368624718,0.21992062159820186,0.3605025327047978,5,5,1.0,0.0,0.0,"{""T1036 - Defense Evasion: Masquerading"": 5, ""T1498.001 - Impact: Direct Network Flood"": 5, ""T1498.002 - Impact: Reflection/Amplification Attack"": 5, ""T1571 - Defense Evasion: Non-Standard Port"": 5, ""T1583.005 - Resource Development: Acquire Botnet"": 5, ""T1584.005 - Resource Development: Build/Compromise Botnet"": 5, ""T1590 - Reconnaissance: Gather Victim Network Information"": 5, ""T1595 - Reconnaissance: Active Scanning"": 5, ""TA0011 - Command-and-Control"": 5}",20198045,0
exploration_bonus_c0.25,exploration_bonus_loo_fragility,"{""c"": 0.25}",1919,90,45,1.2259481450311243e-05,0.22409063175279945,0.10781512375012543,0.2199564029354486,0.353928538008075,5,50,10.0,14.142135623730951,80.0,"{""T1036 - Defense Evasion: Masquerading"": 5, ""T1498.001 - Impact: Direct Network Flood"": 5, ""T1498.002 - Impact: Reflection/Amplification Attack"": 5, ""T1571 - Defense Evasion: Non-Standard Port"": 50, ""T1583.005 - Resource Development: Acquire Botnet"": 5, ""T1584.005 - Resource Development: Build/Compromise Botnet"": 5, ""T1590 - Reconnaissance: Gather Victim Network Information"": 5, ""T1595 - Reconnaissance: Active Scanning"": 5, ""TA0011 - Command-and-Control"": 5}",20198090,45
exploration_bonus_c0.25,exploration_bonus_loo_fragility,"{""c"": 0.25}",1919,180,135,8.338974331686611e-06,0.22594029571237434,0.1071911904537432,0.2219389510193403,0.35632421950572496,5,95,19.0,30.0,210.0,"{""T1036 - Defense Evasion: Masquerading"": 50, ""T1498.001 - Impact: Direct Network Flood"": 5, ""T1498.002 - Impact: Reflection/Amplification Attack"": 5, ""T1571 - Defense Evasion: Non-Standard Port"": 95, ""T1583.005 - Resource Development: Acquire Botnet"": 5, ""T1584.005 - Resource Development: Build/Compromise Botnet"": 5, ""T1590 - Reconnaissance: Gather Victim Network Information"": 5, ""T1595 - Reconnaissance: Active Scanning"": 5, ""TA0011 - Command-and-Control"": 5}",20198180,135
exploration_bonus_c0.25,exploration_bonus_loo_fragility,"{""c"": 0.25}",1919,360,315,6.206562446455768e-06,0.22533281496167257,0.10862572779139824,0.22106896721568764,0.3564023057390868,5,95,19.0,30.717349422688727,236.0,"{""T1036 - Defense Evasion: Masquerading"": 58, ""T1498.001 - Impact: Direct Network Flood"": 17, ""T1498.002 - Impact: Reflection/Amplification Attack"": 15, ""T1571 - Defense Evasion: Non-Standard Port"": 95, ""T1583.005 - Resource Development: Acquire Botnet"": 43, ""T1584.005 - Resource Development: Build/Compromise Botnet"": 5, ""T1590 - Reconnaissance: Gather Victim Network Information"": 5, ""T1595 - Reconnaissance: Active Scanning"": 79, ""TA0011 - Command-and-Control"": 43}",20198360,315
exploration_bonus_c0.25,exploration_bonus_loo_fragility,"{""c"": 0.25}",1919,720,675,1.7621300670343022e-06,0.22403344568481925,0.10090665123004475,0.21999632407331235,0.35672763483240705,5,200,40.0,68.8444300982698,508.0,"{""T1036 - Defense Evasion: Masquerading"": 200, ""T1498.001 - Impact: Direct Network Flood"": 21, ""T1498.002 - Impact: Reflection/Amplification Attack"": 35, ""T1571 - Defense Evasion: Non-Standard Port"": 95, ""T1583.005 - Resource Development: Acquire Botnet"": 43, ""T1584.005 - Resource Development: Build/Compromise Botnet"": 199, ""T1590 - Reconnaissance: Gather Victim Network Information"": 5, ""T1595 - Reconnaissance: Active Scanning"": 79, ""TA0011 - Command-and-Control"": 43}",20198720,675
exploration_bonus_c0.25,exploration_bonus_loo_fragility,"{""c"": 0.25}",1919,1200,1155,1.8850959698206591e-06,0.2248110380200288,0.10354396653955454,0.22021587113402732,0.35864673999325725,10,200,20.0,69.5301693112022,528.0,"{""T1036 - Defense Evasion: Masquerading"": 200, ""T1498.001 - Impact: Direct Network Flood"": 200, ""T1498.002 - Impact: Reflection/Amplification Attack"": 35, ""T1571 - Defense Evasion: Non-Standard Port"": 118, ""T1583.005 - Resource Development: Acquire Botnet"": 106, ""T1584.005 - Resource Development: Build/Compromise Botnet"": 199, ""T1590 - Reconnaissance: Gather Victim Network Information"": 10, ""T1595 - Reconnaissance: Active Scanning"": 200, ""TA0011 - Command-and-Control"": 132}",20199200,1155
exploration_bonus_c0.25,exploration_bonus_loo_fragility,"{""c"": 0.25}",1919,1798,1753,0.0,0.22470484448919714,0.10282013170083151,0.21987138712593557,0.3602157968474639,199,200,1.0050251256281406,0.41573970964154905,0.0,"{""T1036 - Defense Evasion: Masquerading"": 200, ""T1498.001 - Impact: Direct Network Flood"": 200, ""T1498.002 - Impact: Reflection/Amplification Attack"": 200, ""T1571 - Defense Evasion: Non-Standard Port"": 200, ""T1583.005 - Resource Development: Acquire Botnet"": 200, ""T1584.005 - Resource Development: Build/Compromise Botnet"": 199, ""T1590 - Reconnaissance: Gather Victim Network Information"": 199, ""T1595 - Reconnaissance: Active Scanning"": 200, ""TA0011 - Command-and-Control"": 200}",20199798,1753
exploration_bonus_c0.5,exploration_bonus_loo_fragility,"{""c"": 0.5}",1919,45,0,2.6973343876948786e-06,0.22489273203703514,0.10488175368624718,0.21992062159820186,0.3605025327047978,5,5,1.0,0.0,0.0,"{""T1036 - Defense Evasion: Masquerading"": 5, ""T1498.001 - Impact: Direct Network Flood"": 5, ""T1498.002 - Impact: Reflection/Amplification Attack"": 5, ""T1571 - Defense Evasion: Non-Standard Port"": 5, ""T1583.005 - Resource Development: Acquire Botnet"": 5, ""T1584.005 - Resource Development: Build/Compromise Botnet"": 5, ""T1590 - Reconnaissance: Gather Victim Network Information"": 5, ""T1595 - Reconnaissance: Active Scanning"": 5, ""TA0011 - Command-and-Control"": 5}",20198045,0
exploration_bonus_c0.5,exploration_bonus_loo_fragility,"{""c"": 0.5}",1919,90,45,1.2259481450311243e-05,0.22409063175279945,0.10781512375012543,0.2199564029354486,0.353928538008075,5,50,10.0,14.142135623730951,80.0,"{""T1036 - Defense Evasion: Masquerading"": 5, ""T1498.001 - Impact: Direct Network Flood"": 5, ""T1498.002 - Impact: Reflection/Amplification Attack"": 5, ""T1571 - Defense Evasion: Non-Standard Port"": 50, ""T1583.005 - Resource Development: Acquire Botnet"": 5, ""T1584.005 - Resource Development: Build/Compromise Botnet"": 5, ""T1590 - Reconnaissance: Gather Victim Network Information"": 5, ""T1595 - Reconnaissance: Active Scanning"": 5, ""TA0011 - Command-and-Control"": 5}",20198090,45
exploration_bonus_c0.5,exploration_bonus_loo_fragility,"{""c"": 0.5}",1919,180,135,5.21482885135703e-06,0.22523628217605088,0.1048582649467939,0.22113075712118482,0.35849620764473206,5,93,18.6,29.340908112887185,206.0,"{""T1036 - Defense Evasion: Masquerading"": 50, ""T1498.001 - Impact: Direct Network Flood"": 5, ""T1498.002 - Impact: Reflection/Amplification Attack"": 5, ""T1571 - Defense Evasion: Non-Standard Port"": 93, ""T1583.005 - Resource Development: Acquire Botnet"": 5, ""T1584.005 - Resource Development: Build/Compromise Botnet"": 5, ""T1590 - Reconnaissance: Gather Victim Network Information"": 5, ""T1595 - Reconnaissance: Active Scanning"": 5, ""TA0011 - Command-and-Control"": 7}",20198180,135
exploration_bonus_c0.5,exploration_bonus_loo_fragility,"{""c"": 0.5}",1919,360,315,8.661896293468678e-06,0.22454088395512262,0.10509433053893415,0.22038792884405484,0.3560918381401815,5,93,18.6,27.748873851023216,214.0,"{""T1036 - Defense Evasion: Masquerading"": 50, ""T1498.001 - Impact: Direct Network Flood"": 61, ""T1498.002 - Impact: Reflection/Amplification Attack"": 5, ""T1571 - Defense Evasion: Non-Standard Port"": 93, ""T1583.005 - Resource Development: Acquire Botnet"": 5, ""T1584.005 - Resource Development: Build/Compromise Botnet"": 12, ""T1590 - Reconnaissance: Gather Victim Network Information"": 51, ""T1595 - Reconnaissance: Active Scanning"": 52, ""TA0011 - Command-and-Control"": 31}",20198360,315
exploration_bonus_c0.5,exploration_bonus_loo_fragility,"{""c"": 0.5}",1919,720,675,3.356631017336438e-06,0.2238907057698655,0.10270746686559418,0.21975816494815792,0.3580672413629289,5,200,40.0,68.28860324632019,540.0,"{""T1036 - Defense Evasion: Masquerading"": 50, ""T1498.001 - Impact: Direct Network Flood"": 61, ""T1498.002 - Impact: Reflection/Amplification Attack"": 5, ""T1571 - Defense Evasion: Non-Standard Port"": 127, ""T1583.005 - Resource Development: Acquire Botnet"": 200, ""T1584.005 - Resource Development: Build/Compromise Botnet"": 12, ""T1590 - Reconnaissance: Gather Victim Network Information"": 51, ""T1595 - Reconnaissance: Active Scanning"": 183, ""TA0011 - Command-and-Control"": 31}",20198720,675
exploration_bonus_c0.5,exploration_bonus_loo_fragility,"{""c"": 0.5}",1919,1200,1155,2.4235094680987333e-06,0.22501378829424712,0.10451999643732796,0.22064120159237138,0.3562960182969247,6,200,33.333333333333336,80.77815986460146,662.0,"{""T1036 - Defense Evasion: Masquerading"": 200, ""T1498.001 - Impact: Direct Network Flood"": 200, ""T1498.002 - Impact: Reflection/Amplification Attack"": 6, ""T1571 - Defense Evasion: Non-Standard Port"": 127, ""T1583.005 - Resource Development: Acquire Botnet"": 200, ""T1584.005 - Resource Development: Build/Compromise Botnet"": 16, ""T1590 - Reconnaissance: Gather Victim Network Information"": 199, ""T1595 - Reconnaissance: Active Scanning"": 200, ""TA0011 - Command-and-Control"": 52}",20199200,1155
exploration_bonus_c0.5,exploration_bonus_loo_fragility,"{""c"": 0.5}",1919,1798,1753,0.0,0.22470484448919714,0.10282013170083151,0.21987138712593557,0.3602157968474639,199,200,1.0050251256281406,0.41573970964154905,0.0,"{""T1036 - Defense Evasion: Masquerading"": 200, ""T1498.001 - Impact: Direct Network Flood"": 200, ""T1498.002 - Impact: Reflection/Amplification Attack"": 200, ""T1571 - Defense Evasion: Non-Standard Port"": 200, ""T1583.005 - Resource Development: Acquire Botnet"": 200, ""T1584.005 - Resource Development: Build/Compromise Botnet"": 199, ""T1590 - Reconnaissance: Gather Victim Network Information"": 199, ""T1595 - Reconnaissance: Active Scanning"": 200, ""TA0011 - Command-and-Control"": 200}",20199798,1753
exploration_bonus_c1.0,exploration_bonus_loo_fragility,"{""c"": 1.0}",1919,45,0,2.6973343876948786e-06,0.22489273203703514,0.10488175368624718,0.21992062159820186,0.3605025327047978,5,5,1.0,0.0,0.0,"{""T1036 - Defense Evasion: Masquerading"": 5, ""T1498.001 - Impact: Direct Network Flood"": 5, ""T1498.002 - Impact: Reflection/Amplification Attack"": 5, ""T1571 - Defense Evasion: Non-Standard Port"": 5, ""T1583.005 - Resource Development: Acquire Botnet"": 5, ""T1584.005 - Resource Development: Build/Compromise Botnet"": 5, ""T1590 - Reconnaissance: Gather Victim Network Information"": 5, ""T1595 - Reconnaissance: Active Scanning"": 5, ""TA0011 - Command-and-Control"": 5}",20198045,0
exploration_bonus_c1.0,exploration_bonus_loo_fragility,"{""c"": 1.0}",1919,90,45,1.2259481450311243e-05,0.22409063175279945,0.10781512375012543,0.2199564029354486,0.353928538008075,5,50,10.0,14.142135623730951,80.0,"{""T1036 - Defense Evasion: Masquerading"": 5, ""T1498.001 - Impact: Direct Network Flood"": 5, ""T1498.002 - Impact: Reflection/Amplification Attack"": 5, ""T1571 - Defense Evasion: Non-Standard Port"": 50, ""T1583.005 - Resource Development: Acquire Botnet"": 5, ""T1584.005 - Resource Development: Build/Compromise Botnet"": 5, ""T1590 - Reconnaissance: Gather Victim Network Information"": 5, ""T1595 - Reconnaissance: Active Scanning"": 5, ""TA0011 - Command-and-Control"": 5}",20198090,45
exploration_bonus_c1.0,exploration_bonus_loo_fragility,"{""c"": 1.0}",1919,180,135,6.771810453259296e-06,0.22509351006466669,0.10700550651558861,0.22100628244629034,0.3550215171958751,5,78,15.6,24.653149449467463,176.0,"{""T1036 - Defense Evasion: Masquerading"": 50, ""T1498.001 - Impact: Direct Network Flood"": 5, ""T1498.002 - Impact: Reflection/Amplification Attack"": 5, ""T1571 - Defense Evasion: Non-Standard Port"": 78, ""T1583.005 - Resource Development: Acquire Botnet"": 7, ""T1584.005 - Resource Development: Build/Compromise Botnet"": 9, ""T1590 - Reconnaissance: Gather Victim Network Information"": 5, ""T1595 - Reconnaissance: Active Scanning"": 5, ""TA0011 - Command-and-Control"": 16}",20198180,135
exploration_bonus_c1.0,exploration_bonus_loo_fragility,"{""c"": 1.0}",1919,360,315,5.683223723525238e-06,0.22446440144253016,0.10340542128950252,0.22062002032064898,0.35551296314138275,5,92,18.4,23.418890760333728,158.0,"{""T1036 - Defense Evasion: Masquerading"": 50, ""T1498.001 - Impact: Direct Network Flood"": 49, ""T1498.002 - Impact: Reflection/Amplification Attack"": 5, ""T1571 - Defense Evasion: Non-Standard Port"": 92, ""T1583.005 - Resource Development: Acquire Botnet"": 47, ""T1584.005 - Resource Development: Build/Compromise Botnet"": 41, ""T1590 - Reconnaissance: Gather Victim Network Information"": 34, ""T1595 - Reconnaissance: Active Scanning"": 18, ""TA0011 - Command-and-Control"": 24}",20198360,315
exploration_bonus_c1.0,exploration_bonus_loo_fragility,"{""c"": 1.0}",1919,720,675,5.0108773665429236e-06,0.22291537362254918,0.10167189929352632,0.21873991571555346,0.3556538466632003,24,185,7.708333333333333,55.54977747730209,450.0,"{""T1036 - Defense Evasion: Masquerading"": 50, ""T1498.001 - Impact: Direct Network Flood"": 143, ""T1498.002 - Impact: Reflection/Amplification Attack"": 52, ""T1571 - Defense Evasion: Non-Standard Port"": 137, ""T1583.005 - Resource Development: Acquire Botnet"": 185, ""T1584.005 - Resource Development: Build/Compromise Botnet"": 63, ""T1590 - Reconnaissance: Gather Victim Network Information"": 34, ""T1595 - Reconnaissance: Active Scanning"": 24, ""TA0011 - Command-and-Control"": 32}",20198720,675
exploration_bonus_c1.0,exploration_bonus_loo_fragility,"{""c"": 1.0}",1919,1200,1155,5.399176389433451e-06,0.2249260164534573,0.10405705464787757,0.22085425118768015,0.35500634541686155,48,200,4.166666666666667,59.50910294512373,460.0,"{""T1036 - Defense Evasion: Masquerading"": 50, ""T1498.001 - Impact: Direct Network Flood"": 156, ""T1498.002 - Impact: Reflection/Amplification Attack"": 200, ""T1571 - Defense Evasion: Non-Standard Port"": 137, ""T1583.005 - Resource Development: Acquire Botnet"": 200, ""T1584.005 - Resource Development: Build/Compromise Botnet"": 139, ""T1590 - Reconnaissance: Gather Victim Network Information"": 199, ""T1595 - Reconnaissance: Active Scanning"": 48, ""TA0011 - Command-and-Control"": 71}",20199200,1155
exploration_bonus_c1.0,exploration_bonus_loo_fragility,"{""c"": 1.0}",1919,1798,1753,0.0,0.22470484448919714,0.10282013170083151,0.21987138712593557,0.3602157968474639,199,200,1.0050251256281406,0.41573970964154905,0.0,"{""T1036 - Defense Evasion: Masquerading"": 200, ""T1498.001 - Impact: Direct Network Flood"": 200, ""T1498.002 - Impact: Reflection/Amplification Attack"": 200, ""T1571 - Defense Evasion: Non-Standard Port"": 200, ""T1583.005 - Resource Development: Acquire Botnet"": 200, ""T1584.005 - Resource Development: Build/Compromise Botnet"": 199, ""T1590 - Reconnaissance: Gather Victim Network Information"": 199, ""T1595 - Reconnaissance: Active Scanning"": 200, ""TA0011 - Command-and-Control"": 200}",20199798,1753
uniform_step_balanced,uniform_step_balanced,{},2020,45,0,1.449605836618847e-05,0.22590160446598803,0.1046037291028952,0.22290519402565534,0.35591192083217926,5,5,1.0,0.0,0.0,"{""T1036 - Defense Evasion: Masquerading"": 5, ""T1498.001 - Impact: Direct Network Flood"": 5, ""T1498.002 - Impact: Reflection/Amplification Attack"": 5, ""T1571 - Defense Evasion: Non-Standard Port"": 5, ""T1583.005 - Resource Development: Acquire Botnet"": 5, ""T1584.005 - Resource Development: Build/Compromise Botnet"": 5, ""T1590 - Reconnaissance: Gather Victim Network Information"": 5, ""T1595 - Reconnaissance: Active Scanning"": 5, ""TA0011 - Command-and-Control"": 5}",21208045,0
uniform_step_balanced,uniform_step_balanced,{},2020,90,45,1.2697206273603632e-05,0.22189052622807526,0.09767209020204469,0.21701906950676503,0.3604791352087208,10,10,1.0,0.0,0.0,"{""T1036 - Defense Evasion: Masquerading"": 10, ""T1498.001 - Impact: Direct Network Flood"": 10, ""T1498.002 - Impact: Reflection/Amplification Attack"": 10, ""T1571 - Defense Evasion: Non-Standard Port"": 10, ""T1583.005 - Resource Development: Acquire Botnet"": 10, ""T1584.005 - Resource Development: Build/Compromise Botnet"": 10, ""T1590 - Reconnaissance: Gather Victim Network Information"": 10, ""T1595 - Reconnaissance: Active Scanning"": 10, ""TA0011 - Command-and-Control"": 10}",21208090,45
uniform_step_balanced,uniform_step_balanced,{},2020,180,135,4.959311288367636e-06,0.22360989348777793,0.10459048690353713,0.21831831710434396,0.36037195058943167,20,20,1.0,0.0,0.0,"{""T1036 - Defense Evasion: Masquerading"": 20, ""T1498.001 - Impact: Direct Network Flood"": 20, ""T1498.002 - Impact: Reflection/Amplification Attack"": 20, ""T1571 - Defense Evasion: Non-Standard Port"": 20, ""T1583.005 - Resource Development: Acquire Botnet"": 20, ""T1584.005 - Resource Development: Build/Compromise Botnet"": 20, ""T1590 - Reconnaissance: Gather Victim Network Information"": 20, ""T1595 - Reconnaissance: Active Scanning"": 20, ""TA0011 - Command-and-Control"": 20}",21208180,135
uniform_step_balanced,uniform_step_balanced,{},2020,360,315,4.4637719589963e-06,0.22458787189113755,0.10592589994315636,0.21969518120570486,0.35879348829680235,40,40,1.0,0.0,0.0,"{""T1036 - Defense Evasion: Masquerading"": 40, ""T1498.001 - Impact: Direct Network Flood"": 40, ""T1498.002 - Impact: Reflection/Amplification Attack"": 40, ""T1571 - Defense Evasion: Non-Standard Port"": 40, ""T1583.005 - Resource Development: Acquire Botnet"": 40, ""T1584.005 - Resource Development: Build/Compromise Botnet"": 40, ""T1590 - Reconnaissance: Gather Victim Network Information"": 40, ""T1595 - Reconnaissance: Active Scanning"": 40, ""TA0011 - Command-and-Control"": 40}",21208360,315
uniform_step_balanced,uniform_step_balanced,{},2020,720,675,2.729198845133675e-06,0.2258443447982042,0.1046214215200741,0.22108397018169956,0.36275461833226874,80,80,1.0,0.0,0.0,"{""T1036 - Defense Evasion: Masquerading"": 80, ""T1498.001 - Impact: Direct Network Flood"": 80, ""T1498.002 - Impact: Reflection/Amplification Attack"": 80, ""T1571 - Defense Evasion: Non-Standard Port"": 80, ""T1583.005 - Resource Development: Acquire Botnet"": 80, ""T1584.005 - Resource Development: Build/Compromise Botnet"": 80, ""T1590 - Reconnaissance: Gather Victim Network Information"": 80, ""T1595 - Reconnaissance: Active Scanning"": 80, ""TA0011 - Command-and-Control"": 80}",21208720,675
uniform_step_balanced,uniform_step_balanced,{},2020,1200,1155,1.6907242414772411e-06,0.2256944104151752,0.10467290898667045,0.22077389088360339,0.36172949029669227,133,134,1.0075187969924813,0.4714045207910317,0.0,"{""T1036 - Defense Evasion: Masquerading"": 134, ""T1498.001 - Impact: Direct Network Flood"": 133, ""T1498.002 - Impact: Reflection/Amplification Attack"": 133, ""T1571 - Defense Evasion: Non-Standard Port"": 134, ""T1583.005 - Resource Development: Acquire Botnet"": 133, ""T1584.005 - Resource Development: Build/Compromise Botnet"": 133, ""T1590 - Reconnaissance: Gather Victim Network Information"": 133, ""T1595 - Reconnaissance: Active Scanning"": 134, ""TA0011 - Command-and-Control"": 133}",21209200,1155
uniform_step_balanced,uniform_step_balanced,{},2020,1798,1753,0.0,0.22470484448919714,0.10282013170083151,0.21987138712593557,0.3602157968474639,199,200,1.0050251256281406,0.41573970964154905,0.0,"{""T1036 - Defense Evasion: Masquerading"": 200, ""T1498.001 - Impact: Direct Network Flood"": 200, ""T1498.002 - Impact: Reflection/Amplification Attack"": 200, ""T1571 - Defense Evasion: Non-Standard Port"": 200, ""T1583.005 - Resource Development: Acquire Botnet"": 200, ""T1584.005 - Resource Development: Build/Compromise Botnet"": 199, ""T1590 - Reconnaissance: Gather Victim Network Information"": 199, ""T1595 - Reconnaissance: Active Scanning"": 200, ""TA0011 - Command-and-Control"": 200}",21209798,1753
greedy_loo_fragility,greedy_loo_fragility,{},2020,45,0,1.449605836618847e-05,0.22590160446598803,0.1046037291028952,0.22290519402565534,0.35591192083217926,5,5,1.0,0.0,0.0,"{""T1036 - Defense Evasion: Masquerading"": 5, ""T1498.001 - Impact: Direct Network Flood"": 5, ""T1498.002 - Impact: Reflection/Amplification Attack"": 5, ""T1571 - Defense Evasion: Non-Standard Port"": 5, ""T1583.005 - Resource Development: Acquire Botnet"": 5, ""T1584.005 - Resource Development: Build/Compromise Botnet"": 5, ""T1590 - Reconnaissance: Gather Victim Network Information"": 5, ""T1595 - Reconnaissance: Active Scanning"": 5, ""TA0011 - Command-and-Control"": 5}",21208045,0
greedy_loo_fragility,greedy_loo_fragility,{},2020,90,45,4.072733651572863e-06,0.225983936096864,0.10504686081475832,0.22081718916797732,0.36242428618963873,5,50,10.0,14.142135623730951,80.0,"{""T1036 - Defense Evasion: Masquerading"": 5, ""T1498.001 - Impact: Direct Network Flood"": 5, ""T1498.002 - Impact: Reflection/Amplification Attack"": 5, ""T1571 - Defense Evasion: Non-Standard Port"": 50, ""T1583.005 - Resource Development: Acquire Botnet"": 5, ""T1584.005 - Resource Development: Build/Compromise Botnet"": 5, ""T1590 - Reconnaissance: Gather Victim Network Information"": 5, ""T1595 - Reconnaissance: Active Scanning"": 5, ""TA0011 - Command-and-Control"": 5}",21208090,45
greedy_loo_fragility,greedy_loo_fragility,{},2020,180,135,3.6781813548648415e-06,0.22591525704884158,0.10824415520477366,0.22060515172650863,0.3630448299358635,5,50,10.0,21.213203435596427,180.0,"{""T1036 - Defense Evasion: Masquerading"": 5, ""T1498.001 - Impact: Direct Network Flood"": 5, ""T1498.002 - Impact: Reflection/Amplification Attack"": 5, ""T1571 - Defense Evasion: Non-Standard Port"": 50, ""T1583.005 - Resource Development: Acquire Botnet"": 5, ""T1584.005 - Resource Development: Build/Compromise Botnet"": 5, ""T1590 - Reconnaissance: Gather Victim Network Information"": 50, ""T1595 - Reconnaissance: Active Scanning"": 5, ""TA0011 - Command-and-Control"": 50}",21208180,135
greedy_loo_fragility,greedy_loo_fragility,{},2020,360,315,6.958451478352111e-06,0.22593297870640044,0.10586100079408223,0.22044812852259776,0.3605993656575841,5,185,37.0,55.226805085936306,350.0,"{""T1036 - Defense Evasion: Masquerading"": 5, ""T1498.001 - Impact: Direct Network Flood"": 5, ""T1498.002 - Impact: Reflection/Amplification Attack"": 5, ""T1571 - Defense Evasion: Non-Standard Port"": 50, ""T1583.005 - Resource Development: Acquire Botnet"": 5, ""T1584.005 - Resource Development: Build/Compromise Botnet"": 5, ""T1590 - Reconnaissance: Gather Victim Network Information"": 50, ""T1595 - Reconnaissance: Active Scanning"": 185, ""TA0011 - Command-and-Control"": 50}",21208360,315
greedy_loo_fragility,greedy_loo_fragility,{},2020,720,675,1.0711433654907561e-05,0.22756646135522204,0.10530897137217632,0.22341964838832684,0.36564795982088827,5,200,40.0,70.71067811865476,570.0,"{""T1036 - Defense Evasion: Masquerading"": 95, ""T1498.001 - Impact: Direct Network Flood"": 5, ""T1498.002 - Impact: Reflection/Amplification Attack"": 5, ""T1571 - Defense Evasion: Non-Standard Port"": 170, ""T1583.005 - Resource Development: Acquire Botnet"": 140, ""T1584.005 - Resource Development: Build/Compromise Botnet"": 5, ""T1590 - Reconnaissance: Gather Victim Network Information"": 50, ""T1595 - Reconnaissance: Active Scanning"": 200, ""TA0011 - Command-and-Control"": 50}",21208720,675
greedy_loo_fragility,greedy_loo_fragility,{},2020,1200,1155,2.454845124252892e-06,0.22494172496046616,0.10311852777266989,0.22050190054796115,0.3586814064094839,5,200,40.0,79.4075283304773,664.0,"{""T1036 - Defense Evasion: Masquerading"": 200, ""T1498.001 - Impact: Direct Network Flood"": 200, ""T1498.002 - Impact: Reflection/Amplification Attack"": 20, ""T1571 - Defense Evasion: Non-Standard Port"": 200, ""T1583.005 - Resource Development: Acquire Botnet"": 200, ""T1584.005 - Resource Development: Build/Compromise Botnet"": 5, ""T1590 - Reconnaissance: Gather Victim Network Information"": 65, ""T1595 - Reconnaissance: Active Scanning"": 200, ""TA0011 - Command-and-Control"": 110}",21209200,1155
greedy_loo_fragility,greedy_loo_fragility,{},2020,1798,1753,0.0,0.22470484448919714,0.10282013170083151,0.21987138712593557,0.3602157968474639,199,200,1.0050251256281406,0.41573970964154905,0.0,"{""T1036 - Defense Evasion: Masquerading"": 200, ""T1498.001 - Impact: Direct Network Flood"": 200, ""T1498.002 - Impact: Reflection/Amplification Attack"": 200, ""T1571 - Defense Evasion: Non-Standard Port"": 200, ""T1583.005 - Resource Development: Acquire Botnet"": 200, ""T1584.005 - Resource Development: Build/Compromise Botnet"": 199, ""T1590 - Reconnaissance: Gather Victim Network Information"": 199, ""T1595 - Reconnaissance: Active Scanning"": 200, ""TA0011 - Command-and-Control"": 200}",21209798,1753
epsilon_greedy_eps0.2,epsilon_greedy_loo_fragility,"{""epsilon"": 0.2}",2020,45,0,1.449605836618847e-05,0.22590160446598803,0.1046037291028952,0.22290519402565534,0.35591192083217926,5,5,1.0,0.0,0.0,"{""T1036 - Defense Evasion: Masquerading"": 5, ""T1498.001 - Impact: Direct Network Flood"": 5, ""T1498.002 - Impact: Reflection/Amplification Attack"": 5, ""T1571 - Defense Evasion: Non-Standard Port"": 5, ""T1583.005 - Resource Development: Acquire Botnet"": 5, ""T1584.005 - Resource Development: Build/Compromise Botnet"": 5, ""T1590 - Reconnaissance: Gather Victim Network Information"": 5, ""T1595 - Reconnaissance: Active Scanning"": 5, ""TA0011 - Command-and-Control"": 5}",21208045,0
epsilon_greedy_eps0.2,epsilon_greedy_loo_fragility,"{""epsilon"": 0.2}",2020,90,45,9.141817308803704e-06,0.22377215468777176,0.1079095356850102,0.21907211704038648,0.3547626526105273,6,42,7.0,11.313708498984761,64.0,"{""T1036 - Defense Evasion: Masquerading"": 6, ""T1498.001 - Impact: Direct Network Flood"": 6, ""T1498.002 - Impact: Reflection/Amplification Attack"": 6, ""T1571 - Defense Evasion: Non-Standard Port"": 42, ""T1583.005 - Resource Development: Acquire Botnet"": 6, ""T1584.005 - Resource Development: Build/Compromise Botnet"": 6, ""T1590 - Reconnaissance: Gather Victim Network Information"": 6, ""T1595 - Reconnaissance: Active Scanning"": 6, ""TA0011 - Command-and-Control"": 6}",21208090,45
epsilon_greedy_eps0.2,epsilon_greedy_loo_fragility,"{""epsilon"": 0.2}",2020,180,135,1.0698715292783991e-05,0.22459056129647134,0.10985023486840698,0.21913788056835787,0.3550490136265127,7,47,6.714285714285714,17.486502731472,148.0,"{""T1036 - Defense Evasion: Masquerading"": 8, ""T1498.001 - Impact: Direct Network Flood"": 8, ""T1498.002 - Impact: Reflection/Amplification Attack"": 8, ""T1571 - Defense Evasion: Non-Standard Port"": 42, ""T1583.005 - Resource Development: Acquire Botnet"": 45, ""T1584.005 - Resource Development: Build/Compromise Botnet"": 7, ""T1590 - Reconnaissance: Gather Victim Network Information"": 8, ""T1595 - Reconnaissance: Active Scanning"": 7, ""TA0011 - Command-and-Control"": 47}",21208180,135
epsilon_greedy_eps0.2,epsilon_greedy_loo_fragility,"{""epsilon"": 0.2}",2020,360,315,8.411277550066237e-06,0.22277801430455269,0.10564531648544846,0.2174833327295462,0.3563201408074944,13,190,14.615384615384615,54.53643022991349,318.0,"{""T1036 - Defense Evasion: Masquerading"": 14, ""T1498.001 - Impact: Direct Network Flood"": 14, ""T1498.002 - Impact: Reflection/Amplification Attack"": 13, ""T1571 - Defense Evasion: Non-Standard Port"": 42, ""T1583.005 - Resource Development: Acquire Botnet"": 190, ""T1584.005 - Resource Development: Build/Compromise Botnet"": 14, ""T1590 - Reconnaissance: Gather Victim Network Information"": 13, ""T1595 - Reconnaissance: Active Scanning"": 13, ""TA0011 - Command-and-Control"": 47}",21208360,315
epsilon_greedy_eps0.2,epsilon_greedy_loo_fragility,"{""epsilon"": 0.2}",2020,720,675,5.711352102620813e-06,0.22677963213035252,0.10509913625950118,0.22190500795500334,0.36218254795128607,29,190,6.551724137931035,55.09184250967752,418.0,"{""T1036 - Defense Evasion: Masquerading"": 85, ""T1498.001 - Impact: Direct Network Flood"": 100, ""T1498.002 - Impact: Reflection/Amplification Attack"": 30, ""T1571 - Defense Evasion: Non-Standard Port"": 154, ""T1583.005 - Resource Development: Acquire Botnet"": 190, ""T1584.005 - Resource Development: Build/Compromise Botnet"": 30, ""T1590 - Reconnaissance: Gather Victim Network Information"": 29, ""T1595 - Reconnaissance: Active Scanning"": 55, ""TA0011 - Command-and-Control"": 47}",21208720,675
epsilon_greedy_eps0.2,epsilon_greedy_loo_fragility,"{""epsilon"": 0.2}",2020,1200,1155,3.852674238038127e-06,0.2256120518005824,0.10593052359203703,0.22098555865949288,0.359018512604812,65,200,3.076923076923077,52.42984730941803,438.0,"{""T1036 - Defense Evasion: Masquerading"": 85, ""T1498.001 - Impact: Direct Network Flood"": 200, ""T1498.002 - Impact: Reflection/Amplification Attack"": 86, ""T1571 - Defense Evasion: Non-Standard Port"": 154, ""T1583.005 - Resource Development: Acquire Botnet"": 200, ""T1584.005 - Resource Development: Build/Compromise Botnet"": 97, ""T1590 - Reconnaissance: Gather Victim Network Information"": 113, ""T1595 - Reconnaissance: Active Scanning"": 200, ""TA0011 - Command-and-Control"": 65}",21209200,1155
epsilon_greedy_eps0.2,epsilon_greedy_loo_fragility,"{""epsilon"": 0.2}",2020,1798,1753,0.0,0.22470484448919714,0.10282013170083151,0.21987138712593557,0.3602157968474639,199,200,1.0050251256281406,0.41573970964154905,0.0,"{""T1036 - Defense Evasion: Masquerading"": 200, ""T1498.001 - Impact: Direct Network Flood"": 200, ""T1498.002 - Impact: Reflection/Amplification Attack"": 200, ""T1571 - Defense Evasion: Non-Standard Port"": 200, ""T1583.005 - Resource Development: Acquire Botnet"": 200, ""T1584.005 - Resource Development: Build/Compromise Botnet"": 199, ""T1590 - Reconnaissance: Gather Victim Network Information"": 199, ""T1595 - Reconnaissance: Active Scanning"": 200, ""TA0011 - Command-and-Control"": 200}",21209798,1753
exploration_bonus_c0.25,exploration_bonus_loo_fragility,"{""c"": 0.25}",2020,45,0,1.449605836618847e-05,0.22590160446598803,0.1046037291028952,0.22290519402565534,0.35591192083217926,5,5,1.0,0.0,0.0,"{""T1036 - Defense Evasion: Masquerading"": 5, ""T1498.001 - Impact: Direct Network Flood"": 5, ""T1498.002 - Impact: Reflection/Amplification Attack"": 5, ""T1571 - Defense Evasion: Non-Standard Port"": 5, ""T1583.005 - Resource Development: Acquire Botnet"": 5, ""T1584.005 - Resource Development: Build/Compromise Botnet"": 5, ""T1590 - Reconnaissance: Gather Victim Network Information"": 5, ""T1595 - Reconnaissance: Active Scanning"": 5, ""TA0011 - Command-and-Control"": 5}",21208045,0
exploration_bonus_c0.25,exploration_bonus_loo_fragility,"{""c"": 0.25}",2020,90,45,4.072733651572863e-06,0.225983936096864,0.10504686081475832,0.22081718916797732,0.36242428618963873,5,50,10.0,14.142135623730951,80.0,"{""T1036 - Defense Evasion: Masquerading"": 5, ""T1498.001 - Impact: Direct Network Flood"": 5, ""T1498.002 - Impact: Reflection/Amplification Attack"": 5, ""T1571 - Defense Evasion: Non-Standard Port"": 50, ""T1583.005 - Resource Development: Acquire Botnet"": 5, ""T1584.005 - Resource Development: Build/Compromise Botnet"": 5, ""T1590 - Reconnaissance: Gather Victim Network Information"": 5, ""T1595 - Reconnaissance: Active Scanning"": 5, ""TA0011 - Command-and-Control"": 5}",21208090,45
exploration_bonus_c0.25,exploration_bonus_loo_fragility,"{""c"": 0.25}",2020,180,135,3.8181313700532055e-06,0.22580785327708985,0.10758720950940898,0.22053798532113214,0.3631455409717915,5,50,10.0,18.445113776342563,150.0,"{""T1036 - Defense Evasion: Masquerading"": 5, ""T1498.001 - Impact: Direct Network Flood"": 5, ""T1498.002 - Impact: Reflection/Amplification Attack"": 5, ""T1571 - Defense Evasion: Non-Standard Port"": 50, ""T1583.005 - Resource Development: Acquire Botnet"": 5, ""T1584.005 - Resource Development: Build/Compromise Botnet"": 5, ""T1590 - Reconnaissance: Gather Victim Network Information"": 31, ""T1595 - Reconnaissance: Active Scanning"": 24, ""TA0011 - Command-and-Control"": 50}",21208180,135
exploration_bonus_c0.25,exploration_bonus_loo_fragility,"{""c"": 0.25}",2020,360,315,4.036121588318864e-06,0.2262053055024253,0.10455656250857273,0.2208306599820494,0.363893869342225,5,151,30.2,44.50468140169826,298.0,"{""T1036 - Defense Evasion: Masquerading"": 50, ""T1498.001 - Impact: Direct Network Flood"": 5, ""T1498.002 - Impact: Reflection/Amplification Attack"": 5, ""T1571 - Defense Evasion: Non-Standard Port"": 58, ""T1583.005 - Resource Development: Acquire Botnet"": 5, ""T1584.005 - Resource Development: Build/Compromise Botnet"": 5, ""T1590 - Reconnaissance: Gather Victim Network Information"": 31, ""T1595 - Reconnaissance: Active Scanning"": 151, ""TA0011 - Command-and-Control"": 50}",21208360,315
exploration_bonus_c0.25,exploration_bonus_loo_fragility,"{""c"": 0.25}",2020,720,675,5.704540161099175e-06,0.22563529006243252,0.10441362015317135,0.22019914109618932,0.36397739812235896,41,151,3.682926829268293,40.576402556713234,334.0,"{""T1036 - Defense Evasion: Masquerading"": 116, ""T1498.001 - Impact: Direct Network Flood"": 140, ""T1498.002 - Impact: Reflection/Amplification Attack"": 50, ""T1571 - Defense Evasion: Non-Standard Port"": 58, ""T1583.005 - Resource Development: Acquire Botnet"": 60, ""T1584.005 - Resource Development: Build/Compromise Botnet"": 54, ""T1590 - Reconnaissance: Gather Victim Network Information"": 41, ""T1595 - Reconnaissance: Active Scanning"": 151, ""TA0011 - Command-and-Control"": 50}",21208720,675
exploration_bonus_c0.25,exploration_bonus_loo_fragility,"{""c"": 0.25}",2020,1200,1155,2.5798622334550017e-06,0.22455376716764716,0.10104311998462312,0.2201482066466371,0.36248497376213273,41,200,4.878048780487805,61.6945882733828,520.0,"{""T1036 - Defense Evasion: Masquerading"": 116, ""T1498.001 - Impact: Direct Network Flood"": 200, ""T1498.002 - Impact: Reflection/Amplification Attack"": 95, ""T1571 - Defense Evasion: Non-Standard Port"": 63, ""T1583.005 - Resource Development: Acquire Botnet"": 195, ""T1584.005 - Resource Development: Build/Compromise Botnet"": 90, ""T1590 - Reconnaissance: Gather Victim Network Information"": 41, ""T1595 - Reconnaissance: Active Scanning"": 200, ""TA0011 - Command-and-Control"": 200}",21209200,1155
exploration_bonus_c0.25,exploration_bonus_loo_fragility,"{""c"": 0.25}",2020,1798,1753,0.0,0.22470484448919714,0.10282013170083151,0.21987138712593557,0.3602157968474639,199,200,1.0050251256281406,0.41573970964154905,0.0,"{""T1036 - Defense Evasion: Masquerading"": 200, ""T1498.001 - Impact: Direct Network Flood"": 200, ""T1498.002 - Impact: Reflection/Amplification Attack"": 200, ""T1571 - Defense Evasion: Non-Standard Port"": 200, ""T1583.005 - Resource Development: Acquire Botnet"": 200, ""T1584.005 - Resource Development: Build/Compromise Botnet"": 199, ""T1590 - Reconnaissance: Gather Victim Network Information"": 199, ""T1595 - Reconnaissance: Active Scanning"": 200, ""TA0011 - Command-and-Control"": 200}",21209798,1753
exploration_bonus_c0.5,exploration_bonus_loo_fragility,"{""c"": 0.5}",2020,45,0,1.449605836618847e-05,0.22590160446598803,0.1046037291028952,0.22290519402565534,0.35591192083217926,5,5,1.0,0.0,0.0,"{""T1036 - Defense Evasion: Masquerading"": 5, ""T1498.001 - Impact: Direct Network Flood"": 5, ""T1498.002 - Impact: Reflection/Amplification Attack"": 5, ""T1571 - Defense Evasion: Non-Standard Port"": 5, ""T1583.005 - Resource Development: Acquire Botnet"": 5, ""T1584.005 - Resource Development: Build/Compromise Botnet"": 5, ""T1590 - Reconnaissance: Gather Victim Network Information"": 5, ""T1595 - Reconnaissance: Active Scanning"": 5, ""TA0011 - Command-and-Control"": 5}",21208045,0
exploration_bonus_c0.5,exploration_bonus_loo_fragility,"{""c"": 0.5}",2020,90,45,4.072733651572863e-06,0.225983936096864,0.10504686081475832,0.22081718916797732,0.36242428618963873,5,50,10.0,14.142135623730951,80.0,"{""T1036 - Defense Evasion: Masquerading"": 5, ""T1498.001 - Impact: Direct Network Flood"": 5, ""T1498.002 - Impact: Reflection/Amplification Attack"": 5, ""T1571 - Defense Evasion: Non-Standard Port"": 50, ""T1583.005 - Resource Development: Acquire Botnet"": 5, ""T1584.005 - Resource Development: Build/Compromise Botnet"": 5, ""T1590 - Reconnaissance: Gather Victim Network Information"": 5, ""T1595 - Reconnaissance: Active Scanning"": 5, ""TA0011 - Command-and-Control"": 5}",21208090,45
exploration_bonus_c0.5,exploration_bonus_loo_fragility,"{""c"": 0.5}",2020,180,135,3.7996003257223597e-06,0.22585449925373605,0.10814105011614124,0.2205265096292431,0.36293122180877685,5,50,10.0,18.384776310850235,150.0,"{""T1036 - Defense Evasion: Masquerading"": 5, ""T1498.001 - Impact: Direct Network Flood"": 5, ""T1498.002 - Impact: Reflection/Amplification Attack"": 5, ""T1571 - Defense Evasion: Non-Standard Port"": 50, ""T1583.005 - Resource Development: Acquire Botnet"": 5, ""T1584.005 - Resource Development: Build/Compromise Botnet"": 5, ""T1590 - Reconnaissance: Gather Victim Network Information"": 29, ""T1595 - Reconnaissance: Active Scanning"": 26, ""TA0011 - Command-and-Control"": 50}",21208180,135
exploration_bonus_c0.5,exploration_bonus_loo_fragility,"{""c"": 0.5}",2020,360,315,2.6818653730449924e-06,0.22532951883131463,0.1051644250156828,0.22035980574272773,0.35958191573475495,5,159,31.8,46.57848812011351,302.0,"{""T1036 - Defense Evasion: Masquerading"": 52, ""T1498.001 - Impact: Direct Network Flood"": 5, ""T1498.002 - Impact: Reflection/Amplification Attack"": 5, ""T1571 - Defense Evasion: Non-Standard Port"": 50, ""T1583.005 - Resource Development: Acquire Botnet"": 5, ""T1584.005 - Resource Development: Build/Compromise Botnet"": 5, ""T1590 - Reconnaissance: Gather Victim Network Information"": 29, ""T1595 - Reconnaissance: Active Scanning"": 159, ""TA0011 - Command-and-Control"": 50}",21208360,315
exploration_bonus_c0.5,exploration_bonus_loo_fragility,"{""c"": 0.5}",2020,720,675,1.2245462829788277e-05,0.22742040457443427,0.10530772226438409,0.2219235663718383,0.3645884047763068,5,200,40.0,70.64465065853653,548.0,"{""T1036 - Defense Evasion: Masquerading"": 52, ""T1498.001 - Impact: Direct Network Flood"": 5, ""T1498.002 - Impact: Reflection/Amplification Attack"": 50, ""T1571 - Defense Evasion: Non-Standard Port"": 115, ""T1583.005 - Resource Development: Acquire Botnet"": 44, ""T1584.005 - Resource Development: Build/Compromise Botnet"": 5, ""T1590 - Reconnaissance: Gather Victim Network Information"": 199, ""T1595 - Reconnaissance: Active Scanning"": 200, ""TA0011 - Command-and-Control"": 50}",21208720,675
exploration_bonus_c0.5,exploration_bonus_loo_fragility,"{""c"": 0.5}",2020,1200,1155,1.221376749972835e-05,0.2253991402401817,0.10434535683410069,0.2205741333800567,0.36165110032663594,8,200,25.0,72.77972855740045,602.0,"{""T1036 - Defense Evasion: Masquerading"": 200, ""T1498.001 - Impact: Direct Network Flood"": 8, ""T1498.002 - Impact: Reflection/Amplification Attack"": 200, ""T1571 - Defense Evasion: Non-Standard Port"": 115, ""T1583.005 - Resource Development: Acquire Botnet"": 170, ""T1584.005 - Resource Development: Build/Compromise Botnet"": 49, ""T1590 - Reconnaissance: Gather Victim Network Information"": 199, ""T1595 - Reconnaissance: Active Scanning"": 200, ""TA0011 - Command-and-Control"": 59}",21209200,1155
exploration_bonus_c0.5,exploration_bonus_loo_fragility,"{""c"": 0.5}",2020,1798,1753,0.0,0.22470484448919714,0.10282013170083151,0.21987138712593557,0.3602157968474639,199,200,1.0050251256281406,0.41573970964154905,0.0,"{""T1036 - Defense Evasion: Masquerading"": 200, ""T1498.001 - Impact: Direct Network Flood"": 200, ""T1498.002 - Impact: Reflection/Amplification Attack"": 200, ""T1571 - Defense Evasion: Non-Standard Port"": 200, ""T1583.005 - Resource Development: Acquire Botnet"": 200, ""T1584.005 - Resource Development: Build/Compromise Botnet"": 199, ""T1590 - Reconnaissance: Gather Victim Network Information"": 199, ""T1595 - Reconnaissance: Active Scanning"": 200, ""TA0011 - Command-and-Control"": 200}",21209798,1753
exploration_bonus_c1.0,exploration_bonus_loo_fragility,"{""c"": 1.0}",2020,45,0,1.449605836618847e-05,0.22590160446598803,0.1046037291028952,0.22290519402565534,0.35591192083217926,5,5,1.0,0.0,0.0,"{""T1036 - Defense Evasion: Masquerading"": 5, ""T1498.001 - Impact: Direct Network Flood"": 5, ""T1498.002 - Impact: Reflection/Amplification Attack"": 5, ""T1571 - Defense Evasion: Non-Standard Port"": 5, ""T1583.005 - Resource Development: Acquire Botnet"": 5, ""T1584.005 - Resource Development: Build/Compromise Botnet"": 5, ""T1590 - Reconnaissance: Gather Victim Network Information"": 5, ""T1595 - Reconnaissance: Active Scanning"": 5, ""TA0011 - Command-and-Control"": 5}",21208045,0
exploration_bonus_c1.0,exploration_bonus_loo_fragility,"{""c"": 1.0}",2020,90,45,4.072733651572863e-06,0.225983936096864,0.10504686081475832,0.22081718916797732,0.36242428618963873,5,50,10.0,14.142135623730951,80.0,"{""T1036 - Defense Evasion: Masquerading"": 5, ""T1498.001 - Impact: Direct Network Flood"": 5, ""T1498.002 - Impact: Reflection/Amplification Attack"": 5, ""T1571 - Defense Evasion: Non-Standard Port"": 50, ""T1583.005 - Resource Development: Acquire Botnet"": 5, ""T1584.005 - Resource Development: Build/Compromise Botnet"": 5, ""T1590 - Reconnaissance: Gather Victim Network Information"": 5, ""T1595 - Reconnaissance: Active Scanning"": 5, ""TA0011 - Command-and-Control"": 5}",21208090,45
exploration_bonus_c1.0,exploration_bonus_loo_fragility,"{""c"": 1.0}",2020,180,135,1.1470351776086857e-05,0.22292742369152607,0.09952355838479904,0.21854235535357658,0.3614100606457109,5,50,10.0,17.8947540419594,142.0,"{""T1036 - Defense Evasion: Masquerading"": 9, ""T1498.001 - Impact: Direct Network Flood"": 5, ""T1498.002 - Impact: Reflection/Amplification Attack"": 5, ""T1571 - Defense Evasion: Non-Standard Port"": 50, ""T1583.005 - Resource Development: Acquire Botnet"": 5, ""T1584.005 - Resource Development: Build/Compromise Botnet"": 5, ""T1590 - Reconnaissance: Gather Victim Network Information"": 26, ""T1595 - Reconnaissance: Active Scanning"": 25, ""TA0011 - Command-and-Control"": 50}",21208180,135
exploration_bonus_c1.0,exploration_bonus_loo_fragility,"{""c"": 1.0}",2020,360,315,7.5072819868959235e-06,0.22516294450463864,0.10525804047362555,0.21980746575190882,0.3607574843763103,5,160,32.0,47.013000566037284,308.0,"{""T1036 - Defense Evasion: Masquerading"": 54, ""T1498.001 - Impact: Direct Network Flood"": 5, ""T1498.002 - Impact: Reflection/Amplification Attack"": 5, ""T1571 - Defense Evasion: Non-Standard Port"": 50, ""T1583.005 - Resource Development: Acquire Botnet"": 5, ""T1584.005 - Resource Development: Build/Compromise Botnet"": 5, ""T1590 - Reconnaissance: Gather Victim Network Information"": 26, ""T1595 - Reconnaissance: Active Scanning"": 160, ""TA0011 - Command-and-Control"": 50}",21208360,315
exploration_bonus_c1.0,exploration_bonus_loo_fragility,"{""c"": 1.0}",2020,720,675,1.7394703632444497e-06,0.22500322191510458,0.10491759195865837,0.2203446504968825,0.35960487503140853,7,200,28.571428571428573,70.41464494139143,556.0,"{""T1036 - Defense Evasion: Masquerading"": 118, ""T1498.001 - Impact: Direct Network Flood"": 33, ""T1498.002 - Impact: Reflection/Amplification Attack"": 7, ""T1571 - Defense Evasion: Non-Standard Port"": 55, ""T1583.005 - Resource Development: Acquire Botnet"": 200, ""T1584.005 - Resource Development: Build/Compromise Botnet"": 31, ""T1590 - Reconnaissance: Gather Victim Network Information"": 26, ""T1595 - Reconnaissance: Active Scanning"": 200, ""TA0011 - Command-and-Control"": 50}",21208720,675
exploration_bonus_c1.0,exploration_bonus_loo_fragility,"{""c"": 1.0}",2020,1200,1155,6.015565212317904e-06,0.22537642172554423,0.10630117649119399,0.21995462255625287,0.3605400114754839,50,200,4.0,57.86382481501048,472.0,"{""T1036 - Defense Evasion: Masquerading"": 200, ""T1498.001 - Impact: Direct Network Flood"": 114, ""T1498.002 - Impact: Reflection/Amplification Attack"": 95, ""T1571 - Defense Evasion: Non-Standard Port"": 116, ""T1583.005 - Resource Development: Acquire Botnet"": 200, ""T1584.005 - Resource Development: Build/Compromise Botnet"": 54, ""T1590 - Reconnaissance: Gather Victim Network Information"": 171, ""T1595 - Reconnaissance: Active Scanning"": 200, ""TA0011 - Command-and-Control"": 50}",21209200,1155
exploration_bonus_c1.0,exploration_bonus_loo_fragility,"{""c"": 1.0}",2020,1798,1753,0.0,0.22470484448919714,0.10282013170083151,0.21987138712593557,0.3602157968474639,199,200,1.0050251256281406,0.41573970964154905,0.0,"{""T1036 - Defense Evasion: Masquerading"": 200, ""T1498.001 - Impact: Direct Network Flood"": 200, ""T1498.002 - Impact: Reflection/Amplification Attack"": 200, ""T1571 - Defense Evasion: Non-Standard Port"": 200, ""T1583.005 - Resource Development: Acquire Botnet"": 200, ""T1584.005 - Resource Development: Build/Compromise Botnet"": 199, ""T1590 - Reconnaissance: Gather Victim Network Information"": 199, ""T1595 - Reconnaissance: Active Scanning"": 200, ""TA0011 - Command-and-Control"": 200}",21209798,1753
uniform_step_balanced,uniform_step_balanced,{},2121,45,0,5.541974829814878e-05,0.2312852717538947,0.10479926137217901,0.22859028279527743,0.3646306372970651,5,5,1.0,0.0,0.0,"{""T1036 - Defense Evasion: Masquerading"": 5, ""T1498.001 - Impact: Direct Network Flood"": 5, ""T1498.002 - Impact: Reflection/Amplification Attack"": 5, ""T1571 - Defense Evasion: Non-Standard Port"": 5, ""T1583.005 - Resource Development: Acquire Botnet"": 5, ""T1584.005 - Resource Development: Build/Compromise Botnet"": 5, ""T1590 - Reconnaissance: Gather Victim Network Information"": 5, ""T1595 - Reconnaissance: Active Scanning"": 5, ""TA0011 - Command-and-Control"": 5}",22218045,0
uniform_step_balanced,uniform_step_balanced,{},2121,90,45,6.786466564438413e-05,0.23264305890263653,0.11273577556002477,0.22717666897075606,0.3704341341777774,10,10,1.0,0.0,0.0,"{""T1036 - Defense Evasion: Masquerading"": 10, ""T1498.001 - Impact: Direct Network Flood"": 10, ""T1498.002 - Impact: Reflection/Amplification Attack"": 10, ""T1571 - Defense Evasion: Non-Standard Port"": 10, ""T1583.005 - Resource Development: Acquire Botnet"": 10, ""T1584.005 - Resource Development: Build/Compromise Botnet"": 10, ""T1590 - Reconnaissance: Gather Victim Network Information"": 10, ""T1595 - Reconnaissance: Active Scanning"": 10, ""TA0011 - Command-and-Control"": 10}",22218090,45
uniform_step_balanced,uniform_step_balanced,{},2121,180,135,2.0027658432211236e-05,0.2287438357525032,0.10755665371640732,0.22386798526907742,0.36583803039247653,20,20,1.0,0.0,0.0,"{""T1036 - Defense Evasion: Masquerading"": 20, ""T1498.001 - Impact: Direct Network Flood"": 20, ""T1498.002 - Impact: Reflection/Amplification Attack"": 20, ""T1571 - Defense Evasion: Non-Standard Port"": 20, ""T1583.005 - Resource Development: Acquire Botnet"": 20, ""T1584.005 - Resource Development: Build/Compromise Botnet"": 20, ""T1590 - Reconnaissance: Gather Victim Network Information"": 20, ""T1595 - Reconnaissance: Active Scanning"": 20, ""TA0011 - Command-and-Control"": 20}",22218180,135
uniform_step_balanced,uniform_step_balanced,{},2121,360,315,6.418394435379639e-06,0.22680856167882565,0.10348660412147107,0.22233702312080347,0.3635990260055553,40,40,1.0,0.0,0.0,"{""T1036 - Defense Evasion: Masquerading"": 40, ""T1498.001 - Impact: Direct Network Flood"": 40, ""T1498.002 - Impact: Reflection/Amplification Attack"": 40, ""T1571 - Defense Evasion: Non-Standard Port"": 40, ""T1583.005 - Resource Development: Acquire Botnet"": 40, ""T1584.005 - Resource Development: Build/Compromise Botnet"": 40, ""T1590 - Reconnaissance: Gather Victim Network Information"": 40, ""T1595 - Reconnaissance: Active Scanning"": 40, ""TA0011 - Command-and-Control"": 40}",22218360,315
uniform_step_balanced,uniform_step_balanced,{},2121,720,675,3.3377074195904524e-06,0.22613542625003077,0.10455527871863432,0.22101611883048805,0.36345981275671657,80,80,1.0,0.0,0.0,"{""T1036 - Defense Evasion: Masquerading"": 80, ""T1498.001 - Impact: Direct Network Flood"": 80, ""T1498.002 - Impact: Reflection/Amplification Attack"": 80, ""T1571 - Defense Evasion: Non-Standard Port"": 80, ""T1583.005 - Resource Development: Acquire Botnet"": 80, ""T1584.005 - Resource Development: Build/Compromise Botnet"": 80, ""T1590 - Reconnaissance: Gather Victim Network Information"": 80, ""T1595 - Reconnaissance: Active Scanning"": 80, ""TA0011 - Command-and-Control"": 80}",22218720,675
uniform_step_balanced,uniform_step_balanced,{},2121,1200,1155,1.2924395934496056e-06,0.2246613597195177,0.10205947475628177,0.22013874107340659,0.3613293593621735,133,134,1.0075187969924813,0.4714045207910317,0.0,"{""T1036 - Defense Evasion: Masquerading"": 134, ""T1498.001 - Impact: Direct Network Flood"": 133, ""T1498.002 - Impact: Reflection/Amplification Attack"": 133, ""T1571 - Defense Evasion: Non-Standard Port"": 133, ""T1583.005 - Resource Development: Acquire Botnet"": 133, ""T1584.005 - Resource Development: Build/Compromise Botnet"": 134, ""T1590 - Reconnaissance: Gather Victim Network Information"": 133, ""T1595 - Reconnaissance: Active Scanning"": 133, ""TA0011 - Command-and-Control"": 134}",22219200,1155
uniform_step_balanced,uniform_step_balanced,{},2121,1798,1753,0.0,0.22470484448919714,0.10282013170083151,0.21987138712593557,0.3602157968474639,199,200,1.0050251256281406,0.41573970964154905,0.0,"{""T1036 - Defense Evasion: Masquerading"": 200, ""T1498.001 - Impact: Direct Network Flood"": 200, ""T1498.002 - Impact: Reflection/Amplification Attack"": 200, ""T1571 - Defense Evasion: Non-Standard Port"": 200, ""T1583.005 - Resource Development: Acquire Botnet"": 200, ""T1584.005 - Resource Development: Build/Compromise Botnet"": 199, ""T1590 - Reconnaissance: Gather Victim Network Information"": 199, ""T1595 - Reconnaissance: Active Scanning"": 200, ""TA0011 - Command-and-Control"": 200}",22219798,1753
greedy_loo_fragility,greedy_loo_fragility,{},2121,45,0,5.541974829814878e-05,0.2312852717538947,0.10479926137217901,0.22859028279527743,0.3646306372970651,5,5,1.0,0.0,0.0,"{""T1036 - Defense Evasion: Masquerading"": 5, ""T1498.001 - Impact: Direct Network Flood"": 5, ""T1498.002 - Impact: Reflection/Amplification Attack"": 5, ""T1571 - Defense Evasion: Non-Standard Port"": 5, ""T1583.005 - Resource Development: Acquire Botnet"": 5, ""T1584.005 - Resource Development: Build/Compromise Botnet"": 5, ""T1590 - Reconnaissance: Gather Victim Network Information"": 5, ""T1595 - Reconnaissance: Active Scanning"": 5, ""TA0011 - Command-and-Control"": 5}",22218045,0
greedy_loo_fragility,greedy_loo_fragility,{},2121,90,45,2.752044877587062e-05,0.2295998567949494,0.10844447807944953,0.2246007874973298,0.367853905332094,5,50,10.0,14.142135623730951,80.0,"{""T1036 - Defense Evasion: Masquerading"": 5, ""T1498.001 - Impact: Direct Network Flood"": 5, ""T1498.002 - Impact: Reflection/Amplification Attack"": 5, ""T1571 - Defense Evasion: Non-Standard Port"": 50, ""T1583.005 - Resource Development: Acquire Botnet"": 5, ""T1584.005 - Resource Development: Build/Compromise Botnet"": 5, ""T1590 - Reconnaissance: Gather Victim Network Information"": 5, ""T1595 - Reconnaissance: Active Scanning"": 5, ""TA0011 - Command-and-Control"": 5}",22218090,45
greedy_loo_fragility,greedy_loo_fragility,{},2121,180,135,1.1954774303141947e-05,0.22770204264540886,0.10802057935117416,0.22217271187106502,0.36454980881395316,5,95,19.0,30.0,210.0,"{""T1036 - Defense Evasion: Masquerading"": 5, ""T1498.001 - Impact: Direct Network Flood"": 5, ""T1498.002 - Impact: Reflection/Amplification Attack"": 5, ""T1571 - Defense Evasion: Non-Standard Port"": 95, ""T1583.005 - Resource Development: Acquire Botnet"": 5, ""T1584.005 - Resource Development: Build/Compromise Botnet"": 5, ""T1590 - Reconnaissance: Gather Victim Network Information"": 5, ""T1595 - Reconnaissance: Active Scanning"": 5, ""TA0011 - Command-and-Control"": 50}",22218180,135
greedy_loo_fragility,greedy_loo_fragility,{},2121,360,315,9.354812966039621e-06,0.22715230555141988,0.10661394490376568,0.22225397603241015,0.3626623493101332,5,140,28.0,41.23105625617661,280.0,"{""T1036 - Defense Evasion: Masquerading"": 5, ""T1498.001 - Impact: Direct Network Flood"": 5, ""T1498.002 - Impact: Reflection/Amplification Attack"": 5, ""T1571 - Defense Evasion: Non-Standard Port"": 140, ""T1583.005 - Resource Development: Acquire Botnet"": 50, ""T1584.005 - Resource Development: Build/Compromise Botnet"": 50, ""T1590 - Reconnaissance: Gather Victim Network Information"": 5, ""T1595 - Reconnaissance: Active Scanning"": 50, ""TA0011 - Command-and-Control"": 50}",22218360,315
greedy_loo_fragility,greedy_loo_fragility,{},2121,720,675,9.978376511273534e-06,0.22772957031326468,0.10722450364991326,0.22300182574180039,0.3640308340697526,5,199,39.8,62.63829144824718,480.0,"{""T1036 - Defense Evasion: Masquerading"": 5, ""T1498.001 - Impact: Direct Network Flood"": 50, ""T1498.002 - Impact: Reflection/Amplification Attack"": 5, ""T1571 - Defense Evasion: Non-Standard Port"": 140, ""T1583.005 - Resource Development: Acquire Botnet"": 50, ""T1584.005 - Resource Development: Build/Compromise Botnet"": 50, ""T1590 - Reconnaissance: Gather Victim Network Information"": 199, ""T1595 - Reconnaissance: Active Scanning"": 140, ""TA0011 - Command-and-Control"": 81}",22218720,675
greedy_loo_fragility,greedy_loo_fragility,{},2121,1200,1155,1.3594172078579215e-05,0.22807329970010073,0.10973424646470496,0.22244636874051021,0.3641734355240859,5,200,40.0,82.8210923215417,676.0,"{""T1036 - Defense Evasion: Masquerading"": 5, ""T1498.001 - Impact: Direct Network Flood"": 51, ""T1498.002 - Impact: Reflection/Amplification Attack"": 5, ""T1571 - Defense Evasion: Non-Standard Port"": 200, ""T1583.005 - Resource Development: Acquire Botnet"": 200, ""T1584.005 - Resource Development: Build/Compromise Botnet"": 199, ""T1590 - Reconnaissance: Gather Victim Network Information"": 199, ""T1595 - Reconnaissance: Active Scanning"": 200, ""TA0011 - Command-and-Control"": 141}",22219200,1155
greedy_loo_fragility,greedy_loo_fragility,{},2121,1798,1753,0.0,0.22470484448919714,0.10282013170083151,0.21987138712593557,0.3602157968474639,199,200,1.0050251256281406,0.41573970964154905,0.0,"{""T1036 - Defense Evasion: Masquerading"": 200, ""T1498.001 - Impact: Direct Network Flood"": 200, ""T1498.002 - Impact: Reflection/Amplification Attack"": 200, ""T1571 - Defense Evasion: Non-Standard Port"": 200, ""T1583.005 - Resource Development: Acquire Botnet"": 200, ""T1584.005 - Resource Development: Build/Compromise Botnet"": 199, ""T1590 - Reconnaissance: Gather Victim Network Information"": 199, ""T1595 - Reconnaissance: Active Scanning"": 200, ""TA0011 - Command-and-Control"": 200}",22219798,1753
epsilon_greedy_eps0.2,epsilon_greedy_loo_fragility,"{""epsilon"": 0.2}",2121,45,0,5.541974829814878e-05,0.2312852717538947,0.10479926137217901,0.22859028279527743,0.3646306372970651,5,5,1.0,0.0,0.0,"{""T1036 - Defense Evasion: Masquerading"": 5, ""T1498.001 - Impact: Direct Network Flood"": 5, ""T1498.002 - Impact: Reflection/Amplification Attack"": 5, ""T1571 - Defense Evasion: Non-Standard Port"": 5, ""T1583.005 - Resource Development: Acquire Botnet"": 5, ""T1584.005 - Resource Development: Build/Compromise Botnet"": 5, ""T1590 - Reconnaissance: Gather Victim Network Information"": 5, ""T1595 - Reconnaissance: Active Scanning"": 5, ""TA0011 - Command-and-Control"": 5}",22218045,0
epsilon_greedy_eps0.2,epsilon_greedy_loo_fragility,"{""epsilon"": 0.2}",2121,90,45,3.0196020147536915e-05,0.22994360236973138,0.11144186684283443,0.22498239510252666,0.3626281994177901,5,44,8.8,12.027745701779143,68.0,"{""T1036 - Defense Evasion: Masquerading"": 6, ""T1498.001 - Impact: Direct Network Flood"": 6, ""T1498.002 - Impact: Reflection/Amplification Attack"": 6, ""T1571 - Defense Evasion: Non-Standard Port"": 44, ""T1583.005 - Resource Development: Acquire Botnet"": 6, ""T1584.005 - Resource Development: Build/Compromise Botnet"": 5, ""T1590 - Reconnaissance: Gather Victim Network Information"": 5, ""T1595 - Reconnaissance: Active Scanning"": 6, ""TA0011 - Command-and-Control"": 6}",22218090,45
epsilon_greedy_eps0.2,epsilon_greedy_loo_fragility,"{""epsilon"": 0.2}",2121,180,135,2.2931689487078337e-05,0.22913110251595417,0.11208298488998825,0.22380505628489805,0.36403288664218064,8,79,9.875,23.66901396810231,166.0,"{""T1036 - Defense Evasion: Masquerading"": 8, ""T1498.001 - Impact: Direct Network Flood"": 8, ""T1498.002 - Impact: Reflection/Amplification Attack"": 8, ""T1571 - Defense Evasion: Non-Standard Port"": 44, ""T1583.005 - Resource Development: Acquire Botnet"": 79, ""T1584.005 - Resource Development: Build/Compromise Botnet"": 8, ""T1590 - Reconnaissance: Gather Victim Network Information"": 9, ""T1595 - Reconnaissance: Active Scanning"": 8, ""TA0011 - Command-and-Control"": 8}",22218180,135
epsilon_greedy_eps0.2,epsilon_greedy_loo_fragility,"{""epsilon"": 0.2}",2121,360,315,2.173394214501308e-05,0.2291081808851115,0.10933541728427214,0.22445969177803723,0.36397204748268425,15,150,10.0,41.0906856166266,246.0,"{""T1036 - Defense Evasion: Masquerading"": 15, ""T1498.001 - Impact: Direct Network Flood"": 15, ""T1498.002 - Impact: Reflection/Amplification Attack"": 15, ""T1571 - Defense Evasion: Non-Standard Port"": 44, ""T1583.005 - Resource Development: Acquire Botnet"": 150, ""T1584.005 - Resource Development: Build/Compromise Botnet"": 16, ""T1590 - Reconnaissance: Gather Victim Network Information"": 47, ""T1595 - Reconnaissance: Active Scanning"": 16, ""TA0011 - Command-and-Control"": 42}",22218360,315
epsilon_greedy_eps0.2,epsilon_greedy_loo_fragility,"{""epsilon"": 0.2}",2121,720,675,1.942316728206246e-06,0.22559851763632224,0.10315305784238525,0.22114527823400132,0.3613425357278147,33,200,6.0606060606060606,65.57269079256834,478.0,"{""T1036 - Defense Evasion: Masquerading"": 74, ""T1498.001 - Impact: Direct Network Flood"": 33, ""T1498.002 - Impact: Reflection/Amplification Attack"": 34, ""T1571 - Defense Evasion: Non-Standard Port"": 70, ""T1583.005 - Resource Development: Acquire Botnet"": 200, ""T1584.005 - Resource Development: Build/Compromise Botnet"": 34, ""T1590 - Reconnaissance: Gather Victim Network Information"": 199, ""T1595 - Reconnaissance: Active Scanning"": 34, ""TA0011 - Command-and-Control"": 42}",22218720,675
epsilon_greedy_eps0.2,epsilon_greedy_loo_fragility,"{""epsilon"": 0.2}",2121,1200,1155,2.730814305584062e-06,0.22486230244963112,0.10281424321057696,0.21989534668254385,0.3624788891355733,63,200,3.1746031746031744,61.852872025297074,528.0,"{""T1036 - Defense Evasion: Masquerading"": 200, ""T1498.001 - Impact: Direct Network Flood"": 78, ""T1498.002 - Impact: Reflection/Amplification Attack"": 63, ""T1571 - Defense Evasion: Non-Standard Port"": 125, ""T1583.005 - Resource Development: Acquire Botnet"": 200, ""T1584.005 - Resource Development: Build/Compromise Botnet"": 63, ""T1590 - Reconnaissance: Gather Victim Network Information"": 199, ""T1595 - Reconnaissance: Active Scanning"": 200, ""TA0011 - Command-and-Control"": 72}",22219200,1155
epsilon_greedy_eps0.2,epsilon_greedy_loo_fragility,"{""epsilon"": 0.2}",2121,1798,1753,0.0,0.22470484448919714,0.10282013170083151,0.21987138712593557,0.3602157968474639,199,200,1.0050251256281406,0.41573970964154905,0.0,"{""T1036 - Defense Evasion: Masquerading"": 200, ""T1498.001 - Impact: Direct Network Flood"": 200, ""T1498.002 - Impact: Reflection/Amplification Attack"": 200, ""T1571 - Defense Evasion: Non-Standard Port"": 200, ""T1583.005 - Resource Development: Acquire Botnet"": 200, ""T1584.005 - Resource Development: Build/Compromise Botnet"": 199, ""T1590 - Reconnaissance: Gather Victim Network Information"": 199, ""T1595 - Reconnaissance: Active Scanning"": 200, ""TA0011 - Command-and-Control"": 200}",22219798,1753
exploration_bonus_c0.25,exploration_bonus_loo_fragility,"{""c"": 0.25}",2121,45,0,5.541974829814878e-05,0.2312852717538947,0.10479926137217901,0.22859028279527743,0.3646306372970651,5,5,1.0,0.0,0.0,"{""T1036 - Defense Evasion: Masquerading"": 5, ""T1498.001 - Impact: Direct Network Flood"": 5, ""T1498.002 - Impact: Reflection/Amplification Attack"": 5, ""T1571 - Defense Evasion: Non-Standard Port"": 5, ""T1583.005 - Resource Development: Acquire Botnet"": 5, ""T1584.005 - Resource Development: Build/Compromise Botnet"": 5, ""T1590 - Reconnaissance: Gather Victim Network Information"": 5, ""T1595 - Reconnaissance: Active Scanning"": 5, ""TA0011 - Command-and-Control"": 5}",22218045,0
exploration_bonus_c0.25,exploration_bonus_loo_fragility,"{""c"": 0.25}",2121,90,45,2.752044877587062e-05,0.2295998567949494,0.10844447807944953,0.2246007874973298,0.367853905332094,5,50,10.0,14.142135623730951,80.0,"{""T1036 - Defense Evasion: Masquerading"": 5, ""T1498.001 - Impact: Direct Network Flood"": 5, ""T1498.002 - Impact: Reflection/Amplification Attack"": 5, ""T1571 - Defense Evasion: Non-Standard Port"": 50, ""T1583.005 - Resource Development: Acquire Botnet"": 5, ""T1584.005 - Resource Development: Build/Compromise Botnet"": 5, ""T1590 - Reconnaissance: Gather Victim Network Information"": 5, ""T1595 - Reconnaissance: Active Scanning"": 5, ""TA0011 - Command-and-Control"": 5}",22218090,45
exploration_bonus_c0.25,exploration_bonus_loo_fragility,"{""c"": 0.25}",2121,180,135,1.3259300306387985e-05,0.22782158739704447,0.10894492663439766,0.22253318424709165,0.3636629885422989,5,94,18.8,29.668539266742172,208.0,"{""T1036 - Defense Evasion: Masquerading"": 5, ""T1498.001 - Impact: Direct Network Flood"": 6, ""T1498.002 - Impact: Reflection/Amplification Attack"": 5, ""T1571 - Defense Evasion: Non-Standard Port"": 94, ""T1583.005 - Resource Development: Acquire Botnet"": 5, ""T1584.005 - Resource Development: Build/Compromise Botnet"": 5, ""T1590 - Reconnaissance: Gather Victim Network Information"": 5, ""T1595 - Reconnaissance: Active Scanning"": 5, ""TA0011 - Command-and-Control"": 50}",22218180,135
exploration_bonus_c0.25,exploration_bonus_loo_fragility,"{""c"": 0.25}",2121,360,315,9.088037994396307e-06,0.22685190504136518,0.10919799129530657,0.2218835093788002,0.3602143108506406,5,139,27.8,38.93869826049944,246.0,"{""T1036 - Defense Evasion: Masquerading"": 23, ""T1498.001 - Impact: Direct Network Flood"": 33, ""T1498.002 - Impact: Reflection/Amplification Attack"": 5, ""T1571 - Defense Evasion: Non-Standard Port"": 139, ""T1583.005 - Resource Development: Acquire Botnet"": 44, ""T1584.005 - Resource Development: Build/Compromise Botnet"": 5, ""T1590 - Reconnaissance: Gather Victim Network Information"": 50, ""T1595 - Reconnaissance: Active Scanning"": 11, ""TA0011 - Command-and-Control"": 50}",22218360,315
exploration_bonus_c0.25,exploration_bonus_loo_fragility,"{""c"": 0.25}",2121,720,675,2.126693068308921e-06,0.22569230763649348,0.1058928760513238,0.22083631652714852,0.359957470687771,24,199,8.291666666666666,61.131915650592134,446.0,"{""T1036 - Defense Evasion: Masquerading"": 41, ""T1498.001 - Impact: Direct Network Flood"": 78, ""T1498.002 - Impact: Reflection/Amplification Attack"": 50, ""T1571 - Defense Evasion: Non-Standard Port"": 184, ""T1583.005 - Resource Development: Acquire Botnet"": 44, ""T1584.005 - Resource Development: Build/Compromise Botnet"": 50, ""T1590 - Reconnaissance: Gather Victim Network Information"": 199, ""T1595 - Reconnaissance: Active Scanning"": 24, ""TA0011 - Command-and-Control"": 50}",22218720,675
exploration_bonus_c0.25,exploration_bonus_loo_fragility,"{""c"": 0.25}",2121,1200,1155,1.9413263950976397e-06,0.22508966182463322,0.10754090750312954,0.21990246470570368,0.3610973234612311,44,200,4.545454545454546,70.3183238328863,620.0,"{""T1036 - Defense Evasion: Masquerading"": 195, ""T1498.001 - Impact: Direct Network Flood"": 78, ""T1498.002 - Impact: Reflection/Amplification Attack"": 200, ""T1571 - Defense Evasion: Non-Standard Port"": 184, ""T1583.005 - Resource Development: Acquire Botnet"": 44, ""T1584.005 - Resource Development: Build/Compromise Botnet"": 50, ""T1590 - Reconnaissance: Gather Victim Network Information"": 199, ""T1595 - Reconnaissance: Active Scanning"": 200, ""TA0011 - Command-and-Control"": 50}",22219200,1155
exploration_bonus_c0.25,exploration_bonus_loo_fragility,"{""c"": 0.25}",2121,1798,1753,0.0,0.22470484448919714,0.10282013170083151,0.21987138712593557,0.3602157968474639,199,200,1.0050251256281406,0.41573970964154905,0.0,"{""T1036 - Defense Evasion: Masquerading"": 200, ""T1498.001 - Impact: Direct Network Flood"": 200, ""T1498.002 - Impact: Reflection/Amplification Attack"": 200, ""T1571 - Defense Evasion: Non-Standard Port"": 200, ""T1583.005 - Resource Development: Acquire Botnet"": 200, ""T1584.005 - Resource Development: Build/Compromise Botnet"": 199, ""T1590 - Reconnaissance: Gather Victim Network Information"": 199, ""T1595 - Reconnaissance: Active Scanning"": 200, ""TA0011 - Command-and-Control"": 200}",22219798,1753
exploration_bonus_c0.5,exploration_bonus_loo_fragility,"{""c"": 0.5}",2121,45,0,5.541974829814878e-05,0.2312852717538947,0.10479926137217901,0.22859028279527743,0.3646306372970651,5,5,1.0,0.0,0.0,"{""T1036 - Defense Evasion: Masquerading"": 5, ""T1498.001 - Impact: Direct Network Flood"": 5, ""T1498.002 - Impact: Reflection/Amplification Attack"": 5, ""T1571 - Defense Evasion: Non-Standard Port"": 5, ""T1583.005 - Resource Development: Acquire Botnet"": 5, ""T1584.005 - Resource Development: Build/Compromise Botnet"": 5, ""T1590 - Reconnaissance: Gather Victim Network Information"": 5, ""T1595 - Reconnaissance: Active Scanning"": 5, ""TA0011 - Command-and-Control"": 5}",22218045,0
exploration_bonus_c0.5,exploration_bonus_loo_fragility,"{""c"": 0.5}",2121,90,45,2.752044877587062e-05,0.2295998567949494,0.10844447807944953,0.2246007874973298,0.367853905332094,5,50,10.0,14.142135623730951,80.0,"{""T1036 - Defense Evasion: Masquerading"": 5, ""T1498.001 - Impact: Direct Network Flood"": 5, ""T1498.002 - Impact: Reflection/Amplification Attack"": 5, ""T1571 - Defense Evasion: Non-Standard Port"": 50, ""T1583.005 - Resource Development: Acquire Botnet"": 5, ""T1584.005 - Resource Development: Build/Compromise Botnet"": 5, ""T1590 - Reconnaissance: Gather Victim Network Information"": 5, ""T1595 - Reconnaissance: Active Scanning"": 5, ""TA0011 - Command-and-Control"": 5}",22218090,45
exploration_bonus_c0.5,exploration_bonus_loo_fragility,"{""c"": 0.5}",2121,180,135,1.517193931486874e-05,0.22825937887059516,0.10884959344276687,0.22280410700280912,0.36467550858256115,5,79,15.8,24.922100856691657,178.0,"{""T1036 - Defense Evasion: Masquerading"": 5, ""T1498.001 - Impact: Direct Network Flood"": 13, ""T1498.002 - Impact: Reflection/Amplification Attack"": 6, ""T1571 - Defense Evasion: Non-Standard Port"": 79, ""T1583.005 - Resource Development: Acquire Botnet"": 5, ""T1584.005 - Resource Development: Build/Compromise Botnet"": 12, ""T1590 - Reconnaissance: Gather Victim Network Information"": 5, ""T1595 - Reconnaissance: Active Scanning"": 5, ""TA0011 - Command-and-Control"": 50}",22218180,135
exploration_bonus_c0.5,exploration_bonus_loo_fragility,"{""c"": 0.5}",2121,360,315,7.60056520184545e-06,0.2265105088768527,0.10976804141301956,0.22123566442706583,0.3583460953914875,6,130,21.666666666666668,38.614907886865545,282.0,"{""T1036 - Defense Evasion: Masquerading"": 7, ""T1498.001 - Impact: Direct Network Flood"": 19, ""T1498.002 - Impact: Reflection/Amplification Attack"": 6, ""T1571 - Defense Evasion: Non-Standard Port"": 79, ""T1583.005 - Resource Development: Acquire Botnet"": 27, ""T1584.005 - Resource Development: Build/Compromise Botnet"": 20, ""T1590 - Reconnaissance: Gather Victim Network Information"": 20, ""T1595 - Reconnaissance: Active Scanning"": 130, ""TA0011 - Command-and-Control"": 52}",22218360,315
exploration_bonus_c0.5,exploration_bonus_loo_fragility,"{""c"": 0.5}",2121,720,675,1.2408825960259416e-05,0.22797383014275002,0.10965436957913836,0.22273618319852087,0.36291423764162384,8,200,25.0,58.67424193516833,456.0,"{""T1036 - Defense Evasion: Masquerading"": 8, ""T1498.001 - Impact: Direct Network Flood"": 31, ""T1498.002 - Impact: Reflection/Amplification Attack"": 129, ""T1571 - Defense Evasion: Non-Standard Port"": 117, ""T1583.005 - Resource Development: Acquire Botnet"": 61, ""T1584.005 - Resource Development: Build/Compromise Botnet"": 102, ""T1590 - Reconnaissance: Gather Victim Network Information"": 20, ""T1595 - Reconnaissance: Active Scanning"": 200, ""TA0011 - Command-and-Control"": 52}",22218720,675
exploration_bonus_c0.5,exploration_bonus_loo_fragility,"{""c"": 0.5}",2121,1200,1155,8.554934250537902e-06,0.22730701423136584,0.10605460241362284,0.22204336318463636,0.3632238201272651,14,200,14.285714285714286,74.59073520067876,622.0,"{""T1036 - Defense Evasion: Masquerading"": 14, ""T1498.001 - Impact: Direct Network Flood"": 200, ""T1498.002 - Impact: Reflection/Amplification Attack"": 200, ""T1571 - Defense Evasion: Non-Standard Port"": 117, ""T1583.005 - Resource Development: Acquire Botnet"": 200, ""T1584.005 - Resource Development: Build/Compromise Botnet"": 179, ""T1590 - Reconnaissance: Gather Victim Network Information"": 38, ""T1595 - Reconnaissance: Active Scanning"": 200, ""TA0011 - Command-and-Control"": 52}",22219200,1155
exploration_bonus_c0.5,exploration_bonus_loo_fragility,"{""c"": 0.5}",2121,1798,1753,0.0,0.22470484448919714,0.10282013170083151,0.21987138712593557,0.3602157968474639,199,200,1.0050251256281406,0.41573970964154905,0.0,"{""T1036 - Defense Evasion: Masquerading"": 200, ""T1498.001 - Impact: Direct Network Flood"": 200, ""T1498.002 - Impact: Reflection/Amplification Attack"": 200, ""T1571 - Defense Evasion: Non-Standard Port"": 200, ""T1583.005 - Resource Development: Acquire Botnet"": 200, ""T1584.005 - Resource Development: Build/Compromise Botnet"": 199, ""T1590 - Reconnaissance: Gather Victim Network Information"": 199, ""T1595 - Reconnaissance: Active Scanning"": 200, ""TA0011 - Command-and-Control"": 200}",22219798,1753
exploration_bonus_c1.0,exploration_bonus_loo_fragility,"{""c"": 1.0}",2121,45,0,5.541974829814878e-05,0.2312852717538947,0.10479926137217901,0.22859028279527743,0.3646306372970651,5,5,1.0,0.0,0.0,"{""T1036 - Defense Evasion: Masquerading"": 5, ""T1498.001 - Impact: Direct Network Flood"": 5, ""T1498.002 - Impact: Reflection/Amplification Attack"": 5, ""T1571 - Defense Evasion: Non-Standard Port"": 5, ""T1583.005 - Resource Development: Acquire Botnet"": 5, ""T1584.005 - Resource Development: Build/Compromise Botnet"": 5, ""T1590 - Reconnaissance: Gather Victim Network Information"": 5, ""T1595 - Reconnaissance: Active Scanning"": 5, ""TA0011 - Command-and-Control"": 5}",22218045,0
exploration_bonus_c1.0,exploration_bonus_loo_fragility,"{""c"": 1.0}",2121,90,45,2.752044877587062e-05,0.2295998567949494,0.10844447807944953,0.2246007874973298,0.367853905332094,5,50,10.0,14.142135623730951,80.0,"{""T1036 - Defense Evasion: Masquerading"": 5, ""T1498.001 - Impact: Direct Network Flood"": 5, ""T1498.002 - Impact: Reflection/Amplification Attack"": 5, ""T1571 - Defense Evasion: Non-Standard Port"": 50, ""T1583.005 - Resource Development: Acquire Botnet"": 5, ""T1584.005 - Resource Development: Build/Compromise Botnet"": 5, ""T1590 - Reconnaissance: Gather Victim Network Information"": 5, ""T1595 - Reconnaissance: Active Scanning"": 5, ""TA0011 - Command-and-Control"": 5}",22218090,45
exploration_bonus_c1.0,exploration_bonus_loo_fragility,"{""c"": 1.0}",2121,180,135,1.0024114261719878e-05,0.22696080670947577,0.10633479404609987,0.22208527131836392,0.36373835749094763,5,50,10.0,16.79947089113887,120.0,"{""T1036 - Defense Evasion: Masquerading"": 11, ""T1498.001 - Impact: Direct Network Flood"": 20, ""T1498.002 - Impact: Reflection/Amplification Attack"": 12, ""T1571 - Defense Evasion: Non-Standard Port"": 50, ""T1583.005 - Resource Development: Acquire Botnet"": 5, ""T1584.005 - Resource Development: Build/Compromise Botnet"": 19, ""T1590 - Reconnaissance: Gather Victim Network Information"": 5, ""T1595 - Reconnaissance: Active Scanning"": 8, ""TA0011 - Command-and-Control"": 50}",22218180,135
exploration_bonus_c1.0,exploration_bonus_loo_fragility,"{""c"": 1.0}",2121,360,315,3.3994677152247455e-06,0.22518701556323487,0.10307464489303245,0.22032321898020066,0.3622569309992508,12,88,7.333333333333333,27.16615541441225,206.0,"{""T1036 - Defense Evasion: Masquerading"": 30, ""T1498.001 - Impact: Direct Network Flood"": 20, ""T1498.002 - Impact: Reflection/Amplification Attack"": 12, ""T1571 - Defense Evasion: Non-Standard Port"": 85, ""T1583.005 - Resource Development: Acquire Botnet"": 18, ""T1584.005 - Resource Development: Build/Compromise Botnet"": 19, ""T1590 - Reconnaissance: Gather Victim Network Information"": 38, ""T1595 - Reconnaissance: Active Scanning"": 88, ""TA0011 - Command-and-Control"": 50}",22218360,315
exploration_bonus_c1.0,exploration_bonus_loo_fragility,"{""c"": 1.0}",2121,720,675,6.37526392527198e-06,0.22576318070592366,0.104393418405077,0.22055835091450443,0.36371693983778064,12,200,16.666666666666668,67.65106552499131,518.0,"{""T1036 - Defense Evasion: Masquerading"": 51, ""T1498.001 - Impact: Direct Network Flood"": 30, ""T1498.002 - Impact: Reflection/Amplification Attack"": 12, ""T1571 - Defense Evasion: Non-Standard Port"": 100, ""T1583.005 - Resource Development: Acquire Botnet"": 40, ""T1584.005 - Resource Development: Build/Compromise Botnet"": 199, ""T1590 - Reconnaissance: Gather Victim Network Information"": 38, ""T1595 - Reconnaissance: Active Scanning"": 200, ""TA0011 - Command-and-Control"": 50}",22218720,675
exploration_bonus_c1.0,exploration_bonus_loo_fragility,"{""c"": 1.0}",2121,1200,1155,7.814113910661152e-07,0.22460437326607224,0.1012647695744342,0.21933387789754494,0.36092157050719853,23,200,8.695652173913043,71.17427750091866,572.0,"{""T1036 - Defense Evasion: Masquerading"": 144, ""T1498.001 - Impact: Direct Network Flood"": 200, ""T1498.002 - Impact: Reflection/Amplification Attack"": 23, ""T1571 - Defense Evasion: Non-Standard Port"": 145, ""T1583.005 - Resource Development: Acquire Botnet"": 40, ""T1584.005 - Resource Development: Build/Compromise Botnet"": 199, ""T1590 - Reconnaissance: Gather Victim Network Information"": 199, ""T1595 - Reconnaissance: Active Scanning"": 200, ""TA0011 - Command-and-Control"": 50}",22219200,1155
exploration_bonus_c1.0,exploration_bonus_loo_fragility,"{""c"": 1.0}",2121,1798,1753,0.0,0.22470484448919714,0.10282013170083151,0.21987138712593557,0.3602157968474639,199,200,1.0050251256281406,0.41573970964154905,0.0,"{""T1036 - Defense Evasion: Masquerading"": 200, ""T1498.001 - Impact: Direct Network Flood"": 200, ""T1498.002 - Impact: Reflection/Amplification Attack"": 200, ""T1571 - Defense Evasion: Non-Standard Port"": 200, ""T1583.005 - Resource Development: Acquire Botnet"": 200, ""T1584.005 - Resource Development: Build/Compromise Botnet"": 199, ""T1590 - Reconnaissance: Gather Victim Network Information"": 199, ""T1595 - Reconnaissance: Active Scanning"": 200, ""TA0011 - Command-and-Control"": 200}",22219798,1753
uniform_step_balanced,uniform_step_balanced,{},2222,45,0,1.6463734425435026e-05,0.2216563050776247,0.10037965313014502,0.21817012519959456,0.353011038373082,5,5,1.0,0.0,0.0,"{""T1036 - Defense Evasion: Masquerading"": 5, ""T1498.001 - Impact: Direct Network Flood"": 5, ""T1498.002 - Impact: Reflection/Amplification Attack"": 5, ""T1571 - Defense Evasion: Non-Standard Port"": 5, ""T1583.005 - Resource Development: Acquire Botnet"": 5, ""T1584.005 - Resource Development: Build/Compromise Botnet"": 5, ""T1590 - Reconnaissance: Gather Victim Network Information"": 5, ""T1595 - Reconnaissance: Active Scanning"": 5, ""TA0011 - Command-and-Control"": 5}",23228045,0
uniform_step_balanced,uniform_step_balanced,{},2222,90,45,1.8698546346331623e-05,0.2222196927229002,0.10565434158795037,0.21792563682714466,0.3518984524838181,10,10,1.0,0.0,0.0,"{""T1036 - Defense Evasion: Masquerading"": 10, ""T1498.001 - Impact: Direct Network Flood"": 10, ""T1498.002 - Impact: Reflection/Amplification Attack"": 10, ""T1571 - Defense Evasion: Non-Standard Port"": 10, ""T1583.005 - Resource Development: Acquire Botnet"": 10, ""T1584.005 - Resource Development: Build/Compromise Botnet"": 10, ""T1590 - Reconnaissance: Gather Victim Network Information"": 10, ""T1595 - Reconnaissance: Active Scanning"": 10, ""TA0011 - Command-and-Control"": 10}",23228090,45
uniform_step_balanced,uniform_step_balanced,{},2222,180,135,5.0199762125339364e-06,0.2229300849842979,0.10326792274930673,0.21770324961726162,0.35638961093075516,20,20,1.0,0.0,0.0,"{""T1036 - Defense Evasion: Masquerading"": 20, ""T1498.001 - Impact: Direct Network Flood"": 20, ""T1498.002 - Impact: Reflection/Amplification Attack"": 20, ""T1571 - Defense Evasion: Non-Standard Port"": 20, ""T1583.005 - Resource Development: Acquire Botnet"": 20, ""T1584.005 - Resource Development: Build/Compromise Botnet"": 20, ""T1590 - Reconnaissance: Gather Victim Network Information"": 20, ""T1595 - Reconnaissance: Active Scanning"": 20, ""TA0011 - Command-and-Control"": 20}",23228180,135
uniform_step_balanced,uniform_step_balanced,{},2222,360,315,2.0994411284476098e-06,0.22549156421641145,0.10555068461857901,0.22048234536677488,0.3623984683176122,40,40,1.0,0.0,0.0,"{""T1036 - Defense Evasion: Masquerading"": 40, ""T1498.001 - Impact: Direct Network Flood"": 40, ""T1498.002 - Impact: Reflection/Amplification Attack"": 40, ""T1571 - Defense Evasion: Non-Standard Port"": 40, ""T1583.005 - Resource Development: Acquire Botnet"": 40, ""T1584.005 - Resource Development: Build/Compromise Botnet"": 40, ""T1590 - Reconnaissance: Gather Victim Network Information"": 40, ""T1595 - Reconnaissance: Active Scanning"": 40, ""TA0011 - Command-and-Control"": 40}",23228360,315
uniform_step_balanced,uniform_step_balanced,{},2222,720,675,2.1264885830986087e-06,0.22567842706846017,0.1038357879295668,0.2202336847278859,0.3622231934710799,80,80,1.0,0.0,0.0,"{""T1036 - Defense Evasion: Masquerading"": 80, ""T1498.001 - Impact: Direct Network Flood"": 80, ""T1498.002 - Impact: Reflection/Amplification Attack"": 80, ""T1571 - Defense Evasion: Non-Standard Port"": 80, ""T1583.005 - Resource Development: Acquire Botnet"": 80, ""T1584.005 - Resource Development: Build/Compromise Botnet"": 80, ""T1590 - Reconnaissance: Gather Victim Network Information"": 80, ""T1595 - Reconnaissance: Active Scanning"": 80, ""TA0011 - Command-and-Control"": 80}",23228720,675
uniform_step_balanced,uniform_step_balanced,{},2222,1200,1155,3.75216015452909e-06,0.22444621119335761,0.10341668636953444,0.22009042890902542,0.3601670001483313,133,134,1.0075187969924813,0.4714045207910317,0.0,"{""T1036 - Defense Evasion: Masquerading"": 133, ""T1498.001 - Impact: Direct Network Flood"": 134, ""T1498.002 - Impact: Reflection/Amplification Attack"": 133, ""T1571 - Defense Evasion: Non-Standard Port"": 134, ""T1583.005 - Resource Development: Acquire Botnet"": 133, ""T1584.005 - Resource Development: Build/Compromise Botnet"": 133, ""T1590 - Reconnaissance: Gather Victim Network Information"": 134, ""T1595 - Reconnaissance: Active Scanning"": 133, ""TA0011 - Command-and-Control"": 133}",23229200,1155
uniform_step_balanced,uniform_step_balanced,{},2222,1798,1753,0.0,0.22470484448919714,0.10282013170083151,0.21987138712593557,0.3602157968474639,199,200,1.0050251256281406,0.41573970964154905,0.0,"{""T1036 - Defense Evasion: Masquerading"": 200, ""T1498.001 - Impact: Direct Network Flood"": 200, ""T1498.002 - Impact: Reflection/Amplification Attack"": 200, ""T1571 - Defense Evasion: Non-Standard Port"": 200, ""T1583.005 - Resource Development: Acquire Botnet"": 200, ""T1584.005 - Resource Development: Build/Compromise Botnet"": 199, ""T1590 - Reconnaissance: Gather Victim Network Information"": 199, ""T1595 - Reconnaissance: Active Scanning"": 200, ""TA0011 - Command-and-Control"": 200}",23229798,1753
greedy_loo_fragility,greedy_loo_fragility,{},2222,45,0,1.6463734425435026e-05,0.2216563050776247,0.10037965313014502,0.21817012519959456,0.353011038373082,5,5,1.0,0.0,0.0,"{""T1036 - Defense Evasion: Masquerading"": 5, ""T1498.001 - Impact: Direct Network Flood"": 5, ""T1498.002 - Impact: Reflection/Amplification Attack"": 5, ""T1571 - Defense Evasion: Non-Standard Port"": 5, ""T1583.005 - Resource Development: Acquire Botnet"": 5, ""T1584.005 - Resource Development: Build/Compromise Botnet"": 5, ""T1590 - Reconnaissance: Gather Victim Network Information"": 5, ""T1595 - Reconnaissance: Active Scanning"": 5, ""TA0011 - Command-and-Control"": 5}",23228045,0
greedy_loo_fragility,greedy_loo_fragility,{},2222,90,45,2.975224408552131e-06,0.224942356639516,0.10419841504478262,0.21969403521079833,0.3622549518659891,5,50,10.0,14.142135623730951,80.0,"{""T1036 - Defense Evasion: Masquerading"": 5, ""T1498.001 - Impact: Direct Network Flood"": 5, ""T1498.002 - Impact: Reflection/Amplification Attack"": 5, ""T1571 - Defense Evasion: Non-Standard Port"": 50, ""T1583.005 - Resource Development: Acquire Botnet"": 5, ""T1584.005 - Resource Development: Build/Compromise Botnet"": 5, ""T1590 - Reconnaissance: Gather Victim Network Information"": 5, ""T1595 - Reconnaissance: Active Scanning"": 5, ""TA0011 - Command-and-Control"": 5}",23228090,45
greedy_loo_fragility,greedy_loo_fragility,{},2222,180,135,5.331896559435016e-06,0.2259385060770428,0.10199430641755447,0.22097334361223447,0.3656609161380142,5,50,10.0,21.213203435596427,180.0,"{""T1036 - Defense Evasion: Masquerading"": 50, ""T1498.001 - Impact: Direct Network Flood"": 5, ""T1498.002 - Impact: Reflection/Amplification Attack"": 5, ""T1571 - Defense Evasion: Non-Standard Port"": 50, ""T1583.005 - Resource Development: Acquire Botnet"": 5, ""T1584.005 - Resource Development: Build/Compromise Botnet"": 5, ""T1590 - Reconnaissance: Gather Victim Network Information"": 5, ""T1595 - Reconnaissance: Active Scanning"": 5, ""TA0011 - Command-and-Control"": 50}",23228180,135
greedy_loo_fragility,greedy_loo_fragility,{},2222,360,315,2.5688539655318396e-06,0.22533244809277297,0.10190707090669847,0.2203179552330225,0.3637674614697922,5,95,19.0,35.35533905932738,280.0,"{""T1036 - Defense Evasion: Masquerading"": 50, ""T1498.001 - Impact: Direct Network Flood"": 5, ""T1498.002 - Impact: Reflection/Amplification Attack"": 5, ""T1571 - Defense Evasion: Non-Standard Port"": 95, ""T1583.005 - Resource Development: Acquire Botnet"": 5, ""T1584.005 - Resource Development: Build/Compromise Botnet"": 95, ""T1590 - Reconnaissance: Gather Victim Network Information"": 5, ""T1595 - Reconnaissance: Active Scanning"": 50, ""TA0011 - Command-and-Control"": 50}",23228360,315
greedy_loo_fragility,greedy_loo_fragility,{},2222,720,675,2.8627490985949743e-06,0.22542342453003686,0.10084843108679777,0.2208010649728469,0.3638139127607901,5,199,39.8,66.13286290155263,480.0,"{""T1036 - Defense Evasion: Masquerading"": 50, ""T1498.001 - Impact: Direct Network Flood"": 50, ""T1498.002 - Impact: Reflection/Amplification Attack"": 5, ""T1571 - Defense Evasion: Non-Standard Port"": 95, ""T1583.005 - Resource Development: Acquire Botnet"": 81, ""T1584.005 - Resource Development: Build/Compromise Botnet"": 199, ""T1590 - Reconnaissance: Gather Victim Network Information"": 5, ""T1595 - Reconnaissance: Active Scanning"": 50, ""TA0011 - Command-and-Control"": 185}",23228720,675
greedy_loo_fragility,greedy_loo_fragility,{},2222,1200,1155,3.1897416881259146e-06,0.22542323315089033,0.1036476704492828,0.22095775702134438,0.36032322100420305,5,200,40.0,77.34626328688701,662.0,"{""T1036 - Defense Evasion: Masquerading"": 200, ""T1498.001 - Impact: Direct Network Flood"": 50, ""T1498.002 - Impact: Reflection/Amplification Attack"": 5, ""T1571 - Defense Evasion: Non-Standard Port"": 200, ""T1583.005 - Resource Development: Acquire Botnet"": 96, ""T1584.005 - Resource Development: Build/Compromise Botnet"": 199, ""T1590 - Reconnaissance: Gather Victim Network Information"": 50, ""T1595 - Reconnaissance: Active Scanning"": 200, ""TA0011 - Command-and-Control"": 200}",23229200,1155
greedy_loo_fragility,greedy_loo_fragility,{},2222,1798,1753,0.0,0.22470484448919714,0.10282013170083151,0.21987138712593557,0.3602157968474639,199,200,1.0050251256281406,0.41573970964154905,0.0,"{""T1036 - Defense Evasion: Masquerading"": 200, ""T1498.001 - Impact: Direct Network Flood"": 200, ""T1498.002 - Impact: Reflection/Amplification Attack"": 200, ""T1571 - Defense Evasion: Non-Standard Port"": 200, ""T1583.005 - Resource Development: Acquire Botnet"": 200, ""T1584.005 - Resource Development: Build/Compromise Botnet"": 199, ""T1590 - Reconnaissance: Gather Victim Network Information"": 199, ""T1595 - Reconnaissance: Active Scanning"": 200, ""TA0011 - Command-and-Control"": 200}",23229798,1753
epsilon_greedy_eps0.2,epsilon_greedy_loo_fragility,"{""epsilon"": 0.2}",2222,45,0,1.6463734425435026e-05,0.2216563050776247,0.10037965313014502,0.21817012519959456,0.353011038373082,5,5,1.0,0.0,0.0,"{""T1036 - Defense Evasion: Masquerading"": 5, ""T1498.001 - Impact: Direct Network Flood"": 5, ""T1498.002 - Impact: Reflection/Amplification Attack"": 5, ""T1571 - Defense Evasion: Non-Standard Port"": 5, ""T1583.005 - Resource Development: Acquire Botnet"": 5, ""T1584.005 - Resource Development: Build/Compromise Botnet"": 5, ""T1590 - Reconnaissance: Gather Victim Network Information"": 5, ""T1595 - Reconnaissance: Active Scanning"": 5, ""TA0011 - Command-and-Control"": 5}",23228045,0
epsilon_greedy_eps0.2,epsilon_greedy_loo_fragility,"{""epsilon"": 0.2}",2222,90,45,4.185712038447655e-06,0.22401149492825548,0.1080251454434082,0.21835030779533954,0.35867184651310463,5,43,8.6,11.671427600007732,66.0,"{""T1036 - Defense Evasion: Masquerading"": 6, ""T1498.001 - Impact: Direct Network Flood"": 6, ""T1498.002 - Impact: Reflection/Amplification Attack"": 6, ""T1571 - Defense Evasion: Non-Standard Port"": 43, ""T1583.005 - Resource Development: Acquire Botnet"": 6, ""T1584.005 - Resource Development: Build/Compromise Botnet"": 6, ""T1590 - Reconnaissance: Gather Victim Network Information"": 5, ""T1595 - Reconnaissance: Active Scanning"": 6, ""TA0011 - Command-and-Control"": 6}",23228090,45
epsilon_greedy_eps0.2,epsilon_greedy_loo_fragility,"{""epsilon"": 0.2}",2222,180,135,3.5406044050776647e-06,0.22478536612923408,0.10778315749290397,0.21879865806819104,0.3603833092414705,9,44,4.888888888888889,15.606266547626166,132.0,"{""T1036 - Defense Evasion: Masquerading"": 9, ""T1498.001 - Impact: Direct Network Flood"": 9, ""T1498.002 - Impact: Reflection/Amplification Attack"": 39, ""T1571 - Defense Evasion: Non-Standard Port"": 43, ""T1583.005 - Resource Development: Acquire Botnet"": 44, ""T1584.005 - Resource Development: Build/Compromise Botnet"": 9, ""T1590 - Reconnaissance: Gather Victim Network Information"": 9, ""T1595 - Reconnaissance: Active Scanning"": 9, ""TA0011 - Command-and-Control"": 9}",23228180,135
epsilon_greedy_eps0.2,epsilon_greedy_loo_fragility,"{""epsilon"": 0.2}",2222,360,315,4.038742989104248e-06,0.22489518082574173,0.10607561743367487,0.21987597270541837,0.3581052987979711,18,82,4.555555555555555,19.310331143946986,132.0,"{""T1036 - Defense Evasion: Masquerading"": 18, ""T1498.001 - Impact: Direct Network Flood"": 18, ""T1498.002 - Impact: Reflection/Amplification Attack"": 39, ""T1571 - Defense Evasion: Non-Standard Port"": 43, ""T1583.005 - Resource Development: Acquire Botnet"": 82, ""T1584.005 - Resource Development: Build/Compromise Botnet"": 19, ""T1590 - Reconnaissance: Gather Victim Network Information"": 43, ""T1595 - Reconnaissance: Active Scanning"": 50, ""TA0011 - Command-and-Control"": 48}",23228360,315
epsilon_greedy_eps0.2,epsilon_greedy_loo_fragility,"{""epsilon"": 0.2}",2222,720,675,2.7369372415231672e-06,0.22551291608799628,0.10419041182958638,0.22064710364735718,0.36281213043448246,49,200,4.081632653061225,45.07278065036098,258.0,"{""T1036 - Defense Evasion: Masquerading"": 81, ""T1498.001 - Impact: Direct Network Flood"": 88, ""T1498.002 - Impact: Reflection/Amplification Attack"": 49, ""T1571 - Defense Evasion: Non-Standard Port"": 74, ""T1583.005 - Resource Development: Acquire Botnet"": 200, ""T1584.005 - Resource Development: Build/Compromise Botnet"": 49, ""T1590 - Reconnaissance: Gather Victim Network Information"": 80, ""T1595 - Reconnaissance: Active Scanning"": 50, ""TA0011 - Command-and-Control"": 49}",23228720,675
epsilon_greedy_eps0.2,epsilon_greedy_loo_fragility,"{""epsilon"": 0.2}",2222,1200,1155,1.1252753364569797e-06,0.22513439646101915,0.10442225962776668,0.22036314676922816,0.3609142057336265,86,200,2.3255813953488373,43.15604759989548,332.0,"{""T1036 - Defense Evasion: Masquerading"": 200, ""T1498.001 - Impact: Direct Network Flood"": 129, ""T1498.002 - Impact: Reflection/Amplification Attack"": 86, ""T1571 - Defense Evasion: Non-Standard Port"": 108, ""T1583.005 - Resource Development: Acquire Botnet"": 200, ""T1584.005 - Resource Development: Build/Compromise Botnet"": 162, ""T1590 - Reconnaissance: Gather Victim Network Information"": 86, ""T1595 - Reconnaissance: Active Scanning"": 139, ""TA0011 - Command-and-Control"": 90}",23229200,1155
epsilon_greedy_eps0.2,epsilon_greedy_loo_fragility,"{""epsilon"": 0.2}",2222,1798,1753,0.0,0.22470484448919714,0.10282013170083151,0.21987138712593557,0.3602157968474639,199,200,1.0050251256281406,0.41573970964154905,0.0,"{""T1036 - Defense Evasion: Masquerading"": 200, ""T1498.001 - Impact: Direct Network Flood"": 200, ""T1498.002 - Impact: Reflection/Amplification Attack"": 200, ""T1571 - Defense Evasion: Non-Standard Port"": 200, ""T1583.005 - Resource Development: Acquire Botnet"": 200, ""T1584.005 - Resource Development: Build/Compromise Botnet"": 199, ""T1590 - Reconnaissance: Gather Victim Network Information"": 199, ""T1595 - Reconnaissance: Active Scanning"": 200, ""TA0011 - Command-and-Control"": 200}",23229798,1753
exploration_bonus_c0.25,exploration_bonus_loo_fragility,"{""c"": 0.25}",2222,45,0,1.6463734425435026e-05,0.2216563050776247,0.10037965313014502,0.21817012519959456,0.353011038373082,5,5,1.0,0.0,0.0,"{""T1036 - Defense Evasion: Masquerading"": 5, ""T1498.001 - Impact: Direct Network Flood"": 5, ""T1498.002 - Impact: Reflection/Amplification Attack"": 5, ""T1571 - Defense Evasion: Non-Standard Port"": 5, ""T1583.005 - Resource Development: Acquire Botnet"": 5, ""T1584.005 - Resource Development: Build/Compromise Botnet"": 5, ""T1590 - Reconnaissance: Gather Victim Network Information"": 5, ""T1595 - Reconnaissance: Active Scanning"": 5, ""TA0011 - Command-and-Control"": 5}",23228045,0
exploration_bonus_c0.25,exploration_bonus_loo_fragility,"{""c"": 0.25}",2222,90,45,2.975224408552131e-06,0.224942356639516,0.10419841504478262,0.21969403521079833,0.3622549518659891,5,50,10.0,14.142135623730951,80.0,"{""T1036 - Defense Evasion: Masquerading"": 5, ""T1498.001 - Impact: Direct Network Flood"": 5, ""T1498.002 - Impact: Reflection/Amplification Attack"": 5, ""T1571 - Defense Evasion: Non-Standard Port"": 50, ""T1583.005 - Resource Development: Acquire Botnet"": 5, ""T1584.005 - Resource Development: Build/Compromise Botnet"": 5, ""T1590 - Reconnaissance: Gather Victim Network Information"": 5, ""T1595 - Reconnaissance: Active Scanning"": 5, ""TA0011 - Command-and-Control"": 5}",23228090,45
exploration_bonus_c0.25,exploration_bonus_loo_fragility,"{""c"": 0.25}",2222,180,135,9.512163765935171e-06,0.22480665911047581,0.09808827969796755,0.22019347121529695,0.36495681517803996,5,92,18.4,27.378012264508094,178.0,"{""T1036 - Defense Evasion: Masquerading"": 37, ""T1498.001 - Impact: Direct Network Flood"": 5, ""T1498.002 - Impact: Reflection/Amplification Attack"": 5, ""T1571 - Defense Evasion: Non-Standard Port"": 92, ""T1583.005 - Resource Development: Acquire Botnet"": 8, ""T1584.005 - Resource Development: Build/Compromise Botnet"": 5, ""T1590 - Reconnaissance: Gather Victim Network Information"": 5, ""T1595 - Reconnaissance: Active Scanning"": 5, ""TA0011 - Command-and-Control"": 18}",23228180,135
exploration_bonus_c0.25,exploration_bonus_loo_fragility,"{""c"": 0.25}",2222,360,315,9.277232728005125e-06,0.22575462867781107,0.09981702883734894,0.22056604837910027,0.3653420569038071,5,135,27.0,49.29953797394499,364.0,"{""T1036 - Defense Evasion: Masquerading"": 127, ""T1498.001 - Impact: Direct Network Flood"": 7, ""T1498.002 - Impact: Reflection/Amplification Attack"": 5, ""T1571 - Defense Evasion: Non-Standard Port"": 135, ""T1583.005 - Resource Development: Acquire Botnet"": 8, ""T1584.005 - Resource Development: Build/Compromise Botnet"": 7, ""T1590 - Reconnaissance: Gather Victim Network Information"": 28, ""T1595 - Reconnaissance: Active Scanning"": 25, ""TA0011 - Command-and-Control"": 18}",23228360,315
exploration_bonus_c0.25,exploration_bonus_loo_fragility,"{""c"": 0.25}",2222,720,675,6.7105506248443845e-06,0.22582714949243046,0.09954601126824189,0.22073257022719173,0.36636612686989545,6,200,33.333333333333336,70.7829232387461,580.0,"{""T1036 - Defense Evasion: Masquerading"": 200, ""T1498.001 - Impact: Direct Network Flood"": 7, ""T1498.002 - Impact: Reflection/Amplification Attack"": 6, ""T1571 - Defense Evasion: Non-Standard Port"": 135, ""T1583.005 - Resource Development: Acquire Botnet"": 160, ""T1584.005 - Resource Development: Build/Compromise Botnet"": 7, ""T1590 - Reconnaissance: Gather Victim Network Information"": 72, ""T1595 - Reconnaissance: Active Scanning"": 115, ""TA0011 - Command-and-Control"": 18}",23228720,675
exploration_bonus_c0.25,exploration_bonus_loo_fragility,"{""c"": 0.25}",2222,1200,1155,1.7178194542185213e-06,0.22473424558625138,0.10484979862604679,0.22041209771300718,0.35898513657013154,6,200,33.333333333333336,76.45332635739999,662.0,"{""T1036 - Defense Evasion: Masquerading"": 200, ""T1498.001 - Impact: Direct Network Flood"": 76, ""T1498.002 - Impact: Reflection/Amplification Attack"": 6, ""T1571 - Defense Evasion: Non-Standard Port"": 200, ""T1583.005 - Resource Development: Acquire Botnet"": 200, ""T1584.005 - Resource Development: Build/Compromise Botnet"": 52, ""T1590 - Reconnaissance: Gather Victim Network Information"": 199, ""T1595 - Reconnaissance: Active Scanning"": 200, ""TA0011 - Command-and-Control"": 67}",23229200,1155
exploration_bonus_c0.25,exploration_bonus_loo_fragility,"{""c"": 0.25}",2222,1798,1753,0.0,0.22470484448919714,0.10282013170083151,0.21987138712593557,0.3602157968474639,199,200,1.0050251256281406,0.41573970964154905,0.0,"{""T1036 - Defense Evasion: Masquerading"": 200, ""T1498.001 - Impact: Direct Network Flood"": 200, ""T1498.002 - Impact: Reflection/Amplification Attack"": 200, ""T1571 - Defense Evasion: Non-Standard Port"": 200, ""T1583.005 - Resource Development: Acquire Botnet"": 200, ""T1584.005 - Resource Development: Build/Compromise Botnet"": 199, ""T1590 - Reconnaissance: Gather Victim Network Information"": 199, ""T1595 - Reconnaissance: Active Scanning"": 200, ""TA0011 - Command-and-Control"": 200}",23229798,1753
exploration_bonus_c0.5,exploration_bonus_loo_fragility,"{""c"": 0.5}",2222,45,0,1.6463734425435026e-05,0.2216563050776247,0.10037965313014502,0.21817012519959456,0.353011038373082,5,5,1.0,0.0,0.0,"{""T1036 - Defense Evasion: Masquerading"": 5, ""T1498.001 - Impact: Direct Network Flood"": 5, ""T1498.002 - Impact: Reflection/Amplification Attack"": 5, ""T1571 - Defense Evasion: Non-Standard Port"": 5, ""T1583.005 - Resource Development: Acquire Botnet"": 5, ""T1584.005 - Resource Development: Build/Compromise Botnet"": 5, ""T1590 - Reconnaissance: Gather Victim Network Information"": 5, ""T1595 - Reconnaissance: Active Scanning"": 5, ""TA0011 - Command-and-Control"": 5}",23228045,0
exploration_bonus_c0.5,exploration_bonus_loo_fragility,"{""c"": 0.5}",2222,90,45,2.975224408552131e-06,0.224942356639516,0.10419841504478262,0.21969403521079833,0.3622549518659891,5,50,10.0,14.142135623730951,80.0,"{""T1036 - Defense Evasion: Masquerading"": 5, ""T1498.001 - Impact: Direct Network Flood"": 5, ""T1498.002 - Impact: Reflection/Amplification Attack"": 5, ""T1571 - Defense Evasion: Non-Standard Port"": 50, ""T1583.005 - Resource Development: Acquire Botnet"": 5, ""T1584.005 - Resource Development: Build/Compromise Botnet"": 5, ""T1590 - Reconnaissance: Gather Victim Network Information"": 5, ""T1595 - Reconnaissance: Active Scanning"": 5, ""TA0011 - Command-and-Control"": 5}",23228090,45
exploration_bonus_c0.5,exploration_bonus_loo_fragility,"{""c"": 0.5}",2222,180,135,1.2540588645904276e-05,0.22454366011266097,0.09921688790294511,0.2198621186674044,0.3627535092372763,5,86,17.2,25.082087455216143,162.0,"{""T1036 - Defense Evasion: Masquerading"": 33, ""T1498.001 - Impact: Direct Network Flood"": 12, ""T1498.002 - Impact: Reflection/Amplification Attack"": 5, ""T1571 - Defense Evasion: Non-Standard Port"": 86, ""T1583.005 - Resource Development: Acquire Botnet"": 5, ""T1584.005 - Resource Development: Build/Compromise Botnet"": 5, ""T1590 - Reconnaissance: Gather Victim Network Information"": 5, ""T1595 - Reconnaissance: Active Scanning"": 7, ""TA0011 - Command-and-Control"": 22}",23228180,135
exploration_bonus_c0.5,exploration_bonus_loo_fragility,"{""c"": 0.5}",2222,360,315,4.241307349211165e-06,0.22410795410528125,0.10095706440086955,0.21898474999064077,0.36074885864649964,5,95,19.0,30.18461712712472,224.0,"{""T1036 - Defense Evasion: Masquerading"": 33, ""T1498.001 - Impact: Direct Network Flood"": 12, ""T1498.002 - Impact: Reflection/Amplification Attack"": 16, ""T1571 - Defense Evasion: Non-Standard Port"": 86, ""T1583.005 - Resource Development: Acquire Botnet"": 95, ""T1584.005 - Resource Development: Build/Compromise Botnet"": 50, ""T1590 - Reconnaissance: Gather Victim Network Information"": 5, ""T1595 - Reconnaissance: Active Scanning"": 41, ""TA0011 - Command-and-Control"": 22}",23228360,315
exploration_bonus_c0.5,exploration_bonus_loo_fragility,"{""c"": 0.5}",2222,720,675,5.400204080068681e-06,0.22630052191944355,0.10357973686890706,0.22172509153488384,0.36523225901120465,5,200,40.0,73.5995169066271,584.0,"{""T1036 - Defense Evasion: Masquerading"": 97, ""T1498.001 - Impact: Direct Network Flood"": 12, ""T1498.002 - Impact: Reflection/Amplification Attack"": 16, ""T1571 - Defense Evasion: Non-Standard Port"": 115, ""T1583.005 - Resource Development: Acquire Botnet"": 200, ""T1584.005 - Resource Development: Build/Compromise Botnet"": 53, ""T1590 - Reconnaissance: Gather Victim Network Information"": 5, ""T1595 - Reconnaissance: Active Scanning"": 200, ""TA0011 - Command-and-Control"": 22}",23228720,675
exploration_bonus_c0.5,exploration_bonus_loo_fragility,"{""c"": 0.5}",2222,1200,1155,1.7846561525535267e-06,0.22484081584643945,0.10397034938109322,0.2204829424590422,0.3583497024095371,5,200,40.0,69.9603062060512,548.0,"{""T1036 - Defense Evasion: Masquerading"": 142, ""T1498.001 - Impact: Direct Network Flood"": 200, ""T1498.002 - Impact: Reflection/Amplification Attack"": 200, ""T1571 - Defense Evasion: Non-Standard Port"": 119, ""T1583.005 - Resource Development: Acquire Botnet"": 200, ""T1584.005 - Resource Development: Build/Compromise Botnet"": 86, ""T1590 - Reconnaissance: Gather Victim Network Information"": 5, ""T1595 - Reconnaissance: Active Scanning"": 200, ""TA0011 - Command-and-Control"": 48}",23229200,1155
exploration_bonus_c0.5,exploration_bonus_loo_fragility,"{""c"": 0.5}",2222,1798,1753,0.0,0.22470484448919714,0.10282013170083151,0.21987138712593557,0.3602157968474639,199,200,1.0050251256281406,0.41573970964154905,0.0,"{""T1036 - Defense Evasion: Masquerading"": 200, ""T1498.001 - Impact: Direct Network Flood"": 200, ""T1498.002 - Impact: Reflection/Amplification Attack"": 200, ""T1571 - Defense Evasion: Non-Standard Port"": 200, ""T1583.005 - Resource Development: Acquire Botnet"": 200, ""T1584.005 - Resource Development: Build/Compromise Botnet"": 199, ""T1590 - Reconnaissance: Gather Victim Network Information"": 199, ""T1595 - Reconnaissance: Active Scanning"": 200, ""TA0011 - Command-and-Control"": 200}",23229798,1753
exploration_bonus_c1.0,exploration_bonus_loo_fragility,"{""c"": 1.0}",2222,45,0,1.6463734425435026e-05,0.2216563050776247,0.10037965313014502,0.21817012519959456,0.353011038373082,5,5,1.0,0.0,0.0,"{""T1036 - Defense Evasion: Masquerading"": 5, ""T1498.001 - Impact: Direct Network Flood"": 5, ""T1498.002 - Impact: Reflection/Amplification Attack"": 5, ""T1571 - Defense Evasion: Non-Standard Port"": 5, ""T1583.005 - Resource Development: Acquire Botnet"": 5, ""T1584.005 - Resource Development: Build/Compromise Botnet"": 5, ""T1590 - Reconnaissance: Gather Victim Network Information"": 5, ""T1595 - Reconnaissance: Active Scanning"": 5, ""TA0011 - Command-and-Control"": 5}",23228045,0
exploration_bonus_c1.0,exploration_bonus_loo_fragility,"{""c"": 1.0}",2222,90,45,2.975224408552131e-06,0.224942356639516,0.10419841504478262,0.21969403521079833,0.3622549518659891,5,50,10.0,14.142135623730951,80.0,"{""T1036 - Defense Evasion: Masquerading"": 5, ""T1498.001 - Impact: Direct Network Flood"": 5, ""T1498.002 - Impact: Reflection/Amplification Attack"": 5, ""T1571 - Defense Evasion: Non-Standard Port"": 50, ""T1583.005 - Resource Development: Acquire Botnet"": 5, ""T1584.005 - Resource Development: Build/Compromise Botnet"": 5, ""T1590 - Reconnaissance: Gather Victim Network Information"": 5, ""T1595 - Reconnaissance: Active Scanning"": 5, ""TA0011 - Command-and-Control"": 5}",23228090,45
exploration_bonus_c1.0,exploration_bonus_loo_fragility,"{""c"": 1.0}",2222,180,135,5.267917681684993e-06,0.22446315347638773,0.09955740369647355,0.21923192358246257,0.3633134818556845,5,92,18.4,27.03495679465549,174.0,"{""T1036 - Defense Evasion: Masquerading"": 30, ""T1498.001 - Impact: Direct Network Flood"": 5, ""T1498.002 - Impact: Reflection/Amplification Attack"": 8, ""T1571 - Defense Evasion: Non-Standard Port"": 92, ""T1583.005 - Resource Development: Acquire Botnet"": 5, ""T1584.005 - Resource Development: Build/Compromise Botnet"": 5, ""T1590 - Reconnaissance: Gather Victim Network Information"": 5, ""T1595 - Reconnaissance: Active Scanning"": 5, ""TA0011 - Command-and-Control"": 25}",23228180,135
exploration_bonus_c1.0,exploration_bonus_loo_fragility,"{""c"": 1.0}",2222,360,315,6.19450650692653e-06,0.2233252457024646,0.10050510109940043,0.2186781253042538,0.36090007056920176,5,96,19.2,37.223051400383014,308.0,"{""T1036 - Defense Evasion: Masquerading"": 30, ""T1498.001 - Impact: Direct Network Flood"": 6, ""T1498.002 - Impact: Reflection/Amplification Attack"": 86, ""T1571 - Defense Evasion: Non-Standard Port"": 92, ""T1583.005 - Resource Development: Acquire Botnet"": 12, ""T1584.005 - Resource Development: Build/Compromise Botnet"": 8, ""T1590 - Reconnaissance: Gather Victim Network Information"": 5, ""T1595 - Reconnaissance: Active Scanning"": 96, ""TA0011 - Command-and-Control"": 25}",23228360,315
exploration_bonus_c1.0,exploration_bonus_loo_fragility,"{""c"": 1.0}",2222,720,675,6.164265675818457e-06,0.22459452664993523,0.1024929322156629,0.21995655212160886,0.36097353261892123,16,200,12.5,59.88507512078633,464.0,"{""T1036 - Defense Evasion: Masquerading"": 53, ""T1498.001 - Impact: Direct Network Flood"": 22, ""T1498.002 - Impact: Reflection/Amplification Attack"": 99, ""T1571 - Defense Evasion: Non-Standard Port"": 143, ""T1583.005 - Resource Development: Acquire Botnet"": 16, ""T1584.005 - Resource Development: Build/Compromise Botnet"": 16, ""T1590 - Reconnaissance: Gather Victim Network Information"": 61, ""T1595 - Reconnaissance: Active Scanning"": 200, ""TA0011 - Command-and-Control"": 110}",23228720,675
exploration_bonus_c1.0,exploration_bonus_loo_fragility,"{""c"": 1.0}",2222,1200,1155,2.9946371367823926e-06,0.22483981250387713,0.10620632195890761,0.2199824048841617,0.3580857309666785,16,200,12.5,61.476282689613996,450.0,"{""T1036 - Defense Evasion: Masquerading"": 200, ""T1498.001 - Impact: Direct Network Flood"": 59, ""T1498.002 - Impact: Reflection/Amplification Attack"": 99, ""T1571 - Defense Evasion: Non-Standard Port"": 143, ""T1583.005 - Resource Development: Acquire Botnet"": 149, ""T1584.005 - Resource Development: Build/Compromise Botnet"": 16, ""T1590 - Reconnaissance: Gather Victim Network Information"": 199, ""T1595 - Reconnaissance: Active Scanning"": 200, ""TA0011 - Command-and-Control"": 135}",23229200,1155
exploration_bonus_c1.0,exploration_bonus_loo_fragility,"{""c"": 1.0}",2222,1798,1753,0.0,0.22470484448919714,0.10282013170083151,0.21987138712593557,0.3602157968474639,199,200,1.0050251256281406,0.41573970964154905,0.0,"{""T1036 - Defense Evasion: Masquerading"": 200, ""T1498.001 - Impact: Direct Network Flood"": 200, ""T1498.002 - Impact: Reflection/Amplification Attack"": 200, ""T1571 - Defense Evasion: Non-Standard Port"": 200, ""T1583.005 - Resource Development: Acquire Botnet"": 200, ""T1584.005 - Resource Development: Build/Compromise Botnet"": 199, ""T1590 - Reconnaissance: Gather Victim Network Information"": 199, ""T1595 - Reconnaissance: Active Scanning"": 200, ""TA0011 - Command-and-Control"": 200}",23229798,1753
uniform_step_balanced,uniform_step_balanced,{},2323,45,0,8.029027671575543e-05,0.2333231368670504,0.11323586236696899,0.22886103975479336,0.3663021726280181,5,5,1.0,0.0,0.0,"{""T1036 - Defense Evasion: Masquerading"": 5, ""T1498.001 - Impact: Direct Network Flood"": 5, ""T1498.002 - Impact: Reflection/Amplification Attack"": 5, ""T1571 - Defense Evasion: Non-Standard Port"": 5, ""T1583.005 - Resource Development: Acquire Botnet"": 5, ""T1584.005 - Resource Development: Build/Compromise Botnet"": 5, ""T1590 - Reconnaissance: Gather Victim Network Information"": 5, ""T1595 - Reconnaissance: Active Scanning"": 5, ""TA0011 - Command-and-Control"": 5}",24238045,0
uniform_step_balanced,uniform_step_balanced,{},2323,90,45,9.024760188526962e-06,0.22666455509592978,0.11089782003698308,0.22172915743521657,0.36003783125899624,10,10,1.0,0.0,0.0,"{""T1036 - Defense Evasion: Masquerading"": 10, ""T1498.001 - Impact: Direct Network Flood"": 10, ""T1498.002 - Impact: Reflection/Amplification Attack"": 10, ""T1571 - Defense Evasion: Non-Standard Port"": 10, ""T1583.005 - Resource Development: Acquire Botnet"": 10, ""T1584.005 - Resource Development: Build/Compromise Botnet"": 10, ""T1590 - Reconnaissance: Gather Victim Network Information"": 10, ""T1595 - Reconnaissance: Active Scanning"": 10, ""TA0011 - Command-and-Control"": 10}",24238090,45
uniform_step_balanced,uniform_step_balanced,{},2323,180,135,3.2136018872098285e-06,0.22366846807404422,0.10392207905048002,0.2197821874358481,0.35689889887127024,20,20,1.0,0.0,0.0,"{""T1036 - Defense Evasion: Masquerading"": 20, ""T1498.001 - Impact: Direct Network Flood"": 20, ""T1498.002 - Impact: Reflection/Amplification Attack"": 20, ""T1571 - Defense Evasion: Non-Standard Port"": 20, ""T1583.005 - Resource Development: Acquire Botnet"": 20, ""T1584.005 - Resource Development: Build/Compromise Botnet"": 20, ""T1590 - Reconnaissance: Gather Victim Network Information"": 20, ""T1595 - Reconnaissance: Active Scanning"": 20, ""TA0011 - Command-and-Control"": 20}",24238180,135
uniform_step_balanced,uniform_step_balanced,{},2323,360,315,5.149105436200952e-06,0.22364546562115548,0.10330760352972981,0.21738104451645351,0.3611532851199199,40,40,1.0,0.0,0.0,"{""T1036 - Defense Evasion: Masquerading"": 40, ""T1498.001 - Impact: Direct Network Flood"": 40, ""T1498.002 - Impact: Reflection/Amplification Attack"": 40, ""T1571 - Defense Evasion: Non-Standard Port"": 40, ""T1583.005 - Resource Development: Acquire Botnet"": 40, ""T1584.005 - Resource Development: Build/Compromise Botnet"": 40, ""T1590 - Reconnaissance: Gather Victim Network Information"": 40, ""T1595 - Reconnaissance: Active Scanning"": 40, ""TA0011 - Command-and-Control"": 40}",24238360,315
uniform_step_balanced,uniform_step_balanced,{},2323,720,675,1.3780892301375856e-05,0.22466959521778873,0.10440730619521976,0.22016476986733718,0.3592715943913844,80,80,1.0,0.0,0.0,"{""T1036 - Defense Evasion: Masquerading"": 80, ""T1498.001 - Impact: Direct Network Flood"": 80, ""T1498.002 - Impact: Reflection/Amplification Attack"": 80, ""T1571 - Defense Evasion: Non-Standard Port"": 80, ""T1583.005 - Resource Development: Acquire Botnet"": 80, ""T1584.005 - Resource Development: Build/Compromise Botnet"": 80, ""T1590 - Reconnaissance: Gather Victim Network Information"": 80, ""T1595 - Reconnaissance: Active Scanning"": 80, ""TA0011 - Command-and-Control"": 80}",24238720,675
uniform_step_balanced,uniform_step_balanced,{},2323,1200,1155,1.6863859836279036e-06,0.22578758117539965,0.1049107807609074,0.22098817624926886,0.3621089404286798,133,134,1.0075187969924813,0.4714045207910317,0.0,"{""T1036 - Defense Evasion: Masquerading"": 133, ""T1498.001 - Impact: Direct Network Flood"": 133, ""T1498.002 - Impact: Reflection/Amplification Attack"": 133, ""T1571 - Defense Evasion: Non-Standard Port"": 133, ""T1583.005 - Resource Development: Acquire Botnet"": 134, ""T1584.005 - Resource Development: Build/Compromise Botnet"": 134, ""T1590 - Reconnaissance: Gather Victim Network Information"": 134, ""T1595 - Reconnaissance: Active Scanning"": 133, ""TA0011 - Command-and-Control"": 133}",24239200,1155
uniform_step_balanced,uniform_step_balanced,{},2323,1798,1753,0.0,0.22470484448919714,0.10282013170083151,0.21987138712593557,0.3602157968474639,199,200,1.0050251256281406,0.41573970964154905,0.0,"{""T1036 - Defense Evasion: Masquerading"": 200, ""T1498.001 - Impact: Direct Network Flood"": 200, ""T1498.002 - Impact: Reflection/Amplification Attack"": 200, ""T1571 - Defense Evasion: Non-Standard Port"": 200, ""T1583.005 - Resource Development: Acquire Botnet"": 200, ""T1584.005 - Resource Development: Build/Compromise Botnet"": 199, ""T1590 - Reconnaissance: Gather Victim Network Information"": 199, ""T1595 - Reconnaissance: Active Scanning"": 200, ""TA0011 - Command-and-Control"": 200}",24239798,1753
greedy_loo_fragility,greedy_loo_fragility,{},2323,45,0,8.029027671575543e-05,0.2333231368670504,0.11323586236696899,0.22886103975479336,0.3663021726280181,5,5,1.0,0.0,0.0,"{""T1036 - Defense Evasion: Masquerading"": 5, ""T1498.001 - Impact: Direct Network Flood"": 5, ""T1498.002 - Impact: Reflection/Amplification Attack"": 5, ""T1571 - Defense Evasion: Non-Standard Port"": 5, ""T1583.005 - Resource Development: Acquire Botnet"": 5, ""T1584.005 - Resource Development: Build/Compromise Botnet"": 5, ""T1590 - Reconnaissance: Gather Victim Network Information"": 5, ""T1595 - Reconnaissance: Active Scanning"": 5, ""TA0011 - Command-and-Control"": 5}",24238045,0
greedy_loo_fragility,greedy_loo_fragility,{},2323,90,45,1.0344950345068456e-05,0.22756009114281084,0.10979476746149815,0.22154258815262828,0.3640917054589131,5,50,10.0,14.142135623730951,80.0,"{""T1036 - Defense Evasion: Masquerading"": 5, ""T1498.001 - Impact: Direct Network Flood"": 5, ""T1498.002 - Impact: Reflection/Amplification Attack"": 5, ""T1571 - Defense Evasion: Non-Standard Port"": 50, ""T1583.005 - Resource Development: Acquire Botnet"": 5, ""T1584.005 - Resource Development: Build/Compromise Botnet"": 5, ""T1590 - Reconnaissance: Gather Victim Network Information"": 5, ""T1595 - Reconnaissance: Active Scanning"": 5, ""TA0011 - Command-and-Control"": 5}",24238090,45
greedy_loo_fragility,greedy_loo_fragility,{},2323,180,135,5.206797558437515e-06,0.22634009358504567,0.10836505593254653,0.22152192843996898,0.36181299658912813,5,50,10.0,21.213203435596427,180.0,"{""T1036 - Defense Evasion: Masquerading"": 5, ""T1498.001 - Impact: Direct Network Flood"": 5, ""T1498.002 - Impact: Reflection/Amplification Attack"": 5, ""T1571 - Defense Evasion: Non-Standard Port"": 50, ""T1583.005 - Resource Development: Acquire Botnet"": 50, ""T1584.005 - Resource Development: Build/Compromise Botnet"": 5, ""T1590 - Reconnaissance: Gather Victim Network Information"": 5, ""T1595 - Reconnaissance: Active Scanning"": 5, ""TA0011 - Command-and-Control"": 50}",24238180,135
greedy_loo_fragility,greedy_loo_fragility,{},2323,360,315,2.9300165175575344e-06,0.22518550085810007,0.10670886555883843,0.21917952595122164,0.3617228064206146,5,95,19.0,35.35533905932738,280.0,"{""T1036 - Defense Evasion: Masquerading"": 95, ""T1498.001 - Impact: Direct Network Flood"": 5, ""T1498.002 - Impact: Reflection/Amplification Attack"": 50, ""T1571 - Defense Evasion: Non-Standard Port"": 95, ""T1583.005 - Resource Development: Acquire Botnet"": 50, ""T1584.005 - Resource Development: Build/Compromise Botnet"": 5, ""T1590 - Reconnaissance: Gather Victim Network Information"": 5, ""T1595 - Reconnaissance: Active Scanning"": 5, ""TA0011 - Command-and-Control"": 50}",24238360,315
greedy_loo_fragility,greedy_loo_fragility,{},2323,720,675,5.442073336489363e-06,0.22488554729070764,0.10651173952425405,0.21990409159398844,0.3604565137782748,5,200,40.0,66.332495807108,480.0,"{""T1036 - Defense Evasion: Masquerading"": 200, ""T1498.001 - Impact: Direct Network Flood"": 5, ""T1498.002 - Impact: Reflection/Amplification Attack"": 80, ""T1571 - Defense Evasion: Non-Standard Port"": 185, ""T1583.005 - Resource Development: Acquire Botnet"": 50, ""T1584.005 - Resource Development: Build/Compromise Botnet"": 5, ""T1590 - Reconnaissance: Gather Victim Network Information"": 95, ""T1595 - Reconnaissance: Active Scanning"": 50, ""TA0011 - Command-and-Control"": 50}",24238720,675
greedy_loo_fragility,greedy_loo_fragility,{},2323,1200,1155,6.9666754931346576e-06,0.22546754818570966,0.10409588218945233,0.22010114263375663,0.3607281478773059,50,200,4.0,63.106611733196736,528.0,"{""T1036 - Defense Evasion: Masquerading"": 200, ""T1498.001 - Impact: Direct Network Flood"": 50, ""T1498.002 - Impact: Reflection/Amplification Attack"": 80, ""T1571 - Defense Evasion: Non-Standard Port"": 200, ""T1583.005 - Resource Development: Acquire Botnet"": 125, ""T1584.005 - Resource Development: Build/Compromise Botnet"": 50, ""T1590 - Reconnaissance: Gather Victim Network Information"": 199, ""T1595 - Reconnaissance: Active Scanning"": 200, ""TA0011 - Command-and-Control"": 96}",24239200,1155
greedy_loo_fragility,greedy_loo_fragility,{},2323,1798,1753,0.0,0.22470484448919714,0.10282013170083151,0.21987138712593557,0.3602157968474639,199,200,1.0050251256281406,0.41573970964154905,0.0,"{""T1036 - Defense Evasion: Masquerading"": 200, ""T1498.001 - Impact: Direct Network Flood"": 200, ""T1498.002 - Impact: Reflection/Amplification Attack"": 200, ""T1571 - Defense Evasion: Non-Standard Port"": 200, ""T1583.005 - Resource Development: Acquire Botnet"": 200, ""T1584.005 - Resource Development: Build/Compromise Botnet"": 199, ""T1590 - Reconnaissance: Gather Victim Network Information"": 199, ""T1595 - Reconnaissance: Active Scanning"": 200, ""TA0011 - Command-and-Control"": 200}",24239798,1753
epsilon_greedy_eps0.2,epsilon_greedy_loo_fragility,"{""epsilon"": 0.2}",2323,45,0,8.029027671575543e-05,0.2333231368670504,0.11323586236696899,0.22886103975479336,0.3663021726280181,5,5,1.0,0.0,0.0,"{""T1036 - Defense Evasion: Masquerading"": 5, ""T1498.001 - Impact: Direct Network Flood"": 5, ""T1498.002 - Impact: Reflection/Amplification Attack"": 5, ""T1571 - Defense Evasion: Non-Standard Port"": 5, ""T1583.005 - Resource Development: Acquire Botnet"": 5, ""T1584.005 - Resource Development: Build/Compromise Botnet"": 5, ""T1590 - Reconnaissance: Gather Victim Network Information"": 5, ""T1595 - Reconnaissance: Active Scanning"": 5, ""TA0011 - Command-and-Control"": 5}",24238045,0
epsilon_greedy_eps0.2,epsilon_greedy_loo_fragility,"{""epsilon"": 0.2}",2323,90,45,7.834091750110667e-06,0.22680116150399734,0.11004662973176464,0.22189394345629454,0.36276473512275637,5,45,9.0,12.382783747337808,70.0,"{""T1036 - Defense Evasion: Masquerading"": 6, ""T1498.001 - Impact: Direct Network Flood"": 6, ""T1498.002 - Impact: Reflection/Amplification Attack"": 6, ""T1571 - Defense Evasion: Non-Standard Port"": 45, ""T1583.005 - Resource Development: Acquire Botnet"": 6, ""T1584.005 - Resource Development: Build/Compromise Botnet"": 5, ""T1590 - Reconnaissance: Gather Victim Network Information"": 5, ""T1595 - Reconnaissance: Active Scanning"": 5, ""TA0011 - Command-and-Control"": 6}",24238090,45
epsilon_greedy_eps0.2,epsilon_greedy_loo_fragility,"{""epsilon"": 0.2}",2323,180,135,5.119112555393484e-06,0.2247411608141041,0.1079046436256692,0.2193254382071398,0.3585888930353404,7,45,6.428571428571429,17.21756209352661,146.0,"{""T1036 - Defense Evasion: Masquerading"": 7, ""T1498.001 - Impact: Direct Network Flood"": 8, ""T1498.002 - Impact: Reflection/Amplification Attack"": 8, ""T1571 - Defense Evasion: Non-Standard Port"": 45, ""T1583.005 - Resource Development: Acquire Botnet"": 43, ""T1584.005 - Resource Development: Build/Compromise Botnet"": 45, ""T1590 - Reconnaissance: Gather Victim Network Information"": 8, ""T1595 - Reconnaissance: Active Scanning"": 8, ""TA0011 - Command-and-Control"": 8}",24238180,135
epsilon_greedy_eps0.2,epsilon_greedy_loo_fragility,"{""epsilon"": 0.2}",2323,360,315,1.6268875202870365e-05,0.22140815397090463,0.10442140921388064,0.2159288830092241,0.35326311127137805,17,82,4.823529411764706,23.626726862225798,180.0,"{""T1036 - Defense Evasion: Masquerading"": 18, ""T1498.001 - Impact: Direct Network Flood"": 18, ""T1498.002 - Impact: Reflection/Amplification Attack"": 17, ""T1571 - Defense Evasion: Non-Standard Port"": 45, ""T1583.005 - Resource Development: Acquire Botnet"": 74, ""T1584.005 - Resource Development: Build/Compromise Botnet"": 82, ""T1590 - Reconnaissance: Gather Victim Network Information"": 47, ""T1595 - Reconnaissance: Active Scanning"": 17, ""TA0011 - Command-and-Control"": 42}",24238360,315
epsilon_greedy_eps0.2,epsilon_greedy_loo_fragility,"{""epsilon"": 0.2}",2323,720,675,2.542961171350038e-06,0.22445284926551376,0.10394954161185484,0.21933204071642504,0.3617264826371581,39,162,4.153846153846154,53.49558652615912,452.0,"{""T1036 - Defense Evasion: Masquerading"": 49, ""T1498.001 - Impact: Direct Network Flood"": 39, ""T1498.002 - Impact: Reflection/Amplification Attack"": 40, ""T1571 - Defense Evasion: Non-Standard Port"": 45, ""T1583.005 - Resource Development: Acquire Botnet"": 146, ""T1584.005 - Resource Development: Build/Compromise Botnet"": 158, ""T1590 - Reconnaissance: Gather Victim Network Information"": 162, ""T1595 - Reconnaissance: Active Scanning"": 39, ""TA0011 - Command-and-Control"": 42}",24238720,675
epsilon_greedy_eps0.2,epsilon_greedy_loo_fragility,"{""epsilon"": 0.2}",2323,1200,1155,3.348218373352469e-06,0.22549654597571217,0.10321354338336584,0.2205455413973634,0.3623181195334994,84,200,2.380952380952381,39.701665232357975,328.0,"{""T1036 - Defense Evasion: Masquerading"": 103, ""T1498.001 - Impact: Direct Network Flood"": 85, ""T1498.002 - Impact: Reflection/Amplification Attack"": 96, ""T1571 - Defense Evasion: Non-Standard Port"": 200, ""T1583.005 - Resource Development: Acquire Botnet"": 146, ""T1584.005 - Resource Development: Build/Compromise Botnet"": 158, ""T1590 - Reconnaissance: Gather Victim Network Information"": 162, ""T1595 - Reconnaissance: Active Scanning"": 166, ""TA0011 - Command-and-Control"": 84}",24239200,1155
epsilon_greedy_eps0.2,epsilon_greedy_loo_fragility,"{""epsilon"": 0.2}",2323,1798,1753,0.0,0.22470484448919714,0.10282013170083151,0.21987138712593557,0.3602157968474639,199,200,1.0050251256281406,0.41573970964154905,0.0,"{""T1036 - Defense Evasion: Masquerading"": 200, ""T1498.001 - Impact: Direct Network Flood"": 200, ""T1498.002 - Impact: Reflection/Amplification Attack"": 200, ""T1571 - Defense Evasion: Non-Standard Port"": 200, ""T1583.005 - Resource Development: Acquire Botnet"": 200, ""T1584.005 - Resource Development: Build/Compromise Botnet"": 199, ""T1590 - Reconnaissance: Gather Victim Network Information"": 199, ""T1595 - Reconnaissance: Active Scanning"": 200, ""TA0011 - Command-and-Control"": 200}",24239798,1753
exploration_bonus_c0.25,exploration_bonus_loo_fragility,"{""c"": 0.25}",2323,45,0,8.029027671575543e-05,0.2333231368670504,0.11323586236696899,0.22886103975479336,0.3663021726280181,5,5,1.0,0.0,0.0,"{""T1036 - Defense Evasion: Masquerading"": 5, ""T1498.001 - Impact: Direct Network Flood"": 5, ""T1498.002 - Impact: Reflection/Amplification Attack"": 5, ""T1571 - Defense Evasion: Non-Standard Port"": 5, ""T1583.005 - Resource Development: Acquire Botnet"": 5, ""T1584.005 - Resource Development: Build/Compromise Botnet"": 5, ""T1590 - Reconnaissance: Gather Victim Network Information"": 5, ""T1595 - Reconnaissance: Active Scanning"": 5, ""TA0011 - Command-and-Control"": 5}",24238045,0
exploration_bonus_c0.25,exploration_bonus_loo_fragility,"{""c"": 0.25}",2323,90,45,1.0344950345068456e-05,0.22756009114281084,0.10979476746149815,0.22154258815262828,0.3640917054589131,5,50,10.0,14.142135623730951,80.0,"{""T1036 - Defense Evasion: Masquerading"": 5, ""T1498.001 - Impact: Direct Network Flood"": 5, ""T1498.002 - Impact: Reflection/Amplification Attack"": 5, ""T1571 - Defense Evasion: Non-Standard Port"": 50, ""T1583.005 - Resource Development: Acquire Botnet"": 5, ""T1584.005 - Resource Development: Build/Compromise Botnet"": 5, ""T1590 - Reconnaissance: Gather Victim Network Information"": 5, ""T1595 - Reconnaissance: Active Scanning"": 5, ""TA0011 - Command-and-Control"": 5}",24238090,45
exploration_bonus_c0.25,exploration_bonus_loo_fragility,"{""c"": 0.25}",2323,180,135,5.206797558437515e-06,0.22634009358504567,0.10836505593254653,0.22152192843996898,0.36181299658912813,5,50,10.0,21.213203435596427,180.0,"{""T1036 - Defense Evasion: Masquerading"": 5, ""T1498.001 - Impact: Direct Network Flood"": 5, ""T1498.002 - Impact: Reflection/Amplification Attack"": 5, ""T1571 - Defense Evasion: Non-Standard Port"": 50, ""T1583.005 - Resource Development: Acquire Botnet"": 50, ""T1584.005 - Resource Development: Build/Compromise Botnet"": 5, ""T1590 - Reconnaissance: Gather Victim Network Information"": 5, ""T1595 - Reconnaissance: Active Scanning"": 5, ""TA0011 - Command-and-Control"": 50}",24238180,135
exploration_bonus_c0.25,exploration_bonus_loo_fragility,"{""c"": 0.25}",2323,360,315,2.9300165175575344e-06,0.22518550085810007,0.10670886555883843,0.21917952595122164,0.3617228064206146,5,95,19.0,35.35533905932738,280.0,"{""T1036 - Defense Evasion: Masquerading"": 95, ""T1498.001 - Impact: Direct Network Flood"": 5, ""T1498.002 - Impact: Reflection/Amplification Attack"": 50, ""T1571 - Defense Evasion: Non-Standard Port"": 95, ""T1583.005 - Resource Development: Acquire Botnet"": 50, ""T1584.005 - Resource Development: Build/Compromise Botnet"": 5, ""T1590 - Reconnaissance: Gather Victim Network Information"": 5, ""T1595 - Reconnaissance: Active Scanning"": 5, ""TA0011 - Command-and-Control"": 50}",24238360,315
exploration_bonus_c0.25,exploration_bonus_loo_fragility,"{""c"": 0.25}",2323,720,675,5.442073336489363e-06,0.22488554729070764,0.10651173952425405,0.21990409159398844,0.3604565137782748,5,200,40.0,66.332495807108,480.0,"{""T1036 - Defense Evasion: Masquerading"": 200, ""T1498.001 - Impact: Direct Network Flood"": 5, ""T1498.002 - Impact: Reflection/Amplification Attack"": 80, ""T1571 - Defense Evasion: Non-Standard Port"": 185, ""T1583.005 - Resource Development: Acquire Botnet"": 50, ""T1584.005 - Resource Development: Build/Compromise Botnet"": 5, ""T1590 - Reconnaissance: Gather Victim Network Information"": 95, ""T1595 - Reconnaissance: Active Scanning"": 50, ""TA0011 - Command-and-Control"": 50}",24238720,675
exploration_bonus_c0.25,exploration_bonus_loo_fragility,"{""c"": 0.25}",2323,1200,1155,2.2001391810134005e-06,0.22525263926040023,0.10261834643126491,0.22055585852381993,0.36200110462080337,13,200,15.384615384615385,65.30271391331638,528.0,"{""T1036 - Defense Evasion: Masquerading"": 200, ""T1498.001 - Impact: Direct Network Flood"": 121, ""T1498.002 - Impact: Reflection/Amplification Attack"": 87, ""T1571 - Defense Evasion: Non-Standard Port"": 200, ""T1583.005 - Resource Development: Acquire Botnet"": 100, ""T1584.005 - Resource Development: Build/Compromise Botnet"": 13, ""T1590 - Reconnaissance: Gather Victim Network Information"": 199, ""T1595 - Reconnaissance: Active Scanning"": 200, ""TA0011 - Command-and-Control"": 80}",24239200,1155
exploration_bonus_c0.25,exploration_bonus_loo_fragility,"{""c"": 0.25}",2323,1798,1753,0.0,0.22470484448919714,0.10282013170083151,0.21987138712593557,0.3602157968474639,199,200,1.0050251256281406,0.41573970964154905,0.0,"{""T1036 - Defense Evasion: Masquerading"": 200, ""T1498.001 - Impact: Direct Network Flood"": 200, ""T1498.002 - Impact: Reflection/Amplification Attack"": 200, ""T1571 - Defense Evasion: Non-Standard Port"": 200, ""T1583.005 - Resource Development: Acquire Botnet"": 200, ""T1584.005 - Resource Development: Build/Compromise Botnet"": 199, ""T1590 - Reconnaissance: Gather Victim Network Information"": 199, ""T1595 - Reconnaissance: Active Scanning"": 200, ""TA0011 - Command-and-Control"": 200}",24239798,1753
exploration_bonus_c0.5,exploration_bonus_loo_fragility,"{""c"": 0.5}",2323,45,0,8.029027671575543e-05,0.2333231368670504,0.11323586236696899,0.22886103975479336,0.3663021726280181,5,5,1.0,0.0,0.0,"{""T1036 - Defense Evasion: Masquerading"": 5, ""T1498.001 - Impact: Direct Network Flood"": 5, ""T1498.002 - Impact: Reflection/Amplification Attack"": 5, ""T1571 - Defense Evasion: Non-Standard Port"": 5, ""T1583.005 - Resource Development: Acquire Botnet"": 5, ""T1584.005 - Resource Development: Build/Compromise Botnet"": 5, ""T1590 - Reconnaissance: Gather Victim Network Information"": 5, ""T1595 - Reconnaissance: Active Scanning"": 5, ""TA0011 - Command-and-Control"": 5}",24238045,0
exploration_bonus_c0.5,exploration_bonus_loo_fragility,"{""c"": 0.5}",2323,90,45,1.0344950345068456e-05,0.22756009114281084,0.10979476746149815,0.22154258815262828,0.3640917054589131,5,50,10.0,14.142135623730951,80.0,"{""T1036 - Defense Evasion: Masquerading"": 5, ""T1498.001 - Impact: Direct Network Flood"": 5, ""T1498.002 - Impact: Reflection/Amplification Attack"": 5, ""T1571 - Defense Evasion: Non-Standard Port"": 50, ""T1583.005 - Resource Development: Acquire Botnet"": 5, ""T1584.005 - Resource Development: Build/Compromise Botnet"": 5, ""T1590 - Reconnaissance: Gather Victim Network Information"": 5, ""T1595 - Reconnaissance: Active Scanning"": 5, ""TA0011 - Command-and-Control"": 5}",24238090,45
exploration_bonus_c0.5,exploration_bonus_loo_fragility,"{""c"": 0.5}",2323,180,135,1.3927521095368167e-05,0.22808591149408453,0.10965055463020333,0.22234202497530486,0.3665848013173646,5,50,10.0,17.832554500127006,140.0,"{""T1036 - Defense Evasion: Masquerading"": 31, ""T1498.001 - Impact: Direct Network Flood"": 20, ""T1498.002 - Impact: Reflection/Amplification Attack"": 5, ""T1571 - Defense Evasion: Non-Standard Port"": 50, ""T1583.005 - Resource Development: Acquire Botnet"": 49, ""T1584.005 - Resource Development: Build/Compromise Botnet"": 5, ""T1590 - Reconnaissance: Gather Victim Network Information"": 5, ""T1595 - Reconnaissance: Active Scanning"": 5, ""TA0011 - Command-and-Control"": 10}",24238180,135
exploration_bonus_c0.5,exploration_bonus_loo_fragility,"{""c"": 0.5}",2323,360,315,4.133130850792754e-05,0.23080576374667988,0.11174127502974444,0.22453417812176912,0.36928897570151537,5,134,26.8,41.290300179205396,308.0,"{""T1036 - Defense Evasion: Masquerading"": 76, ""T1498.001 - Impact: Direct Network Flood"": 20, ""T1498.002 - Impact: Reflection/Amplification Attack"": 5, ""T1571 - Defense Evasion: Non-Standard Port"": 134, ""T1583.005 - Resource Development: Acquire Botnet"": 49, ""T1584.005 - Resource Development: Build/Compromise Botnet"": 5, ""T1590 - Reconnaissance: Gather Victim Network Information"": 55, ""T1595 - Reconnaissance: Active Scanning"": 6, ""TA0011 - Command-and-Control"": 10}",24238360,315
exploration_bonus_c0.5,exploration_bonus_loo_fragility,"{""c"": 0.5}",2323,720,675,4.113916298886357e-06,0.2263065761722833,0.10477036026906254,0.22169806578762485,0.3623563681368252,6,199,33.166666666666664,68.0767540680697,486.0,"{""T1036 - Defense Evasion: Masquerading"": 76, ""T1498.001 - Impact: Direct Network Flood"": 57, ""T1498.002 - Impact: Reflection/Amplification Attack"": 85, ""T1571 - Defense Evasion: Non-Standard Port"": 199, ""T1583.005 - Resource Development: Acquire Botnet"": 49, ""T1584.005 - Resource Development: Build/Compromise Botnet"": 6, ""T1590 - Reconnaissance: Gather Victim Network Information"": 199, ""T1595 - Reconnaissance: Active Scanning"": 35, ""TA0011 - Command-and-Control"": 14}",24238720,675
exploration_bonus_c0.5,exploration_bonus_loo_fragility,"{""c"": 0.5}",2323,1200,1155,6.2907852197339225e-06,0.22626841187771274,0.10272212167548021,0.22132172326606106,0.3634064757674764,11,200,18.181818181818183,79.27308636745653,662.0,"{""T1036 - Defense Evasion: Masquerading"": 200, ""T1498.001 - Impact: Direct Network Flood"": 200, ""T1498.002 - Impact: Reflection/Amplification Attack"": 112, ""T1571 - Defense Evasion: Non-Standard Port"": 200, ""T1583.005 - Resource Development: Acquire Botnet"": 64, ""T1584.005 - Resource Development: Build/Compromise Botnet"": 11, ""T1590 - Reconnaissance: Gather Victim Network Information"": 199, ""T1595 - Reconnaissance: Active Scanning"": 200, ""TA0011 - Command-and-Control"": 14}",24239200,1155
exploration_bonus_c0.5,exploration_bonus_loo_fragility,"{""c"": 0.5}",2323,1798,1753,0.0,0.22470484448919714,0.10282013170083151,0.21987138712593557,0.3602157968474639,199,200,1.0050251256281406,0.41573970964154905,0.0,"{""T1036 - Defense Evasion: Masquerading"": 200, ""T1498.001 - Impact: Direct Network Flood"": 200, ""T1498.002 - Impact: Reflection/Amplification Attack"": 200, ""T1571 - Defense Evasion: Non-Standard Port"": 200, ""T1583.005 - Resource Development: Acquire Botnet"": 200, ""T1584.005 - Resource Development: Build/Compromise Botnet"": 199, ""T1590 - Reconnaissance: Gather Victim Network Information"": 199, ""T1595 - Reconnaissance: Active Scanning"": 200, ""TA0011 - Command-and-Control"": 200}",24239798,1753
exploration_bonus_c1.0,exploration_bonus_loo_fragility,"{""c"": 1.0}",2323,45,0,8.029027671575543e-05,0.2333231368670504,0.11323586236696899,0.22886103975479336,0.3663021726280181,5,5,1.0,0.0,0.0,"{""T1036 - Defense Evasion: Masquerading"": 5, ""T1498.001 - Impact: Direct Network Flood"": 5, ""T1498.002 - Impact: Reflection/Amplification Attack"": 5, ""T1571 - Defense Evasion: Non-Standard Port"": 5, ""T1583.005 - Resource Development: Acquire Botnet"": 5, ""T1584.005 - Resource Development: Build/Compromise Botnet"": 5, ""T1590 - Reconnaissance: Gather Victim Network Information"": 5, ""T1595 - Reconnaissance: Active Scanning"": 5, ""TA0011 - Command-and-Control"": 5}",24238045,0
exploration_bonus_c1.0,exploration_bonus_loo_fragility,"{""c"": 1.0}",2323,90,45,1.0344950345068456e-05,0.22756009114281084,0.10979476746149815,0.22154258815262828,0.3640917054589131,5,50,10.0,14.142135623730951,80.0,"{""T1036 - Defense Evasion: Masquerading"": 5, ""T1498.001 - Impact: Direct Network Flood"": 5, ""T1498.002 - Impact: Reflection/Amplification Attack"": 5, ""T1571 - Defense Evasion: Non-Standard Port"": 50, ""T1583.005 - Resource Development: Acquire Botnet"": 5, ""T1584.005 - Resource Development: Build/Compromise Botnet"": 5, ""T1590 - Reconnaissance: Gather Victim Network Information"": 5, ""T1595 - Reconnaissance: Active Scanning"": 5, ""TA0011 - Command-and-Control"": 5}",24238090,45
exploration_bonus_c1.0,exploration_bonus_loo_fragility,"{""c"": 1.0}",2323,180,135,6.549648295045168e-06,0.22586724086462068,0.11062945856757292,0.22037272966920562,0.3604487251380527,5,50,10.0,15.427248620541512,120.0,"{""T1036 - Defense Evasion: Masquerading"": 12, ""T1498.001 - Impact: Direct Network Flood"": 13, ""T1498.002 - Impact: Reflection/Amplification Attack"": 5, ""T1571 - Defense Evasion: Non-Standard Port"": 50, ""T1583.005 - Resource Development: Acquire Botnet"": 43, ""T1584.005 - Resource Development: Build/Compromise Botnet"": 7, ""T1590 - Reconnaissance: Gather Victim Network Information"": 14, ""T1595 - Reconnaissance: Active Scanning"": 9, ""TA0011 - Command-and-Control"": 27}",24238180,135
exploration_bonus_c1.0,exploration_bonus_loo_fragility,"{""c"": 1.0}",2323,360,315,3.527595760054176e-06,0.22482919630088835,0.10759659829910134,0.21896273766232432,0.3587097335650633,5,179,35.8,52.20685353050455,330.0,"{""T1036 - Defense Evasion: Masquerading"": 12, ""T1498.001 - Impact: Direct Network Flood"": 15, ""T1498.002 - Impact: Reflection/Amplification Attack"": 5, ""T1571 - Defense Evasion: Non-Standard Port"": 50, ""T1583.005 - Resource Development: Acquire Botnet"": 179, ""T1584.005 - Resource Development: Build/Compromise Botnet"": 7, ""T1590 - Reconnaissance: Gather Victim Network Information"": 56, ""T1595 - Reconnaissance: Active Scanning"": 9, ""TA0011 - Command-and-Control"": 27}",24238360,315
exploration_bonus_c1.0,exploration_bonus_loo_fragility,"{""c"": 1.0}",2323,720,675,7.123512249449339e-06,0.22462938069178098,0.10881978913672488,0.21959828175740237,0.3581544333932565,28,200,7.142857142857143,48.88989897946428,308.0,"{""T1036 - Defense Evasion: Masquerading"": 69, ""T1498.001 - Impact: Direct Network Flood"": 83, ""T1498.002 - Impact: Reflection/Amplification Attack"": 28, ""T1571 - Defense Evasion: Non-Standard Port"": 92, ""T1583.005 - Resource Development: Acquire Botnet"": 200, ""T1584.005 - Resource Development: Build/Compromise Botnet"": 32, ""T1590 - Reconnaissance: Gather Victim Network Information"": 75, ""T1595 - Reconnaissance: Active Scanning"": 99, ""TA0011 - Command-and-Control"": 42}",24238720,675
exploration_bonus_c1.0,exploration_bonus_loo_fragility,"{""c"": 1.0}",2323,1200,1155,1.655857468126639e-06,0.22540970028629295,0.10659993481039351,0.22009272579736688,0.3586711023042063,42,200,4.761904761904762,54.52828012447608,420.0,"{""T1036 - Defense Evasion: Masquerading"": 200, ""T1498.001 - Impact: Direct Network Flood"": 128, ""T1498.002 - Impact: Reflection/Amplification Attack"": 63, ""T1571 - Defense Evasion: Non-Standard Port"": 169, ""T1583.005 - Resource Development: Acquire Botnet"": 200, ""T1584.005 - Resource Development: Build/Compromise Botnet"": 169, ""T1590 - Reconnaissance: Gather Victim Network Information"": 89, ""T1595 - Reconnaissance: Active Scanning"": 140, ""TA0011 - Command-and-Control"": 42}",24239200,1155
exploration_bonus_c1.0,exploration_bonus_loo_fragility,"{""c"": 1.0}",2323,1798,1753,0.0,0.22470484448919714,0.10282013170083151,0.21987138712593557,0.3602157968474639,199,200,1.0050251256281406,0.41573970964154905,0.0,"{""T1036 - Defense Evasion: Masquerading"": 200, ""T1498.001 - Impact: Direct Network Flood"": 200, ""T1498.002 - Impact: Reflection/Amplification Attack"": 200, ""T1571 - Defense Evasion: Non-Standard Port"": 200, ""T1583.005 - Resource Development: Acquire Botnet"": 200, ""T1584.005 - Resource Development: Build/Compromise Botnet"": 199, ""T1590 - Reconnaissance: Gather Victim Network Information"": 199, ""T1595 - Reconnaissance: Active Scanning"": 200, ""TA0011 - Command-and-Control"": 200}",24239798,1753
uniform_step_balanced,uniform_step_balanced,{},2424,45,0,5.8908094928448456e-05,0.21914290324433258,0.10355019597264496,0.21377476368257853,0.3517234641506589,5,5,1.0,0.0,0.0,"{""T1036 - Defense Evasion: Masquerading"": 5, ""T1498.001 - Impact: Direct Network Flood"": 5, ""T1498.002 - Impact: Reflection/Amplification Attack"": 5, ""T1571 - Defense Evasion: Non-Standard Port"": 5, ""T1583.005 - Resource Development: Acquire Botnet"": 5, ""T1584.005 - Resource Development: Build/Compromise Botnet"": 5, ""T1590 - Reconnaissance: Gather Victim Network Information"": 5, ""T1595 - Reconnaissance: Active Scanning"": 5, ""TA0011 - Command-and-Control"": 5}",25248045,0
uniform_step_balanced,uniform_step_balanced,{},2424,90,45,4.208719668306935e-05,0.2209545065329877,0.09977508542699107,0.21655665832157175,0.3518104853062883,10,10,1.0,0.0,0.0,"{""T1036 - Defense Evasion: Masquerading"": 10, ""T1498.001 - Impact: Direct Network Flood"": 10, ""T1498.002 - Impact: Reflection/Amplification Attack"": 10, ""T1571 - Defense Evasion: Non-Standard Port"": 10, ""T1583.005 - Resource Development: Acquire Botnet"": 10, ""T1584.005 - Resource Development: Build/Compromise Botnet"": 10, ""T1590 - Reconnaissance: Gather Victim Network Information"": 10, ""T1595 - Reconnaissance: Active Scanning"": 10, ""TA0011 - Command-and-Control"": 10}",25248090,45
uniform_step_balanced,uniform_step_balanced,{},2424,180,135,2.2590943965509775e-05,0.22086900989490596,0.09806885547441342,0.21679626775093702,0.356137716700116,20,20,1.0,0.0,0.0,"{""T1036 - Defense Evasion: Masquerading"": 20, ""T1498.001 - Impact: Direct Network Flood"": 20, ""T1498.002 - Impact: Reflection/Amplification Attack"": 20, ""T1571 - Defense Evasion: Non-Standard Port"": 20, ""T1583.005 - Resource Development: Acquire Botnet"": 20, ""T1584.005 - Resource Development: Build/Compromise Botnet"": 20, ""T1590 - Reconnaissance: Gather Victim Network Information"": 20, ""T1595 - Reconnaissance: Active Scanning"": 20, ""TA0011 - Command-and-Control"": 20}",25248180,135
uniform_step_balanced,uniform_step_balanced,{},2424,360,315,2.3699412428590572e-05,0.22061815135563057,0.09901328450666788,0.21696839321034828,0.35138590524846713,40,40,1.0,0.0,0.0,"{""T1036 - Defense Evasion: Masquerading"": 40, ""T1498.001 - Impact: Direct Network Flood"": 40, ""T1498.002 - Impact: Reflection/Amplification Attack"": 40, ""T1571 - Defense Evasion: Non-Standard Port"": 40, ""T1583.005 - Resource Development: Acquire Botnet"": 40, ""T1584.005 - Resource Development: Build/Compromise Botnet"": 40, ""T1590 - Reconnaissance: Gather Victim Network Information"": 40, ""T1595 - Reconnaissance: Active Scanning"": 40, ""TA0011 - Command-and-Control"": 40}",25248360,315
uniform_step_balanced,uniform_step_balanced,{},2424,720,675,9.934302206594568e-06,0.2225194264025632,0.1021039308889372,0.21846454655201747,0.35429739606971034,80,80,1.0,0.0,0.0,"{""T1036 - Defense Evasion: Masquerading"": 80, ""T1498.001 - Impact: Direct Network Flood"": 80, ""T1498.002 - Impact: Reflection/Amplification Attack"": 80, ""T1571 - Defense Evasion: Non-Standard Port"": 80, ""T1583.005 - Resource Development: Acquire Botnet"": 80, ""T1584.005 - Resource Development: Build/Compromise Botnet"": 80, ""T1590 - Reconnaissance: Gather Victim Network Information"": 80, ""T1595 - Reconnaissance: Active Scanning"": 80, ""TA0011 - Command-and-Control"": 80}",25248720,675
uniform_step_balanced,uniform_step_balanced,{},2424,1200,1155,2.0166366991213867e-06,0.22420159946154491,0.10276467484382014,0.21960780782262054,0.3596965005300162,133,134,1.0075187969924813,0.4714045207910317,0.0,"{""T1036 - Defense Evasion: Masquerading"": 133, ""T1498.001 - Impact: Direct Network Flood"": 134, ""T1498.002 - Impact: Reflection/Amplification Attack"": 134, ""T1571 - Defense Evasion: Non-Standard Port"": 133, ""T1583.005 - Resource Development: Acquire Botnet"": 133, ""T1584.005 - Resource Development: Build/Compromise Botnet"": 133, ""T1590 - Reconnaissance: Gather Victim Network Information"": 134, ""T1595 - Reconnaissance: Active Scanning"": 133, ""TA0011 - Command-and-Control"": 133}",25249200,1155
uniform_step_balanced,uniform_step_balanced,{},2424,1798,1753,0.0,0.22470484448919714,0.10282013170083151,0.21987138712593557,0.3602157968474639,199,200,1.0050251256281406,0.41573970964154905,0.0,"{""T1036 - Defense Evasion: Masquerading"": 200, ""T1498.001 - Impact: Direct Network Flood"": 200, ""T1498.002 - Impact: Reflection/Amplification Attack"": 200, ""T1571 - Defense Evasion: Non-Standard Port"": 200, ""T1583.005 - Resource Development: Acquire Botnet"": 200, ""T1584.005 - Resource Development: Build/Compromise Botnet"": 199, ""T1590 - Reconnaissance: Gather Victim Network Information"": 199, ""T1595 - Reconnaissance: Active Scanning"": 200, ""TA0011 - Command-and-Control"": 200}",25249798,1753
greedy_loo_fragility,greedy_loo_fragility,{},2424,45,0,5.8908094928448456e-05,0.21914290324433258,0.10355019597264496,0.21377476368257853,0.3517234641506589,5,5,1.0,0.0,0.0,"{""T1036 - Defense Evasion: Masquerading"": 5, ""T1498.001 - Impact: Direct Network Flood"": 5, ""T1498.002 - Impact: Reflection/Amplification Attack"": 5, ""T1571 - Defense Evasion: Non-Standard Port"": 5, ""T1583.005 - Resource Development: Acquire Botnet"": 5, ""T1584.005 - Resource Development: Build/Compromise Botnet"": 5, ""T1590 - Reconnaissance: Gather Victim Network Information"": 5, ""T1595 - Reconnaissance: Active Scanning"": 5, ""TA0011 - Command-and-Control"": 5}",25248045,0
greedy_loo_fragility,greedy_loo_fragility,{},2424,90,45,8.632760578052927e-06,0.22463105730653588,0.10830365666007008,0.220097178584918,0.35423317221495515,5,50,10.0,14.142135623730951,80.0,"{""T1036 - Defense Evasion: Masquerading"": 5, ""T1498.001 - Impact: Direct Network Flood"": 5, ""T1498.002 - Impact: Reflection/Amplification Attack"": 5, ""T1571 - Defense Evasion: Non-Standard Port"": 50, ""T1583.005 - Resource Development: Acquire Botnet"": 5, ""T1584.005 - Resource Development: Build/Compromise Botnet"": 5, ""T1590 - Reconnaissance: Gather Victim Network Information"": 5, ""T1595 - Reconnaissance: Active Scanning"": 5, ""TA0011 - Command-and-Control"": 5}",25248090,45
greedy_loo_fragility,greedy_loo_fragility,{},2424,180,135,1.882769140967956e-05,0.2209908173994392,0.10047893501193224,0.21683829626260434,0.35312881306225835,5,50,10.0,21.213203435596427,180.0,"{""T1036 - Defense Evasion: Masquerading"": 50, ""T1498.001 - Impact: Direct Network Flood"": 5, ""T1498.002 - Impact: Reflection/Amplification Attack"": 5, ""T1571 - Defense Evasion: Non-Standard Port"": 50, ""T1583.005 - Resource Development: Acquire Botnet"": 5, ""T1584.005 - Resource Development: Build/Compromise Botnet"": 5, ""T1590 - Reconnaissance: Gather Victim Network Information"": 50, ""T1595 - Reconnaissance: Active Scanning"": 5, ""TA0011 - Command-and-Control"": 5}",25248180,135
greedy_loo_fragility,greedy_loo_fragility,{},2424,360,315,2.9883150277849736e-05,0.2203366422035469,0.1014558714582895,0.21638379760706758,0.3492538616762308,5,185,37.0,59.16079783099616,420.0,"{""T1036 - Defense Evasion: Masquerading"": 185, ""T1498.001 - Impact: Direct Network Flood"": 5, ""T1498.002 - Impact: Reflection/Amplification Attack"": 5, ""T1571 - Defense Evasion: Non-Standard Port"": 50, ""T1583.005 - Resource Development: Acquire Botnet"": 5, ""T1584.005 - Resource Development: Build/Compromise Botnet"": 5, ""T1590 - Reconnaissance: Gather Victim Network Information"": 95, ""T1595 - Reconnaissance: Active Scanning"": 5, ""TA0011 - Command-and-Control"": 5}",25248360,315
greedy_loo_fragility,greedy_loo_fragility,{},2424,720,675,1.6482131591755483e-05,0.2224910735025804,0.1017531468635901,0.21817324145197134,0.35436142243635477,5,200,40.0,83.78676639077452,688.0,"{""T1036 - Defense Evasion: Masquerading"": 200, ""T1498.001 - Impact: Direct Network Flood"": 5, ""T1498.002 - Impact: Reflection/Amplification Attack"": 185, ""T1571 - Defense Evasion: Non-Standard Port"": 66, ""T1583.005 - Resource Development: Acquire Botnet"": 5, ""T1584.005 - Resource Development: Build/Compromise Botnet"": 50, ""T1590 - Reconnaissance: Gather Victim Network Information"": 199, ""T1595 - Reconnaissance: Active Scanning"": 5, ""TA0011 - Command-and-Control"": 5}",25248720,675
greedy_loo_fragility,greedy_loo_fragility,{},2424,1200,1155,9.22450260148158e-06,0.22266683129384857,0.10405770764730037,0.2179525803182047,0.35485097149291056,5,200,40.0,75.73491782380026,572.0,"{""T1036 - Defense Evasion: Masquerading"": 200, ""T1498.001 - Impact: Direct Network Flood"": 200, ""T1498.002 - Impact: Reflection/Amplification Attack"": 200, ""T1571 - Defense Evasion: Non-Standard Port"": 111, ""T1583.005 - Resource Development: Acquire Botnet"": 5, ""T1584.005 - Resource Development: Build/Compromise Botnet"": 125, ""T1590 - Reconnaissance: Gather Victim Network Information"": 199, ""T1595 - Reconnaissance: Active Scanning"": 155, ""TA0011 - Command-and-Control"": 5}",25249200,1155
greedy_loo_fragility,greedy_loo_fragility,{},2424,1798,1753,0.0,0.22470484448919714,0.10282013170083151,0.21987138712593557,0.3602157968474639,199,200,1.0050251256281406,0.41573970964154905,0.0,"{""T1036 - Defense Evasion: Masquerading"": 200, ""T1498.001 - Impact: Direct Network Flood"": 200, ""T1498.002 - Impact: Reflection/Amplification Attack"": 200, ""T1571 - Defense Evasion: Non-Standard Port"": 200, ""T1583.005 - Resource Development: Acquire Botnet"": 200, ""T1584.005 - Resource Development: Build/Compromise Botnet"": 199, ""T1590 - Reconnaissance: Gather Victim Network Information"": 199, ""T1595 - Reconnaissance: Active Scanning"": 200, ""TA0011 - Command-and-Control"": 200}",25249798,1753
epsilon_greedy_eps0.2,epsilon_greedy_loo_fragility,"{""epsilon"": 0.2}",2424,45,0,5.8908094928448456e-05,0.21914290324433258,0.10355019597264496,0.21377476368257853,0.3517234641506589,5,5,1.0,0.0,0.0,"{""T1036 - Defense Evasion: Masquerading"": 5, ""T1498.001 - Impact: Direct Network Flood"": 5, ""T1498.002 - Impact: Reflection/Amplification Attack"": 5, ""T1571 - Defense Evasion: Non-Standard Port"": 5, ""T1583.005 - Resource Development: Acquire Botnet"": 5, ""T1584.005 - Resource Development: Build/Compromise Botnet"": 5, ""T1590 - Reconnaissance: Gather Victim Network Information"": 5, ""T1595 - Reconnaissance: Active Scanning"": 5, ""TA0011 - Command-and-Control"": 5}",25248045,0
epsilon_greedy_eps0.2,epsilon_greedy_loo_fragility,"{""epsilon"": 0.2}",2424,90,45,9.738312560925798e-06,0.22268039437634926,0.09771016230933684,0.2184148569882354,0.35565364870415245,6,40,6.666666666666667,10.614455552060438,60.0,"{""T1036 - Defense Evasion: Masquerading"": 7, ""T1498.001 - Impact: Direct Network Flood"": 6, ""T1498.002 - Impact: Reflection/Amplification Attack"": 6, ""T1571 - Defense Evasion: Non-Standard Port"": 40, ""T1583.005 - Resource Development: Acquire Botnet"": 6, ""T1584.005 - Resource Development: Build/Compromise Botnet"": 6, ""T1590 - Reconnaissance: Gather Victim Network Information"": 7, ""T1595 - Reconnaissance: Active Scanning"": 6, ""TA0011 - Command-and-Control"": 6}",25248090,45
epsilon_greedy_eps0.2,epsilon_greedy_loo_fragility,"{""epsilon"": 0.2}",2424,180,135,1.6794002305198894e-05,0.22144136126882832,0.09676362607082471,0.21761032728370006,0.35211296722640745,9,46,5.111111111111111,15.427248620541512,130.0,"{""T1036 - Defense Evasion: Masquerading"": 9, ""T1498.001 - Impact: Direct Network Flood"": 9, ""T1498.002 - Impact: Reflection/Amplification Attack"": 10, ""T1571 - Defense Evasion: Non-Standard Port"": 40, ""T1583.005 - Resource Development: Acquire Botnet"": 9, ""T1584.005 - Resource Development: Build/Compromise Botnet"": 9, ""T1590 - Reconnaissance: Gather Victim Network Information"": 9, ""T1595 - Reconnaissance: Active Scanning"": 46, ""TA0011 - Command-and-Control"": 39}",25248180,135
epsilon_greedy_eps0.2,epsilon_greedy_loo_fragility,"{""epsilon"": 0.2}",2424,360,315,3.6843605043031436e-05,0.2196408033746976,0.09829952409881494,0.21621826380276388,0.3490060105079991,18,85,4.722222222222222,20.165977949672232,134.0,"{""T1036 - Defense Evasion: Masquerading"": 51, ""T1498.001 - Impact: Direct Network Flood"": 85, ""T1498.002 - Impact: Reflection/Amplification Attack"": 45, ""T1571 - Defense Evasion: Non-Standard Port"": 40, ""T1583.005 - Resource Development: Acquire Botnet"": 18, ""T1584.005 - Resource Development: Build/Compromise Botnet"": 18, ""T1590 - Reconnaissance: Gather Victim Network Information"": 18, ""T1595 - Reconnaissance: Active Scanning"": 46, ""TA0011 - Command-and-Control"": 39}",25248360,315
epsilon_greedy_eps0.2,epsilon_greedy_loo_fragility,"{""epsilon"": 0.2}",2424,720,675,1.8979466363473232e-05,0.22089026080839438,0.09840415229009697,0.21715740477380702,0.35452087253804626,40,200,5.0,62.0573211725346,464.0,"{""T1036 - Defense Evasion: Masquerading"": 86, ""T1498.001 - Impact: Direct Network Flood"": 200, ""T1498.002 - Impact: Reflection/Amplification Attack"": 45, ""T1571 - Defense Evasion: Non-Standard Port"": 41, ""T1583.005 - Resource Development: Acquire Botnet"": 40, ""T1584.005 - Resource Development: Build/Compromise Botnet"": 41, ""T1590 - Reconnaissance: Gather Victim Network Information"": 41, ""T1595 - Reconnaissance: Active Scanning"": 186, ""TA0011 - Command-and-Control"": 40}",25248720,675
epsilon_greedy_eps0.2,epsilon_greedy_loo_fragility,"{""epsilon"": 0.2}",2424,1200,1155,2.8466720911094518e-06,0.22474935141811292,0.10183340284562686,0.22001644837420498,0.3610729368597286,84,200,2.380952380952381,49.34459330959055,420.0,"{""T1036 - Defense Evasion: Masquerading"": 161, ""T1498.001 - Impact: Direct Network Flood"": 200, ""T1498.002 - Impact: Reflection/Amplification Attack"": 84, ""T1571 - Defense Evasion: Non-Standard Port"": 184, ""T1583.005 - Resource Development: Acquire Botnet"": 84, ""T1584.005 - Resource Development: Build/Compromise Botnet"": 84, ""T1590 - Reconnaissance: Gather Victim Network Information"": 115, ""T1595 - Reconnaissance: Active Scanning"": 200, ""TA0011 - Command-and-Control"": 88}",25249200,1155
epsilon_greedy_eps0.2,epsilon_greedy_loo_fragility,"{""epsilon"": 0.2}",2424,1798,1753,0.0,0.22470484448919714,0.10282013170083151,0.21987138712593557,0.3602157968474639,199,200,1.0050251256281406,0.41573970964154905,0.0,"{""T1036 - Defense Evasion: Masquerading"": 200, ""T1498.001 - Impact: Direct Network Flood"": 200, ""T1498.002 - Impact: Reflection/Amplification Attack"": 200, ""T1571 - Defense Evasion: Non-Standard Port"": 200, ""T1583.005 - Resource Development: Acquire Botnet"": 200, ""T1584.005 - Resource Development: Build/Compromise Botnet"": 199, ""T1590 - Reconnaissance: Gather Victim Network Information"": 199, ""T1595 - Reconnaissance: Active Scanning"": 200, ""TA0011 - Command-and-Control"": 200}",25249798,1753
exploration_bonus_c0.25,exploration_bonus_loo_fragility,"{""c"": 0.25}",2424,45,0,5.8908094928448456e-05,0.21914290324433258,0.10355019597264496,0.21377476368257853,0.3517234641506589,5,5,1.0,0.0,0.0,"{""T1036 - Defense Evasion: Masquerading"": 5, ""T1498.001 - Impact: Direct Network Flood"": 5, ""T1498.002 - Impact: Reflection/Amplification Attack"": 5, ""T1571 - Defense Evasion: Non-Standard Port"": 5, ""T1583.005 - Resource Development: Acquire Botnet"": 5, ""T1584.005 - Resource Development: Build/Compromise Botnet"": 5, ""T1590 - Reconnaissance: Gather Victim Network Information"": 5, ""T1595 - Reconnaissance: Active Scanning"": 5, ""TA0011 - Command-and-Control"": 5}",25248045,0
exploration_bonus_c0.25,exploration_bonus_loo_fragility,"{""c"": 0.25}",2424,90,45,8.632760578052927e-06,0.22463105730653588,0.10830365666007008,0.220097178584918,0.35423317221495515,5,50,10.0,14.142135623730951,80.0,"{""T1036 - Defense Evasion: Masquerading"": 5, ""T1498.001 - Impact: Direct Network Flood"": 5, ""T1498.002 - Impact: Reflection/Amplification Attack"": 5, ""T1571 - Defense Evasion: Non-Standard Port"": 50, ""T1583.005 - Resource Development: Acquire Botnet"": 5, ""T1584.005 - Resource Development: Build/Compromise Botnet"": 5, ""T1590 - Reconnaissance: Gather Victim Network Information"": 5, ""T1595 - Reconnaissance: Active Scanning"": 5, ""TA0011 - Command-and-Control"": 5}",25248090,45
exploration_bonus_c0.25,exploration_bonus_loo_fragility,"{""c"": 0.25}",2424,180,135,2.1911125087353128e-05,0.22058213023375992,0.09980068941898565,0.21637014510052638,0.35191452505305937,5,56,11.2,21.400934559032695,180.0,"{""T1036 - Defense Evasion: Masquerading"": 56, ""T1498.001 - Impact: Direct Network Flood"": 5, ""T1498.002 - Impact: Reflection/Amplification Attack"": 5, ""T1571 - Defense Evasion: Non-Standard Port"": 50, ""T1583.005 - Resource Development: Acquire Botnet"": 5, ""T1584.005 - Resource Development: Build/Compromise Botnet"": 5, ""T1590 - Reconnaissance: Gather Victim Network Information"": 44, ""T1595 - Reconnaissance: Active Scanning"": 5, ""TA0011 - Command-and-Control"": 5}",25248180,135
exploration_bonus_c0.25,exploration_bonus_loo_fragility,"{""c"": 0.25}",2424,360,315,2.938655776832316e-05,0.22037452909158747,0.10286050736464035,0.21671597352657407,0.3488218916990645,5,199,39.8,61.69999099585743,418.0,"{""T1036 - Defense Evasion: Masquerading"": 80, ""T1498.001 - Impact: Direct Network Flood"": 5, ""T1498.002 - Impact: Reflection/Amplification Attack"": 6, ""T1571 - Defense Evasion: Non-Standard Port"": 50, ""T1583.005 - Resource Development: Acquire Botnet"": 5, ""T1584.005 - Resource Development: Build/Compromise Botnet"": 5, ""T1590 - Reconnaissance: Gather Victim Network Information"": 199, ""T1595 - Reconnaissance: Active Scanning"": 5, ""TA0011 - Command-and-Control"": 5}",25248360,315
exploration_bonus_c0.25,exploration_bonus_loo_fragility,"{""c"": 0.25}",2424,720,675,4.8880337782381255e-06,0.22542422447771018,0.10754061538973156,0.2207573362485305,0.35750419766283686,5,200,40.0,85.44653949172611,718.0,"{""T1036 - Defense Evasion: Masquerading"": 200, ""T1498.001 - Impact: Direct Network Flood"": 5, ""T1498.002 - Impact: Reflection/Amplification Attack"": 6, ""T1571 - Defense Evasion: Non-Standard Port"": 95, ""T1583.005 - Resource Development: Acquire Botnet"": 18, ""T1584.005 - Resource Development: Build/Compromise Botnet"": 185, ""T1590 - Reconnaissance: Gather Victim Network Information"": 199, ""T1595 - Reconnaissance: Active Scanning"": 5, ""TA0011 - Command-and-Control"": 7}",25248720,675
exploration_bonus_c0.25,exploration_bonus_loo_fragility,"{""c"": 0.25}",2424,1200,1155,4.7408687436861945e-06,0.22321279884361844,0.10321547451541484,0.21841931975054005,0.3571103691231739,8,200,25.0,79.58503488582372,660.0,"{""T1036 - Defense Evasion: Masquerading"": 200, ""T1498.001 - Impact: Direct Network Flood"": 8, ""T1498.002 - Impact: Reflection/Amplification Attack"": 200, ""T1571 - Defense Evasion: Non-Standard Port"": 109, ""T1583.005 - Resource Development: Acquire Botnet"": 200, ""T1584.005 - Resource Development: Build/Compromise Botnet"": 199, ""T1590 - Reconnaissance: Gather Victim Network Information"": 199, ""T1595 - Reconnaissance: Active Scanning"": 9, ""TA0011 - Command-and-Control"": 76}",25249200,1155
exploration_bonus_c0.25,exploration_bonus_loo_fragility,"{""c"": 0.25}",2424,1798,1753,0.0,0.22470484448919714,0.10282013170083151,0.21987138712593557,0.3602157968474639,199,200,1.0050251256281406,0.41573970964154905,0.0,"{""T1036 - Defense Evasion: Masquerading"": 200, ""T1498.001 - Impact: Direct Network Flood"": 200, ""T1498.002 - Impact: Reflection/Amplification Attack"": 200, ""T1571 - Defense Evasion: Non-Standard Port"": 200, ""T1583.005 - Resource Development: Acquire Botnet"": 200, ""T1584.005 - Resource Development: Build/Compromise Botnet"": 199, ""T1590 - Reconnaissance: Gather Victim Network Information"": 199, ""T1595 - Reconnaissance: Active Scanning"": 200, ""TA0011 - Command-and-Control"": 200}",25249798,1753
exploration_bonus_c0.5,exploration_bonus_loo_fragility,"{""c"": 0.5}",2424,45,0,5.8908094928448456e-05,0.21914290324433258,0.10355019597264496,0.21377476368257853,0.3517234641506589,5,5,1.0,0.0,0.0,"{""T1036 - Defense Evasion: Masquerading"": 5, ""T1498.001 - Impact: Direct Network Flood"": 5, ""T1498.002 - Impact: Reflection/Amplification Attack"": 5, ""T1571 - Defense Evasion: Non-Standard Port"": 5, ""T1583.005 - Resource Development: Acquire Botnet"": 5, ""T1584.005 - Resource Development: Build/Compromise Botnet"": 5, ""T1590 - Reconnaissance: Gather Victim Network Information"": 5, ""T1595 - Reconnaissance: Active Scanning"": 5, ""TA0011 - Command-and-Control"": 5}",25248045,0
exploration_bonus_c0.5,exploration_bonus_loo_fragility,"{""c"": 0.5}",2424,90,45,8.632760578052927e-06,0.22463105730653588,0.10830365666007008,0.220097178584918,0.35423317221495515,5,50,10.0,14.142135623730951,80.0,"{""T1036 - Defense Evasion: Masquerading"": 5, ""T1498.001 - Impact: Direct Network Flood"": 5, ""T1498.002 - Impact: Reflection/Amplification Attack"": 5, ""T1571 - Defense Evasion: Non-Standard Port"": 50, ""T1583.005 - Resource Development: Acquire Botnet"": 5, ""T1584.005 - Resource Development: Build/Compromise Botnet"": 5, ""T1590 - Reconnaissance: Gather Victim Network Information"": 5, ""T1595 - Reconnaissance: Active Scanning"": 5, ""TA0011 - Command-and-Control"": 5}",25248090,45
exploration_bonus_c0.5,exploration_bonus_loo_fragility,"{""c"": 0.5}",2424,180,135,2.2015770026811854e-05,0.22078503695542268,0.09937345162718732,0.21681672901487742,0.35235393959855976,5,62,12.4,21.95449840010015,180.0,"{""T1036 - Defense Evasion: Masquerading"": 62, ""T1498.001 - Impact: Direct Network Flood"": 5, ""T1498.002 - Impact: Reflection/Amplification Attack"": 5, ""T1571 - Defense Evasion: Non-Standard Port"": 50, ""T1583.005 - Resource Development: Acquire Botnet"": 5, ""T1584.005 - Resource Development: Build/Compromise Botnet"": 5, ""T1590 - Reconnaissance: Gather Victim Network Information"": 38, ""T1595 - Reconnaissance: Active Scanning"": 5, ""TA0011 - Command-and-Control"": 5}",25248180,135
exploration_bonus_c0.5,exploration_bonus_loo_fragility,"{""c"": 0.5}",2424,360,315,2.7964391128293807e-05,0.22193741073143064,0.10598995215132989,0.21798931454862086,0.34799966050687475,5,138,27.6,44.71390536883726,326.0,"{""T1036 - Defense Evasion: Masquerading"": 138, ""T1498.001 - Impact: Direct Network Flood"": 5, ""T1498.002 - Impact: Reflection/Amplification Attack"": 5, ""T1571 - Defense Evasion: Non-Standard Port"": 50, ""T1583.005 - Resource Development: Acquire Botnet"": 15, ""T1584.005 - Resource Development: Build/Compromise Botnet"": 5, ""T1590 - Reconnaissance: Gather Victim Network Information"": 38, ""T1595 - Reconnaissance: Active Scanning"": 95, ""TA0011 - Command-and-Control"": 9}",25248360,315
exploration_bonus_c0.5,exploration_bonus_loo_fragility,"{""c"": 0.5}",2424,720,675,1.4139697488108285e-05,0.22292701360029787,0.10247068319701273,0.21902495470300515,0.35360958023660277,9,200,22.22222222222222,73.06618004704137,578.0,"{""T1036 - Defense Evasion: Masquerading"": 200, ""T1498.001 - Impact: Direct Network Flood"": 9, ""T1498.002 - Impact: Reflection/Amplification Attack"": 15, ""T1571 - Defense Evasion: Non-Standard Port"": 74, ""T1583.005 - Resource Development: Acquire Botnet"": 40, ""T1584.005 - Resource Development: Build/Compromise Botnet"": 37, ""T1590 - Reconnaissance: Gather Victim Network Information"": 129, ""T1595 - Reconnaissance: Active Scanning"": 200, ""TA0011 - Command-and-Control"": 16}",25248720,675
exploration_bonus_c0.5,exploration_bonus_loo_fragility,"{""c"": 0.5}",2424,1200,1155,3.0002785081813873e-06,0.22491936314287614,0.10522304844036066,0.21989438933665795,0.35953423230830756,32,200,6.25,68.37640918718482,570.0,"{""T1036 - Defense Evasion: Masquerading"": 200, ""T1498.001 - Impact: Direct Network Flood"": 32, ""T1498.002 - Impact: Reflection/Amplification Attack"": 45, ""T1571 - Defense Evasion: Non-Standard Port"": 155, ""T1583.005 - Resource Development: Acquire Botnet"": 111, ""T1584.005 - Resource Development: Build/Compromise Botnet"": 199, ""T1590 - Reconnaissance: Gather Victim Network Information"": 199, ""T1595 - Reconnaissance: Active Scanning"": 200, ""TA0011 - Command-and-Control"": 59}",25249200,1155
exploration_bonus_c0.5,exploration_bonus_loo_fragility,"{""c"": 0.5}",2424,1798,1753,0.0,0.22470484448919714,0.10282013170083151,0.21987138712593557,0.3602157968474639,199,200,1.0050251256281406,0.41573970964154905,0.0,"{""T1036 - Defense Evasion: Masquerading"": 200, ""T1498.001 - Impact: Direct Network Flood"": 200, ""T1498.002 - Impact: Reflection/Amplification Attack"": 200, ""T1571 - Defense Evasion: Non-Standard Port"": 200, ""T1583.005 - Resource Development: Acquire Botnet"": 200, ""T1584.005 - Resource Development: Build/Compromise Botnet"": 199, ""T1590 - Reconnaissance: Gather Victim Network Information"": 199, ""T1595 - Reconnaissance: Active Scanning"": 200, ""TA0011 - Command-and-Control"": 200}",25249798,1753
exploration_bonus_c1.0,exploration_bonus_loo_fragility,"{""c"": 1.0}",2424,45,0,5.8908094928448456e-05,0.21914290324433258,0.10355019597264496,0.21377476368257853,0.3517234641506589,5,5,1.0,0.0,0.0,"{""T1036 - Defense Evasion: Masquerading"": 5, ""T1498.001 - Impact: Direct Network Flood"": 5, ""T1498.002 - Impact: Reflection/Amplification Attack"": 5, ""T1571 - Defense Evasion: Non-Standard Port"": 5, ""T1583.005 - Resource Development: Acquire Botnet"": 5, ""T1584.005 - Resource Development: Build/Compromise Botnet"": 5, ""T1590 - Reconnaissance: Gather Victim Network Information"": 5, ""T1595 - Reconnaissance: Active Scanning"": 5, ""TA0011 - Command-and-Control"": 5}",25248045,0
exploration_bonus_c1.0,exploration_bonus_loo_fragility,"{""c"": 1.0}",2424,90,45,8.632760578052927e-06,0.22463105730653588,0.10830365666007008,0.220097178584918,0.35423317221495515,5,50,10.0,14.142135623730951,80.0,"{""T1036 - Defense Evasion: Masquerading"": 5, ""T1498.001 - Impact: Direct Network Flood"": 5, ""T1498.002 - Impact: Reflection/Amplification Attack"": 5, ""T1571 - Defense Evasion: Non-Standard Port"": 50, ""T1583.005 - Resource Development: Acquire Botnet"": 5, ""T1584.005 - Resource Development: Build/Compromise Botnet"": 5, ""T1590 - Reconnaissance: Gather Victim Network Information"": 5, ""T1595 - Reconnaissance: Active Scanning"": 5, ""TA0011 - Command-and-Control"": 5}",25248090,45
exploration_bonus_c1.0,exploration_bonus_loo_fragility,"{""c"": 1.0}",2424,180,135,1.737521006148049e-05,0.22105830457617284,0.09997358645805987,0.2166981843134212,0.35269949386664806,5,56,11.2,19.44793619441976,156.0,"{""T1036 - Defense Evasion: Masquerading"": 56, ""T1498.001 - Impact: Direct Network Flood"": 6, ""T1498.002 - Impact: Reflection/Amplification Attack"": 5, ""T1571 - Defense Evasion: Non-Standard Port"": 50, ""T1583.005 - Resource Development: Acquire Botnet"": 8, ""T1584.005 - Resource Development: Build/Compromise Botnet"": 5, ""T1590 - Reconnaissance: Gather Victim Network Information"": 32, ""T1595 - Reconnaissance: Active Scanning"": 13, ""TA0011 - Command-and-Control"": 5}",25248180,135
exploration_bonus_c1.0,exploration_bonus_loo_fragility,"{""c"": 1.0}",2424,360,315,3.104006124606432e-05,0.22073321781322325,0.1035239965599354,0.21699458103924352,0.34816198494894446,5,169,33.8,50.0,328.0,"{""T1036 - Defense Evasion: Masquerading"": 56, ""T1498.001 - Impact: Direct Network Flood"": 6, ""T1498.002 - Impact: Reflection/Amplification Attack"": 6, ""T1571 - Defense Evasion: Non-Standard Port"": 50, ""T1583.005 - Resource Development: Acquire Botnet"": 169, ""T1584.005 - Resource Development: Build/Compromise Botnet"": 5, ""T1590 - Reconnaissance: Gather Victim Network Information"": 49, ""T1595 - Reconnaissance: Active Scanning"": 13, ""TA0011 - Command-and-Control"": 6}",25248360,315
exploration_bonus_c1.0,exploration_bonus_loo_fragility,"{""c"": 1.0}",2424,720,675,7.736192483914206e-06,0.2226960504696641,0.10197128579798927,0.218212541779628,0.35568860684522874,24,200,8.333333333333334,57.24605760321938,408.0,"{""T1036 - Defense Evasion: Masquerading"": 56, ""T1498.001 - Impact: Direct Network Flood"": 52, ""T1498.002 - Impact: Reflection/Amplification Attack"": 28, ""T1571 - Defense Evasion: Non-Standard Port"": 85, ""T1583.005 - Resource Development: Acquire Botnet"": 200, ""T1584.005 - Resource Development: Build/Compromise Botnet"": 36, ""T1590 - Reconnaissance: Gather Victim Network Information"": 157, ""T1595 - Reconnaissance: Active Scanning"": 82, ""TA0011 - Command-and-Control"": 24}",25248720,675
exploration_bonus_c1.0,exploration_bonus_loo_fragility,"{""c"": 1.0}",2424,1200,1155,2.511368257848847e-05,0.22287810652857734,0.10196569203927933,0.2187698841619783,0.3552031293034191,27,200,7.407407407407407,70.05394746590342,608.0,"{""T1036 - Defense Evasion: Masquerading"": 56, ""T1498.001 - Impact: Direct Network Flood"": 200, ""T1498.002 - Impact: Reflection/Amplification Attack"": 60, ""T1571 - Defense Evasion: Non-Standard Port"": 85, ""T1583.005 - Resource Development: Acquire Botnet"": 200, ""T1584.005 - Resource Development: Build/Compromise Botnet"": 199, ""T1590 - Reconnaissance: Gather Victim Network Information"": 199, ""T1595 - Reconnaissance: Active Scanning"": 174, ""TA0011 - Command-and-Control"": 27}",25249200,1155
exploration_bonus_c1.0,exploration_bonus_loo_fragility,"{""c"": 1.0}",2424,1798,1753,0.0,0.22470484448919714,0.10282013170083151,0.21987138712593557,0.3602157968474639,199,200,1.0050251256281406,0.41573970964154905,0.0,"{""T1036 - Defense Evasion: Masquerading"": 200, ""T1498.001 - Impact: Direct Network Flood"": 200, ""T1498.002 - Impact: Reflection/Amplification Attack"": 200, ""T1571 - Defense Evasion: Non-Standard Port"": 200, ""T1583.005 - Resource Development: Acquire Botnet"": 200, ""T1584.005 - Resource Development: Build/Compromise Botnet"": 199, ""T1590 - Reconnaissance: Gather Victim Network Information"": 199, ""T1595 - Reconnaissance: Active Scanning"": 200, ""TA0011 - Command-and-Control"": 200}",25249798,1753
uniform_step_balanced,uniform_step_balanced,{},2525,45,0,3.885449038659329e-05,0.22745241739486824,0.0980215609081441,0.22192060248575102,0.3725035782138197,5,5,1.0,0.0,0.0,"{""T1036 - Defense Evasion: Masquerading"": 5, ""T1498.001 - Impact: Direct Network Flood"": 5, ""T1498.002 - Impact: Reflection/Amplification Attack"": 5, ""T1571 - Defense Evasion: Non-Standard Port"": 5, ""T1583.005 - Resource Development: Acquire Botnet"": 5, ""T1584.005 - Resource Development: Build/Compromise Botnet"": 5, ""T1590 - Reconnaissance: Gather Victim Network Information"": 5, ""T1595 - Reconnaissance: Active Scanning"": 5, ""TA0011 - Command-and-Control"": 5}",26258045,0
uniform_step_balanced,uniform_step_balanced,{},2525,90,45,7.95664508381093e-06,0.22595802804977858,0.10433813450874664,0.2221626396188544,0.35945200956123813,10,10,1.0,0.0,0.0,"{""T1036 - Defense Evasion: Masquerading"": 10, ""T1498.001 - Impact: Direct Network Flood"": 10, ""T1498.002 - Impact: Reflection/Amplification Attack"": 10, ""T1571 - Defense Evasion: Non-Standard Port"": 10, ""T1583.005 - Resource Development: Acquire Botnet"": 10, ""T1584.005 - Resource Development: Build/Compromise Botnet"": 10, ""T1590 - Reconnaissance: Gather Victim Network Information"": 10, ""T1595 - Reconnaissance: Active Scanning"": 10, ""TA0011 - Command-and-Control"": 10}",26258090,45
uniform_step_balanced,uniform_step_balanced,{},2525,180,135,6.002030770298438e-06,0.2230998976377643,0.10328874246453024,0.21915592102269021,0.35464584490550244,20,20,1.0,0.0,0.0,"{""T1036 - Defense Evasion: Masquerading"": 20, ""T1498.001 - Impact: Direct Network Flood"": 20, ""T1498.002 - Impact: Reflection/Amplification Attack"": 20, ""T1571 - Defense Evasion: Non-Standard Port"": 20, ""T1583.005 - Resource Development: Acquire Botnet"": 20, ""T1584.005 - Resource Development: Build/Compromise Botnet"": 20, ""T1590 - Reconnaissance: Gather Victim Network Information"": 20, ""T1595 - Reconnaissance: Active Scanning"": 20, ""TA0011 - Command-and-Control"": 20}",26258180,135
uniform_step_balanced,uniform_step_balanced,{},2525,360,315,1.458519221619214e-06,0.22377854586451298,0.10208350728481927,0.21907650527248626,0.3592991754898666,40,40,1.0,0.0,0.0,"{""T1036 - Defense Evasion: Masquerading"": 40, ""T1498.001 - Impact: Direct Network Flood"": 40, ""T1498.002 - Impact: Reflection/Amplification Attack"": 40, ""T1571 - Defense Evasion: Non-Standard Port"": 40, ""T1583.005 - Resource Development: Acquire Botnet"": 40, ""T1584.005 - Resource Development: Build/Compromise Botnet"": 40, ""T1590 - Reconnaissance: Gather Victim Network Information"": 40, ""T1595 - Reconnaissance: Active Scanning"": 40, ""TA0011 - Command-and-Control"": 40}",26258360,315
uniform_step_balanced,uniform_step_balanced,{},2525,720,675,2.3348292403994974e-06,0.22522977318571183,0.10029762240937333,0.22141173738284042,0.36222673733034166,80,80,1.0,0.0,0.0,"{""T1036 - Defense Evasion: Masquerading"": 80, ""T1498.001 - Impact: Direct Network Flood"": 80, ""T1498.002 - Impact: Reflection/Amplification Attack"": 80, ""T1571 - Defense Evasion: Non-Standard Port"": 80, ""T1583.005 - Resource Development: Acquire Botnet"": 80, ""T1584.005 - Resource Development: Build/Compromise Botnet"": 80, ""T1590 - Reconnaissance: Gather Victim Network Information"": 80, ""T1595 - Reconnaissance: Active Scanning"": 80, ""TA0011 - Command-and-Control"": 80}",26258720,675
uniform_step_balanced,uniform_step_balanced,{},2525,1200,1155,1.4250359811001592e-06,0.22544689224140638,0.10382173833937142,0.22040717547118807,0.3622918418481248,133,134,1.0075187969924813,0.4714045207910317,0.0,"{""T1036 - Defense Evasion: Masquerading"": 134, ""T1498.001 - Impact: Direct Network Flood"": 133, ""T1498.002 - Impact: Reflection/Amplification Attack"": 134, ""T1571 - Defense Evasion: Non-Standard Port"": 133, ""T1583.005 - Resource Development: Acquire Botnet"": 134, ""T1584.005 - Resource Development: Build/Compromise Botnet"": 133, ""T1590 - Reconnaissance: Gather Victim Network Information"": 133, ""T1595 - Reconnaissance: Active Scanning"": 133, ""TA0011 - Command-and-Control"": 133}",26259200,1155
uniform_step_balanced,uniform_step_balanced,{},2525,1798,1753,0.0,0.22470484448919714,0.10282013170083151,0.21987138712593557,0.3602157968474639,199,200,1.0050251256281406,0.41573970964154905,0.0,"{""T1036 - Defense Evasion: Masquerading"": 200, ""T1498.001 - Impact: Direct Network Flood"": 200, ""T1498.002 - Impact: Reflection/Amplification Attack"": 200, ""T1571 - Defense Evasion: Non-Standard Port"": 200, ""T1583.005 - Resource Development: Acquire Botnet"": 200, ""T1584.005 - Resource Development: Build/Compromise Botnet"": 199, ""T1590 - Reconnaissance: Gather Victim Network Information"": 199, ""T1595 - Reconnaissance: Active Scanning"": 200, ""TA0011 - Command-and-Control"": 200}",26259798,1753
greedy_loo_fragility,greedy_loo_fragility,{},2525,45,0,3.885449038659329e-05,0.22745241739486824,0.0980215609081441,0.22192060248575102,0.3725035782138197,5,5,1.0,0.0,0.0,"{""T1036 - Defense Evasion: Masquerading"": 5, ""T1498.001 - Impact: Direct Network Flood"": 5, ""T1498.002 - Impact: Reflection/Amplification Attack"": 5, ""T1571 - Defense Evasion: Non-Standard Port"": 5, ""T1583.005 - Resource Development: Acquire Botnet"": 5, ""T1584.005 - Resource Development: Build/Compromise Botnet"": 5, ""T1590 - Reconnaissance: Gather Victim Network Information"": 5, ""T1595 - Reconnaissance: Active Scanning"": 5, ""TA0011 - Command-and-Control"": 5}",26258045,0
greedy_loo_fragility,greedy_loo_fragility,{},2525,90,45,2.6706859711642187e-06,0.22466865885183093,0.10360472343995168,0.21968414324413604,0.36196978141371056,5,50,10.0,14.142135623730951,80.0,"{""T1036 - Defense Evasion: Masquerading"": 5, ""T1498.001 - Impact: Direct Network Flood"": 5, ""T1498.002 - Impact: Reflection/Amplification Attack"": 5, ""T1571 - Defense Evasion: Non-Standard Port"": 50, ""T1583.005 - Resource Development: Acquire Botnet"": 5, ""T1584.005 - Resource Development: Build/Compromise Botnet"": 5, ""T1590 - Reconnaissance: Gather Victim Network Information"": 5, ""T1595 - Reconnaissance: Active Scanning"": 5, ""TA0011 - Command-and-Control"": 5}",26258090,45
greedy_loo_fragility,greedy_loo_fragility,{},2525,180,135,7.435827135154195e-06,0.22464985143667154,0.09883185121665741,0.21997589327911066,0.36310890547633856,5,50,10.0,21.213203435596427,180.0,"{""T1036 - Defense Evasion: Masquerading"": 5, ""T1498.001 - Impact: Direct Network Flood"": 5, ""T1498.002 - Impact: Reflection/Amplification Attack"": 5, ""T1571 - Defense Evasion: Non-Standard Port"": 50, ""T1583.005 - Resource Development: Acquire Botnet"": 5, ""T1584.005 - Resource Development: Build/Compromise Botnet"": 5, ""T1590 - Reconnaissance: Gather Victim Network Information"": 50, ""T1595 - Reconnaissance: Active Scanning"": 5, ""TA0011 - Command-and-Control"": 50}",26258180,135
greedy_loo_fragility,greedy_loo_fragility,{},2525,360,315,3.716187943779948e-06,0.2254277939637972,0.09938661036622612,0.22085869535892455,0.3618153691200029,5,95,19.0,35.35533905932738,280.0,"{""T1036 - Defense Evasion: Masquerading"": 95, ""T1498.001 - Impact: Direct Network Flood"": 5, ""T1498.002 - Impact: Reflection/Amplification Attack"": 5, ""T1571 - Defense Evasion: Non-Standard Port"": 95, ""T1583.005 - Resource Development: Acquire Botnet"": 5, ""T1584.005 - Resource Development: Build/Compromise Botnet"": 5, ""T1590 - Reconnaissance: Gather Victim Network Information"": 50, ""T1595 - Reconnaissance: Active Scanning"": 50, ""TA0011 - Command-and-Control"": 50}",26258360,315
greedy_loo_fragility,greedy_loo_fragility,{},2525,720,675,1.3136622548242654e-05,0.2267660278646586,0.099190408858728,0.222509760868764,0.36675296097974225,5,200,40.0,69.2820323027551,510.0,"{""T1036 - Defense Evasion: Masquerading"": 200, ""T1498.001 - Impact: Direct Network Flood"": 5, ""T1498.002 - Impact: Reflection/Amplification Attack"": 5, ""T1571 - Defense Evasion: Non-Standard Port"": 95, ""T1583.005 - Resource Development: Acquire Botnet"": 200, ""T1584.005 - Resource Development: Build/Compromise Botnet"": 50, ""T1590 - Reconnaissance: Gather Victim Network Information"": 50, ""T1595 - Reconnaissance: Active Scanning"": 65, ""TA0011 - Command-and-Control"": 50}",26258720,675
greedy_loo_fragility,greedy_loo_fragility,{},2525,1200,1155,1.6533737569717393e-06,0.22532843455597887,0.10234582476476799,0.22108692927800785,0.3585532856332204,5,200,40.0,74.08853562536589,602.0,"{""T1036 - Defense Evasion: Masquerading"": 200, ""T1498.001 - Impact: Direct Network Flood"": 50, ""T1498.002 - Impact: Reflection/Amplification Attack"": 5, ""T1571 - Defense Evasion: Non-Standard Port"": 126, ""T1583.005 - Resource Development: Acquire Botnet"": 200, ""T1584.005 - Resource Development: Build/Compromise Botnet"": 170, ""T1590 - Reconnaissance: Gather Victim Network Information"": 199, ""T1595 - Reconnaissance: Active Scanning"": 200, ""TA0011 - Command-and-Control"": 50}",26259200,1155
greedy_loo_fragility,greedy_loo_fragility,{},2525,1798,1753,0.0,0.22470484448919714,0.10282013170083151,0.21987138712593557,0.3602157968474639,199,200,1.0050251256281406,0.41573970964154905,0.0,"{""T1036 - Defense Evasion: Masquerading"": 200, ""T1498.001 - Impact: Direct Network Flood"": 200, ""T1498.002 - Impact: Reflection/Amplification Attack"": 200, ""T1571 - Defense Evasion: Non-Standard Port"": 200, ""T1583.005 - Resource Development: Acquire Botnet"": 200, ""T1584.005 - Resource Development: Build/Compromise Botnet"": 199, ""T1590 - Reconnaissance: Gather Victim Network Information"": 199, ""T1595 - Reconnaissance: Active Scanning"": 200, ""TA0011 - Command-and-Control"": 200}",26259798,1753
epsilon_greedy_eps0.2,epsilon_greedy_loo_fragility,"{""epsilon"": 0.2}",2525,45,0,3.885449038659329e-05,0.22745241739486824,0.0980215609081441,0.22192060248575102,0.3725035782138197,5,5,1.0,0.0,0.0,"{""T1036 - Defense Evasion: Masquerading"": 5, ""T1498.001 - Impact: Direct Network Flood"": 5, ""T1498.002 - Impact: Reflection/Amplification Attack"": 5, ""T1571 - Defense Evasion: Non-Standard Port"": 5, ""T1583.005 - Resource Development: Acquire Botnet"": 5, ""T1584.005 - Resource Development: Build/Compromise Botnet"": 5, ""T1590 - Reconnaissance: Gather Victim Network Information"": 5, ""T1595 - Reconnaissance: Active Scanning"": 5, ""TA0011 - Command-and-Control"": 5}",26258045,0
epsilon_greedy_eps0.2,epsilon_greedy_loo_fragility,"{""epsilon"": 0.2}",2525,90,45,9.68696250349581e-06,0.22550748726423536,0.09945889954151622,0.2201494706691515,0.36633898863075126,5,43,8.6,11.671427600007732,66.0,"{""T1036 - Defense Evasion: Masquerading"": 6, ""T1498.001 - Impact: Direct Network Flood"": 6, ""T1498.002 - Impact: Reflection/Amplification Attack"": 6, ""T1571 - Defense Evasion: Non-Standard Port"": 43, ""T1583.005 - Resource Development: Acquire Botnet"": 6, ""T1584.005 - Resource Development: Build/Compromise Botnet"": 6, ""T1590 - Reconnaissance: Gather Victim Network Information"": 5, ""T1595 - Reconnaissance: Active Scanning"": 6, ""TA0011 - Command-and-Control"": 6}",26258090,45
epsilon_greedy_eps0.2,epsilon_greedy_loo_fragility,"{""epsilon"": 0.2}",2525,180,135,1.5642243904662963e-05,0.22399116247136558,0.09783112234809131,0.21964365770310634,0.36158652156515575,9,43,4.777777777777778,14.696938456699069,124.0,"{""T1036 - Defense Evasion: Masquerading"": 10, ""T1498.001 - Impact: Direct Network Flood"": 10, ""T1498.002 - Impact: Reflection/Amplification Attack"": 10, ""T1571 - Defense Evasion: Non-Standard Port"": 43, ""T1583.005 - Resource Development: Acquire Botnet"": 10, ""T1584.005 - Resource Development: Build/Compromise Botnet"": 9, ""T1590 - Reconnaissance: Gather Victim Network Information"": 37, ""T1595 - Reconnaissance: Active Scanning"": 9, ""TA0011 - Command-and-Control"": 42}",26258180,135
epsilon_greedy_eps0.2,epsilon_greedy_loo_fragility,"{""epsilon"": 0.2}",2525,360,315,3.348971740498916e-06,0.22517896175749302,0.09895760217623846,0.2208820378694194,0.36097287752669177,14,117,8.357142857142858,34.048984321611314,252.0,"{""T1036 - Defense Evasion: Masquerading"": 15, ""T1498.001 - Impact: Direct Network Flood"": 14, ""T1498.002 - Impact: Reflection/Amplification Attack"": 15, ""T1571 - Defense Evasion: Non-Standard Port"": 117, ""T1583.005 - Resource Development: Acquire Botnet"": 15, ""T1584.005 - Resource Development: Build/Compromise Botnet"": 15, ""T1590 - Reconnaissance: Gather Victim Network Information"": 74, ""T1595 - Reconnaissance: Active Scanning"": 53, ""TA0011 - Command-and-Control"": 42}",26258360,315
epsilon_greedy_eps0.2,epsilon_greedy_loo_fragility,"{""epsilon"": 0.2}",2525,720,675,7.428318436955304e-06,0.2258372146359533,0.10174190706007785,0.22119614286571068,0.3629100069989474,31,186,6.0,55.98809397243905,450.0,"{""T1036 - Defense Evasion: Masquerading"": 53, ""T1498.001 - Impact: Direct Network Flood"": 32, ""T1498.002 - Impact: Reflection/Amplification Attack"": 31, ""T1571 - Defense Evasion: Non-Standard Port"": 154, ""T1583.005 - Resource Development: Acquire Botnet"": 66, ""T1584.005 - Resource Development: Build/Compromise Botnet"": 31, ""T1590 - Reconnaissance: Gather Victim Network Information"": 186, ""T1595 - Reconnaissance: Active Scanning"": 125, ""TA0011 - Command-and-Control"": 42}",26258720,675
epsilon_greedy_eps0.2,epsilon_greedy_loo_fragility,"{""epsilon"": 0.2}",2525,1200,1155,2.5400533382366114e-06,0.22428311445135887,0.10062456242136743,0.2202443612103704,0.3591655728138357,77,200,2.5974025974025974,47.979162143580616,394.0,"{""T1036 - Defense Evasion: Masquerading"": 200, ""T1498.001 - Impact: Direct Network Flood"": 89, ""T1498.002 - Impact: Reflection/Amplification Attack"": 78, ""T1571 - Defense Evasion: Non-Standard Port"": 154, ""T1583.005 - Resource Development: Acquire Botnet"": 179, ""T1584.005 - Resource Development: Build/Compromise Botnet"": 99, ""T1590 - Reconnaissance: Gather Victim Network Information"": 199, ""T1595 - Reconnaissance: Active Scanning"": 125, ""TA0011 - Command-and-Control"": 77}",26259200,1155
epsilon_greedy_eps0.2,epsilon_greedy_loo_fragility,"{""epsilon"": 0.2}",2525,1798,1753,0.0,0.22470484448919714,0.10282013170083151,0.21987138712593557,0.3602157968474639,199,200,1.0050251256281406,0.41573970964154905,0.0,"{""T1036 - Defense Evasion: Masquerading"": 200, ""T1498.001 - Impact: Direct Network Flood"": 200, ""T1498.002 - Impact: Reflection/Amplification Attack"": 200, ""T1571 - Defense Evasion: Non-Standard Port"": 200, ""T1583.005 - Resource Development: Acquire Botnet"": 200, ""T1584.005 - Resource Development: Build/Compromise Botnet"": 199, ""T1590 - Reconnaissance: Gather Victim Network Information"": 199, ""T1595 - Reconnaissance: Active Scanning"": 200, ""TA0011 - Command-and-Control"": 200}",26259798,1753
exploration_bonus_c0.25,exploration_bonus_loo_fragility,"{""c"": 0.25}",2525,45,0,3.885449038659329e-05,0.22745241739486824,0.0980215609081441,0.22192060248575102,0.3725035782138197,5,5,1.0,0.0,0.0,"{""T1036 - Defense Evasion: Masquerading"": 5, ""T1498.001 - Impact: Direct Network Flood"": 5, ""T1498.002 - Impact: Reflection/Amplification Attack"": 5, ""T1571 - Defense Evasion: Non-Standard Port"": 5, ""T1583.005 - Resource Development: Acquire Botnet"": 5, ""T1584.005 - Resource Development: Build/Compromise Botnet"": 5, ""T1590 - Reconnaissance: Gather Victim Network Information"": 5, ""T1595 - Reconnaissance: Active Scanning"": 5, ""TA0011 - Command-and-Control"": 5}",26258045,0
exploration_bonus_c0.25,exploration_bonus_loo_fragility,"{""c"": 0.25}",2525,90,45,2.6706859711642187e-06,0.22466865885183093,0.10360472343995168,0.21968414324413604,0.36196978141371056,5,50,10.0,14.142135623730951,80.0,"{""T1036 - Defense Evasion: Masquerading"": 5, ""T1498.001 - Impact: Direct Network Flood"": 5, ""T1498.002 - Impact: Reflection/Amplification Attack"": 5, ""T1571 - Defense Evasion: Non-Standard Port"": 50, ""T1583.005 - Resource Development: Acquire Botnet"": 5, ""T1584.005 - Resource Development: Build/Compromise Botnet"": 5, ""T1590 - Reconnaissance: Gather Victim Network Information"": 5, ""T1595 - Reconnaissance: Active Scanning"": 5, ""TA0011 - Command-and-Control"": 5}",26258090,45
exploration_bonus_c0.25,exploration_bonus_loo_fragility,"{""c"": 0.25}",2525,180,135,3.541136249564258e-05,0.22468109236943673,0.09818807585277474,0.22005187516448604,0.36264365160721734,5,93,18.6,27.365834335698388,176.0,"{""T1036 - Defense Evasion: Masquerading"": 5, ""T1498.001 - Impact: Direct Network Flood"": 5, ""T1498.002 - Impact: Reflection/Amplification Attack"": 5, ""T1571 - Defense Evasion: Non-Standard Port"": 93, ""T1583.005 - Resource Development: Acquire Botnet"": 5, ""T1584.005 - Resource Development: Build/Compromise Botnet"": 5, ""T1590 - Reconnaissance: Gather Victim Network Information"": 29, ""T1595 - Reconnaissance: Active Scanning"": 7, ""TA0011 - Command-and-Control"": 26}",26258180,135
exploration_bonus_c0.25,exploration_bonus_loo_fragility,"{""c"": 0.25}",2525,360,315,4.095594570414026e-06,0.22557080428802714,0.09997788906787118,0.2210501997447426,0.36396297108796066,5,97,19.4,28.763402673072832,218.0,"{""T1036 - Defense Evasion: Masquerading"": 50, ""T1498.001 - Impact: Direct Network Flood"": 5, ""T1498.002 - Impact: Reflection/Amplification Attack"": 5, ""T1571 - Defense Evasion: Non-Standard Port"": 97, ""T1583.005 - Resource Development: Acquire Botnet"": 56, ""T1584.005 - Resource Development: Build/Compromise Botnet"": 10, ""T1590 - Reconnaissance: Gather Victim Network Information"": 59, ""T1595 - Reconnaissance: Active Scanning"": 47, ""TA0011 - Command-and-Control"": 31}",26258360,315
exploration_bonus_c0.25,exploration_bonus_loo_fragility,"{""c"": 0.25}",2525,720,675,6.920081389310747e-06,0.22562294406927985,0.09873135646374107,0.22106102329538,0.36424189844175275,5,200,40.0,57.4049939755535,430.0,"{""T1036 - Defense Evasion: Masquerading"": 113, ""T1498.001 - Impact: Direct Network Flood"": 68, ""T1498.002 - Impact: Reflection/Amplification Attack"": 5, ""T1571 - Defense Evasion: Non-Standard Port"": 142, ""T1583.005 - Resource Development: Acquire Botnet"": 200, ""T1584.005 - Resource Development: Build/Compromise Botnet"": 55, ""T1590 - Reconnaissance: Gather Victim Network Information"": 59, ""T1595 - Reconnaissance: Active Scanning"": 47, ""TA0011 - Command-and-Control"": 31}",26258720,675
exploration_bonus_c0.25,exploration_bonus_loo_fragility,"{""c"": 0.25}",2525,1200,1155,2.0936089598863257e-06,0.2247915683256635,0.10300549863070448,0.22135155511836233,0.35787497756984515,47,200,4.25531914893617,64.06767255540557,530.0,"{""T1036 - Defense Evasion: Masquerading"": 113, ""T1498.001 - Impact: Direct Network Flood"": 200, ""T1498.002 - Impact: Reflection/Amplification Attack"": 47, ""T1571 - Defense Evasion: Non-Standard Port"": 187, ""T1583.005 - Resource Development: Acquire Botnet"": 200, ""T1584.005 - Resource Development: Build/Compromise Botnet"": 199, ""T1590 - Reconnaissance: Gather Victim Network Information"": 59, ""T1595 - Reconnaissance: Active Scanning"": 147, ""TA0011 - Command-and-Control"": 48}",26259200,1155
exploration_bonus_c0.25,exploration_bonus_loo_fragility,"{""c"": 0.25}",2525,1798,1753,0.0,0.22470484448919714,0.10282013170083151,0.21987138712593557,0.3602157968474639,199,200,1.0050251256281406,0.41573970964154905,0.0,"{""T1036 - Defense Evasion: Masquerading"": 200, ""T1498.001 - Impact: Direct Network Flood"": 200, ""T1498.002 - Impact: Reflection/Amplification Attack"": 200, ""T1571 - Defense Evasion: Non-Standard Port"": 200, ""T1583.005 - Resource Development: Acquire Botnet"": 200, ""T1584.005 - Resource Development: Build/Compromise Botnet"": 199, ""T1590 - Reconnaissance: Gather Victim Network Information"": 199, ""T1595 - Reconnaissance: Active Scanning"": 200, ""TA0011 - Command-and-Control"": 200}",26259798,1753
exploration_bonus_c0.5,exploration_bonus_loo_fragility,"{""c"": 0.5}",2525,45,0,3.885449038659329e-05,0.22745241739486824,0.0980215609081441,0.22192060248575102,0.3725035782138197,5,5,1.0,0.0,0.0,"{""T1036 - Defense Evasion: Masquerading"": 5, ""T1498.001 - Impact: Direct Network Flood"": 5, ""T1498.002 - Impact: Reflection/Amplification Attack"": 5, ""T1571 - Defense Evasion: Non-Standard Port"": 5, ""T1583.005 - Resource Development: Acquire Botnet"": 5, ""T1584.005 - Resource Development: Build/Compromise Botnet"": 5, ""T1590 - Reconnaissance: Gather Victim Network Information"": 5, ""T1595 - Reconnaissance: Active Scanning"": 5, ""TA0011 - Command-and-Control"": 5}",26258045,0
exploration_bonus_c0.5,exploration_bonus_loo_fragility,"{""c"": 0.5}",2525,90,45,2.6706859711642187e-06,0.22466865885183093,0.10360472343995168,0.21968414324413604,0.36196978141371056,5,50,10.0,14.142135623730951,80.0,"{""T1036 - Defense Evasion: Masquerading"": 5, ""T1498.001 - Impact: Direct Network Flood"": 5, ""T1498.002 - Impact: Reflection/Amplification Attack"": 5, ""T1571 - Defense Evasion: Non-Standard Port"": 50, ""T1583.005 - Resource Development: Acquire Botnet"": 5, ""T1584.005 - Resource Development: Build/Compromise Botnet"": 5, ""T1590 - Reconnaissance: Gather Victim Network Information"": 5, ""T1595 - Reconnaissance: Active Scanning"": 5, ""TA0011 - Command-and-Control"": 5}",26258090,45
exploration_bonus_c0.5,exploration_bonus_loo_fragility,"{""c"": 0.5}",2525,180,135,4.400887661022996e-06,0.22545221064903134,0.1017254688211316,0.22058572331432375,0.3650722202686486,5,50,10.0,17.58155599232079,144.0,"{""T1036 - Defense Evasion: Masquerading"": 7, ""T1498.001 - Impact: Direct Network Flood"": 5, ""T1498.002 - Impact: Reflection/Amplification Attack"": 5, ""T1571 - Defense Evasion: Non-Standard Port"": 50, ""T1583.005 - Resource Development: Acquire Botnet"": 5, ""T1584.005 - Resource Development: Build/Compromise Botnet"": 6, ""T1590 - Reconnaissance: Gather Victim Network Information"": 28, ""T1595 - Reconnaissance: Active Scanning"": 47, ""TA0011 - Command-and-Control"": 27}",26258180,135
exploration_bonus_c0.5,exploration_bonus_loo_fragility,"{""c"": 0.5}",2525,360,315,6.962051873547099e-06,0.2259298252682568,0.1020599911407615,0.22099460084167566,0.36639823662045645,5,155,31.0,46.060346889223005,312.0,"{""T1036 - Defense Evasion: Masquerading"": 155, ""T1498.001 - Impact: Direct Network Flood"": 5, ""T1498.002 - Impact: Reflection/Amplification Attack"": 5, ""T1571 - Defense Evasion: Non-Standard Port"": 74, ""T1583.005 - Resource Development: Acquire Botnet"": 5, ""T1584.005 - Resource Development: Build/Compromise Botnet"": 14, ""T1590 - Reconnaissance: Gather Victim Network Information"": 28, ""T1595 - Reconnaissance: Active Scanning"": 47, ""TA0011 - Command-and-Control"": 27}",26258360,315
exploration_bonus_c0.5,exploration_bonus_loo_fragility,"{""c"": 0.5}",2525,720,675,6.1194538241183405e-06,0.22635878922767944,0.10216708743633118,0.22170576311394435,0.36305364804506524,9,200,22.22222222222222,69.13272259453791,512.0,"{""T1036 - Defense Evasion: Masquerading"": 200, ""T1498.001 - Impact: Direct Network Flood"": 50, ""T1498.002 - Impact: Reflection/Amplification Attack"": 48, ""T1571 - Defense Evasion: Non-Standard Port"": 74, ""T1583.005 - Resource Development: Acquire Botnet"": 9, ""T1584.005 - Resource Development: Build/Compromise Botnet"": 14, ""T1590 - Reconnaissance: Gather Victim Network Information"": 96, ""T1595 - Reconnaissance: Active Scanning"": 200, ""TA0011 - Command-and-Control"": 29}",26258720,675
exploration_bonus_c0.5,exploration_bonus_loo_fragility,"{""c"": 0.5}",2525,1200,1155,4.575665262770156e-06,0.22432445206713209,0.09985997538392323,0.2203575303318509,0.3566554459732159,14,200,14.285714285714286,67.91497952914692,544.0,"{""T1036 - Defense Evasion: Masquerading"": 200, ""T1498.001 - Impact: Direct Network Flood"": 200, ""T1498.002 - Impact: Reflection/Amplification Attack"": 140, ""T1571 - Defense Evasion: Non-Standard Port"": 100, ""T1583.005 - Resource Development: Acquire Botnet"": 200, ""T1584.005 - Resource Development: Build/Compromise Botnet"": 14, ""T1590 - Reconnaissance: Gather Victim Network Information"": 96, ""T1595 - Reconnaissance: Active Scanning"": 200, ""TA0011 - Command-and-Control"": 50}",26259200,1155
exploration_bonus_c0.5,exploration_bonus_loo_fragility,"{""c"": 0.5}",2525,1798,1753,0.0,0.22470484448919714,0.10282013170083151,0.21987138712593557,0.3602157968474639,199,200,1.0050251256281406,0.41573970964154905,0.0,"{""T1036 - Defense Evasion: Masquerading"": 200, ""T1498.001 - Impact: Direct Network Flood"": 200, ""T1498.002 - Impact: Reflection/Amplification Attack"": 200, ""T1571 - Defense Evasion: Non-Standard Port"": 200, ""T1583.005 - Resource Development: Acquire Botnet"": 200, ""T1584.005 - Resource Development: Build/Compromise Botnet"": 199, ""T1590 - Reconnaissance: Gather Victim Network Information"": 199, ""T1595 - Reconnaissance: Active Scanning"": 200, ""TA0011 - Command-and-Control"": 200}",26259798,1753
exploration_bonus_c1.0,exploration_bonus_loo_fragility,"{""c"": 1.0}",2525,45,0,3.885449038659329e-05,0.22745241739486824,0.0980215609081441,0.22192060248575102,0.3725035782138197,5,5,1.0,0.0,0.0,"{""T1036 - Defense Evasion: Masquerading"": 5, ""T1498.001 - Impact: Direct Network Flood"": 5, ""T1498.002 - Impact: Reflection/Amplification Attack"": 5, ""T1571 - Defense Evasion: Non-Standard Port"": 5, ""T1583.005 - Resource Development: Acquire Botnet"": 5, ""T1584.005 - Resource Development: Build/Compromise Botnet"": 5, ""T1590 - Reconnaissance: Gather Victim Network Information"": 5, ""T1595 - Reconnaissance: Active Scanning"": 5, ""TA0011 - Command-and-Control"": 5}",26258045,0
exploration_bonus_c1.0,exploration_bonus_loo_fragility,"{""c"": 1.0}",2525,90,45,2.6706859711642187e-06,0.22466865885183093,0.10360472343995168,0.21968414324413604,0.36196978141371056,5,50,10.0,14.142135623730951,80.0,"{""T1036 - Defense Evasion: Masquerading"": 5, ""T1498.001 - Impact: Direct Network Flood"": 5, ""T1498.002 - Impact: Reflection/Amplification Attack"": 5, ""T1571 - Defense Evasion: Non-Standard Port"": 50, ""T1583.005 - Resource Development: Acquire Botnet"": 5, ""T1584.005 - Resource Development: Build/Compromise Botnet"": 5, ""T1590 - Reconnaissance: Gather Victim Network Information"": 5, ""T1595 - Reconnaissance: Active Scanning"": 5, ""TA0011 - Command-and-Control"": 5}",26258090,45
exploration_bonus_c1.0,exploration_bonus_loo_fragility,"{""c"": 1.0}",2525,180,135,8.479208528150108e-06,0.22521940012847372,0.09748921603431626,0.22117368632064296,0.3650238575956261,5,63,12.6,17.346149108343585,116.0,"{""T1036 - Defense Evasion: Masquerading"": 13, ""T1498.001 - Impact: Direct Network Flood"": 5, ""T1498.002 - Impact: Reflection/Amplification Attack"": 5, ""T1571 - Defense Evasion: Non-Standard Port"": 63, ""T1583.005 - Resource Development: Acquire Botnet"": 5, ""T1584.005 - Resource Development: Build/Compromise Botnet"": 21, ""T1590 - Reconnaissance: Gather Victim Network Information"": 27, ""T1595 - Reconnaissance: Active Scanning"": 14, ""TA0011 - Command-and-Control"": 27}",26258180,135
exploration_bonus_c1.0,exploration_bonus_loo_fragility,"{""c"": 1.0}",2525,360,315,9.558647410209517e-06,0.22396903605584584,0.09742981687408878,0.21923349081501947,0.36180767596111435,5,135,27.0,38.35796310198618,268.0,"{""T1036 - Defense Evasion: Masquerading"": 18, ""T1498.001 - Impact: Direct Network Flood"": 8, ""T1498.002 - Impact: Reflection/Amplification Attack"": 5, ""T1571 - Defense Evasion: Non-Standard Port"": 63, ""T1583.005 - Resource Development: Acquire Botnet"": 135, ""T1584.005 - Resource Development: Build/Compromise Botnet"": 21, ""T1590 - Reconnaissance: Gather Victim Network Information"": 27, ""T1595 - Reconnaissance: Active Scanning"": 56, ""TA0011 - Command-and-Control"": 27}",26258360,315
exploration_bonus_c1.0,exploration_bonus_loo_fragility,"{""c"": 1.0}",2525,720,675,3.3417158310524246e-06,0.225140128846689,0.10008810851150864,0.22026049890276672,0.36310356817161654,5,200,40.0,67.29371771899993,480.0,"{""T1036 - Defense Evasion: Masquerading"": 59, ""T1498.001 - Impact: Direct Network Flood"": 76, ""T1498.002 - Impact: Reflection/Amplification Attack"": 5, ""T1571 - Defense Evasion: Non-Standard Port"": 63, ""T1583.005 - Resource Development: Acquire Botnet"": 200, ""T1584.005 - Resource Development: Build/Compromise Botnet"": 29, ""T1590 - Reconnaissance: Gather Victim Network Information"": 58, ""T1595 - Reconnaissance: Active Scanning"": 200, ""TA0011 - Command-and-Control"": 30}",26258720,675
exploration_bonus_c1.0,exploration_bonus_loo_fragility,"{""c"": 1.0}",2525,1200,1155,1.9243816879212177e-06,0.22530302320141418,0.10344976012024751,0.22158737900542325,0.36080938784964767,13,200,15.384615384615385,65.60995859369724,518.0,"{""T1036 - Defense Evasion: Masquerading"": 132, ""T1498.001 - Impact: Direct Network Flood"": 200, ""T1498.002 - Impact: Reflection/Amplification Attack"": 13, ""T1571 - Defense Evasion: Non-Standard Port"": 101, ""T1583.005 - Resource Development: Acquire Botnet"": 200, ""T1584.005 - Resource Development: Build/Compromise Botnet"": 96, ""T1590 - Reconnaissance: Gather Victim Network Information"": 194, ""T1595 - Reconnaissance: Active Scanning"": 200, ""TA0011 - Command-and-Control"": 64}",26259200,1155
exploration_bonus_c1.0,exploration_bonus_loo_fragility,"{""c"": 1.0}",2525,1798,1753,0.0,0.22470484448919714,0.10282013170083151,0.21987138712593557,0.3602157968474639,199,200,1.0050251256281406,0.41573970964154905,0.0,"{""T1036 - Defense Evasion: Masquerading"": 200, ""T1498.001 - Impact: Direct Network Flood"": 200, ""T1498.002 - Impact: Reflection/Amplification Attack"": 200, ""T1571 - Defense Evasion: Non-Standard Port"": 200, ""T1583.005 - Resource Development: Acquire Botnet"": 200, ""T1584.005 - Resource Development: Build/Compromise Botnet"": 199, ""T1590 - Reconnaissance: Gather Victim Network Information"": 199, ""T1595 - Reconnaissance: Active Scanning"": 200, ""TA0011 - Command-and-Control"": 200}",26259798,1753
uniform_step_balanced,uniform_step_balanced,{},2626,45,0,3.199372439594572e-05,0.22237280942482876,0.1058306797168811,0.2188316176528437,0.34965140141233075,5,5,1.0,0.0,0.0,"{""T1036 - Defense Evasion: Masquerading"": 5, ""T1498.001 - Impact: Direct Network Flood"": 5, ""T1498.002 - Impact: Reflection/Amplification Attack"": 5, ""T1571 - Defense Evasion: Non-Standard Port"": 5, ""T1583.005 - Resource Development: Acquire Botnet"": 5, ""T1584.005 - Resource Development: Build/Compromise Botnet"": 5, ""T1590 - Reconnaissance: Gather Victim Network Information"": 5, ""T1595 - Reconnaissance: Active Scanning"": 5, ""TA0011 - Command-and-Control"": 5}",27268045,0
uniform_step_balanced,uniform_step_balanced,{},2626,90,45,3.97523399663146e-05,0.21880071404330456,0.09744569074254614,0.21439154554169199,0.3511632703116262,10,10,1.0,0.0,0.0,"{""T1036 - Defense Evasion: Masquerading"": 10, ""T1498.001 - Impact: Direct Network Flood"": 10, ""T1498.002 - Impact: Reflection/Amplification Attack"": 10, ""T1571 - Defense Evasion: Non-Standard Port"": 10, ""T1583.005 - Resource Development: Acquire Botnet"": 10, ""T1584.005 - Resource Development: Build/Compromise Botnet"": 10, ""T1590 - Reconnaissance: Gather Victim Network Information"": 10, ""T1595 - Reconnaissance: Active Scanning"": 10, ""TA0011 - Command-and-Control"": 10}",27268090,45
uniform_step_balanced,uniform_step_balanced,{},2626,180,135,6.24293270688194e-06,0.22408375563364225,0.10295369982890022,0.21985664873571667,0.3602684246287714,20,20,1.0,0.0,0.0,"{""T1036 - Defense Evasion: Masquerading"": 20, ""T1498.001 - Impact: Direct Network Flood"": 20, ""T1498.002 - Impact: Reflection/Amplification Attack"": 20, ""T1571 - Defense Evasion: Non-Standard Port"": 20, ""T1583.005 - Resource Development: Acquire Botnet"": 20, ""T1584.005 - Resource Development: Build/Compromise Botnet"": 20, ""T1590 - Reconnaissance: Gather Victim Network Information"": 20, ""T1595 - Reconnaissance: Active Scanning"": 20, ""TA0011 - Command-and-Control"": 20}",27268180,135
uniform_step_balanced,uniform_step_balanced,{},2626,360,315,1.4977994784205983e-06,0.22431201986645546,0.10310031806552745,0.21995864258781453,0.3574960080386017,40,40,1.0,0.0,0.0,"{""T1036 - Defense Evasion: Masquerading"": 40, ""T1498.001 - Impact: Direct Network Flood"": 40, ""T1498.002 - Impact: Reflection/Amplification Attack"": 40, ""T1571 - Defense Evasion: Non-Standard Port"": 40, ""T1583.005 - Resource Development: Acquire Botnet"": 40, ""T1584.005 - Resource Development: Build/Compromise Botnet"": 40, ""T1590 - Reconnaissance: Gather Victim Network Information"": 40, ""T1595 - Reconnaissance: Active Scanning"": 40, ""TA0011 - Command-and-Control"": 40}",27268360,315
uniform_step_balanced,uniform_step_balanced,{},2626,720,675,2.9254834127628922e-06,0.22388854539349523,0.10335991648979216,0.2199259591134182,0.3560464810553012,80,80,1.0,0.0,0.0,"{""T1036 - Defense Evasion: Masquerading"": 80, ""T1498.001 - Impact: Direct Network Flood"": 80, ""T1498.002 - Impact: Reflection/Amplification Attack"": 80, ""T1571 - Defense Evasion: Non-Standard Port"": 80, ""T1583.005 - Resource Development: Acquire Botnet"": 80, ""T1584.005 - Resource Development: Build/Compromise Botnet"": 80, ""T1590 - Reconnaissance: Gather Victim Network Information"": 80, ""T1595 - Reconnaissance: Active Scanning"": 80, ""TA0011 - Command-and-Control"": 80}",27268720,675
uniform_step_balanced,uniform_step_balanced,{},2626,1200,1155,2.89903427782684e-06,0.22337297111256216,0.10207260855856468,0.21893816463839993,0.35668629761401566,133,134,1.0075187969924813,0.4714045207910317,0.0,"{""T1036 - Defense Evasion: Masquerading"": 134, ""T1498.001 - Impact: Direct Network Flood"": 134, ""T1498.002 - Impact: Reflection/Amplification Attack"": 133, ""T1571 - Defense Evasion: Non-Standard Port"": 133, ""T1583.005 - Resource Development: Acquire Botnet"": 133, ""T1584.005 - Resource Development: Build/Compromise Botnet"": 134, ""T1590 - Reconnaissance: Gather Victim Network Information"": 133, ""T1595 - Reconnaissance: Active Scanning"": 133, ""TA0011 - Command-and-Control"": 133}",27269200,1155
uniform_step_balanced,uniform_step_balanced,{},2626,1798,1753,0.0,0.22470484448919714,0.10282013170083151,0.21987138712593557,0.3602157968474639,199,200,1.0050251256281406,0.41573970964154905,0.0,"{""T1036 - Defense Evasion: Masquerading"": 200, ""T1498.001 - Impact: Direct Network Flood"": 200, ""T1498.002 - Impact: Reflection/Amplification Attack"": 200, ""T1571 - Defense Evasion: Non-Standard Port"": 200, ""T1583.005 - Resource Development: Acquire Botnet"": 200, ""T1584.005 - Resource Development: Build/Compromise Botnet"": 199, ""T1590 - Reconnaissance: Gather Victim Network Information"": 199, ""T1595 - Reconnaissance: Active Scanning"": 200, ""TA0011 - Command-and-Control"": 200}",27269798,1753
greedy_loo_fragility,greedy_loo_fragility,{},2626,45,0,3.199372439594572e-05,0.22237280942482876,0.1058306797168811,0.2188316176528437,0.34965140141233075,5,5,1.0,0.0,0.0,"{""T1036 - Defense Evasion: Masquerading"": 5, ""T1498.001 - Impact: Direct Network Flood"": 5, ""T1498.002 - Impact: Reflection/Amplification Attack"": 5, ""T1571 - Defense Evasion: Non-Standard Port"": 5, ""T1583.005 - Resource Development: Acquire Botnet"": 5, ""T1584.005 - Resource Development: Build/Compromise Botnet"": 5, ""T1590 - Reconnaissance: Gather Victim Network Information"": 5, ""T1595 - Reconnaissance: Active Scanning"": 5, ""TA0011 - Command-and-Control"": 5}",27268045,0
greedy_loo_fragility,greedy_loo_fragility,{},2626,90,45,3.7157216557608e-06,0.22487821650108586,0.10547514564422819,0.22040079482915148,0.35733074125339165,5,50,10.0,14.142135623730951,80.0,"{""T1036 - Defense Evasion: Masquerading"": 5, ""T1498.001 - Impact: Direct Network Flood"": 5, ""T1498.002 - Impact: Reflection/Amplification Attack"": 5, ""T1571 - Defense Evasion: Non-Standard Port"": 50, ""T1583.005 - Resource Development: Acquire Botnet"": 5, ""T1584.005 - Resource Development: Build/Compromise Botnet"": 5, ""T1590 - Reconnaissance: Gather Victim Network Information"": 5, ""T1595 - Reconnaissance: Active Scanning"": 5, ""TA0011 - Command-and-Control"": 5}",27268090,45
greedy_loo_fragility,greedy_loo_fragility,{},2626,180,135,5.996454017950688e-06,0.22433149465731167,0.10602001097082146,0.22009660578657814,0.3556012104677193,5,50,10.0,21.213203435596427,180.0,"{""T1036 - Defense Evasion: Masquerading"": 5, ""T1498.001 - Impact: Direct Network Flood"": 5, ""T1498.002 - Impact: Reflection/Amplification Attack"": 5, ""T1571 - Defense Evasion: Non-Standard Port"": 50, ""T1583.005 - Resource Development: Acquire Botnet"": 5, ""T1584.005 - Resource Development: Build/Compromise Botnet"": 5, ""T1590 - Reconnaissance: Gather Victim Network Information"": 5, ""T1595 - Reconnaissance: Active Scanning"": 50, ""TA0011 - Command-and-Control"": 50}",27268180,135
greedy_loo_fragility,greedy_loo_fragility,{},2626,360,315,7.164706382998921e-06,0.22289158370474993,0.10030451248926282,0.21842268848370017,0.3559923300183786,5,140,28.0,46.36809247747852,350.0,"{""T1036 - Defense Evasion: Masquerading"": 50, ""T1498.001 - Impact: Direct Network Flood"": 5, ""T1498.002 - Impact: Reflection/Amplification Attack"": 5, ""T1571 - Defense Evasion: Non-Standard Port"": 95, ""T1583.005 - Resource Development: Acquire Botnet"": 5, ""T1584.005 - Resource Development: Build/Compromise Botnet"": 5, ""T1590 - Reconnaissance: Gather Victim Network Information"": 5, ""T1595 - Reconnaissance: Active Scanning"": 140, ""TA0011 - Command-and-Control"": 50}",27268360,315
greedy_loo_fragility,greedy_loo_fragility,{},2626,720,675,4.499991180949078e-06,0.22442284151123232,0.10631498219286716,0.21983827454658728,0.35537854529068613,5,200,40.0,79.05694150420949,660.0,"{""T1036 - Defense Evasion: Masquerading"": 125, ""T1498.001 - Impact: Direct Network Flood"": 5, ""T1498.002 - Impact: Reflection/Amplification Attack"": 5, ""T1571 - Defense Evasion: Non-Standard Port"": 125, ""T1583.005 - Resource Development: Acquire Botnet"": 200, ""T1584.005 - Resource Development: Build/Compromise Botnet"": 5, ""T1590 - Reconnaissance: Gather Victim Network Information"": 5, ""T1595 - Reconnaissance: Active Scanning"": 200, ""TA0011 - Command-and-Control"": 50}",27268720,675
greedy_loo_fragility,greedy_loo_fragility,{},2626,1200,1155,2.515444499513531e-06,0.22420873445263587,0.10445210724812136,0.21947348126628807,0.35694804833777216,5,200,40.0,72.70335465284789,602.0,"{""T1036 - Defense Evasion: Masquerading"": 200, ""T1498.001 - Impact: Direct Network Flood"": 50, ""T1498.002 - Impact: Reflection/Amplification Attack"": 111, ""T1571 - Defense Evasion: Non-Standard Port"": 170, ""T1583.005 - Resource Development: Acquire Botnet"": 200, ""T1584.005 - Resource Development: Build/Compromise Botnet"": 199, ""T1590 - Reconnaissance: Gather Victim Network Information"": 5, ""T1595 - Reconnaissance: Active Scanning"": 200, ""TA0011 - Command-and-Control"": 65}",27269200,1155
greedy_loo_fragility,greedy_loo_fragility,{},2626,1798,1753,0.0,0.22470484448919714,0.10282013170083151,0.21987138712593557,0.3602157968474639,199,200,1.0050251256281406,0.41573970964154905,0.0,"{""T1036 - Defense Evasion: Masquerading"": 200, ""T1498.001 - Impact: Direct Network Flood"": 200, ""T1498.002 - Impact: Reflection/Amplification Attack"": 200, ""T1571 - Defense Evasion: Non-Standard Port"": 200, ""T1583.005 - Resource Development: Acquire Botnet"": 200, ""T1584.005 - Resource Development: Build/Compromise Botnet"": 199, ""T1590 - Reconnaissance: Gather Victim Network Information"": 199, ""T1595 - Reconnaissance: Active Scanning"": 200, ""TA0011 - Command-and-Control"": 200}",27269798,1753
epsilon_greedy_eps0.2,epsilon_greedy_loo_fragility,"{""epsilon"": 0.2}",2626,45,0,3.199372439594572e-05,0.22237280942482876,0.1058306797168811,0.2188316176528437,0.34965140141233075,5,5,1.0,0.0,0.0,"{""T1036 - Defense Evasion: Masquerading"": 5, ""T1498.001 - Impact: Direct Network Flood"": 5, ""T1498.002 - Impact: Reflection/Amplification Attack"": 5, ""T1571 - Defense Evasion: Non-Standard Port"": 5, ""T1583.005 - Resource Development: Acquire Botnet"": 5, ""T1584.005 - Resource Development: Build/Compromise Botnet"": 5, ""T1590 - Reconnaissance: Gather Victim Network Information"": 5, ""T1595 - Reconnaissance: Active Scanning"": 5, ""TA0011 - Command-and-Control"": 5}",27268045,0
epsilon_greedy_eps0.2,epsilon_greedy_loo_fragility,"{""epsilon"": 0.2}",2626,90,45,1.3758482108926934e-05,0.22607262548158943,0.11028978543692641,0.22166920005267443,0.3564551020405986,6,42,7.0,11.313708498984761,64.0,"{""T1036 - Defense Evasion: Masquerading"": 6, ""T1498.001 - Impact: Direct Network Flood"": 6, ""T1498.002 - Impact: Reflection/Amplification Attack"": 6, ""T1571 - Defense Evasion: Non-Standard Port"": 42, ""T1583.005 - Resource Development: Acquire Botnet"": 6, ""T1584.005 - Resource Development: Build/Compromise Botnet"": 6, ""T1590 - Reconnaissance: Gather Victim Network Information"": 6, ""T1595 - Reconnaissance: Active Scanning"": 6, ""TA0011 - Command-and-Control"": 6}",27268090,45
epsilon_greedy_eps0.2,epsilon_greedy_loo_fragility,"{""epsilon"": 0.2}",2626,180,135,1.2650463039508804e-05,0.22266960383915857,0.1033292912262342,0.21895548129113546,0.3534917148376129,9,43,4.777777777777778,15.340577998671801,130.0,"{""T1036 - Defense Evasion: Masquerading"": 9, ""T1498.001 - Impact: Direct Network Flood"": 40, ""T1498.002 - Impact: Reflection/Amplification Attack"": 9, ""T1571 - Defense Evasion: Non-Standard Port"": 42, ""T1583.005 - Resource Development: Acquire Botnet"": 9, ""T1584.005 - Resource Development: Build/Compromise Botnet"": 9, ""T1590 - Reconnaissance: Gather Victim Network Information"": 9, ""T1595 - Reconnaissance: Active Scanning"": 43, ""TA0011 - Command-and-Control"": 10}",27268180,135
epsilon_greedy_eps0.2,epsilon_greedy_loo_fragility,"{""epsilon"": 0.2}",2626,360,315,8.30959291384204e-06,0.22268229569894188,0.10117877333244936,0.21867958352919875,0.3552101446486215,19,80,4.2105263157894735,18.135294011647257,122.0,"{""T1036 - Defense Evasion: Masquerading"": 20, ""T1498.001 - Impact: Direct Network Flood"": 40, ""T1498.002 - Impact: Reflection/Amplification Attack"": 19, ""T1571 - Defense Evasion: Non-Standard Port"": 80, ""T1583.005 - Resource Development: Acquire Botnet"": 46, ""T1584.005 - Resource Development: Build/Compromise Botnet"": 45, ""T1590 - Reconnaissance: Gather Victim Network Information"": 47, ""T1595 - Reconnaissance: Active Scanning"": 43, ""TA0011 - Command-and-Control"": 20}",27268360,315
epsilon_greedy_eps0.2,epsilon_greedy_loo_fragility,"{""epsilon"": 0.2}",2626,720,675,5.552295470227188e-06,0.22404427533827603,0.10391464149921775,0.2196662568431698,0.35627761898068333,42,192,4.571428571428571,47.064966919260776,308.0,"{""T1036 - Defense Evasion: Masquerading"": 43, ""T1498.001 - Impact: Direct Network Flood"": 42, ""T1498.002 - Impact: Reflection/Amplification Attack"": 42, ""T1571 - Defense Evasion: Non-Standard Port"": 80, ""T1583.005 - Resource Development: Acquire Botnet"": 192, ""T1584.005 - Resource Development: Build/Compromise Botnet"": 81, ""T1590 - Reconnaissance: Gather Victim Network Information"": 121, ""T1595 - Reconnaissance: Active Scanning"": 77, ""TA0011 - Command-and-Control"": 42}",27268720,675
epsilon_greedy_eps0.2,epsilon_greedy_loo_fragility,"{""epsilon"": 0.2}",2626,1200,1155,6.869100110186939e-06,0.22301926030754576,0.10296427341193216,0.21891067510202258,0.3541387367716929,88,200,2.272727272727273,49.21833443387174,402.0,"{""T1036 - Defense Evasion: Masquerading"": 137, ""T1498.001 - Impact: Direct Network Flood"": 88, ""T1498.002 - Impact: Reflection/Amplification Attack"": 88, ""T1571 - Defense Evasion: Non-Standard Port"": 110, ""T1583.005 - Resource Development: Acquire Botnet"": 200, ""T1584.005 - Resource Development: Build/Compromise Botnet"": 88, ""T1590 - Reconnaissance: Gather Victim Network Information"": 199, ""T1595 - Reconnaissance: Active Scanning"": 200, ""TA0011 - Command-and-Control"": 90}",27269200,1155
epsilon_greedy_eps0.2,epsilon_greedy_loo_fragility,"{""epsilon"": 0.2}",2626,1798,1753,0.0,0.22470484448919714,0.10282013170083151,0.21987138712593557,0.3602157968474639,199,200,1.0050251256281406,0.41573970964154905,0.0,"{""T1036 - Defense Evasion: Masquerading"": 200, ""T1498.001 - Impact: Direct Network Flood"": 200, ""T1498.002 - Impact: Reflection/Amplification Attack"": 200, ""T1571 - Defense Evasion: Non-Standard Port"": 200, ""T1583.005 - Resource Development: Acquire Botnet"": 200, ""T1584.005 - Resource Development: Build/Compromise Botnet"": 199, ""T1590 - Reconnaissance: Gather Victim Network Information"": 199, ""T1595 - Reconnaissance: Active Scanning"": 200, ""TA0011 - Command-and-Control"": 200}",27269798,1753
exploration_bonus_c0.25,exploration_bonus_loo_fragility,"{""c"": 0.25}",2626,45,0,3.199372439594572e-05,0.22237280942482876,0.1058306797168811,0.2188316176528437,0.34965140141233075,5,5,1.0,0.0,0.0,"{""T1036 - Defense Evasion: Masquerading"": 5, ""T1498.001 - Impact: Direct Network Flood"": 5, ""T1498.002 - Impact: Reflection/Amplification Attack"": 5, ""T1571 - Defense Evasion: Non-Standard Port"": 5, ""T1583.005 - Resource Development: Acquire Botnet"": 5, ""T1584.005 - Resource Development: Build/Compromise Botnet"": 5, ""T1590 - Reconnaissance: Gather Victim Network Information"": 5, ""T1595 - Reconnaissance: Active Scanning"": 5, ""TA0011 - Command-and-Control"": 5}",27268045,0
exploration_bonus_c0.25,exploration_bonus_loo_fragility,"{""c"": 0.25}",2626,90,45,3.7157216557608e-06,0.22487821650108586,0.10547514564422819,0.22040079482915148,0.35733074125339165,5,50,10.0,14.142135623730951,80.0,"{""T1036 - Defense Evasion: Masquerading"": 5, ""T1498.001 - Impact: Direct Network Flood"": 5, ""T1498.002 - Impact: Reflection/Amplification Attack"": 5, ""T1571 - Defense Evasion: Non-Standard Port"": 50, ""T1583.005 - Resource Development: Acquire Botnet"": 5, ""T1584.005 - Resource Development: Build/Compromise Botnet"": 5, ""T1590 - Reconnaissance: Gather Victim Network Information"": 5, ""T1595 - Reconnaissance: Active Scanning"": 5, ""TA0011 - Command-and-Control"": 5}",27268090,45
exploration_bonus_c0.25,exploration_bonus_loo_fragility,"{""c"": 0.25}",2626,180,135,5.996454017950688e-06,0.22433149465731167,0.10602001097082146,0.22009660578657814,0.3556012104677193,5,50,10.0,21.213203435596427,180.0,"{""T1036 - Defense Evasion: Masquerading"": 5, ""T1498.001 - Impact: Direct Network Flood"": 5, ""T1498.002 - Impact: Reflection/Amplification Attack"": 5, ""T1571 - Defense Evasion: Non-Standard Port"": 50, ""T1583.005 - Resource Development: Acquire Botnet"": 5, ""T1584.005 - Resource Development: Build/Compromise Botnet"": 5, ""T1590 - Reconnaissance: Gather Victim Network Information"": 5, ""T1595 - Reconnaissance: Active Scanning"": 50, ""TA0011 - Command-and-Control"": 50}",27268180,135
exploration_bonus_c0.25,exploration_bonus_loo_fragility,"{""c"": 0.25}",2626,360,315,4.8408784280833444e-06,0.22322525190114512,0.10103558362662957,0.21897392803142024,0.3560430403817289,5,95,19.0,28.382310609877337,210.0,"{""T1036 - Defense Evasion: Masquerading"": 45, ""T1498.001 - Impact: Direct Network Flood"": 50, ""T1498.002 - Impact: Reflection/Amplification Attack"": 5, ""T1571 - Defense Evasion: Non-Standard Port"": 95, ""T1583.005 - Resource Development: Acquire Botnet"": 5, ""T1584.005 - Resource Development: Build/Compromise Botnet"": 55, ""T1590 - Reconnaissance: Gather Victim Network Information"": 5, ""T1595 - Reconnaissance: Active Scanning"": 50, ""TA0011 - Command-and-Control"": 50}",27268360,315
exploration_bonus_c0.25,exploration_bonus_loo_fragility,"{""c"": 0.25}",2626,720,675,5.092416433160536e-06,0.22408702885060702,0.1029131378928729,0.22070736645081684,0.35351739396874915,5,200,40.0,58.54532906693373,430.0,"{""T1036 - Defense Evasion: Masquerading"": 45, ""T1498.001 - Impact: Direct Network Flood"": 200, ""T1498.002 - Impact: Reflection/Amplification Attack"": 5, ""T1571 - Defense Evasion: Non-Standard Port"": 95, ""T1583.005 - Resource Development: Acquire Botnet"": 92, ""T1584.005 - Resource Development: Build/Compromise Botnet"": 100, ""T1590 - Reconnaissance: Gather Victim Network Information"": 5, ""T1595 - Reconnaissance: Active Scanning"": 128, ""TA0011 - Command-and-Control"": 50}",27268720,675
exploration_bonus_c0.25,exploration_bonus_loo_fragility,"{""c"": 0.25}",2626,1200,1155,1.1590430456650202e-06,0.22503548052931538,0.10333115541988346,0.22047489506719578,0.3591147874454571,5,200,40.0,78.05411228400746,662.0,"{""T1036 - Defense Evasion: Masquerading"": 105, ""T1498.001 - Impact: Direct Network Flood"": 200, ""T1498.002 - Impact: Reflection/Amplification Attack"": 5, ""T1571 - Defense Evasion: Non-Standard Port"": 200, ""T1583.005 - Resource Development: Acquire Botnet"": 200, ""T1584.005 - Resource Development: Build/Compromise Botnet"": 199, ""T1590 - Reconnaissance: Gather Victim Network Information"": 41, ""T1595 - Reconnaissance: Active Scanning"": 200, ""TA0011 - Command-and-Control"": 50}",27269200,1155
exploration_bonus_c0.25,exploration_bonus_loo_fragility,"{""c"": 0.25}",2626,1798,1753,0.0,0.22470484448919714,0.10282013170083151,0.21987138712593557,0.3602157968474639,199,200,1.0050251256281406,0.41573970964154905,0.0,"{""T1036 - Defense Evasion: Masquerading"": 200, ""T1498.001 - Impact: Direct Network Flood"": 200, ""T1498.002 - Impact: Reflection/Amplification Attack"": 200, ""T1571 - Defense Evasion: Non-Standard Port"": 200, ""T1583.005 - Resource Development: Acquire Botnet"": 200, ""T1584.005 - Resource Development: Build/Compromise Botnet"": 199, ""T1590 - Reconnaissance: Gather Victim Network Information"": 199, ""T1595 - Reconnaissance: Active Scanning"": 200, ""TA0011 - Command-and-Control"": 200}",27269798,1753
exploration_bonus_c0.5,exploration_bonus_loo_fragility,"{""c"": 0.5}",2626,45,0,3.199372439594572e-05,0.22237280942482876,0.1058306797168811,0.2188316176528437,0.34965140141233075,5,5,1.0,0.0,0.0,"{""T1036 - Defense Evasion: Masquerading"": 5, ""T1498.001 - Impact: Direct Network Flood"": 5, ""T1498.002 - Impact: Reflection/Amplification Attack"": 5, ""T1571 - Defense Evasion: Non-Standard Port"": 5, ""T1583.005 - Resource Development: Acquire Botnet"": 5, ""T1584.005 - Resource Development: Build/Compromise Botnet"": 5, ""T1590 - Reconnaissance: Gather Victim Network Information"": 5, ""T1595 - Reconnaissance: Active Scanning"": 5, ""TA0011 - Command-and-Control"": 5}",27268045,0
exploration_bonus_c0.5,exploration_bonus_loo_fragility,"{""c"": 0.5}",2626,90,45,3.7157216557608e-06,0.22487821650108586,0.10547514564422819,0.22040079482915148,0.35733074125339165,5,50,10.0,14.142135623730951,80.0,"{""T1036 - Defense Evasion: Masquerading"": 5, ""T1498.001 - Impact: Direct Network Flood"": 5, ""T1498.002 - Impact: Reflection/Amplification Attack"": 5, ""T1571 - Defense Evasion: Non-Standard Port"": 50, ""T1583.005 - Resource Development: Acquire Botnet"": 5, ""T1584.005 - Resource Development: Build/Compromise Botnet"": 5, ""T1590 - Reconnaissance: Gather Victim Network Information"": 5, ""T1595 - Reconnaissance: Active Scanning"": 5, ""TA0011 - Command-and-Control"": 5}",27268090,45
exploration_bonus_c0.5,exploration_bonus_loo_fragility,"{""c"": 0.5}",2626,180,135,1.4566158449830743e-05,0.22409951033149206,0.10913817540844616,0.21975715230528037,0.3537710038458428,5,50,10.0,19.70335560817553,166.0,"{""T1036 - Defense Evasion: Masquerading"": 8, ""T1498.001 - Impact: Direct Network Flood"": 5, ""T1498.002 - Impact: Reflection/Amplification Attack"": 5, ""T1571 - Defense Evasion: Non-Standard Port"": 50, ""T1583.005 - Resource Development: Acquire Botnet"": 5, ""T1584.005 - Resource Development: Build/Compromise Botnet"": 9, ""T1590 - Reconnaissance: Gather Victim Network Information"": 5, ""T1595 - Reconnaissance: Active Scanning"": 43, ""TA0011 - Command-and-Control"": 50}",27268180,135
exploration_bonus_c0.5,exploration_bonus_loo_fragility,"{""c"": 0.5}",2626,360,315,1.8690171804230691e-06,0.22419991530243252,0.10452999110850188,0.21935408152675653,0.35706636740738795,5,95,19.0,31.73501396109841,248.0,"{""T1036 - Defense Evasion: Masquerading"": 11, ""T1498.001 - Impact: Direct Network Flood"": 5, ""T1498.002 - Impact: Reflection/Amplification Attack"": 10, ""T1571 - Defense Evasion: Non-Standard Port"": 95, ""T1583.005 - Resource Development: Acquire Botnet"": 32, ""T1584.005 - Resource Development: Build/Compromise Botnet"": 18, ""T1590 - Reconnaissance: Gather Victim Network Information"": 51, ""T1595 - Reconnaissance: Active Scanning"": 88, ""TA0011 - Command-and-Control"": 50}",27268360,315
exploration_bonus_c0.5,exploration_bonus_loo_fragility,"{""c"": 0.5}",2626,720,675,7.771720757841732e-06,0.223094819402559,0.10125372889398614,0.21952822870127559,0.3515181039686552,10,200,20.0,69.32532004974806,508.0,"{""T1036 - Defense Evasion: Masquerading"": 14, ""T1498.001 - Impact: Direct Network Flood"": 41, ""T1498.002 - Impact: Reflection/Amplification Attack"": 10, ""T1571 - Defense Evasion: Non-Standard Port"": 95, ""T1583.005 - Resource Development: Acquire Botnet"": 59, ""T1584.005 - Resource Development: Build/Compromise Botnet"": 23, ""T1590 - Reconnaissance: Gather Victim Network Information"": 199, ""T1595 - Reconnaissance: Active Scanning"": 200, ""TA0011 - Command-and-Control"": 79}",27268720,675
exploration_bonus_c0.5,exploration_bonus_loo_fragility,"{""c"": 0.5}",2626,1200,1155,5.828427510063573e-06,0.22324566130823745,0.1021807171355975,0.2190426578217548,0.3556021837389576,13,200,15.384615384615385,71.5122367151245,602.0,"{""T1036 - Defense Evasion: Masquerading"": 42, ""T1498.001 - Impact: Direct Network Flood"": 171, ""T1498.002 - Impact: Reflection/Amplification Attack"": 13, ""T1571 - Defense Evasion: Non-Standard Port"": 97, ""T1583.005 - Resource Development: Acquire Botnet"": 200, ""T1584.005 - Resource Development: Build/Compromise Botnet"": 199, ""T1590 - Reconnaissance: Gather Victim Network Information"": 199, ""T1595 - Reconnaissance: Active Scanning"": 200, ""TA0011 - Command-and-Control"": 79}",27269200,1155
exploration_bonus_c0.5,exploration_bonus_loo_fragility,"{""c"": 0.5}",2626,1798,1753,0.0,0.22470484448919714,0.10282013170083151,0.21987138712593557,0.3602157968474639,199,200,1.0050251256281406,0.41573970964154905,0.0,"{""T1036 - Defense Evasion: Masquerading"": 200, ""T1498.001 - Impact: Direct Network Flood"": 200, ""T1498.002 - Impact: Reflection/Amplification Attack"": 200, ""T1571 - Defense Evasion: Non-Standard Port"": 200, ""T1583.005 - Resource Development: Acquire Botnet"": 200, ""T1584.005 - Resource Development: Build/Compromise Botnet"": 199, ""T1590 - Reconnaissance: Gather Victim Network Information"": 199, ""T1595 - Reconnaissance: Active Scanning"": 200, ""TA0011 - Command-and-Control"": 200}",27269798,1753
exploration_bonus_c1.0,exploration_bonus_loo_fragility,"{""c"": 1.0}",2626,45,0,3.199372439594572e-05,0.22237280942482876,0.1058306797168811,0.2188316176528437,0.34965140141233075,5,5,1.0,0.0,0.0,"{""T1036 - Defense Evasion: Masquerading"": 5, ""T1498.001 - Impact: Direct Network Flood"": 5, ""T1498.002 - Impact: Reflection/Amplification Attack"": 5, ""T1571 - Defense Evasion: Non-Standard Port"": 5, ""T1583.005 - Resource Development: Acquire Botnet"": 5, ""T1584.005 - Resource Development: Build/Compromise Botnet"": 5, ""T1590 - Reconnaissance: Gather Victim Network Information"": 5, ""T1595 - Reconnaissance: Active Scanning"": 5, ""TA0011 - Command-and-Control"": 5}",27268045,0
exploration_bonus_c1.0,exploration_bonus_loo_fragility,"{""c"": 1.0}",2626,90,45,3.7157216557608e-06,0.22487821650108586,0.10547514564422819,0.22040079482915148,0.35733074125339165,5,50,10.0,14.142135623730951,80.0,"{""T1036 - Defense Evasion: Masquerading"": 5, ""T1498.001 - Impact: Direct Network Flood"": 5, ""T1498.002 - Impact: Reflection/Amplification Attack"": 5, ""T1571 - Defense Evasion: Non-Standard Port"": 50, ""T1583.005 - Resource Development: Acquire Botnet"": 5, ""T1584.005 - Resource Development: Build/Compromise Botnet"": 5, ""T1590 - Reconnaissance: Gather Victim Network Information"": 5, ""T1595 - Reconnaissance: Active Scanning"": 5, ""TA0011 - Command-and-Control"": 5}",27268090,45
exploration_bonus_c1.0,exploration_bonus_loo_fragility,"{""c"": 1.0}",2626,180,135,8.174217527109708e-06,0.22459670408139004,0.10757881319126324,0.22045812151999303,0.3554705850721815,5,50,10.0,17.575235101952092,140.0,"{""T1036 - Defense Evasion: Masquerading"": 12, ""T1498.001 - Impact: Direct Network Flood"": 6, ""T1498.002 - Impact: Reflection/Amplification Attack"": 5, ""T1571 - Defense Evasion: Non-Standard Port"": 50, ""T1583.005 - Resource Development: Acquire Botnet"": 9, ""T1584.005 - Resource Development: Build/Compromise Botnet"": 13, ""T1590 - Reconnaissance: Gather Victim Network Information"": 5, ""T1595 - Reconnaissance: Active Scanning"": 30, ""TA0011 - Command-and-Control"": 50}",27268180,135
exploration_bonus_c1.0,exploration_bonus_loo_fragility,"{""c"": 1.0}",2626,360,315,9.550319688808027e-06,0.22271983999839504,0.1042910012389406,0.21817907760399508,0.3536955036703246,6,83,13.833333333333334,28.181948517131,230.0,"{""T1036 - Defense Evasion: Masquerading"": 83, ""T1498.001 - Impact: Direct Network Flood"": 6, ""T1498.002 - Impact: Reflection/Amplification Attack"": 9, ""T1571 - Defense Evasion: Non-Standard Port"": 82, ""T1583.005 - Resource Development: Acquire Botnet"": 60, ""T1584.005 - Resource Development: Build/Compromise Botnet"": 23, ""T1590 - Reconnaissance: Gather Victim Network Information"": 17, ""T1595 - Reconnaissance: Active Scanning"": 30, ""TA0011 - Command-and-Control"": 50}",27268360,315
exploration_bonus_c1.0,exploration_bonus_loo_fragility,"{""c"": 1.0}",2626,720,675,5.698266878366699e-06,0.22415533789891107,0.10645709049162794,0.21969884686946953,0.3548789803136831,6,197,32.833333333333336,61.97131953125126,430.0,"{""T1036 - Defense Evasion: Masquerading"": 197, ""T1498.001 - Impact: Direct Network Flood"": 6, ""T1498.002 - Impact: Reflection/Amplification Attack"": 13, ""T1571 - Defense Evasion: Non-Standard Port"": 82, ""T1583.005 - Resource Development: Acquire Botnet"": 176, ""T1584.005 - Resource Development: Build/Compromise Botnet"": 59, ""T1590 - Reconnaissance: Gather Victim Network Information"": 75, ""T1595 - Reconnaissance: Active Scanning"": 62, ""TA0011 - Command-and-Control"": 50}",27268720,675
exploration_bonus_c1.0,exploration_bonus_loo_fragility,"{""c"": 1.0}",2626,1200,1155,1.3608663913753051e-05,0.22362192217545626,0.10342899500754528,0.21890974411903524,0.35967006482335706,25,200,8.0,64.50150730366263,528.0,"{""T1036 - Defense Evasion: Masquerading"": 200, ""T1498.001 - Impact: Direct Network Flood"": 25, ""T1498.002 - Impact: Reflection/Amplification Attack"": 175, ""T1571 - Defense Evasion: Non-Standard Port"": 82, ""T1583.005 - Resource Development: Acquire Botnet"": 200, ""T1584.005 - Resource Development: Build/Compromise Botnet"": 157, ""T1590 - Reconnaissance: Gather Victim Network Information"": 111, ""T1595 - Reconnaissance: Active Scanning"": 200, ""TA0011 - Command-and-Control"": 50}",27269200,1155
exploration_bonus_c1.0,exploration_bonus_loo_fragility,"{""c"": 1.0}",2626,1798,1753,0.0,0.22470484448919714,0.10282013170083151,0.21987138712593557,0.3602157968474639,199,200,1.0050251256281406,0.41573970964154905,0.0,"{""T1036 - Defense Evasion: Masquerading"": 200, ""T1498.001 - Impact: Direct Network Flood"": 200, ""T1498.002 - Impact: Reflection/Amplification Attack"": 200, ""T1571 - Defense Evasion: Non-Standard Port"": 200, ""T1583.005 - Resource Development: Acquire Botnet"": 200, ""T1584.005 - Resource Development: Build/Compromise Botnet"": 199, ""T1590 - Reconnaissance: Gather Victim Network Information"": 199, ""T1595 - Reconnaissance: Active Scanning"": 200, ""TA0011 - Command-and-Control"": 200}",27269798,1753
uniform_step_balanced,uniform_step_balanced,{},2727,45,0,2.9234711853419017e-05,0.22886388643332398,0.10084120950868368,0.22553351622858686,0.3667720195596471,5,5,1.0,0.0,0.0,"{""T1036 - Defense Evasion: Masquerading"": 5, ""T1498.001 - Impact: Direct Network Flood"": 5, ""T1498.002 - Impact: Reflection/Amplification Attack"": 5, ""T1571 - Defense Evasion: Non-Standard Port"": 5, ""T1583.005 - Resource Development: Acquire Botnet"": 5, ""T1584.005 - Resource Development: Build/Compromise Botnet"": 5, ""T1590 - Reconnaissance: Gather Victim Network Information"": 5, ""T1595 - Reconnaissance: Active Scanning"": 5, ""TA0011 - Command-and-Control"": 5}",28278045,0
uniform_step_balanced,uniform_step_balanced,{},2727,90,45,5.508044451265632e-06,0.22615466339762616,0.10317365029277299,0.2216217961230985,0.36256931348490296,10,10,1.0,0.0,0.0,"{""T1036 - Defense Evasion: Masquerading"": 10, ""T1498.001 - Impact: Direct Network Flood"": 10, ""T1498.002 - Impact: Reflection/Amplification Attack"": 10, ""T1571 - Defense Evasion: Non-Standard Port"": 10, ""T1583.005 - Resource Development: Acquire Botnet"": 10, ""T1584.005 - Resource Development: Build/Compromise Botnet"": 10, ""T1590 - Reconnaissance: Gather Victim Network Information"": 10, ""T1595 - Reconnaissance: Active Scanning"": 10, ""TA0011 - Command-and-Control"": 10}",28278090,45
uniform_step_balanced,uniform_step_balanced,{},2727,180,135,1.2547568529423545e-05,0.22229803865168743,0.09892832296099087,0.21795102003353345,0.3568113722826359,20,20,1.0,0.0,0.0,"{""T1036 - Defense Evasion: Masquerading"": 20, ""T1498.001 - Impact: Direct Network Flood"": 20, ""T1498.002 - Impact: Reflection/Amplification Attack"": 20, ""T1571 - Defense Evasion: Non-Standard Port"": 20, ""T1583.005 - Resource Development: Acquire Botnet"": 20, ""T1584.005 - Resource Development: Build/Compromise Botnet"": 20, ""T1590 - Reconnaissance: Gather Victim Network Information"": 20, ""T1595 - Reconnaissance: Active Scanning"": 20, ""TA0011 - Command-and-Control"": 20}",28278180,135
uniform_step_balanced,uniform_step_balanced,{},2727,360,315,1.640916653921275e-05,0.22191333682012365,0.09713833900647767,0.2185295671126203,0.3573573775805465,40,40,1.0,0.0,0.0,"{""T1036 - Defense Evasion: Masquerading"": 40, ""T1498.001 - Impact: Direct Network Flood"": 40, ""T1498.002 - Impact: Reflection/Amplification Attack"": 40, ""T1571 - Defense Evasion: Non-Standard Port"": 40, ""T1583.005 - Resource Development: Acquire Botnet"": 40, ""T1584.005 - Resource Development: Build/Compromise Botnet"": 40, ""T1590 - Reconnaissance: Gather Victim Network Information"": 40, ""T1595 - Reconnaissance: Active Scanning"": 40, ""TA0011 - Command-and-Control"": 40}",28278360,315
uniform_step_balanced,uniform_step_balanced,{},2727,720,675,1.2994321002455773e-05,0.22140827468930402,0.0976920800912612,0.21739127603270036,0.35600716766813834,80,80,1.0,0.0,0.0,"{""T1036 - Defense Evasion: Masquerading"": 80, ""T1498.001 - Impact: Direct Network Flood"": 80, ""T1498.002 - Impact: Reflection/Amplification Attack"": 80, ""T1571 - Defense Evasion: Non-Standard Port"": 80, ""T1583.005 - Resource Development: Acquire Botnet"": 80, ""T1584.005 - Resource Development: Build/Compromise Botnet"": 80, ""T1590 - Reconnaissance: Gather Victim Network Information"": 80, ""T1595 - Reconnaissance: Active Scanning"": 80, ""TA0011 - Command-and-Control"": 80}",28278720,675
uniform_step_balanced,uniform_step_balanced,{},2727,1200,1155,2.1550819350128115e-06,0.22483864008885784,0.10316926688497842,0.21956160920338252,0.35809111614536804,133,134,1.0075187969924813,0.4714045207910317,0.0,"{""T1036 - Defense Evasion: Masquerading"": 133, ""T1498.001 - Impact: Direct Network Flood"": 133, ""T1498.002 - Impact: Reflection/Amplification Attack"": 134, ""T1571 - Defense Evasion: Non-Standard Port"": 133, ""T1583.005 - Resource Development: Acquire Botnet"": 133, ""T1584.005 - Resource Development: Build/Compromise Botnet"": 133, ""T1590 - Reconnaissance: Gather Victim Network Information"": 134, ""T1595 - Reconnaissance: Active Scanning"": 134, ""TA0011 - Command-and-Control"": 133}",28279200,1155
uniform_step_balanced,uniform_step_balanced,{},2727,1798,1753,0.0,0.22470484448919714,0.10282013170083151,0.21987138712593557,0.3602157968474639,199,200,1.0050251256281406,0.41573970964154905,0.0,"{""T1036 - Defense Evasion: Masquerading"": 200, ""T1498.001 - Impact: Direct Network Flood"": 200, ""T1498.002 - Impact: Reflection/Amplification Attack"": 200, ""T1571 - Defense Evasion: Non-Standard Port"": 200, ""T1583.005 - Resource Development: Acquire Botnet"": 200, ""T1584.005 - Resource Development: Build/Compromise Botnet"": 199, ""T1590 - Reconnaissance: Gather Victim Network Information"": 199, ""T1595 - Reconnaissance: Active Scanning"": 200, ""TA0011 - Command-and-Control"": 200}",28279798,1753
greedy_loo_fragility,greedy_loo_fragility,{},2727,45,0,2.9234711853419017e-05,0.22886388643332398,0.10084120950868368,0.22553351622858686,0.3667720195596471,5,5,1.0,0.0,0.0,"{""T1036 - Defense Evasion: Masquerading"": 5, ""T1498.001 - Impact: Direct Network Flood"": 5, ""T1498.002 - Impact: Reflection/Amplification Attack"": 5, ""T1571 - Defense Evasion: Non-Standard Port"": 5, ""T1583.005 - Resource Development: Acquire Botnet"": 5, ""T1584.005 - Resource Development: Build/Compromise Botnet"": 5, ""T1590 - Reconnaissance: Gather Victim Network Information"": 5, ""T1595 - Reconnaissance: Active Scanning"": 5, ""TA0011 - Command-and-Control"": 5}",28278045,0
greedy_loo_fragility,greedy_loo_fragility,{},2727,90,45,5.051362857885003e-05,0.21779424554252874,0.09631761828104886,0.2135519350852198,0.35014330300790963,5,50,10.0,14.142135623730951,80.0,"{""T1036 - Defense Evasion: Masquerading"": 5, ""T1498.001 - Impact: Direct Network Flood"": 5, ""T1498.002 - Impact: Reflection/Amplification Attack"": 5, ""T1571 - Defense Evasion: Non-Standard Port"": 50, ""T1583.005 - Resource Development: Acquire Botnet"": 5, ""T1584.005 - Resource Development: Build/Compromise Botnet"": 5, ""T1590 - Reconnaissance: Gather Victim Network Information"": 5, ""T1595 - Reconnaissance: Active Scanning"": 5, ""TA0011 - Command-and-Control"": 5}",28278090,45
greedy_loo_fragility,greedy_loo_fragility,{},2727,180,135,1.542764709674604e-05,0.2212147606370003,0.098823712888299,0.21722271385934647,0.35296571174678537,5,50,10.0,21.213203435596427,180.0,"{""T1036 - Defense Evasion: Masquerading"": 50, ""T1498.001 - Impact: Direct Network Flood"": 5, ""T1498.002 - Impact: Reflection/Amplification Attack"": 5, ""T1571 - Defense Evasion: Non-Standard Port"": 50, ""T1583.005 - Resource Development: Acquire Botnet"": 5, ""T1584.005 - Resource Development: Build/Compromise Botnet"": 5, ""T1590 - Reconnaissance: Gather Victim Network Information"": 5, ""T1595 - Reconnaissance: Active Scanning"": 5, ""TA0011 - Command-and-Control"": 50}",28278180,135
greedy_loo_fragility,greedy_loo_fragility,{},2727,360,315,2.0607021355134296e-05,0.2208984776649497,0.09888501152670752,0.21773142170129228,0.35450345108742726,5,185,37.0,55.226805085936306,350.0,"{""T1036 - Defense Evasion: Masquerading"": 50, ""T1498.001 - Impact: Direct Network Flood"": 50, ""T1498.002 - Impact: Reflection/Amplification Attack"": 5, ""T1571 - Defense Evasion: Non-Standard Port"": 50, ""T1583.005 - Resource Development: Acquire Botnet"": 5, ""T1584.005 - Resource Development: Build/Compromise Botnet"": 5, ""T1590 - Reconnaissance: Gather Victim Network Information"": 5, ""T1595 - Reconnaissance: Active Scanning"": 5, ""TA0011 - Command-and-Control"": 185}",28278360,315
greedy_loo_fragility,greedy_loo_fragility,{},2727,720,675,5.019762664728817e-06,0.2227606791665372,0.10050456254973669,0.21864480638055217,0.35678586065484,5,200,40.0,72.80109889280519,570.0,"{""T1036 - Defense Evasion: Masquerading"": 50, ""T1498.001 - Impact: Direct Network Flood"": 200, ""T1498.002 - Impact: Reflection/Amplification Attack"": 5, ""T1571 - Defense Evasion: Non-Standard Port"": 140, ""T1583.005 - Resource Development: Acquire Botnet"": 5, ""T1584.005 - Resource Development: Build/Compromise Botnet"": 80, ""T1590 - Reconnaissance: Gather Victim Network Information"": 5, ""T1595 - Reconnaissance: Active Scanning"": 50, ""TA0011 - Command-and-Control"": 185}",28278720,675
greedy_loo_fragility,greedy_loo_fragility,{},2727,1200,1155,5.858722987877303e-06,0.22252458545411774,0.10203791796482702,0.21792198247362715,0.3556597444390054,5,200,40.0,70.03967129816898,574.0,"{""T1036 - Defense Evasion: Masquerading"": 200, ""T1498.001 - Impact: Direct Network Flood"": 200, ""T1498.002 - Impact: Reflection/Amplification Attack"": 5, ""T1571 - Defense Evasion: Non-Standard Port"": 170, ""T1583.005 - Resource Development: Acquire Botnet"": 200, ""T1584.005 - Resource Development: Build/Compromise Botnet"": 110, ""T1590 - Reconnaissance: Gather Victim Network Information"": 50, ""T1595 - Reconnaissance: Active Scanning"": 80, ""TA0011 - Command-and-Control"": 185}",28279200,1155
greedy_loo_fragility,greedy_loo_fragility,{},2727,1798,1753,0.0,0.22470484448919714,0.10282013170083151,0.21987138712593557,0.3602157968474639,199,200,1.0050251256281406,0.41573970964154905,0.0,"{""T1036 - Defense Evasion: Masquerading"": 200, ""T1498.001 - Impact: Direct Network Flood"": 200, ""T1498.002 - Impact: Reflection/Amplification Attack"": 200, ""T1571 - Defense Evasion: Non-Standard Port"": 200, ""T1583.005 - Resource Development: Acquire Botnet"": 200, ""T1584.005 - Resource Development: Build/Compromise Botnet"": 199, ""T1590 - Reconnaissance: Gather Victim Network Information"": 199, ""T1595 - Reconnaissance: Active Scanning"": 200, ""TA0011 - Command-and-Control"": 200}",28279798,1753
epsilon_greedy_eps0.2,epsilon_greedy_loo_fragility,"{""epsilon"": 0.2}",2727,45,0,2.9234711853419017e-05,0.22886388643332398,0.10084120950868368,0.22553351622858686,0.3667720195596471,5,5,1.0,0.0,0.0,"{""T1036 - Defense Evasion: Masquerading"": 5, ""T1498.001 - Impact: Direct Network Flood"": 5, ""T1498.002 - Impact: Reflection/Amplification Attack"": 5, ""T1571 - Defense Evasion: Non-Standard Port"": 5, ""T1583.005 - Resource Development: Acquire Botnet"": 5, ""T1584.005 - Resource Development: Build/Compromise Botnet"": 5, ""T1590 - Reconnaissance: Gather Victim Network Information"": 5, ""T1595 - Reconnaissance: Active Scanning"": 5, ""TA0011 - Command-and-Control"": 5}",28278045,0
epsilon_greedy_eps0.2,epsilon_greedy_loo_fragility,"{""epsilon"": 0.2}",2727,90,45,6.184046884923707e-06,0.22273973888655937,0.10253173243614555,0.21888277528813943,0.3557010855769492,6,36,6.0,9.201449161228174,52.0,"{""T1036 - Defense Evasion: Masquerading"": 7, ""T1498.001 - Impact: Direct Network Flood"": 7, ""T1498.002 - Impact: Reflection/Amplification Attack"": 6, ""T1571 - Defense Evasion: Non-Standard Port"": 36, ""T1583.005 - Resource Development: Acquire Botnet"": 7, ""T1584.005 - Resource Development: Build/Compromise Botnet"": 7, ""T1590 - Reconnaissance: Gather Victim Network Information"": 7, ""T1595 - Reconnaissance: Active Scanning"": 7, ""TA0011 - Command-and-Control"": 6}",28278090,45
epsilon_greedy_eps0.2,epsilon_greedy_loo_fragility,"{""epsilon"": 0.2}",2727,180,135,3.268785141166835e-05,0.21996874482743206,0.10097713567625437,0.2155262403834542,0.35221350706939664,8,47,5.875,16.519348924485158,138.0,"{""T1036 - Defense Evasion: Masquerading"": 8, ""T1498.001 - Impact: Direct Network Flood"": 9, ""T1498.002 - Impact: Reflection/Amplification Attack"": 9, ""T1571 - Defense Evasion: Non-Standard Port"": 36, ""T1583.005 - Resource Development: Acquire Botnet"": 46, ""T1584.005 - Resource Development: Build/Compromise Botnet"": 8, ""T1590 - Reconnaissance: Gather Victim Network Information"": 8, ""T1595 - Reconnaissance: Active Scanning"": 47, ""TA0011 - Command-and-Control"": 9}",28278180,135
epsilon_greedy_eps0.2,epsilon_greedy_loo_fragility,"{""epsilon"": 0.2}",2727,360,315,3.0832062008377185e-05,0.21949601338564506,0.09961122293577657,0.21518243994038153,0.35110621868262853,18,113,6.277777777777778,28.472208672083497,180.0,"{""T1036 - Defense Evasion: Masquerading"": 18, ""T1498.001 - Impact: Direct Network Flood"": 44, ""T1498.002 - Impact: Reflection/Amplification Attack"": 18, ""T1571 - Defense Evasion: Non-Standard Port"": 36, ""T1583.005 - Resource Development: Acquire Botnet"": 113, ""T1584.005 - Resource Development: Build/Compromise Botnet"": 46, ""T1590 - Reconnaissance: Gather Victim Network Information"": 19, ""T1595 - Reconnaissance: Active Scanning"": 47, ""TA0011 - Command-and-Control"": 19}",28278360,315
epsilon_greedy_eps0.2,epsilon_greedy_loo_fragility,"{""epsilon"": 0.2}",2727,720,675,9.322527173912434e-06,0.2220087296895992,0.10039943452602725,0.2179229146894267,0.35527905777502794,39,200,5.128205128205129,49.67002225800902,340.0,"{""T1036 - Defense Evasion: Masquerading"": 39, ""T1498.001 - Impact: Direct Network Flood"": 44, ""T1498.002 - Impact: Reflection/Amplification Attack"": 67, ""T1571 - Defense Evasion: Non-Standard Port"": 85, ""T1583.005 - Resource Development: Acquire Botnet"": 200, ""T1584.005 - Resource Development: Build/Compromise Botnet"": 88, ""T1590 - Reconnaissance: Gather Victim Network Information"": 40, ""T1595 - Reconnaissance: Active Scanning"": 117, ""TA0011 - Command-and-Control"": 40}",28278720,675
epsilon_greedy_eps0.2,epsilon_greedy_loo_fragility,"{""epsilon"": 0.2}",2727,1200,1155,6.354955723881552e-06,0.22390526534613714,0.10331928367236154,0.2187210133121954,0.35593879394128186,76,200,2.6315789473684212,53.512200062747894,438.0,"{""T1036 - Defense Evasion: Masquerading"": 76, ""T1498.001 - Impact: Direct Network Flood"": 76, ""T1498.002 - Impact: Reflection/Amplification Attack"": 77, ""T1571 - Defense Evasion: Non-Standard Port"": 153, ""T1583.005 - Resource Development: Acquire Botnet"": 200, ""T1584.005 - Resource Development: Build/Compromise Botnet"": 135, ""T1590 - Reconnaissance: Gather Victim Network Information"": 199, ""T1595 - Reconnaissance: Active Scanning"": 200, ""TA0011 - Command-and-Control"": 84}",28279200,1155
epsilon_greedy_eps0.2,epsilon_greedy_loo_fragility,"{""epsilon"": 0.2}",2727,1798,1753,0.0,0.22470484448919714,0.10282013170083151,0.21987138712593557,0.3602157968474639,199,200,1.0050251256281406,0.41573970964154905,0.0,"{""T1036 - Defense Evasion: Masquerading"": 200, ""T1498.001 - Impact: Direct Network Flood"": 200, ""T1498.002 - Impact: Reflection/Amplification Attack"": 200, ""T1571 - Defense Evasion: Non-Standard Port"": 200, ""T1583.005 - Resource Development: Acquire Botnet"": 200, ""T1584.005 - Resource Development: Build/Compromise Botnet"": 199, ""T1590 - Reconnaissance: Gather Victim Network Information"": 199, ""T1595 - Reconnaissance: Active Scanning"": 200, ""TA0011 - Command-and-Control"": 200}",28279798,1753
exploration_bonus_c0.25,exploration_bonus_loo_fragility,"{""c"": 0.25}",2727,45,0,2.9234711853419017e-05,0.22886388643332398,0.10084120950868368,0.22553351622858686,0.3667720195596471,5,5,1.0,0.0,0.0,"{""T1036 - Defense Evasion: Masquerading"": 5, ""T1498.001 - Impact: Direct Network Flood"": 5, ""T1498.002 - Impact: Reflection/Amplification Attack"": 5, ""T1571 - Defense Evasion: Non-Standard Port"": 5, ""T1583.005 - Resource Development: Acquire Botnet"": 5, ""T1584.005 - Resource Development: Build/Compromise Botnet"": 5, ""T1590 - Reconnaissance: Gather Victim Network Information"": 5, ""T1595 - Reconnaissance: Active Scanning"": 5, ""TA0011 - Command-and-Control"": 5}",28278045,0
exploration_bonus_c0.25,exploration_bonus_loo_fragility,"{""c"": 0.25}",2727,90,45,5.051362857885003e-05,0.21779424554252874,0.09631761828104886,0.2135519350852198,0.35014330300790963,5,50,10.0,14.142135623730951,80.0,"{""T1036 - Defense Evasion: Masquerading"": 5, ""T1498.001 - Impact: Direct Network Flood"": 5, ""T1498.002 - Impact: Reflection/Amplification Attack"": 5, ""T1571 - Defense Evasion: Non-Standard Port"": 50, ""T1583.005 - Resource Development: Acquire Botnet"": 5, ""T1584.005 - Resource Development: Build/Compromise Botnet"": 5, ""T1590 - Reconnaissance: Gather Victim Network Information"": 5, ""T1595 - Reconnaissance: Active Scanning"": 5, ""TA0011 - Command-and-Control"": 5}",28278090,45
exploration_bonus_c0.25,exploration_bonus_loo_fragility,"{""c"": 0.25}",2727,180,135,1.542764709674604e-05,0.2212147606370003,0.098823712888299,0.21722271385934647,0.35296571174678537,5,50,10.0,21.213203435596427,180.0,"{""T1036 - Defense Evasion: Masquerading"": 50, ""T1498.001 - Impact: Direct Network Flood"": 5, ""T1498.002 - Impact: Reflection/Amplification Attack"": 5, ""T1571 - Defense Evasion: Non-Standard Port"": 50, ""T1583.005 - Resource Development: Acquire Botnet"": 5, ""T1584.005 - Resource Development: Build/Compromise Botnet"": 5, ""T1590 - Reconnaissance: Gather Victim Network Information"": 5, ""T1595 - Reconnaissance: Active Scanning"": 5, ""TA0011 - Command-and-Control"": 50}",28278180,135
exploration_bonus_c0.25,exploration_bonus_loo_fragility,"{""c"": 0.25}",2727,360,315,2.0642145930739264e-05,0.220859829395812,0.09750917193255754,0.2174837759171367,0.3528550444660393,5,140,28.0,44.7288124888943,334.0,"{""T1036 - Defense Evasion: Masquerading"": 50, ""T1498.001 - Impact: Direct Network Flood"": 9, ""T1498.002 - Impact: Reflection/Amplification Attack"": 5, ""T1571 - Defense Evasion: Non-Standard Port"": 50, ""T1583.005 - Resource Development: Acquire Botnet"": 140, ""T1584.005 - Resource Development: Build/Compromise Botnet"": 9, ""T1590 - Reconnaissance: Gather Victim Network Information"": 5, ""T1595 - Reconnaissance: Active Scanning"": 5, ""TA0011 - Command-and-Control"": 87}",28278360,315
exploration_bonus_c0.25,exploration_bonus_loo_fragility,"{""c"": 0.25}",2727,720,675,9.603380943766123e-06,0.22181213955895793,0.1010006080101121,0.21719970566852123,0.3553229972348571,5,200,40.0,65.97137426355633,502.0,"{""T1036 - Defense Evasion: Masquerading"": 50, ""T1498.001 - Impact: Direct Network Flood"": 107, ""T1498.002 - Impact: Reflection/Amplification Attack"": 5, ""T1571 - Defense Evasion: Non-Standard Port"": 95, ""T1583.005 - Resource Development: Acquire Botnet"": 200, ""T1584.005 - Resource Development: Build/Compromise Botnet"": 9, ""T1590 - Reconnaissance: Gather Victim Network Information"": 5, ""T1595 - Reconnaissance: Active Scanning"": 88, ""TA0011 - Command-and-Control"": 161}",28278720,675
exploration_bonus_c0.25,exploration_bonus_loo_fragility,"{""c"": 0.25}",2727,1200,1155,7.82841366969459e-06,0.22248835018314025,0.10211988141816788,0.21808486128518478,0.3564581276570499,5,200,40.0,80.3685953038319,664.0,"{""T1036 - Defense Evasion: Masquerading"": 200, ""T1498.001 - Impact: Direct Network Flood"": 200, ""T1498.002 - Impact: Reflection/Amplification Attack"": 11, ""T1571 - Defense Evasion: Non-Standard Port"": 115, ""T1583.005 - Resource Development: Acquire Botnet"": 200, ""T1584.005 - Resource Development: Build/Compromise Botnet"": 69, ""T1590 - Reconnaissance: Gather Victim Network Information"": 5, ""T1595 - Reconnaissance: Active Scanning"": 200, ""TA0011 - Command-and-Control"": 200}",28279200,1155
exploration_bonus_c0.25,exploration_bonus_loo_fragility,"{""c"": 0.25}",2727,1798,1753,0.0,0.22470484448919714,0.10282013170083151,0.21987138712593557,0.3602157968474639,199,200,1.0050251256281406,0.41573970964154905,0.0,"{""T1036 - Defense Evasion: Masquerading"": 200, ""T1498.001 - Impact: Direct Network Flood"": 200, ""T1498.002 - Impact: Reflection/Amplification Attack"": 200, ""T1571 - Defense Evasion: Non-Standard Port"": 200, ""T1583.005 - Resource Development: Acquire Botnet"": 200, ""T1584.005 - Resource Development: Build/Compromise Botnet"": 199, ""T1590 - Reconnaissance: Gather Victim Network Information"": 199, ""T1595 - Reconnaissance: Active Scanning"": 200, ""TA0011 - Command-and-Control"": 200}",28279798,1753
exploration_bonus_c0.5,exploration_bonus_loo_fragility,"{""c"": 0.5}",2727,45,0,2.9234711853419017e-05,0.22886388643332398,0.10084120950868368,0.22553351622858686,0.3667720195596471,5,5,1.0,0.0,0.0,"{""T1036 - Defense Evasion: Masquerading"": 5, ""T1498.001 - Impact: Direct Network Flood"": 5, ""T1498.002 - Impact: Reflection/Amplification Attack"": 5, ""T1571 - Defense Evasion: Non-Standard Port"": 5, ""T1583.005 - Resource Development: Acquire Botnet"": 5, ""T1584.005 - Resource Development: Build/Compromise Botnet"": 5, ""T1590 - Reconnaissance: Gather Victim Network Information"": 5, ""T1595 - Reconnaissance: Active Scanning"": 5, ""TA0011 - Command-and-Control"": 5}",28278045,0
exploration_bonus_c0.5,exploration_bonus_loo_fragility,"{""c"": 0.5}",2727,90,45,5.051362857885003e-05,0.21779424554252874,0.09631761828104886,0.2135519350852198,0.35014330300790963,5,50,10.0,14.142135623730951,80.0,"{""T1036 - Defense Evasion: Masquerading"": 5, ""T1498.001 - Impact: Direct Network Flood"": 5, ""T1498.002 - Impact: Reflection/Amplification Attack"": 5, ""T1571 - Defense Evasion: Non-Standard Port"": 50, ""T1583.005 - Resource Development: Acquire Botnet"": 5, ""T1584.005 - Resource Development: Build/Compromise Botnet"": 5, ""T1590 - Reconnaissance: Gather Victim Network Information"": 5, ""T1595 - Reconnaissance: Active Scanning"": 5, ""TA0011 - Command-and-Control"": 5}",28278090,45
exploration_bonus_c0.5,exploration_bonus_loo_fragility,"{""c"": 0.5}",2727,180,135,1.0458310561158696e-05,0.2224434512436357,0.10295061357229107,0.21818278105181116,0.3523371347185973,5,50,10.0,19.949937343260004,168.0,"{""T1036 - Defense Evasion: Masquerading"": 44, ""T1498.001 - Impact: Direct Network Flood"": 5, ""T1498.002 - Impact: Reflection/Amplification Attack"": 5, ""T1571 - Defense Evasion: Non-Standard Port"": 50, ""T1583.005 - Resource Development: Acquire Botnet"": 5, ""T1584.005 - Resource Development: Build/Compromise Botnet"": 50, ""T1590 - Reconnaissance: Gather Victim Network Information"": 5, ""T1595 - Reconnaissance: Active Scanning"": 5, ""TA0011 - Command-and-Control"": 11}",28278180,135
exploration_bonus_c0.5,exploration_bonus_loo_fragility,"{""c"": 0.5}",2727,360,315,1.2124017269045283e-05,0.2223604193601401,0.10235230541256737,0.2180934364960662,0.3558299213546376,5,95,19.0,28.682166352398603,210.0,"{""T1036 - Defense Evasion: Masquerading"": 44, ""T1498.001 - Impact: Direct Network Flood"": 56, ""T1498.002 - Impact: Reflection/Amplification Attack"": 6, ""T1571 - Defense Evasion: Non-Standard Port"": 95, ""T1583.005 - Resource Development: Acquire Botnet"": 5, ""T1584.005 - Resource Development: Build/Compromise Botnet"": 50, ""T1590 - Reconnaissance: Gather Victim Network Information"": 5, ""T1595 - Reconnaissance: Active Scanning"": 39, ""TA0011 - Command-and-Control"": 60}",28278360,315
exploration_bonus_c0.5,exploration_bonus_loo_fragility,"{""c"": 0.5}",2727,720,675,8.221015418393512e-06,0.2225477501943343,0.10217978189972056,0.21879267910591355,0.3555129383297149,6,161,26.833333333333332,48.99659852139398,360.0,"{""T1036 - Defense Evasion: Masquerading"": 59, ""T1498.001 - Impact: Direct Network Flood"": 148, ""T1498.002 - Impact: Reflection/Amplification Attack"": 6, ""T1571 - Defense Evasion: Non-Standard Port"": 161, ""T1583.005 - Resource Development: Acquire Botnet"": 103, ""T1584.005 - Resource Development: Build/Compromise Botnet"": 50, ""T1590 - Reconnaissance: Gather Victim Network Information"": 25, ""T1595 - Reconnaissance: Active Scanning"": 81, ""TA0011 - Command-and-Control"": 87}",28278720,675
exploration_bonus_c0.5,exploration_bonus_loo_fragility,"{""c"": 0.5}",2727,1200,1155,8.831382598466766e-06,0.2227051209879475,0.10267027816931366,0.2183762445450867,0.3553025299133731,6,200,33.333333333333336,73.62366769215213,590.0,"{""T1036 - Defense Evasion: Masquerading"": 200, ""T1498.001 - Impact: Direct Network Flood"": 148, ""T1498.002 - Impact: Reflection/Amplification Attack"": 6, ""T1571 - Defense Evasion: Non-Standard Port"": 161, ""T1583.005 - Resource Development: Acquire Botnet"": 200, ""T1584.005 - Resource Development: Build/Compromise Botnet"": 73, ""T1590 - Reconnaissance: Gather Victim Network Information"": 25, ""T1595 - Reconnaissance: Active Scanning"": 200, ""TA0011 - Command-and-Control"": 187}",28279200,1155
exploration_bonus_c0.5,exploration_bonus_loo_fragility,"{""c"": 0.5}",2727,1798,1753,0.0,0.22470484448919714,0.10282013170083151,0.21987138712593557,0.3602157968474639,199,200,1.0050251256281406,0.41573970964154905,0.0,"{""T1036 - Defense Evasion: Masquerading"": 200, ""T1498.001 - Impact: Direct Network Flood"": 200, ""T1498.002 - Impact: Reflection/Amplification Attack"": 200, ""T1571 - Defense Evasion: Non-Standard Port"": 200, ""T1583.005 - Resource Development: Acquire Botnet"": 200, ""T1584.005 - Resource Development: Build/Compromise Botnet"": 199, ""T1590 - Reconnaissance: Gather Victim Network Information"": 199, ""T1595 - Reconnaissance: Active Scanning"": 200, ""TA0011 - Command-and-Control"": 200}",28279798,1753
exploration_bonus_c1.0,exploration_bonus_loo_fragility,"{""c"": 1.0}",2727,45,0,2.9234711853419017e-05,0.22886388643332398,0.10084120950868368,0.22553351622858686,0.3667720195596471,5,5,1.0,0.0,0.0,"{""T1036 - Defense Evasion: Masquerading"": 5, ""T1498.001 - Impact: Direct Network Flood"": 5, ""T1498.002 - Impact: Reflection/Amplification Attack"": 5, ""T1571 - Defense Evasion: Non-Standard Port"": 5, ""T1583.005 - Resource Development: Acquire Botnet"": 5, ""T1584.005 - Resource Development: Build/Compromise Botnet"": 5, ""T1590 - Reconnaissance: Gather Victim Network Information"": 5, ""T1595 - Reconnaissance: Active Scanning"": 5, ""TA0011 - Command-and-Control"": 5}",28278045,0
exploration_bonus_c1.0,exploration_bonus_loo_fragility,"{""c"": 1.0}",2727,90,45,5.051362857885003e-05,0.21779424554252874,0.09631761828104886,0.2135519350852198,0.35014330300790963,5,50,10.0,14.142135623730951,80.0,"{""T1036 - Defense Evasion: Masquerading"": 5, ""T1498.001 - Impact: Direct Network Flood"": 5, ""T1498.002 - Impact: Reflection/Amplification Attack"": 5, ""T1571 - Defense Evasion: Non-Standard Port"": 50, ""T1583.005 - Resource Development: Acquire Botnet"": 5, ""T1584.005 - Resource Development: Build/Compromise Botnet"": 5, ""T1590 - Reconnaissance: Gather Victim Network Information"": 5, ""T1595 - Reconnaissance: Active Scanning"": 5, ""TA0011 - Command-and-Control"": 5}",28278090,45
exploration_bonus_c1.0,exploration_bonus_loo_fragility,"{""c"": 1.0}",2727,180,135,1.614052594427074e-05,0.22104700741890643,0.09902318152276901,0.21668742432453947,0.35467139062767755,5,80,16.0,23.333333333333332,154.0,"{""T1036 - Defense Evasion: Masquerading"": 37, ""T1498.001 - Impact: Direct Network Flood"": 14, ""T1498.002 - Impact: Reflection/Amplification Attack"": 5, ""T1571 - Defense Evasion: Non-Standard Port"": 80, ""T1583.005 - Resource Development: Acquire Botnet"": 5, ""T1584.005 - Resource Development: Build/Compromise Botnet"": 6, ""T1590 - Reconnaissance: Gather Victim Network Information"": 10, ""T1595 - Reconnaissance: Active Scanning"": 5, ""TA0011 - Command-and-Control"": 18}",28278180,135
exploration_bonus_c1.0,exploration_bonus_loo_fragility,"{""c"": 1.0}",2727,360,315,1.6857212418079608e-05,0.220803560533748,0.09947619281027612,0.21682519909247233,0.35477802207249903,5,93,18.6,29.06314963431642,222.0,"{""T1036 - Defense Evasion: Masquerading"": 37, ""T1498.001 - Impact: Direct Network Flood"": 16, ""T1498.002 - Impact: Reflection/Amplification Attack"": 5, ""T1571 - Defense Evasion: Non-Standard Port"": 80, ""T1583.005 - Resource Development: Acquire Botnet"": 93, ""T1584.005 - Resource Development: Build/Compromise Botnet"": 51, ""T1590 - Reconnaissance: Gather Victim Network Information"": 13, ""T1595 - Reconnaissance: Active Scanning"": 47, ""TA0011 - Command-and-Control"": 18}",28278360,315
exploration_bonus_c1.0,exploration_bonus_loo_fragility,"{""c"": 1.0}",2727,720,675,1.8899126534998865e-05,0.22103327868252273,0.10242617296812934,0.21678818395360294,0.35115683138279274,15,200,13.333333333333334,50.92041721047549,338.0,"{""T1036 - Defense Evasion: Masquerading"": 57, ""T1498.001 - Impact: Direct Network Flood"": 92, ""T1498.002 - Impact: Reflection/Amplification Attack"": 15, ""T1571 - Defense Evasion: Non-Standard Port"": 84, ""T1583.005 - Resource Development: Acquire Botnet"": 200, ""T1584.005 - Resource Development: Build/Compromise Botnet"": 103, ""T1590 - Reconnaissance: Gather Victim Network Information"": 32, ""T1595 - Reconnaissance: Active Scanning"": 90, ""TA0011 - Command-and-Control"": 47}",28278720,675
exploration_bonus_c1.0,exploration_bonus_loo_fragility,"{""c"": 1.0}",2727,1200,1155,1.2415006084821405e-05,0.22160211213262104,0.10099904553107195,0.21704245913069903,0.3537759972673296,43,200,4.651162790697675,56.432850952850735,456.0,"{""T1036 - Defense Evasion: Masquerading"": 102, ""T1498.001 - Impact: Direct Network Flood"": 163, ""T1498.002 - Impact: Reflection/Amplification Attack"": 200, ""T1571 - Defense Evasion: Non-Standard Port"": 84, ""T1583.005 - Resource Development: Acquire Botnet"": 200, ""T1584.005 - Resource Development: Build/Compromise Botnet"": 128, ""T1590 - Reconnaissance: Gather Victim Network Information"": 43, ""T1595 - Reconnaissance: Active Scanning"": 200, ""TA0011 - Command-and-Control"": 80}",28279200,1155
exploration_bonus_c1.0,exploration_bonus_loo_fragility,"{""c"": 1.0}",2727,1798,1753,0.0,0.22470484448919714,0.10282013170083151,0.21987138712593557,0.3602157968474639,199,200,1.0050251256281406,0.41573970964154905,0.0,"{""T1036 - Defense Evasion: Masquerading"": 200, ""T1498.001 - Impact: Direct Network Flood"": 200, ""T1498.002 - Impact: Reflection/Amplification Attack"": 200, ""T1571 - Defense Evasion: Non-Standard Port"": 200, ""T1583.005 - Resource Development: Acquire Botnet"": 200, ""T1584.005 - Resource Development: Build/Compromise Botnet"": 199, ""T1590 - Reconnaissance: Gather Victim Network Information"": 199, ""T1595 - Reconnaissance: Active Scanning"": 200, ""TA0011 - Command-and-Control"": 200}",28279798,1753
uniform_step_balanced,uniform_step_balanced,{},2828,45,0,0.00013544310780368537,0.2144066822435002,0.0856264193363975,0.20957491163015815,0.356716831717601,5,5,1.0,0.0,0.0,"{""T1036 - Defense Evasion: Masquerading"": 5, ""T1498.001 - Impact: Direct Network Flood"": 5, ""T1498.002 - Impact: Reflection/Amplification Attack"": 5, ""T1571 - Defense Evasion: Non-Standard Port"": 5, ""T1583.005 - Resource Development: Acquire Botnet"": 5, ""T1584.005 - Resource Development: Build/Compromise Botnet"": 5, ""T1590 - Reconnaissance: Gather Victim Network Information"": 5, ""T1595 - Reconnaissance: Active Scanning"": 5, ""TA0011 - Command-and-Control"": 5}",29288045,0
uniform_step_balanced,uniform_step_balanced,{},2828,90,45,2.9521177647058987e-05,0.2197682516442095,0.09827226053060131,0.21380608764911474,0.3561110279832017,10,10,1.0,0.0,0.0,"{""T1036 - Defense Evasion: Masquerading"": 10, ""T1498.001 - Impact: Direct Network Flood"": 10, ""T1498.002 - Impact: Reflection/Amplification Attack"": 10, ""T1571 - Defense Evasion: Non-Standard Port"": 10, ""T1583.005 - Resource Development: Acquire Botnet"": 10, ""T1584.005 - Resource Development: Build/Compromise Botnet"": 10, ""T1590 - Reconnaissance: Gather Victim Network Information"": 10, ""T1595 - Reconnaissance: Active Scanning"": 10, ""TA0011 - Command-and-Control"": 10}",29288090,45
uniform_step_balanced,uniform_step_balanced,{},2828,180,135,4.640016021094289e-06,0.22424797443862,0.10374679893660717,0.21951469292204523,0.35994498421052873,20,20,1.0,0.0,0.0,"{""T1036 - Defense Evasion: Masquerading"": 20, ""T1498.001 - Impact: Direct Network Flood"": 20, ""T1498.002 - Impact: Reflection/Amplification Attack"": 20, ""T1571 - Defense Evasion: Non-Standard Port"": 20, ""T1583.005 - Resource Development: Acquire Botnet"": 20, ""T1584.005 - Resource Development: Build/Compromise Botnet"": 20, ""T1590 - Reconnaissance: Gather Victim Network Information"": 20, ""T1595 - Reconnaissance: Active Scanning"": 20, ""TA0011 - Command-and-Control"": 20}",29288180,135
uniform_step_balanced,uniform_step_balanced,{},2828,360,315,5.165589222410914e-06,0.2242856995983848,0.10372059076659775,0.2193321737892398,0.35804684001746656,40,40,1.0,0.0,0.0,"{""T1036 - Defense Evasion: Masquerading"": 40, ""T1498.001 - Impact: Direct Network Flood"": 40, ""T1498.002 - Impact: Reflection/Amplification Attack"": 40, ""T1571 - Defense Evasion: Non-Standard Port"": 40, ""T1583.005 - Resource Development: Acquire Botnet"": 40, ""T1584.005 - Resource Development: Build/Compromise Botnet"": 40, ""T1590 - Reconnaissance: Gather Victim Network Information"": 40, ""T1595 - Reconnaissance: Active Scanning"": 40, ""TA0011 - Command-and-Control"": 40}",29288360,315
uniform_step_balanced,uniform_step_balanced,{},2828,720,675,1.0979798613923472e-06,0.22433953960185918,0.10321964882492607,0.2197794309110035,0.35815882276737643,80,80,1.0,0.0,0.0,"{""T1036 - Defense Evasion: Masquerading"": 80, ""T1498.001 - Impact: Direct Network Flood"": 80, ""T1498.002 - Impact: Reflection/Amplification Attack"": 80, ""T1571 - Defense Evasion: Non-Standard Port"": 80, ""T1583.005 - Resource Development: Acquire Botnet"": 80, ""T1584.005 - Resource Development: Build/Compromise Botnet"": 80, ""T1590 - Reconnaissance: Gather Victim Network Information"": 80, ""T1595 - Reconnaissance: Active Scanning"": 80, ""TA0011 - Command-and-Control"": 80}",29288720,675
uniform_step_balanced,uniform_step_balanced,{},2828,1200,1155,8.112249057608255e-07,0.22475661701136604,0.10334075281913466,0.21950258512307325,0.3605107860414406,133,134,1.0075187969924813,0.4714045207910317,0.0,"{""T1036 - Defense Evasion: Masquerading"": 133, ""T1498.001 - Impact: Direct Network Flood"": 133, ""T1498.002 - Impact: Reflection/Amplification Attack"": 133, ""T1571 - Defense Evasion: Non-Standard Port"": 133, ""T1583.005 - Resource Development: Acquire Botnet"": 134, ""T1584.005 - Resource Development: Build/Compromise Botnet"": 133, ""T1590 - Reconnaissance: Gather Victim Network Information"": 133, ""T1595 - Reconnaissance: Active Scanning"": 134, ""TA0011 - Command-and-Control"": 134}",29289200,1155
uniform_step_balanced,uniform_step_balanced,{},2828,1798,1753,0.0,0.22470484448919714,0.10282013170083151,0.21987138712593557,0.3602157968474639,199,200,1.0050251256281406,0.41573970964154905,0.0,"{""T1036 - Defense Evasion: Masquerading"": 200, ""T1498.001 - Impact: Direct Network Flood"": 200, ""T1498.002 - Impact: Reflection/Amplification Attack"": 200, ""T1571 - Defense Evasion: Non-Standard Port"": 200, ""T1583.005 - Resource Development: Acquire Botnet"": 200, ""T1584.005 - Resource Development: Build/Compromise Botnet"": 199, ""T1590 - Reconnaissance: Gather Victim Network Information"": 199, ""T1595 - Reconnaissance: Active Scanning"": 200, ""TA0011 - Command-and-Control"": 200}",29289798,1753
greedy_loo_fragility,greedy_loo_fragility,{},2828,45,0,0.00013544310780368537,0.2144066822435002,0.0856264193363975,0.20957491163015815,0.356716831717601,5,5,1.0,0.0,0.0,"{""T1036 - Defense Evasion: Masquerading"": 5, ""T1498.001 - Impact: Direct Network Flood"": 5, ""T1498.002 - Impact: Reflection/Amplification Attack"": 5, ""T1571 - Defense Evasion: Non-Standard Port"": 5, ""T1583.005 - Resource Development: Acquire Botnet"": 5, ""T1584.005 - Resource Development: Build/Compromise Botnet"": 5, ""T1590 - Reconnaissance: Gather Victim Network Information"": 5, ""T1595 - Reconnaissance: Active Scanning"": 5, ""TA0011 - Command-and-Control"": 5}",29288045,0
greedy_loo_fragility,greedy_loo_fragility,{},2828,90,45,3.284517050003777e-05,0.2205656112188262,0.09268441530905328,0.21602366179007387,0.35980366473959446,5,50,10.0,14.142135623730951,80.0,"{""T1036 - Defense Evasion: Masquerading"": 5, ""T1498.001 - Impact: Direct Network Flood"": 5, ""T1498.002 - Impact: Reflection/Amplification Attack"": 5, ""T1571 - Defense Evasion: Non-Standard Port"": 50, ""T1583.005 - Resource Development: Acquire Botnet"": 5, ""T1584.005 - Resource Development: Build/Compromise Botnet"": 5, ""T1590 - Reconnaissance: Gather Victim Network Information"": 5, ""T1595 - Reconnaissance: Active Scanning"": 5, ""TA0011 - Command-and-Control"": 5}",29288090,45
greedy_loo_fragility,greedy_loo_fragility,{},2828,180,135,3.930919292127811e-06,0.22405138024759907,0.10511222085076272,0.21919680549583165,0.3578332918438369,5,50,10.0,21.213203435596427,180.0,"{""T1036 - Defense Evasion: Masquerading"": 50, ""T1498.001 - Impact: Direct Network Flood"": 5, ""T1498.002 - Impact: Reflection/Amplification Attack"": 5, ""T1571 - Defense Evasion: Non-Standard Port"": 50, ""T1583.005 - Resource Development: Acquire Botnet"": 5, ""T1584.005 - Resource Development: Build/Compromise Botnet"": 5, ""T1590 - Reconnaissance: Gather Victim Network Information"": 5, ""T1595 - Reconnaissance: Active Scanning"": 5, ""TA0011 - Command-and-Control"": 50}",29288180,135
greedy_loo_fragility,greedy_loo_fragility,{},2828,360,315,2.648963435871758e-06,0.22363150049864025,0.1041403966678508,0.21923095324843964,0.3559076973880202,5,140,28.0,41.23105625617661,280.0,"{""T1036 - Defense Evasion: Masquerading"": 50, ""T1498.001 - Impact: Direct Network Flood"": 5, ""T1498.002 - Impact: Reflection/Amplification Attack"": 140, ""T1571 - Defense Evasion: Non-Standard Port"": 50, ""T1583.005 - Resource Development: Acquire Botnet"": 50, ""T1584.005 - Resource Development: Build/Compromise Botnet"": 5, ""T1590 - Reconnaissance: Gather Victim Network Information"": 5, ""T1595 - Reconnaissance: Active Scanning"": 5, ""TA0011 - Command-and-Control"": 50}",29288360,315
greedy_loo_fragility,greedy_loo_fragility,{},2828,720,675,4.522219071794393e-06,0.22648641550278345,0.10723939603514518,0.22167768076132227,0.36061705032201613,5,200,40.0,67.45368781616021,540.0,"{""T1036 - Defense Evasion: Masquerading"": 170, ""T1498.001 - Impact: Direct Network Flood"": 5, ""T1498.002 - Impact: Reflection/Amplification Attack"": 200, ""T1571 - Defense Evasion: Non-Standard Port"": 50, ""T1583.005 - Resource Development: Acquire Botnet"": 140, ""T1584.005 - Resource Development: Build/Compromise Botnet"": 50, ""T1590 - Reconnaissance: Gather Victim Network Information"": 50, ""T1595 - Reconnaissance: Active Scanning"": 5, ""TA0011 - Command-and-Control"": 50}",29288720,675
greedy_loo_fragility,greedy_loo_fragility,{},2828,1200,1155,2.169403773654619e-06,0.22359481652372923,0.10325610591833105,0.21894243032416666,0.3567907521446206,35,200,5.714285714285714,71.96604137446434,632.0,"{""T1036 - Defense Evasion: Masquerading"": 200, ""T1498.001 - Impact: Direct Network Flood"": 35, ""T1498.002 - Impact: Reflection/Amplification Attack"": 200, ""T1571 - Defense Evasion: Non-Standard Port"": 185, ""T1583.005 - Resource Development: Acquire Botnet"": 200, ""T1584.005 - Resource Development: Build/Compromise Botnet"": 199, ""T1590 - Reconnaissance: Gather Victim Network Information"": 81, ""T1595 - Reconnaissance: Active Scanning"": 50, ""TA0011 - Command-and-Control"": 50}",29289200,1155
greedy_loo_fragility,greedy_loo_fragility,{},2828,1798,1753,0.0,0.22470484448919714,0.10282013170083151,0.21987138712593557,0.3602157968474639,199,200,1.0050251256281406,0.41573970964154905,0.0,"{""T1036 - Defense Evasion: Masquerading"": 200, ""T1498.001 - Impact: Direct Network Flood"": 200, ""T1498.002 - Impact: Reflection/Amplification Attack"": 200, ""T1571 - Defense Evasion: Non-Standard Port"": 200, ""T1583.005 - Resource Development: Acquire Botnet"": 200, ""T1584.005 - Resource Development: Build/Compromise Botnet"": 199, ""T1590 - Reconnaissance: Gather Victim Network Information"": 199, ""T1595 - Reconnaissance: Active Scanning"": 200, ""TA0011 - Command-and-Control"": 200}",29289798,1753
epsilon_greedy_eps0.2,epsilon_greedy_loo_fragility,"{""epsilon"": 0.2}",2828,45,0,0.00013544310780368537,0.2144066822435002,0.0856264193363975,0.20957491163015815,0.356716831717601,5,5,1.0,0.0,0.0,"{""T1036 - Defense Evasion: Masquerading"": 5, ""T1498.001 - Impact: Direct Network Flood"": 5, ""T1498.002 - Impact: Reflection/Amplification Attack"": 5, ""T1571 - Defense Evasion: Non-Standard Port"": 5, ""T1583.005 - Resource Development: Acquire Botnet"": 5, ""T1584.005 - Resource Development: Build/Compromise Botnet"": 5, ""T1590 - Reconnaissance: Gather Victim Network Information"": 5, ""T1595 - Reconnaissance: Active Scanning"": 5, ""TA0011 - Command-and-Control"": 5}",29288045,0
epsilon_greedy_eps0.2,epsilon_greedy_loo_fragility,"{""epsilon"": 0.2}",2828,90,45,5.331480380602032e-06,0.22332173330873803,0.09831942695948998,0.21942033495613253,0.3595812168504904,6,40,6.666666666666667,10.614455552060438,60.0,"{""T1036 - Defense Evasion: Masquerading"": 7, ""T1498.001 - Impact: Direct Network Flood"": 6, ""T1498.002 - Impact: Reflection/Amplification Attack"": 6, ""T1571 - Defense Evasion: Non-Standard Port"": 40, ""T1583.005 - Resource Development: Acquire Botnet"": 6, ""T1584.005 - Resource Development: Build/Compromise Botnet"": 6, ""T1590 - Reconnaissance: Gather Victim Network Information"": 7, ""T1595 - Reconnaissance: Active Scanning"": 6, ""TA0011 - Command-and-Control"": 6}",29288090,45
epsilon_greedy_eps0.2,epsilon_greedy_loo_fragility,"{""epsilon"": 0.2}",2828,180,135,5.1019770296947475e-06,0.2248219514429019,0.10050621236973328,0.2204142299567617,0.3627755657143956,9,44,4.888888888888889,15.355057075041362,130.0,"{""T1036 - Defense Evasion: Masquerading"": 9, ""T1498.001 - Impact: Direct Network Flood"": 9, ""T1498.002 - Impact: Reflection/Amplification Attack"": 10, ""T1571 - Defense Evasion: Non-Standard Port"": 40, ""T1583.005 - Resource Development: Acquire Botnet"": 9, ""T1584.005 - Resource Development: Build/Compromise Botnet"": 44, ""T1590 - Reconnaissance: Gather Victim Network Information"": 41, ""T1595 - Reconnaissance: Active Scanning"": 9, ""TA0011 - Command-and-Control"": 9}",29288180,135
epsilon_greedy_eps0.2,epsilon_greedy_loo_fragility,"{""epsilon"": 0.2}",2828,360,315,3.2650667762847035e-06,0.2245011476656713,0.10212740480157048,0.22016109683449422,0.35881396809481514,16,79,4.9375,24.404006956964167,188.0,"{""T1036 - Defense Evasion: Masquerading"": 17, ""T1498.001 - Impact: Direct Network Flood"": 16, ""T1498.002 - Impact: Reflection/Amplification Attack"": 53, ""T1571 - Defense Evasion: Non-Standard Port"": 40, ""T1583.005 - Resource Development: Acquire Botnet"": 44, ""T1584.005 - Resource Development: Build/Compromise Botnet"": 79, ""T1590 - Reconnaissance: Gather Victim Network Information"": 78, ""T1595 - Reconnaissance: Active Scanning"": 17, ""TA0011 - Command-and-Control"": 16}",29288360,315
epsilon_greedy_eps0.2,epsilon_greedy_loo_fragility,"{""epsilon"": 0.2}",2828,720,675,1.9432382833568613e-06,0.22447025398213483,0.10455020172827338,0.21948596854058244,0.360203161630974,33,184,5.575757575757576,57.296499796138406,458.0,"{""T1036 - Defense Evasion: Masquerading"": 33, ""T1498.001 - Impact: Direct Network Flood"": 33, ""T1498.002 - Impact: Reflection/Amplification Attack"": 127, ""T1571 - Defense Evasion: Non-Standard Port"": 40, ""T1583.005 - Resource Development: Acquire Botnet"": 158, ""T1584.005 - Resource Development: Build/Compromise Botnet"": 79, ""T1590 - Reconnaissance: Gather Victim Network Information"": 184, ""T1595 - Reconnaissance: Active Scanning"": 33, ""TA0011 - Command-and-Control"": 33}",29288720,675
epsilon_greedy_eps0.2,epsilon_greedy_loo_fragility,"{""epsilon"": 0.2}",2828,1200,1155,2.2102234655174346e-06,0.22384319239710693,0.10292650059818248,0.21896795350663797,0.36067110175425976,84,200,2.380952380952381,45.11959416681158,372.0,"{""T1036 - Defense Evasion: Masquerading"": 112, ""T1498.001 - Impact: Direct Network Flood"": 84, ""T1498.002 - Impact: Reflection/Amplification Attack"": 160, ""T1571 - Defense Evasion: Non-Standard Port"": 84, ""T1583.005 - Resource Development: Acquire Botnet"": 200, ""T1584.005 - Resource Development: Build/Compromise Botnet"": 114, ""T1590 - Reconnaissance: Gather Victim Network Information"": 199, ""T1595 - Reconnaissance: Active Scanning"": 162, ""TA0011 - Command-and-Control"": 85}",29289200,1155
epsilon_greedy_eps0.2,epsilon_greedy_loo_fragility,"{""epsilon"": 0.2}",2828,1798,1753,0.0,0.22470484448919714,0.10282013170083151,0.21987138712593557,0.3602157968474639,199,200,1.0050251256281406,0.41573970964154905,0.0,"{""T1036 - Defense Evasion: Masquerading"": 200, ""T1498.001 - Impact: Direct Network Flood"": 200, ""T1498.002 - Impact: Reflection/Amplification Attack"": 200, ""T1571 - Defense Evasion: Non-Standard Port"": 200, ""T1583.005 - Resource Development: Acquire Botnet"": 200, ""T1584.005 - Resource Development: Build/Compromise Botnet"": 199, ""T1590 - Reconnaissance: Gather Victim Network Information"": 199, ""T1595 - Reconnaissance: Active Scanning"": 200, ""TA0011 - Command-and-Control"": 200}",29289798,1753
exploration_bonus_c0.25,exploration_bonus_loo_fragility,"{""c"": 0.25}",2828,45,0,0.00013544310780368537,0.2144066822435002,0.0856264193363975,0.20957491163015815,0.356716831717601,5,5,1.0,0.0,0.0,"{""T1036 - Defense Evasion: Masquerading"": 5, ""T1498.001 - Impact: Direct Network Flood"": 5, ""T1498.002 - Impact: Reflection/Amplification Attack"": 5, ""T1571 - Defense Evasion: Non-Standard Port"": 5, ""T1583.005 - Resource Development: Acquire Botnet"": 5, ""T1584.005 - Resource Development: Build/Compromise Botnet"": 5, ""T1590 - Reconnaissance: Gather Victim Network Information"": 5, ""T1595 - Reconnaissance: Active Scanning"": 5, ""TA0011 - Command-and-Control"": 5}",29288045,0
exploration_bonus_c0.25,exploration_bonus_loo_fragility,"{""c"": 0.25}",2828,90,45,3.284517050003777e-05,0.2205656112188262,0.09268441530905328,0.21602366179007387,0.35980366473959446,5,50,10.0,14.142135623730951,80.0,"{""T1036 - Defense Evasion: Masquerading"": 5, ""T1498.001 - Impact: Direct Network Flood"": 5, ""T1498.002 - Impact: Reflection/Amplification Attack"": 5, ""T1571 - Defense Evasion: Non-Standard Port"": 50, ""T1583.005 - Resource Development: Acquire Botnet"": 5, ""T1584.005 - Resource Development: Build/Compromise Botnet"": 5, ""T1590 - Reconnaissance: Gather Victim Network Information"": 5, ""T1595 - Reconnaissance: Active Scanning"": 5, ""TA0011 - Command-and-Control"": 5}",29288090,45
exploration_bonus_c0.25,exploration_bonus_loo_fragility,"{""c"": 0.25}",2828,180,135,2.759710948719329e-06,0.22358041346152155,0.10227185662818197,0.21896505653158677,0.35936723648821883,5,50,10.0,18.708286933869708,150.0,"{""T1036 - Defense Evasion: Masquerading"": 20, ""T1498.001 - Impact: Direct Network Flood"": 5, ""T1498.002 - Impact: Reflection/Amplification Attack"": 50, ""T1571 - Defense Evasion: Non-Standard Port"": 50, ""T1583.005 - Resource Development: Acquire Botnet"": 5, ""T1584.005 - Resource Development: Build/Compromise Botnet"": 5, ""T1590 - Reconnaissance: Gather Victim Network Information"": 5, ""T1595 - Reconnaissance: Active Scanning"": 5, ""TA0011 - Command-and-Control"": 35}",29288180,135
exploration_bonus_c0.25,exploration_bonus_loo_fragility,"{""c"": 0.25}",2828,360,315,1.6654341263594203e-06,0.22438639357638798,0.10213635926158397,0.21960089138141003,0.3588358992486558,5,140,28.0,40.17738446218497,260.0,"{""T1036 - Defense Evasion: Masquerading"": 20, ""T1498.001 - Impact: Direct Network Flood"": 5, ""T1498.002 - Impact: Reflection/Amplification Attack"": 140, ""T1571 - Defense Evasion: Non-Standard Port"": 50, ""T1583.005 - Resource Development: Acquire Botnet"": 42, ""T1584.005 - Resource Development: Build/Compromise Botnet"": 5, ""T1590 - Reconnaissance: Gather Victim Network Information"": 58, ""T1595 - Reconnaissance: Active Scanning"": 5, ""TA0011 - Command-and-Control"": 35}",29288360,315
exploration_bonus_c0.25,exploration_bonus_loo_fragility,"{""c"": 0.25}",2828,720,675,2.451590245684298e-06,0.22509804712626974,0.10387907872394425,0.21986108560697962,0.36217458155300586,5,200,40.0,85.79173749389986,718.0,"{""T1036 - Defense Evasion: Masquerading"": 21, ""T1498.001 - Impact: Direct Network Flood"": 5, ""T1498.002 - Impact: Reflection/Amplification Attack"": 200, ""T1571 - Defense Evasion: Non-Standard Port"": 50, ""T1583.005 - Resource Development: Acquire Botnet"": 200, ""T1584.005 - Resource Development: Build/Compromise Botnet"": 5, ""T1590 - Reconnaissance: Gather Victim Network Information"": 199, ""T1595 - Reconnaissance: Active Scanning"": 5, ""TA0011 - Command-and-Control"": 35}",29288720,675
exploration_bonus_c0.25,exploration_bonus_loo_fragility,"{""c"": 0.25}",2828,1200,1155,2.0870487688721936e-06,0.2236220705031452,0.10302482312910524,0.218841037324722,0.3572424380053764,5,200,40.0,78.84020406986386,660.0,"{""T1036 - Defense Evasion: Masquerading"": 200, ""T1498.001 - Impact: Direct Network Flood"": 19, ""T1498.002 - Impact: Reflection/Amplification Attack"": 200, ""T1571 - Defense Evasion: Non-Standard Port"": 73, ""T1583.005 - Resource Development: Acquire Botnet"": 200, ""T1584.005 - Resource Development: Build/Compromise Botnet"": 199, ""T1590 - Reconnaissance: Gather Victim Network Information"": 199, ""T1595 - Reconnaissance: Active Scanning"": 5, ""TA0011 - Command-and-Control"": 105}",29289200,1155
exploration_bonus_c0.25,exploration_bonus_loo_fragility,"{""c"": 0.25}",2828,1798,1753,0.0,0.22470484448919714,0.10282013170083151,0.21987138712593557,0.3602157968474639,199,200,1.0050251256281406,0.41573970964154905,0.0,"{""T1036 - Defense Evasion: Masquerading"": 200, ""T1498.001 - Impact: Direct Network Flood"": 200, ""T1498.002 - Impact: Reflection/Amplification Attack"": 200, ""T1571 - Defense Evasion: Non-Standard Port"": 200, ""T1583.005 - Resource Development: Acquire Botnet"": 200, ""T1584.005 - Resource Development: Build/Compromise Botnet"": 199, ""T1590 - Reconnaissance: Gather Victim Network Information"": 199, ""T1595 - Reconnaissance: Active Scanning"": 200, ""TA0011 - Command-and-Control"": 200}",29289798,1753
exploration_bonus_c0.5,exploration_bonus_loo_fragility,"{""c"": 0.5}",2828,45,0,0.00013544310780368537,0.2144066822435002,0.0856264193363975,0.20957491163015815,0.356716831717601,5,5,1.0,0.0,0.0,"{""T1036 - Defense Evasion: Masquerading"": 5, ""T1498.001 - Impact: Direct Network Flood"": 5, ""T1498.002 - Impact: Reflection/Amplification Attack"": 5, ""T1571 - Defense Evasion: Non-Standard Port"": 5, ""T1583.005 - Resource Development: Acquire Botnet"": 5, ""T1584.005 - Resource Development: Build/Compromise Botnet"": 5, ""T1590 - Reconnaissance: Gather Victim Network Information"": 5, ""T1595 - Reconnaissance: Active Scanning"": 5, ""TA0011 - Command-and-Control"": 5}",29288045,0
exploration_bonus_c0.5,exploration_bonus_loo_fragility,"{""c"": 0.5}",2828,90,45,3.284517050003777e-05,0.2205656112188262,0.09268441530905328,0.21602366179007387,0.35980366473959446,5,50,10.0,14.142135623730951,80.0,"{""T1036 - Defense Evasion: Masquerading"": 5, ""T1498.001 - Impact: Direct Network Flood"": 5, ""T1498.002 - Impact: Reflection/Amplification Attack"": 5, ""T1571 - Defense Evasion: Non-Standard Port"": 50, ""T1583.005 - Resource Development: Acquire Botnet"": 5, ""T1584.005 - Resource Development: Build/Compromise Botnet"": 5, ""T1590 - Reconnaissance: Gather Victim Network Information"": 5, ""T1595 - Reconnaissance: Active Scanning"": 5, ""TA0011 - Command-and-Control"": 5}",29288090,45
exploration_bonus_c0.5,exploration_bonus_loo_fragility,"{""c"": 0.5}",2828,180,135,3.542862859338673e-06,0.22361421607861884,0.1045937640480417,0.21875197620610992,0.35691653483940844,5,50,10.0,18.445113776342563,150.0,"{""T1036 - Defense Evasion: Masquerading"": 24, ""T1498.001 - Impact: Direct Network Flood"": 5, ""T1498.002 - Impact: Reflection/Amplification Attack"": 50, ""T1571 - Defense Evasion: Non-Standard Port"": 50, ""T1583.005 - Resource Development: Acquire Botnet"": 5, ""T1584.005 - Resource Development: Build/Compromise Botnet"": 5, ""T1590 - Reconnaissance: Gather Victim Network Information"": 5, ""T1595 - Reconnaissance: Active Scanning"": 5, ""TA0011 - Command-and-Control"": 31}",29288180,135
exploration_bonus_c0.5,exploration_bonus_loo_fragility,"{""c"": 0.5}",2828,360,315,2.7040090612265826e-06,0.2249716588027598,0.10753732203007067,0.22013199943977182,0.3573462047189554,5,98,19.6,30.155154341063046,228.0,"{""T1036 - Defense Evasion: Masquerading"": 68, ""T1498.001 - Impact: Direct Network Flood"": 5, ""T1498.002 - Impact: Reflection/Amplification Attack"": 98, ""T1571 - Defense Evasion: Non-Standard Port"": 50, ""T1583.005 - Resource Development: Acquire Botnet"": 52, ""T1584.005 - Resource Development: Build/Compromise Botnet"": 46, ""T1590 - Reconnaissance: Gather Victim Network Information"": 5, ""T1595 - Reconnaissance: Active Scanning"": 5, ""TA0011 - Command-and-Control"": 31}",29288360,315
exploration_bonus_c0.5,exploration_bonus_loo_fragility,"{""c"": 0.5}",2828,720,675,7.112426342045034e-06,0.22685776439797828,0.1080114729614115,0.22150339607477046,0.36317815892287764,5,200,40.0,71.43139676951897,572.0,"{""T1036 - Defense Evasion: Masquerading"": 191, ""T1498.001 - Impact: Direct Network Flood"": 5, ""T1498.002 - Impact: Reflection/Amplification Attack"": 200, ""T1571 - Defense Evasion: Non-Standard Port"": 50, ""T1583.005 - Resource Development: Acquire Botnet"": 52, ""T1584.005 - Resource Development: Build/Compromise Botnet"": 135, ""T1590 - Reconnaissance: Gather Victim Network Information"": 51, ""T1595 - Reconnaissance: Active Scanning"": 5, ""TA0011 - Command-and-Control"": 31}",29288720,675
exploration_bonus_c0.5,exploration_bonus_loo_fragility,"{""c"": 0.5}",2828,1200,1155,2.6419632426717235e-06,0.22457244605635124,0.10505197177522457,0.21997482690066955,0.3596251132059419,24,200,8.333333333333334,75.41441064765628,662.0,"{""T1036 - Defense Evasion: Masquerading"": 200, ""T1498.001 - Impact: Direct Network Flood"": 200, ""T1498.002 - Impact: Reflection/Amplification Attack"": 200, ""T1571 - Defense Evasion: Non-Standard Port"": 78, ""T1583.005 - Resource Development: Acquire Botnet"": 200, ""T1584.005 - Resource Development: Build/Compromise Botnet"": 199, ""T1590 - Reconnaissance: Gather Victim Network Information"": 53, ""T1595 - Reconnaissance: Active Scanning"": 24, ""TA0011 - Command-and-Control"": 46}",29289200,1155
exploration_bonus_c0.5,exploration_bonus_loo_fragility,"{""c"": 0.5}",2828,1798,1753,0.0,0.22470484448919714,0.10282013170083151,0.21987138712593557,0.3602157968474639,199,200,1.0050251256281406,0.41573970964154905,0.0,"{""T1036 - Defense Evasion: Masquerading"": 200, ""T1498.001 - Impact: Direct Network Flood"": 200, ""T1498.002 - Impact: Reflection/Amplification Attack"": 200, ""T1571 - Defense Evasion: Non-Standard Port"": 200, ""T1583.005 - Resource Development: Acquire Botnet"": 200, ""T1584.005 - Resource Development: Build/Compromise Botnet"": 199, ""T1590 - Reconnaissance: Gather Victim Network Information"": 199, ""T1595 - Reconnaissance: Active Scanning"": 200, ""TA0011 - Command-and-Control"": 200}",29289798,1753
exploration_bonus_c1.0,exploration_bonus_loo_fragility,"{""c"": 1.0}",2828,45,0,0.00013544310780368537,0.2144066822435002,0.0856264193363975,0.20957491163015815,0.356716831717601,5,5,1.0,0.0,0.0,"{""T1036 - Defense Evasion: Masquerading"": 5, ""T1498.001 - Impact: Direct Network Flood"": 5, ""T1498.002 - Impact: Reflection/Amplification Attack"": 5, ""T1571 - Defense Evasion: Non-Standard Port"": 5, ""T1583.005 - Resource Development: Acquire Botnet"": 5, ""T1584.005 - Resource Development: Build/Compromise Botnet"": 5, ""T1590 - Reconnaissance: Gather Victim Network Information"": 5, ""T1595 - Reconnaissance: Active Scanning"": 5, ""TA0011 - Command-and-Control"": 5}",29288045,0
exploration_bonus_c1.0,exploration_bonus_loo_fragility,"{""c"": 1.0}",2828,90,45,3.284517050003777e-05,0.2205656112188262,0.09268441530905328,0.21602366179007387,0.35980366473959446,5,50,10.0,14.142135623730951,80.0,"{""T1036 - Defense Evasion: Masquerading"": 5, ""T1498.001 - Impact: Direct Network Flood"": 5, ""T1498.002 - Impact: Reflection/Amplification Attack"": 5, ""T1571 - Defense Evasion: Non-Standard Port"": 50, ""T1583.005 - Resource Development: Acquire Botnet"": 5, ""T1584.005 - Resource Development: Build/Compromise Botnet"": 5, ""T1590 - Reconnaissance: Gather Victim Network Information"": 5, ""T1595 - Reconnaissance: Active Scanning"": 5, ""TA0011 - Command-and-Control"": 5}",29288090,45
exploration_bonus_c1.0,exploration_bonus_loo_fragility,"{""c"": 1.0}",2828,180,135,1.0623547398374573e-05,0.22294577339284352,0.10356900632474009,0.21926326507875918,0.35529241058482247,5,50,10.0,14.039626459101791,106.0,"{""T1036 - Defense Evasion: Masquerading"": 31, ""T1498.001 - Impact: Direct Network Flood"": 18, ""T1498.002 - Impact: Reflection/Amplification Attack"": 11, ""T1571 - Defense Evasion: Non-Standard Port"": 50, ""T1583.005 - Resource Development: Acquire Botnet"": 5, ""T1584.005 - Resource Development: Build/Compromise Botnet"": 25, ""T1590 - Reconnaissance: Gather Victim Network Information"": 8, ""T1595 - Reconnaissance: Active Scanning"": 5, ""TA0011 - Command-and-Control"": 27}",29288180,135
exploration_bonus_c1.0,exploration_bonus_loo_fragility,"{""c"": 1.0}",2828,360,315,7.980002540651047e-06,0.2230899803682648,0.10627578596259153,0.21861948251248753,0.3536115903914505,11,138,12.545454545454545,36.89625093872456,228.0,"{""T1036 - Defense Evasion: Masquerading"": 31, ""T1498.001 - Impact: Direct Network Flood"": 138, ""T1498.002 - Impact: Reflection/Amplification Attack"": 11, ""T1571 - Defense Evasion: Non-Standard Port"": 50, ""T1583.005 - Resource Development: Acquire Botnet"": 46, ""T1584.005 - Resource Development: Build/Compromise Botnet"": 26, ""T1590 - Reconnaissance: Gather Victim Network Information"": 19, ""T1595 - Reconnaissance: Active Scanning"": 12, ""TA0011 - Command-and-Control"": 27}",29288360,315
exploration_bonus_c1.0,exploration_bonus_loo_fragility,"{""c"": 1.0}",2828,720,675,5.180078230214032e-06,0.225098755514222,0.104387991233966,0.22001255477878884,0.3610528702467582,12,200,16.666666666666668,61.031867814191045,484.0,"{""T1036 - Defense Evasion: Masquerading"": 89, ""T1498.001 - Impact: Direct Network Flood"": 200, ""T1498.002 - Impact: Reflection/Amplification Attack"": 12, ""T1571 - Defense Evasion: Non-Standard Port"": 50, ""T1583.005 - Resource Development: Acquire Botnet"": 138, ""T1584.005 - Resource Development: Build/Compromise Botnet"": 44, ""T1590 - Reconnaissance: Gather Victim Network Information"": 25, ""T1595 - Reconnaissance: Active Scanning"": 135, ""TA0011 - Command-and-Control"": 27}",29288720,675
exploration_bonus_c1.0,exploration_bonus_loo_fragility,"{""c"": 1.0}",2828,1200,1155,4.865358730500671e-06,0.2233762782801611,0.10434483365719543,0.2195145226599003,0.3558861638232462,47,200,4.25531914893617,63.77564843522435,532.0,"{""T1036 - Defense Evasion: Masquerading"": 89, ""T1498.001 - Impact: Direct Network Flood"": 200, ""T1498.002 - Impact: Reflection/Amplification Attack"": 200, ""T1571 - Defense Evasion: Non-Standard Port"": 55, ""T1583.005 - Resource Development: Acquire Botnet"": 200, ""T1584.005 - Resource Development: Build/Compromise Botnet"": 199, ""T1590 - Reconnaissance: Gather Victim Network Information"": 75, ""T1595 - Reconnaissance: Active Scanning"": 135, ""TA0011 - Command-and-Control"": 47}",29289200,1155
exploration_bonus_c1.0,exploration_bonus_loo_fragility,"{""c"": 1.0}",2828,1798,1753,0.0,0.22470484448919714,0.10282013170083151,0.21987138712593557,0.3602157968474639,199,200,1.0050251256281406,0.41573970964154905,0.0,"{""T1036 - Defense Evasion: Masquerading"": 200, ""T1498.001 - Impact: Direct Network Flood"": 200, ""T1498.002 - Impact: Reflection/Amplification Attack"": 200, ""T1571 - Defense Evasion: Non-Standard Port"": 200, ""T1583.005 - Resource Development: Acquire Botnet"": 200, ""T1584.005 - Resource Development: Build/Compromise Botnet"": 199, ""T1590 - Reconnaissance: Gather Victim Network Information"": 199, ""T1595 - Reconnaissance: Active Scanning"": 200, ""TA0011 - Command-and-Control"": 200}",29289798,1753
uniform_step_balanced,uniform_step_balanced,{},2929,45,0,6.529040339937584e-06,0.2243807674294017,0.10712549855032046,0.21842894553289421,0.36271292492469903,5,5,1.0,0.0,0.0,"{""T1036 - Defense Evasion: Masquerading"": 5, ""T1498.001 - Impact: Direct Network Flood"": 5, ""T1498.002 - Impact: Reflection/Amplification Attack"": 5, ""T1571 - Defense Evasion: Non-Standard Port"": 5, ""T1583.005 - Resource Development: Acquire Botnet"": 5, ""T1584.005 - Resource Development: Build/Compromise Botnet"": 5, ""T1590 - Reconnaissance: Gather Victim Network Information"": 5, ""T1595 - Reconnaissance: Active Scanning"": 5, ""TA0011 - Command-and-Control"": 5}",30298045,0
uniform_step_balanced,uniform_step_balanced,{},2929,90,45,7.230786635551513e-06,0.22247765270871578,0.10359720174582228,0.21758055759157377,0.35861778530192706,10,10,1.0,0.0,0.0,"{""T1036 - Defense Evasion: Masquerading"": 10, ""T1498.001 - Impact: Direct Network Flood"": 10, ""T1498.002 - Impact: Reflection/Amplification Attack"": 10, ""T1571 - Defense Evasion: Non-Standard Port"": 10, ""T1583.005 - Resource Development: Acquire Botnet"": 10, ""T1584.005 - Resource Development: Build/Compromise Botnet"": 10, ""T1590 - Reconnaissance: Gather Victim Network Information"": 10, ""T1595 - Reconnaissance: Active Scanning"": 10, ""TA0011 - Command-and-Control"": 10}",30298090,45
uniform_step_balanced,uniform_step_balanced,{},2929,180,135,1.5296589876837023e-05,0.2225790456912202,0.10648471036859457,0.21756630728480092,0.35557169126297694,20,20,1.0,0.0,0.0,"{""T1036 - Defense Evasion: Masquerading"": 20, ""T1498.001 - Impact: Direct Network Flood"": 20, ""T1498.002 - Impact: Reflection/Amplification Attack"": 20, ""T1571 - Defense Evasion: Non-Standard Port"": 20, ""T1583.005 - Resource Development: Acquire Botnet"": 20, ""T1584.005 - Resource Development: Build/Compromise Botnet"": 20, ""T1590 - Reconnaissance: Gather Victim Network Information"": 20, ""T1595 - Reconnaissance: Active Scanning"": 20, ""TA0011 - Command-and-Control"": 20}",30298180,135
uniform_step_balanced,uniform_step_balanced,{},2929,360,315,4.288956366975338e-05,0.21865678311568845,0.1011978649454483,0.21360637751253703,0.3508137334514989,40,40,1.0,0.0,0.0,"{""T1036 - Defense Evasion: Masquerading"": 40, ""T1498.001 - Impact: Direct Network Flood"": 40, ""T1498.002 - Impact: Reflection/Amplification Attack"": 40, ""T1571 - Defense Evasion: Non-Standard Port"": 40, ""T1583.005 - Resource Development: Acquire Botnet"": 40, ""T1584.005 - Resource Development: Build/Compromise Botnet"": 40, ""T1590 - Reconnaissance: Gather Victim Network Information"": 40, ""T1595 - Reconnaissance: Active Scanning"": 40, ""TA0011 - Command-and-Control"": 40}",30298360,315
uniform_step_balanced,uniform_step_balanced,{},2929,720,675,5.649882363378898e-06,0.22327424110624147,0.102480501090262,0.21845222766672678,0.359744956455361,80,80,1.0,0.0,0.0,"{""T1036 - Defense Evasion: Masquerading"": 80, ""T1498.001 - Impact: Direct Network Flood"": 80, ""T1498.002 - Impact: Reflection/Amplification Attack"": 80, ""T1571 - Defense Evasion: Non-Standard Port"": 80, ""T1583.005 - Resource Development: Acquire Botnet"": 80, ""T1584.005 - Resource Development: Build/Compromise Botnet"": 80, ""T1590 - Reconnaissance: Gather Victim Network Information"": 80, ""T1595 - Reconnaissance: Active Scanning"": 80, ""TA0011 - Command-and-Control"": 80}",30298720,675
uniform_step_balanced,uniform_step_balanced,{},2929,1200,1155,1.8676681772958864e-06,0.22400499046625663,0.10358945081783434,0.2182254677833696,0.35947820878286124,133,134,1.0075187969924813,0.4714045207910317,0.0,"{""T1036 - Defense Evasion: Masquerading"": 133, ""T1498.001 - Impact: Direct Network Flood"": 134, ""T1498.002 - Impact: Reflection/Amplification Attack"": 133, ""T1571 - Defense Evasion: Non-Standard Port"": 133, ""T1583.005 - Resource Development: Acquire Botnet"": 133, ""T1584.005 - Resource Development: Build/Compromise Botnet"": 133, ""T1590 - Reconnaissance: Gather Victim Network Information"": 134, ""T1595 - Reconnaissance: Active Scanning"": 134, ""TA0011 - Command-and-Control"": 133}",30299200,1155
uniform_step_balanced,uniform_step_balanced,{},2929,1798,1753,0.0,0.22470484448919714,0.10282013170083151,0.21987138712593557,0.3602157968474639,199,200,1.0050251256281406,0.41573970964154905,0.0,"{""T1036 - Defense Evasion: Masquerading"": 200, ""T1498.001 - Impact: Direct Network Flood"": 200, ""T1498.002 - Impact: Reflection/Amplification Attack"": 200, ""T1571 - Defense Evasion: Non-Standard Port"": 200, ""T1583.005 - Resource Development: Acquire Botnet"": 200, ""T1584.005 - Resource Development: Build/Compromise Botnet"": 199, ""T1590 - Reconnaissance: Gather Victim Network Information"": 199, ""T1595 - Reconnaissance: Active Scanning"": 200, ""TA0011 - Command-and-Control"": 200}",30299798,1753
greedy_loo_fragility,greedy_loo_fragility,{},2929,45,0,6.529040339937584e-06,0.2243807674294017,0.10712549855032046,0.21842894553289421,0.36271292492469903,5,5,1.0,0.0,0.0,"{""T1036 - Defense Evasion: Masquerading"": 5, ""T1498.001 - Impact: Direct Network Flood"": 5, ""T1498.002 - Impact: Reflection/Amplification Attack"": 5, ""T1571 - Defense Evasion: Non-Standard Port"": 5, ""T1583.005 - Resource Development: Acquire Botnet"": 5, ""T1584.005 - Resource Development: Build/Compromise Botnet"": 5, ""T1590 - Reconnaissance: Gather Victim Network Information"": 5, ""T1595 - Reconnaissance: Active Scanning"": 5, ""TA0011 - Command-and-Control"": 5}",30298045,0
greedy_loo_fragility,greedy_loo_fragility,{},2929,90,45,7.35360823571476e-05,0.21806796252844496,0.1061575946918265,0.21348051958254793,0.343120533694568,5,50,10.0,14.142135623730951,80.0,"{""T1036 - Defense Evasion: Masquerading"": 5, ""T1498.001 - Impact: Direct Network Flood"": 5, ""T1498.002 - Impact: Reflection/Amplification Attack"": 5, ""T1571 - Defense Evasion: Non-Standard Port"": 50, ""T1583.005 - Resource Development: Acquire Botnet"": 5, ""T1584.005 - Resource Development: Build/Compromise Botnet"": 5, ""T1590 - Reconnaissance: Gather Victim Network Information"": 5, ""T1595 - Reconnaissance: Active Scanning"": 5, ""TA0011 - Command-and-Control"": 5}",30298090,45
greedy_loo_fragility,greedy_loo_fragility,{},2929,180,135,6.1030289998958024e-05,0.21897355480378383,0.10770970822091813,0.21428161926512124,0.346817959403332,5,95,19.0,30.0,210.0,"{""T1036 - Defense Evasion: Masquerading"": 5, ""T1498.001 - Impact: Direct Network Flood"": 5, ""T1498.002 - Impact: Reflection/Amplification Attack"": 5, ""T1571 - Defense Evasion: Non-Standard Port"": 50, ""T1583.005 - Resource Development: Acquire Botnet"": 95, ""T1584.005 - Resource Development: Build/Compromise Botnet"": 5, ""T1590 - Reconnaissance: Gather Victim Network Information"": 5, ""T1595 - Reconnaissance: Active Scanning"": 5, ""TA0011 - Command-and-Control"": 5}",30298180,135
greedy_loo_fragility,greedy_loo_fragility,{},2929,360,315,8.146007101743047e-05,0.2176413625290761,0.10472800129108818,0.21347337769706937,0.3421432895750436,5,200,40.0,62.048368229954285,420.0,"{""T1036 - Defense Evasion: Masquerading"": 5, ""T1498.001 - Impact: Direct Network Flood"": 5, ""T1498.002 - Impact: Reflection/Amplification Attack"": 5, ""T1571 - Defense Evasion: Non-Standard Port"": 50, ""T1583.005 - Resource Development: Acquire Botnet"": 200, ""T1584.005 - Resource Development: Build/Compromise Botnet"": 5, ""T1590 - Reconnaissance: Gather Victim Network Information"": 5, ""T1595 - Reconnaissance: Active Scanning"": 80, ""TA0011 - Command-and-Control"": 5}",30298360,315
greedy_loo_fragility,greedy_loo_fragility,{},2929,720,675,2.1081019526635622e-05,0.2213924451950212,0.10514387401932342,0.2172052456527483,0.35057208838110226,5,200,40.0,89.03307749869646,750.0,"{""T1036 - Defense Evasion: Masquerading"": 5, ""T1498.001 - Impact: Direct Network Flood"": 5, ""T1498.002 - Impact: Reflection/Amplification Attack"": 5, ""T1571 - Defense Evasion: Non-Standard Port"": 96, ""T1583.005 - Resource Development: Acquire Botnet"": 200, ""T1584.005 - Resource Development: Build/Compromise Botnet"": 199, ""T1590 - Reconnaissance: Gather Victim Network Information"": 5, ""T1595 - Reconnaissance: Active Scanning"": 200, ""TA0011 - Command-and-Control"": 5}",30298720,675
greedy_loo_fragility,greedy_loo_fragility,{},2929,1200,1155,3.1724215704297604e-06,0.2234258068677526,0.10342765979332136,0.21824176773290743,0.3557988969030848,5,200,40.0,80.49292584513941,662.0,"{""T1036 - Defense Evasion: Masquerading"": 110, ""T1498.001 - Impact: Direct Network Flood"": 5, ""T1498.002 - Impact: Reflection/Amplification Attack"": 200, ""T1571 - Defense Evasion: Non-Standard Port"": 200, ""T1583.005 - Resource Development: Acquire Botnet"": 200, ""T1584.005 - Resource Development: Build/Compromise Botnet"": 199, ""T1590 - Reconnaissance: Gather Victim Network Information"": 5, ""T1595 - Reconnaissance: Active Scanning"": 200, ""TA0011 - Command-and-Control"": 81}",30299200,1155
greedy_loo_fragility,greedy_loo_fragility,{},2929,1798,1753,0.0,0.22470484448919714,0.10282013170083151,0.21987138712593557,0.3602157968474639,199,200,1.0050251256281406,0.41573970964154905,0.0,"{""T1036 - Defense Evasion: Masquerading"": 200, ""T1498.001 - Impact: Direct Network Flood"": 200, ""T1498.002 - Impact: Reflection/Amplification Attack"": 200, ""T1571 - Defense Evasion: Non-Standard Port"": 200, ""T1583.005 - Resource Development: Acquire Botnet"": 200, ""T1584.005 - Resource Development: Build/Compromise Botnet"": 199, ""T1590 - Reconnaissance: Gather Victim Network Information"": 199, ""T1595 - Reconnaissance: Active Scanning"": 200, ""TA0011 - Command-and-Control"": 200}",30299798,1753
epsilon_greedy_eps0.2,epsilon_greedy_loo_fragility,"{""epsilon"": 0.2}",2929,45,0,6.529040339937584e-06,0.2243807674294017,0.10712549855032046,0.21842894553289421,0.36271292492469903,5,5,1.0,0.0,0.0,"{""T1036 - Defense Evasion: Masquerading"": 5, ""T1498.001 - Impact: Direct Network Flood"": 5, ""T1498.002 - Impact: Reflection/Amplification Attack"": 5, ""T1571 - Defense Evasion: Non-Standard Port"": 5, ""T1583.005 - Resource Development: Acquire Botnet"": 5, ""T1584.005 - Resource Development: Build/Compromise Botnet"": 5, ""T1590 - Reconnaissance: Gather Victim Network Information"": 5, ""T1595 - Reconnaissance: Active Scanning"": 5, ""TA0011 - Command-and-Control"": 5}",30298045,0
epsilon_greedy_eps0.2,epsilon_greedy_loo_fragility,"{""epsilon"": 0.2}",2929,90,45,8.281061770607535e-05,0.2174872976040126,0.1054798594563832,0.21267774676789197,0.3446645971521608,6,42,7.0,11.313708498984761,64.0,"{""T1036 - Defense Evasion: Masquerading"": 6, ""T1498.001 - Impact: Direct Network Flood"": 6, ""T1498.002 - Impact: Reflection/Amplification Attack"": 6, ""T1571 - Defense Evasion: Non-Standard Port"": 42, ""T1583.005 - Resource Development: Acquire Botnet"": 6, ""T1584.005 - Resource Development: Build/Compromise Botnet"": 6, ""T1590 - Reconnaissance: Gather Victim Network Information"": 6, ""T1595 - Reconnaissance: Active Scanning"": 6, ""TA0011 - Command-and-Control"": 6}",30298090,45
epsilon_greedy_eps0.2,epsilon_greedy_loo_fragility,"{""epsilon"": 0.2}",2929,180,135,3.7128720693434944e-05,0.22039806453420896,0.10713330948843641,0.2155068846106088,0.34768709364952016,9,71,7.888888888888889,20.677416559027762,146.0,"{""T1036 - Defense Evasion: Masquerading"": 9, ""T1498.001 - Impact: Direct Network Flood"": 71, ""T1498.002 - Impact: Reflection/Amplification Attack"": 10, ""T1571 - Defense Evasion: Non-Standard Port"": 42, ""T1583.005 - Resource Development: Acquire Botnet"": 9, ""T1584.005 - Resource Development: Build/Compromise Botnet"": 10, ""T1590 - Reconnaissance: Gather Victim Network Information"": 9, ""T1595 - Reconnaissance: Active Scanning"": 10, ""TA0011 - Command-and-Control"": 10}",30298180,135
epsilon_greedy_eps0.2,epsilon_greedy_loo_fragility,"{""epsilon"": 0.2}",2929,360,315,3.0130022726371716e-05,0.21982932065209074,0.10305711456796152,0.21456439679323625,0.34891949321810073,15,111,7.4,33.17964570167814,244.0,"{""T1036 - Defense Evasion: Masquerading"": 16, ""T1498.001 - Impact: Direct Network Flood"": 111, ""T1498.002 - Impact: Reflection/Amplification Attack"": 16, ""T1571 - Defense Evasion: Non-Standard Port"": 42, ""T1583.005 - Resource Development: Acquire Botnet"": 16, ""T1584.005 - Resource Development: Build/Compromise Botnet"": 15, ""T1590 - Reconnaissance: Gather Victim Network Information"": 83, ""T1595 - Reconnaissance: Active Scanning"": 46, ""TA0011 - Command-and-Control"": 15}",30298360,315
epsilon_greedy_eps0.2,epsilon_greedy_loo_fragility,"{""epsilon"": 0.2}",2929,720,675,7.716791630697249e-06,0.222540901122936,0.10141997972912714,0.2174146564329522,0.35769780180083466,35,200,5.714285714285714,48.76246279442598,310.0,"{""T1036 - Defense Evasion: Masquerading"": 70, ""T1498.001 - Impact: Direct Network Flood"": 200, ""T1498.002 - Impact: Reflection/Amplification Attack"": 39, ""T1571 - Defense Evasion: Non-Standard Port"": 80, ""T1583.005 - Resource Development: Acquire Botnet"": 35, ""T1584.005 - Resource Development: Build/Compromise Botnet"": 36, ""T1590 - Reconnaissance: Gather Victim Network Information"": 112, ""T1595 - Reconnaissance: Active Scanning"": 83, ""TA0011 - Command-and-Control"": 65}",30298720,675
epsilon_greedy_eps0.2,epsilon_greedy_loo_fragility,"{""epsilon"": 0.2}",2929,1200,1155,4.407693150617002e-06,0.22311084850271568,0.10505496342361054,0.21764842861838163,0.3601755245055839,75,200,2.6666666666666665,53.55371135598354,438.0,"{""T1036 - Defense Evasion: Masquerading"": 200, ""T1498.001 - Impact: Direct Network Flood"": 200, ""T1498.002 - Impact: Reflection/Amplification Attack"": 154, ""T1571 - Defense Evasion: Non-Standard Port"": 80, ""T1583.005 - Resource Development: Acquire Botnet"": 75, ""T1584.005 - Resource Development: Build/Compromise Botnet"": 134, ""T1590 - Reconnaissance: Gather Victim Network Information"": 199, ""T1595 - Reconnaissance: Active Scanning"": 83, ""TA0011 - Command-and-Control"": 75}",30299200,1155
epsilon_greedy_eps0.2,epsilon_greedy_loo_fragility,"{""epsilon"": 0.2}",2929,1798,1753,0.0,0.22470484448919714,0.10282013170083151,0.21987138712593557,0.3602157968474639,199,200,1.0050251256281406,0.41573970964154905,0.0,"{""T1036 - Defense Evasion: Masquerading"": 200, ""T1498.001 - Impact: Direct Network Flood"": 200, ""T1498.002 - Impact: Reflection/Amplification Attack"": 200, ""T1571 - Defense Evasion: Non-Standard Port"": 200, ""T1583.005 - Resource Development: Acquire Botnet"": 200, ""T1584.005 - Resource Development: Build/Compromise Botnet"": 199, ""T1590 - Reconnaissance: Gather Victim Network Information"": 199, ""T1595 - Reconnaissance: Active Scanning"": 200, ""TA0011 - Command-and-Control"": 200}",30299798,1753
exploration_bonus_c0.25,exploration_bonus_loo_fragility,"{""c"": 0.25}",2929,45,0,6.529040339937584e-06,0.2243807674294017,0.10712549855032046,0.21842894553289421,0.36271292492469903,5,5,1.0,0.0,0.0,"{""T1036 - Defense Evasion: Masquerading"": 5, ""T1498.001 - Impact: Direct Network Flood"": 5, ""T1498.002 - Impact: Reflection/Amplification Attack"": 5, ""T1571 - Defense Evasion: Non-Standard Port"": 5, ""T1583.005 - Resource Development: Acquire Botnet"": 5, ""T1584.005 - Resource Development: Build/Compromise Botnet"": 5, ""T1590 - Reconnaissance: Gather Victim Network Information"": 5, ""T1595 - Reconnaissance: Active Scanning"": 5, ""TA0011 - Command-and-Control"": 5}",30298045,0
exploration_bonus_c0.25,exploration_bonus_loo_fragility,"{""c"": 0.25}",2929,90,45,7.35360823571476e-05,0.21806796252844496,0.1061575946918265,0.21348051958254793,0.343120533694568,5,50,10.0,14.142135623730951,80.0,"{""T1036 - Defense Evasion: Masquerading"": 5, ""T1498.001 - Impact: Direct Network Flood"": 5, ""T1498.002 - Impact: Reflection/Amplification Attack"": 5, ""T1571 - Defense Evasion: Non-Standard Port"": 50, ""T1583.005 - Resource Development: Acquire Botnet"": 5, ""T1584.005 - Resource Development: Build/Compromise Botnet"": 5, ""T1590 - Reconnaissance: Gather Victim Network Information"": 5, ""T1595 - Reconnaissance: Active Scanning"": 5, ""TA0011 - Command-and-Control"": 5}",30298090,45
exploration_bonus_c0.25,exploration_bonus_loo_fragility,"{""c"": 0.25}",2929,180,135,6.152090761033997e-05,0.21896876788442804,0.10785251788489411,0.21445012840134306,0.3464250703426068,5,50,10.0,20.75786330258702,176.0,"{""T1036 - Defense Evasion: Masquerading"": 5, ""T1498.001 - Impact: Direct Network Flood"": 5, ""T1498.002 - Impact: Reflection/Amplification Attack"": 5, ""T1571 - Defense Evasion: Non-Standard Port"": 50, ""T1583.005 - Resource Development: Acquire Botnet"": 50, ""T1584.005 - Resource Development: Build/Compromise Botnet"": 7, ""T1590 - Reconnaissance: Gather Victim Network Information"": 5, ""T1595 - Reconnaissance: Active Scanning"": 48, ""TA0011 - Command-and-Control"": 5}",30298180,135
exploration_bonus_c0.25,exploration_bonus_loo_fragility,"{""c"": 0.25}",2929,360,315,8.030215735178193e-05,0.21770471200037886,0.10482124179818639,0.21368927250255987,0.34265158497085546,5,200,40.0,61.53770298677786,412.0,"{""T1036 - Defense Evasion: Masquerading"": 5, ""T1498.001 - Impact: Direct Network Flood"": 5, ""T1498.002 - Impact: Reflection/Amplification Attack"": 5, ""T1571 - Defense Evasion: Non-Standard Port"": 50, ""T1583.005 - Resource Development: Acquire Botnet"": 76, ""T1584.005 - Resource Development: Build/Compromise Botnet"": 9, ""T1590 - Reconnaissance: Gather Victim Network Information"": 5, ""T1595 - Reconnaissance: Active Scanning"": 200, ""TA0011 - Command-and-Control"": 5}",30298360,315
exploration_bonus_c0.25,exploration_bonus_loo_fragility,"{""c"": 0.25}",2929,720,675,6.247524400909808e-05,0.21860751643680593,0.10527952767921339,0.2144439023312638,0.3455182433027625,5,200,40.0,86.35327954912245,718.0,"{""T1036 - Defense Evasion: Masquerading"": 5, ""T1498.001 - Impact: Direct Network Flood"": 50, ""T1498.002 - Impact: Reflection/Amplification Attack"": 5, ""T1571 - Defense Evasion: Non-Standard Port"": 50, ""T1583.005 - Resource Development: Acquire Botnet"": 200, ""T1584.005 - Resource Development: Build/Compromise Botnet"": 199, ""T1590 - Reconnaissance: Gather Victim Network Information"": 5, ""T1595 - Reconnaissance: Active Scanning"": 200, ""TA0011 - Command-and-Control"": 6}",30298720,675
exploration_bonus_c0.25,exploration_bonus_loo_fragility,"{""c"": 0.25}",2929,1200,1155,7.260052592536994e-06,0.22298422623867167,0.10264381631502417,0.21844844584141537,0.3583794735703914,32,200,6.25,65.89554023014169,560.0,"{""T1036 - Defense Evasion: Masquerading"": 82, ""T1498.001 - Impact: Direct Network Flood"": 200, ""T1498.002 - Impact: Reflection/Amplification Attack"": 32, ""T1571 - Defense Evasion: Non-Standard Port"": 149, ""T1583.005 - Resource Development: Acquire Botnet"": 200, ""T1584.005 - Resource Development: Build/Compromise Botnet"": 199, ""T1590 - Reconnaissance: Gather Victim Network Information"": 67, ""T1595 - Reconnaissance: Active Scanning"": 200, ""TA0011 - Command-and-Control"": 71}",30299200,1155
exploration_bonus_c0.25,exploration_bonus_loo_fragility,"{""c"": 0.25}",2929,1798,1753,0.0,0.22470484448919714,0.10282013170083151,0.21987138712593557,0.3602157968474639,199,200,1.0050251256281406,0.41573970964154905,0.0,"{""T1036 - Defense Evasion: Masquerading"": 200, ""T1498.001 - Impact: Direct Network Flood"": 200, ""T1498.002 - Impact: Reflection/Amplification Attack"": 200, ""T1571 - Defense Evasion: Non-Standard Port"": 200, ""T1583.005 - Resource Development: Acquire Botnet"": 200, ""T1584.005 - Resource Development: Build/Compromise Botnet"": 199, ""T1590 - Reconnaissance: Gather Victim Network Information"": 199, ""T1595 - Reconnaissance: Active Scanning"": 200, ""TA0011 - Command-and-Control"": 200}",30299798,1753
exploration_bonus_c0.5,exploration_bonus_loo_fragility,"{""c"": 0.5}",2929,45,0,6.529040339937584e-06,0.2243807674294017,0.10712549855032046,0.21842894553289421,0.36271292492469903,5,5,1.0,0.0,0.0,"{""T1036 - Defense Evasion: Masquerading"": 5, ""T1498.001 - Impact: Direct Network Flood"": 5, ""T1498.002 - Impact: Reflection/Amplification Attack"": 5, ""T1571 - Defense Evasion: Non-Standard Port"": 5, ""T1583.005 - Resource Development: Acquire Botnet"": 5, ""T1584.005 - Resource Development: Build/Compromise Botnet"": 5, ""T1590 - Reconnaissance: Gather Victim Network Information"": 5, ""T1595 - Reconnaissance: Active Scanning"": 5, ""TA0011 - Command-and-Control"": 5}",30298045,0
exploration_bonus_c0.5,exploration_bonus_loo_fragility,"{""c"": 0.5}",2929,90,45,7.35360823571476e-05,0.21806796252844496,0.1061575946918265,0.21348051958254793,0.343120533694568,5,50,10.0,14.142135623730951,80.0,"{""T1036 - Defense Evasion: Masquerading"": 5, ""T1498.001 - Impact: Direct Network Flood"": 5, ""T1498.002 - Impact: Reflection/Amplification Attack"": 5, ""T1571 - Defense Evasion: Non-Standard Port"": 50, ""T1583.005 - Resource Development: Acquire Botnet"": 5, ""T1584.005 - Resource Development: Build/Compromise Botnet"": 5, ""T1590 - Reconnaissance: Gather Victim Network Information"": 5, ""T1595 - Reconnaissance: Active Scanning"": 5, ""TA0011 - Command-and-Control"": 5}",30298090,45
exploration_bonus_c0.5,exploration_bonus_loo_fragility,"{""c"": 0.5}",2929,180,135,6.458945255206315e-05,0.21879727704435076,0.10773063662112349,0.2142472478020646,0.3464045133463798,5,53,10.6,19.78776277287444,164.0,"{""T1036 - Defense Evasion: Masquerading"": 5, ""T1498.001 - Impact: Direct Network Flood"": 5, ""T1498.002 - Impact: Reflection/Amplification Attack"": 5, ""T1571 - Defense Evasion: Non-Standard Port"": 50, ""T1583.005 - Resource Development: Acquire Botnet"": 53, ""T1584.005 - Resource Development: Build/Compromise Botnet"": 39, ""T1590 - Reconnaissance: Gather Victim Network Information"": 5, ""T1595 - Reconnaissance: Active Scanning"": 13, ""TA0011 - Command-and-Control"": 5}",30298180,135
exploration_bonus_c0.5,exploration_bonus_loo_fragility,"{""c"": 0.5}",2929,360,315,8.07889300735299e-05,0.21764751931775422,0.1051980571612974,0.21366181175615173,0.3422277323828773,5,137,27.4,47.60485502784587,352.0,"{""T1036 - Defense Evasion: Masquerading"": 5, ""T1498.001 - Impact: Direct Network Flood"": 5, ""T1498.002 - Impact: Reflection/Amplification Attack"": 5, ""T1571 - Defense Evasion: Non-Standard Port"": 50, ""T1583.005 - Resource Development: Acquire Botnet"": 109, ""T1584.005 - Resource Development: Build/Compromise Botnet"": 39, ""T1590 - Reconnaissance: Gather Victim Network Information"": 5, ""T1595 - Reconnaissance: Active Scanning"": 137, ""TA0011 - Command-and-Control"": 5}",30298360,315
exploration_bonus_c0.5,exploration_bonus_loo_fragility,"{""c"": 0.5}",2929,720,675,6.247524400909808e-05,0.21860751643680593,0.10527952767921339,0.2144439023312638,0.3455182433027625,5,200,40.0,86.35327954912245,718.0,"{""T1036 - Defense Evasion: Masquerading"": 5, ""T1498.001 - Impact: Direct Network Flood"": 50, ""T1498.002 - Impact: Reflection/Amplification Attack"": 5, ""T1571 - Defense Evasion: Non-Standard Port"": 50, ""T1583.005 - Resource Development: Acquire Botnet"": 200, ""T1584.005 - Resource Development: Build/Compromise Botnet"": 199, ""T1590 - Reconnaissance: Gather Victim Network Information"": 5, ""T1595 - Reconnaissance: Active Scanning"": 200, ""TA0011 - Command-and-Control"": 6}",30298720,675
exploration_bonus_c0.5,exploration_bonus_loo_fragility,"{""c"": 0.5}",2929,1200,1155,1.2294692290808462e-06,0.22457138362800227,0.10198358573830324,0.22007217068853369,0.36249422550588395,11,200,18.181818181818183,65.6184255966095,528.0,"{""T1036 - Defense Evasion: Masquerading"": 91, ""T1498.001 - Impact: Direct Network Flood"": 82, ""T1498.002 - Impact: Reflection/Amplification Attack"": 11, ""T1571 - Defense Evasion: Non-Standard Port"": 124, ""T1583.005 - Resource Development: Acquire Botnet"": 200, ""T1584.005 - Resource Development: Build/Compromise Botnet"": 199, ""T1590 - Reconnaissance: Gather Victim Network Information"": 93, ""T1595 - Reconnaissance: Active Scanning"": 200, ""TA0011 - Command-and-Control"": 200}",30299200,1155
exploration_bonus_c0.5,exploration_bonus_loo_fragility,"{""c"": 0.5}",2929,1798,1753,0.0,0.22470484448919714,0.10282013170083151,0.21987138712593557,0.3602157968474639,199,200,1.0050251256281406,0.41573970964154905,0.0,"{""T1036 - Defense Evasion: Masquerading"": 200, ""T1498.001 - Impact: Direct Network Flood"": 200, ""T1498.002 - Impact: Reflection/Amplification Attack"": 200, ""T1571 - Defense Evasion: Non-Standard Port"": 200, ""T1583.005 - Resource Development: Acquire Botnet"": 200, ""T1584.005 - Resource Development: Build/Compromise Botnet"": 199, ""T1590 - Reconnaissance: Gather Victim Network Information"": 199, ""T1595 - Reconnaissance: Active Scanning"": 200, ""TA0011 - Command-and-Control"": 200}",30299798,1753
exploration_bonus_c1.0,exploration_bonus_loo_fragility,"{""c"": 1.0}",2929,45,0,6.529040339937584e-06,0.2243807674294017,0.10712549855032046,0.21842894553289421,0.36271292492469903,5,5,1.0,0.0,0.0,"{""T1036 - Defense Evasion: Masquerading"": 5, ""T1498.001 - Impact: Direct Network Flood"": 5, ""T1498.002 - Impact: Reflection/Amplification Attack"": 5, ""T1571 - Defense Evasion: Non-Standard Port"": 5, ""T1583.005 - Resource Development: Acquire Botnet"": 5, ""T1584.005 - Resource Development: Build/Compromise Botnet"": 5, ""T1590 - Reconnaissance: Gather Victim Network Information"": 5, ""T1595 - Reconnaissance: Active Scanning"": 5, ""TA0011 - Command-and-Control"": 5}",30298045,0
exploration_bonus_c1.0,exploration_bonus_loo_fragility,"{""c"": 1.0}",2929,90,45,7.35360823571476e-05,0.21806796252844496,0.1061575946918265,0.21348051958254793,0.343120533694568,5,50,10.0,14.142135623730951,80.0,"{""T1036 - Defense Evasion: Masquerading"": 5, ""T1498.001 - Impact: Direct Network Flood"": 5, ""T1498.002 - Impact: Reflection/Amplification Attack"": 5, ""T1571 - Defense Evasion: Non-Standard Port"": 50, ""T1583.005 - Resource Development: Acquire Botnet"": 5, ""T1584.005 - Resource Development: Build/Compromise Botnet"": 5, ""T1590 - Reconnaissance: Gather Victim Network Information"": 5, ""T1595 - Reconnaissance: Active Scanning"": 5, ""TA0011 - Command-and-Control"": 5}",30298090,45
exploration_bonus_c1.0,exploration_bonus_loo_fragility,"{""c"": 1.0}",2929,180,135,8.629356606421396e-05,0.21778469441020487,0.10813035860592417,0.21281860912098255,0.34405048665273397,5,50,10.0,16.336734339790464,138.0,"{""T1036 - Defense Evasion: Masquerading"": 5, ""T1498.001 - Impact: Direct Network Flood"": 6, ""T1498.002 - Impact: Reflection/Amplification Attack"": 5, ""T1571 - Defense Evasion: Non-Standard Port"": 50, ""T1583.005 - Resource Development: Acquire Botnet"": 33, ""T1584.005 - Resource Development: Build/Compromise Botnet"": 29, ""T1590 - Reconnaissance: Gather Victim Network Information"": 9, ""T1595 - Reconnaissance: Active Scanning"": 37, ""TA0011 - Command-and-Control"": 6}",30298180,135
exploration_bonus_c1.0,exploration_bonus_loo_fragility,"{""c"": 1.0}",2929,360,315,8.727320880883663e-05,0.2169704530281066,0.10343832806304772,0.21298197379287584,0.34187099100345414,6,145,24.166666666666668,41.57990967870047,280.0,"{""T1036 - Defense Evasion: Masquerading"": 6, ""T1498.001 - Impact: Direct Network Flood"": 15, ""T1498.002 - Impact: Reflection/Amplification Attack"": 6, ""T1571 - Defense Evasion: Non-Standard Port"": 50, ""T1583.005 - Resource Development: Acquire Botnet"": 145, ""T1584.005 - Resource Development: Build/Compromise Botnet"": 57, ""T1590 - Reconnaissance: Gather Victim Network Information"": 12, ""T1595 - Reconnaissance: Active Scanning"": 48, ""TA0011 - Command-and-Control"": 21}",30298360,315
exploration_bonus_c1.0,exploration_bonus_loo_fragility,"{""c"": 1.0}",2929,720,675,8.040029232199535e-05,0.21719760278347877,0.10352870330230718,0.21325741725575842,0.3425639635968047,6,200,33.333333333333336,72.57792746803642,572.0,"{""T1036 - Defense Evasion: Masquerading"": 6, ""T1498.001 - Impact: Direct Network Flood"": 105, ""T1498.002 - Impact: Reflection/Amplification Attack"": 8, ""T1571 - Defense Evasion: Non-Standard Port"": 50, ""T1583.005 - Resource Development: Acquire Botnet"": 200, ""T1584.005 - Resource Development: Build/Compromise Botnet"": 199, ""T1590 - Reconnaissance: Gather Victim Network Information"": 17, ""T1595 - Reconnaissance: Active Scanning"": 102, ""TA0011 - Command-and-Control"": 33}",30298720,675
exploration_bonus_c1.0,exploration_bonus_loo_fragility,"{""c"": 1.0}",2929,1200,1155,6.898873001528478e-06,0.22301848856481268,0.1035099123147914,0.21809124818868092,0.3573432147115894,8,200,25.0,70.61161377563892,528.0,"{""T1036 - Defense Evasion: Masquerading"": 105, ""T1498.001 - Impact: Direct Network Flood"": 200, ""T1498.002 - Impact: Reflection/Amplification Attack"": 8, ""T1571 - Defense Evasion: Non-Standard Port"": 128, ""T1583.005 - Resource Development: Acquire Botnet"": 200, ""T1584.005 - Resource Development: Build/Compromise Botnet"": 199, ""T1590 - Reconnaissance: Gather Victim Network Information"": 30, ""T1595 - Reconnaissance: Active Scanning"": 130, ""TA0011 - Command-and-Control"": 200}",30299200,1155
exploration_bonus_c1.0,exploration_bonus_loo_fragility,"{""c"": 1.0}",2929,1798,1753,0.0,0.22470484448919714,0.10282013170083151,0.21987138712593557,0.3602157968474639,199,200,1.0050251256281406,0.41573970964154905,0.0,"{""T1036 - Defense Evasion: Masquerading"": 200, ""T1498.001 - Impact: Direct Network Flood"": 200, ""T1498.002 - Impact: Reflection/Amplification Attack"": 200, ""T1571 - Defense Evasion: Non-Standard Port"": 200, ""T1583.005 - Resource Development: Acquire Botnet"": 200, ""T1584.005 - Resource Development: Build/Compromise Botnet"": 199, ""T1590 - Reconnaissance: Gather Victim Network Information"": 199, ""T1595 - Reconnaissance: Active Scanning"": 200, ""TA0011 - Command-and-Control"": 200}",30299798,1753
uniform_step_balanced,uniform_step_balanced,{},3030,45,0,1.8594935552258796e-05,0.22347978691942472,0.10673796551312763,0.21813285934460902,0.3538062725584292,5,5,1.0,0.0,0.0,"{""T1036 - Defense Evasion: Masquerading"": 5, ""T1498.001 - Impact: Direct Network Flood"": 5, ""T1498.002 - Impact: Reflection/Amplification Attack"": 5, ""T1571 - Defense Evasion: Non-Standard Port"": 5, ""T1583.005 - Resource Development: Acquire Botnet"": 5, ""T1584.005 - Resource Development: Build/Compromise Botnet"": 5, ""T1590 - Reconnaissance: Gather Victim Network Information"": 5, ""T1595 - Reconnaissance: Active Scanning"": 5, ""TA0011 - Command-and-Control"": 5}",31308045,0
uniform_step_balanced,uniform_step_balanced,{},3030,90,45,5.810438993405168e-05,0.23087358731754415,0.11336871820291997,0.22247770202465195,0.37568999412478177,10,10,1.0,0.0,0.0,"{""T1036 - Defense Evasion: Masquerading"": 10, ""T1498.001 - Impact: Direct Network Flood"": 10, ""T1498.002 - Impact: Reflection/Amplification Attack"": 10, ""T1571 - Defense Evasion: Non-Standard Port"": 10, ""T1583.005 - Resource Development: Acquire Botnet"": 10, ""T1584.005 - Resource Development: Build/Compromise Botnet"": 10, ""T1590 - Reconnaissance: Gather Victim Network Information"": 10, ""T1595 - Reconnaissance: Active Scanning"": 10, ""TA0011 - Command-and-Control"": 10}",31308090,45
uniform_step_balanced,uniform_step_balanced,{},3030,180,135,2.351756162799209e-05,0.22879688062047945,0.1120343065450619,0.22218504369117748,0.36797641258103275,20,20,1.0,0.0,0.0,"{""T1036 - Defense Evasion: Masquerading"": 20, ""T1498.001 - Impact: Direct Network Flood"": 20, ""T1498.002 - Impact: Reflection/Amplification Attack"": 20, ""T1571 - Defense Evasion: Non-Standard Port"": 20, ""T1583.005 - Resource Development: Acquire Botnet"": 20, ""T1584.005 - Resource Development: Build/Compromise Botnet"": 20, ""T1590 - Reconnaissance: Gather Victim Network Information"": 20, ""T1595 - Reconnaissance: Active Scanning"": 20, ""TA0011 - Command-and-Control"": 20}",31308180,135
uniform_step_balanced,uniform_step_balanced,{},3030,360,315,1.6366346549528334e-05,0.22562385881023705,0.1088261798072193,0.22045748572710097,0.35970071688626093,40,40,1.0,0.0,0.0,"{""T1036 - Defense Evasion: Masquerading"": 40, ""T1498.001 - Impact: Direct Network Flood"": 40, ""T1498.002 - Impact: Reflection/Amplification Attack"": 40, ""T1571 - Defense Evasion: Non-Standard Port"": 40, ""T1583.005 - Resource Development: Acquire Botnet"": 40, ""T1584.005 - Resource Development: Build/Compromise Botnet"": 40, ""T1590 - Reconnaissance: Gather Victim Network Information"": 40, ""T1595 - Reconnaissance: Active Scanning"": 40, ""TA0011 - Command-and-Control"": 40}",31308360,315
uniform_step_balanced,uniform_step_balanced,{},3030,720,675,1.10460589612208e-05,0.2274678110687012,0.10401376226909388,0.2230686361883541,0.3645574427763279,80,80,1.0,0.0,0.0,"{""T1036 - Defense Evasion: Masquerading"": 80, ""T1498.001 - Impact: Direct Network Flood"": 80, ""T1498.002 - Impact: Reflection/Amplification Attack"": 80, ""T1571 - Defense Evasion: Non-Standard Port"": 80, ""T1583.005 - Resource Development: Acquire Botnet"": 80, ""T1584.005 - Resource Development: Build/Compromise Botnet"": 80, ""T1590 - Reconnaissance: Gather Victim Network Information"": 80, ""T1595 - Reconnaissance: Active Scanning"": 80, ""TA0011 - Command-and-Control"": 80}",31308720,675
uniform_step_balanced,uniform_step_balanced,{},3030,1200,1155,5.302692665303197e-06,0.22644897346836287,0.10319495337436128,0.22134909543847703,0.36389476795222525,133,134,1.0075187969924813,0.4714045207910317,0.0,"{""T1036 - Defense Evasion: Masquerading"": 133, ""T1498.001 - Impact: Direct Network Flood"": 134, ""T1498.002 - Impact: Reflection/Amplification Attack"": 133, ""T1571 - Defense Evasion: Non-Standard Port"": 133, ""T1583.005 - Resource Development: Acquire Botnet"": 133, ""T1584.005 - Resource Development: Build/Compromise Botnet"": 134, ""T1590 - Reconnaissance: Gather Victim Network Information"": 133, ""T1595 - Reconnaissance: Active Scanning"": 134, ""TA0011 - Command-and-Control"": 133}",31309200,1155
uniform_step_balanced,uniform_step_balanced,{},3030,1798,1753,0.0,0.22470484448919714,0.10282013170083151,0.21987138712593557,0.3602157968474639,199,200,1.0050251256281406,0.41573970964154905,0.0,"{""T1036 - Defense Evasion: Masquerading"": 200, ""T1498.001 - Impact: Direct Network Flood"": 200, ""T1498.002 - Impact: Reflection/Amplification Attack"": 200, ""T1571 - Defense Evasion: Non-Standard Port"": 200, ""T1583.005 - Resource Development: Acquire Botnet"": 200, ""T1584.005 - Resource Development: Build/Compromise Botnet"": 199, ""T1590 - Reconnaissance: Gather Victim Network Information"": 199, ""T1595 - Reconnaissance: Active Scanning"": 200, ""TA0011 - Command-and-Control"": 200}",31309798,1753
greedy_loo_fragility,greedy_loo_fragility,{},3030,45,0,1.8594935552258796e-05,0.22347978691942472,0.10673796551312763,0.21813285934460902,0.3538062725584292,5,5,1.0,0.0,0.0,"{""T1036 - Defense Evasion: Masquerading"": 5, ""T1498.001 - Impact: Direct Network Flood"": 5, ""T1498.002 - Impact: Reflection/Amplification Attack"": 5, ""T1571 - Defense Evasion: Non-Standard Port"": 5, ""T1583.005 - Resource Development: Acquire Botnet"": 5, ""T1584.005 - Resource Development: Build/Compromise Botnet"": 5, ""T1590 - Reconnaissance: Gather Victim Network Information"": 5, ""T1595 - Reconnaissance: Active Scanning"": 5, ""TA0011 - Command-and-Control"": 5}",31308045,0
greedy_loo_fragility,greedy_loo_fragility,{},3030,90,45,8.288222384798892e-06,0.22705686260282965,0.10895359871358913,0.22192310967498075,0.35958781546991203,5,50,10.0,14.142135623730951,80.0,"{""T1036 - Defense Evasion: Masquerading"": 5, ""T1498.001 - Impact: Direct Network Flood"": 5, ""T1498.002 - Impact: Reflection/Amplification Attack"": 5, ""T1571 - Defense Evasion: Non-Standard Port"": 50, ""T1583.005 - Resource Development: Acquire Botnet"": 5, ""T1584.005 - Resource Development: Build/Compromise Botnet"": 5, ""T1590 - Reconnaissance: Gather Victim Network Information"": 5, ""T1595 - Reconnaissance: Active Scanning"": 5, ""TA0011 - Command-and-Control"": 5}",31308090,45
greedy_loo_fragility,greedy_loo_fragility,{},3030,180,135,1.5496236899620264e-05,0.22799670313189854,0.10839271600767325,0.22354896721116652,0.3621821855460296,5,95,19.0,30.0,210.0,"{""T1036 - Defense Evasion: Masquerading"": 5, ""T1498.001 - Impact: Direct Network Flood"": 5, ""T1498.002 - Impact: Reflection/Amplification Attack"": 5, ""T1571 - Defense Evasion: Non-Standard Port"": 50, ""T1583.005 - Resource Development: Acquire Botnet"": 95, ""T1584.005 - Resource Development: Build/Compromise Botnet"": 5, ""T1590 - Reconnaissance: Gather Victim Network Information"": 5, ""T1595 - Reconnaissance: Active Scanning"": 5, ""TA0011 - Command-and-Control"": 5}",31308180,135
greedy_loo_fragility,greedy_loo_fragility,{},3030,360,315,1.649906890687999e-05,0.22857034478169416,0.10883877981364908,0.2235500804419479,0.3649812956426938,5,200,40.0,62.048368229954285,420.0,"{""T1036 - Defense Evasion: Masquerading"": 5, ""T1498.001 - Impact: Direct Network Flood"": 5, ""T1498.002 - Impact: Reflection/Amplification Attack"": 5, ""T1571 - Defense Evasion: Non-Standard Port"": 80, ""T1583.005 - Resource Development: Acquire Botnet"": 200, ""T1584.005 - Resource Development: Build/Compromise Botnet"": 5, ""T1590 - Reconnaissance: Gather Victim Network Information"": 5, ""T1595 - Reconnaissance: Active Scanning"": 5, ""TA0011 - Command-and-Control"": 50}",31308360,315
greedy_loo_fragility,greedy_loo_fragility,{},3030,720,675,6.744520403077666e-06,0.2269370561495644,0.10438119131012188,0.2223250390760984,0.36608649983912495,5,200,40.0,70.0,510.0,"{""T1036 - Defense Evasion: Masquerading"": 95, ""T1498.001 - Impact: Direct Network Flood"": 5, ""T1498.002 - Impact: Reflection/Amplification Attack"": 35, ""T1571 - Defense Evasion: Non-Standard Port"": 80, ""T1583.005 - Resource Development: Acquire Botnet"": 200, ""T1584.005 - Resource Development: Build/Compromise Botnet"": 50, ""T1590 - Reconnaissance: Gather Victim Network Information"": 5, ""T1595 - Reconnaissance: Active Scanning"": 50, ""TA0011 - Command-and-Control"": 200}",31308720,675
greedy_loo_fragility,greedy_loo_fragility,{},3030,1200,1155,1.244460027344217e-05,0.2273063964779616,0.10230149593514676,0.22218979816367176,0.368767211799013,5,200,40.0,80.5343267046902,662.0,"{""T1036 - Defense Evasion: Masquerading"": 111, ""T1498.001 - Impact: Direct Network Flood"": 5, ""T1498.002 - Impact: Reflection/Amplification Attack"": 200, ""T1571 - Defense Evasion: Non-Standard Port"": 80, ""T1583.005 - Resource Development: Acquire Botnet"": 200, ""T1584.005 - Resource Development: Build/Compromise Botnet"": 199, ""T1590 - Reconnaissance: Gather Victim Network Information"": 5, ""T1595 - Reconnaissance: Active Scanning"": 200, ""TA0011 - Command-and-Control"": 200}",31309200,1155
greedy_loo_fragility,greedy_loo_fragility,{},3030,1798,1753,0.0,0.22470484448919714,0.10282013170083151,0.21987138712593557,0.3602157968474639,199,200,1.0050251256281406,0.41573970964154905,0.0,"{""T1036 - Defense Evasion: Masquerading"": 200, ""T1498.001 - Impact: Direct Network Flood"": 200, ""T1498.002 - Impact: Reflection/Amplification Attack"": 200, ""T1571 - Defense Evasion: Non-Standard Port"": 200, ""T1583.005 - Resource Development: Acquire Botnet"": 200, ""T1584.005 - Resource Development: Build/Compromise Botnet"": 199, ""T1590 - Reconnaissance: Gather Victim Network Information"": 199, ""T1595 - Reconnaissance: Active Scanning"": 200, ""TA0011 - Command-and-Control"": 200}",31309798,1753
epsilon_greedy_eps0.2,epsilon_greedy_loo_fragility,"{""epsilon"": 0.2}",3030,45,0,1.8594935552258796e-05,0.22347978691942472,0.10673796551312763,0.21813285934460902,0.3538062725584292,5,5,1.0,0.0,0.0,"{""T1036 - Defense Evasion: Masquerading"": 5, ""T1498.001 - Impact: Direct Network Flood"": 5, ""T1498.002 - Impact: Reflection/Amplification Attack"": 5, ""T1571 - Defense Evasion: Non-Standard Port"": 5, ""T1583.005 - Resource Development: Acquire Botnet"": 5, ""T1584.005 - Resource Development: Build/Compromise Botnet"": 5, ""T1590 - Reconnaissance: Gather Victim Network Information"": 5, ""T1595 - Reconnaissance: Active Scanning"": 5, ""TA0011 - Command-and-Control"": 5}",31308045,0
epsilon_greedy_eps0.2,epsilon_greedy_loo_fragility,"{""epsilon"": 0.2}",3030,90,45,3.635189113891941e-06,0.22543469772553784,0.10565681667536869,0.21940784602804844,0.3639846570145266,6,41,6.833333333333333,10.96458946893235,62.0,"{""T1036 - Defense Evasion: Masquerading"": 6, ""T1498.001 - Impact: Direct Network Flood"": 7, ""T1498.002 - Impact: Reflection/Amplification Attack"": 6, ""T1571 - Defense Evasion: Non-Standard Port"": 41, ""T1583.005 - Resource Development: Acquire Botnet"": 6, ""T1584.005 - Resource Development: Build/Compromise Botnet"": 6, ""T1590 - Reconnaissance: Gather Victim Network Information"": 6, ""T1595 - Reconnaissance: Active Scanning"": 6, ""TA0011 - Command-and-Control"": 6}",31308090,45
epsilon_greedy_eps0.2,epsilon_greedy_loo_fragility,"{""epsilon"": 0.2}",3030,180,135,9.892563157227519e-06,0.22766004835576642,0.10623035071952773,0.22228081458992624,0.3658756679964753,8,45,5.625,16.772994167212165,142.0,"{""T1036 - Defense Evasion: Masquerading"": 45, ""T1498.001 - Impact: Direct Network Flood"": 8, ""T1498.002 - Impact: Reflection/Amplification Attack"": 8, ""T1571 - Defense Evasion: Non-Standard Port"": 41, ""T1583.005 - Resource Development: Acquire Botnet"": 8, ""T1584.005 - Resource Development: Build/Compromise Botnet"": 8, ""T1590 - Reconnaissance: Gather Victim Network Information"": 8, ""T1595 - Reconnaissance: Active Scanning"": 45, ""TA0011 - Command-and-Control"": 9}",31308180,135
epsilon_greedy_eps0.2,epsilon_greedy_loo_fragility,"{""epsilon"": 0.2}",3030,360,315,1.6297010342520436e-05,0.22870570460261105,0.10780414871479611,0.223790480321625,0.36455842748338624,18,77,4.277777777777778,18.239152027072603,132.0,"{""T1036 - Defense Evasion: Masquerading"": 45, ""T1498.001 - Impact: Direct Network Flood"": 18, ""T1498.002 - Impact: Reflection/Amplification Attack"": 18, ""T1571 - Defense Evasion: Non-Standard Port"": 77, ""T1583.005 - Resource Development: Acquire Botnet"": 18, ""T1584.005 - Resource Development: Build/Compromise Botnet"": 45, ""T1590 - Reconnaissance: Gather Victim Network Information"": 47, ""T1595 - Reconnaissance: Active Scanning"": 45, ""TA0011 - Command-and-Control"": 47}",31308360,315
epsilon_greedy_eps0.2,epsilon_greedy_loo_fragility,"{""epsilon"": 0.2}",3030,720,675,1.4533028831416903e-06,0.22551371231678027,0.10406615740748373,0.2206836339194645,0.36279638118252355,42,200,4.761904761904762,50.922599217941645,378.0,"{""T1036 - Defense Evasion: Masquerading"": 121, ""T1498.001 - Impact: Direct Network Flood"": 69, ""T1498.002 - Impact: Reflection/Amplification Attack"": 43, ""T1571 - Defense Evasion: Non-Standard Port"": 108, ""T1583.005 - Resource Development: Acquire Botnet"": 42, ""T1584.005 - Resource Development: Build/Compromise Botnet"": 45, ""T1590 - Reconnaissance: Gather Victim Network Information"": 47, ""T1595 - Reconnaissance: Active Scanning"": 45, ""TA0011 - Command-and-Control"": 200}",31308720,675
epsilon_greedy_eps0.2,epsilon_greedy_loo_fragility,"{""epsilon"": 0.2}",3030,1200,1155,4.44617516092411e-06,0.2260498208657234,0.10272071544185461,0.22108972045993355,0.3644648288720137,82,200,2.4390243902439024,49.37160677510462,396.0,"{""T1036 - Defense Evasion: Masquerading"": 121, ""T1498.001 - Impact: Direct Network Flood"": 123, ""T1498.002 - Impact: Reflection/Amplification Attack"": 82, ""T1571 - Defense Evasion: Non-Standard Port"": 108, ""T1583.005 - Resource Development: Acquire Botnet"": 200, ""T1584.005 - Resource Development: Build/Compromise Botnet"": 84, ""T1590 - Reconnaissance: Gather Victim Network Information"": 82, ""T1595 - Reconnaissance: Active Scanning"": 200, ""TA0011 - Command-and-Control"": 200}",31309200,1155
epsilon_greedy_eps0.2,epsilon_greedy_loo_fragility,"{""epsilon"": 0.2}",3030,1798,1753,0.0,0.22470484448919714,0.10282013170083151,0.21987138712593557,0.3602157968474639,199,200,1.0050251256281406,0.41573970964154905,0.0,"{""T1036 - Defense Evasion: Masquerading"": 200, ""T1498.001 - Impact: Direct Network Flood"": 200, ""T1498.002 - Impact: Reflection/Amplification Attack"": 200, ""T1571 - Defense Evasion: Non-Standard Port"": 200, ""T1583.005 - Resource Development: Acquire Botnet"": 200, ""T1584.005 - Resource Development: Build/Compromise Botnet"": 199, ""T1590 - Reconnaissance: Gather Victim Network Information"": 199, ""T1595 - Reconnaissance: Active Scanning"": 200, ""TA0011 - Command-and-Control"": 200}",31309798,1753
exploration_bonus_c0.25,exploration_bonus_loo_fragility,"{""c"": 0.25}",3030,45,0,1.8594935552258796e-05,0.22347978691942472,0.10673796551312763,0.21813285934460902,0.3538062725584292,5,5,1.0,0.0,0.0,"{""T1036 - Defense Evasion: Masquerading"": 5, ""T1498.001 - Impact: Direct Network Flood"": 5, ""T1498.002 - Impact: Reflection/Amplification Attack"": 5, ""T1571 - Defense Evasion: Non-Standard Port"": 5, ""T1583.005 - Resource Development: Acquire Botnet"": 5, ""T1584.005 - Resource Development: Build/Compromise Botnet"": 5, ""T1590 - Reconnaissance: Gather Victim Network Information"": 5, ""T1595 - Reconnaissance: Active Scanning"": 5, ""TA0011 - Command-and-Control"": 5}",31308045,0
exploration_bonus_c0.25,exploration_bonus_loo_fragility,"{""c"": 0.25}",3030,90,45,8.288222384798892e-06,0.22705686260282965,0.10895359871358913,0.22192310967498075,0.35958781546991203,5,50,10.0,14.142135623730951,80.0,"{""T1036 - Defense Evasion: Masquerading"": 5, ""T1498.001 - Impact: Direct Network Flood"": 5, ""T1498.002 - Impact: Reflection/Amplification Attack"": 5, ""T1571 - Defense Evasion: Non-Standard Port"": 50, ""T1583.005 - Resource Development: Acquire Botnet"": 5, ""T1584.005 - Resource Development: Build/Compromise Botnet"": 5, ""T1590 - Reconnaissance: Gather Victim Network Information"": 5, ""T1595 - Reconnaissance: Active Scanning"": 5, ""TA0011 - Command-and-Control"": 5}",31308090,45
exploration_bonus_c0.25,exploration_bonus_loo_fragility,"{""c"": 0.25}",3030,180,135,1.709390231591174e-05,0.22832255382299346,0.1087094146565728,0.22370128910279083,0.3624809032999132,5,94,18.8,29.668539266742172,208.0,"{""T1036 - Defense Evasion: Masquerading"": 5, ""T1498.001 - Impact: Direct Network Flood"": 5, ""T1498.002 - Impact: Reflection/Amplification Attack"": 5, ""T1571 - Defense Evasion: Non-Standard Port"": 50, ""T1583.005 - Resource Development: Acquire Botnet"": 94, ""T1584.005 - Resource Development: Build/Compromise Botnet"": 5, ""T1590 - Reconnaissance: Gather Victim Network Information"": 6, ""T1595 - Reconnaissance: Active Scanning"": 5, ""TA0011 - Command-and-Control"": 5}",31308180,135
exploration_bonus_c0.25,exploration_bonus_loo_fragility,"{""c"": 0.25}",3030,360,315,6.4178389544999394e-06,0.226878316488613,0.10700574904589137,0.22198742452258557,0.3605643618186803,5,200,40.0,59.098787353605374,362.0,"{""T1036 - Defense Evasion: Masquerading"": 5, ""T1498.001 - Impact: Direct Network Flood"": 17, ""T1498.002 - Impact: Reflection/Amplification Attack"": 5, ""T1571 - Defense Evasion: Non-Standard Port"": 50, ""T1583.005 - Resource Development: Acquire Botnet"": 200, ""T1584.005 - Resource Development: Build/Compromise Botnet"": 12, ""T1590 - Reconnaissance: Gather Victim Network Information"": 51, ""T1595 - Reconnaissance: Active Scanning"": 15, ""TA0011 - Command-and-Control"": 5}",31308360,315
exploration_bonus_c0.25,exploration_bonus_loo_fragility,"{""c"": 0.25}",3030,720,675,2.073591404566215e-05,0.2278984342838009,0.10062628082240342,0.22362968556353058,0.3674938902234512,6,200,33.333333333333336,59.617298011753455,444.0,"{""T1036 - Defense Evasion: Masquerading"": 6, ""T1498.001 - Impact: Direct Network Flood"": 145, ""T1498.002 - Impact: Reflection/Amplification Attack"": 68, ""T1571 - Defense Evasion: Non-Standard Port"": 117, ""T1583.005 - Resource Development: Acquire Botnet"": 200, ""T1584.005 - Resource Development: Build/Compromise Botnet"": 57, ""T1590 - Reconnaissance: Gather Victim Network Information"": 74, ""T1595 - Reconnaissance: Active Scanning"": 33, ""TA0011 - Command-and-Control"": 20}",31308720,675
exploration_bonus_c0.25,exploration_bonus_loo_fragility,"{""c"": 0.25}",3030,1200,1155,1.7538923156404233e-05,0.2277267043911184,0.10095739002358853,0.22334924280920337,0.3670239320180203,6,200,33.333333333333336,75.42914261447996,618.0,"{""T1036 - Defense Evasion: Masquerading"": 6, ""T1498.001 - Impact: Direct Network Flood"": 200, ""T1498.002 - Impact: Reflection/Amplification Attack"": 200, ""T1571 - Defense Evasion: Non-Standard Port"": 117, ""T1583.005 - Resource Development: Acquire Botnet"": 200, ""T1584.005 - Resource Development: Build/Compromise Botnet"": 177, ""T1590 - Reconnaissance: Gather Victim Network Information"": 74, ""T1595 - Reconnaissance: Active Scanning"": 200, ""TA0011 - Command-and-Control"": 26}",31309200,1155
exploration_bonus_c0.25,exploration_bonus_loo_fragility,"{""c"": 0.25}",3030,1798,1753,0.0,0.22470484448919714,0.10282013170083151,0.21987138712593557,0.3602157968474639,199,200,1.0050251256281406,0.41573970964154905,0.0,"{""T1036 - Defense Evasion: Masquerading"": 200, ""T1498.001 - Impact: Direct Network Flood"": 200, ""T1498.002 - Impact: Reflection/Amplification Attack"": 200, ""T1571 - Defense Evasion: Non-Standard Port"": 200, ""T1583.005 - Resource Development: Acquire Botnet"": 200, ""T1584.005 - Resource Development: Build/Compromise Botnet"": 199, ""T1590 - Reconnaissance: Gather Victim Network Information"": 199, ""T1595 - Reconnaissance: Active Scanning"": 200, ""TA0011 - Command-and-Control"": 200}",31309798,1753
exploration_bonus_c0.5,exploration_bonus_loo_fragility,"{""c"": 0.5}",3030,45,0,1.8594935552258796e-05,0.22347978691942472,0.10673796551312763,0.21813285934460902,0.3538062725584292,5,5,1.0,0.0,0.0,"{""T1036 - Defense Evasion: Masquerading"": 5, ""T1498.001 - Impact: Direct Network Flood"": 5, ""T1498.002 - Impact: Reflection/Amplification Attack"": 5, ""T1571 - Defense Evasion: Non-Standard Port"": 5, ""T1583.005 - Resource Development: Acquire Botnet"": 5, ""T1584.005 - Resource Development: Build/Compromise Botnet"": 5, ""T1590 - Reconnaissance: Gather Victim Network Information"": 5, ""T1595 - Reconnaissance: Active Scanning"": 5, ""TA0011 - Command-and-Control"": 5}",31308045,0
exploration_bonus_c0.5,exploration_bonus_loo_fragility,"{""c"": 0.5}",3030,90,45,8.288222384798892e-06,0.22705686260282965,0.10895359871358913,0.22192310967498075,0.35958781546991203,5,50,10.0,14.142135623730951,80.0,"{""T1036 - Defense Evasion: Masquerading"": 5, ""T1498.001 - Impact: Direct Network Flood"": 5, ""T1498.002 - Impact: Reflection/Amplification Attack"": 5, ""T1571 - Defense Evasion: Non-Standard Port"": 50, ""T1583.005 - Resource Development: Acquire Botnet"": 5, ""T1584.005 - Resource Development: Build/Compromise Botnet"": 5, ""T1590 - Reconnaissance: Gather Victim Network Information"": 5, ""T1595 - Reconnaissance: Active Scanning"": 5, ""TA0011 - Command-and-Control"": 5}",31308090,45
exploration_bonus_c0.5,exploration_bonus_loo_fragility,"{""c"": 0.5}",3030,180,135,8.57501663874782e-06,0.22677080880890493,0.10533199000642557,0.2224550217757481,0.3613178970082329,5,70,14.0,22.045407685048602,160.0,"{""T1036 - Defense Evasion: Masquerading"": 9, ""T1498.001 - Impact: Direct Network Flood"": 9, ""T1498.002 - Impact: Reflection/Amplification Attack"": 5, ""T1571 - Defense Evasion: Non-Standard Port"": 50, ""T1583.005 - Resource Development: Acquire Botnet"": 70, ""T1584.005 - Resource Development: Build/Compromise Botnet"": 7, ""T1590 - Reconnaissance: Gather Victim Network Information"": 13, ""T1595 - Reconnaissance: Active Scanning"": 12, ""TA0011 - Command-and-Control"": 5}",31308180,135
exploration_bonus_c0.5,exploration_bonus_loo_fragility,"{""c"": 0.5}",3030,360,315,1.8445578831260138e-06,0.22535671960202558,0.10498577446017676,0.22062882940305723,0.3593677442308331,5,150,30.0,48.5042953424402,358.0,"{""T1036 - Defense Evasion: Masquerading"": 9, ""T1498.001 - Impact: Direct Network Flood"": 11, ""T1498.002 - Impact: Reflection/Amplification Attack"": 5, ""T1571 - Defense Evasion: Non-Standard Port"": 50, ""T1583.005 - Resource Development: Acquire Botnet"": 99, ""T1584.005 - Resource Development: Build/Compromise Botnet"": 11, ""T1590 - Reconnaissance: Gather Victim Network Information"": 20, ""T1595 - Reconnaissance: Active Scanning"": 150, ""TA0011 - Command-and-Control"": 5}",31308360,315
exploration_bonus_c0.5,exploration_bonus_loo_fragility,"{""c"": 0.5}",3030,720,675,1.2562558292861959e-05,0.22790824226824422,0.10703016496754163,0.22235286320402511,0.36444277730393865,5,200,40.0,73.49376390778562,570.0,"{""T1036 - Defense Evasion: Masquerading"": 11, ""T1498.001 - Impact: Direct Network Flood"": 125, ""T1498.002 - Impact: Reflection/Amplification Attack"": 5, ""T1571 - Defense Evasion: Non-Standard Port"": 50, ""T1583.005 - Resource Development: Acquire Botnet"": 200, ""T1584.005 - Resource Development: Build/Compromise Botnet"": 46, ""T1590 - Reconnaissance: Gather Victim Network Information"": 76, ""T1595 - Reconnaissance: Active Scanning"": 200, ""TA0011 - Command-and-Control"": 7}",31308720,675
exploration_bonus_c0.5,exploration_bonus_loo_fragility,"{""c"": 0.5}",3030,1200,1155,1.4444940779052679e-05,0.22829766316208003,0.10893295583131195,0.22267810502218283,0.3650212763369697,29,200,6.896551724137931,65.7283973806012,526.0,"{""T1036 - Defense Evasion: Masquerading"": 29, ""T1498.001 - Impact: Direct Network Flood"": 125, ""T1498.002 - Impact: Reflection/Amplification Attack"": 125, ""T1571 - Defense Evasion: Non-Standard Port"": 58, ""T1583.005 - Resource Development: Acquire Botnet"": 200, ""T1584.005 - Resource Development: Build/Compromise Botnet"": 199, ""T1590 - Reconnaissance: Gather Victim Network Information"": 199, ""T1595 - Reconnaissance: Active Scanning"": 200, ""TA0011 - Command-and-Control"": 65}",31309200,1155
exploration_bonus_c0.5,exploration_bonus_loo_fragility,"{""c"": 0.5}",3030,1798,1753,0.0,0.22470484448919714,0.10282013170083151,0.21987138712593557,0.3602157968474639,199,200,1.0050251256281406,0.41573970964154905,0.0,"{""T1036 - Defense Evasion: Masquerading"": 200, ""T1498.001 - Impact: Direct Network Flood"": 200, ""T1498.002 - Impact: Reflection/Amplification Attack"": 200, ""T1571 - Defense Evasion: Non-Standard Port"": 200, ""T1583.005 - Resource Development: Acquire Botnet"": 200, ""T1584.005 - Resource Development: Build/Compromise Botnet"": 199, ""T1590 - Reconnaissance: Gather Victim Network Information"": 199, ""T1595 - Reconnaissance: Active Scanning"": 200, ""TA0011 - Command-and-Control"": 200}",31309798,1753
exploration_bonus_c1.0,exploration_bonus_loo_fragility,"{""c"": 1.0}",3030,45,0,1.8594935552258796e-05,0.22347978691942472,0.10673796551312763,0.21813285934460902,0.3538062725584292,5,5,1.0,0.0,0.0,"{""T1036 - Defense Evasion: Masquerading"": 5, ""T1498.001 - Impact: Direct Network Flood"": 5, ""T1498.002 - Impact: Reflection/Amplification Attack"": 5, ""T1571 - Defense Evasion: Non-Standard Port"": 5, ""T1583.005 - Resource Development: Acquire Botnet"": 5, ""T1584.005 - Resource Development: Build/Compromise Botnet"": 5, ""T1590 - Reconnaissance: Gather Victim Network Information"": 5, ""T1595 - Reconnaissance: Active Scanning"": 5, ""TA0011 - Command-and-Control"": 5}",31308045,0
exploration_bonus_c1.0,exploration_bonus_loo_fragility,"{""c"": 1.0}",3030,90,45,8.288222384798892e-06,0.22705686260282965,0.10895359871358913,0.22192310967498075,0.35958781546991203,5,50,10.0,14.142135623730951,80.0,"{""T1036 - Defense Evasion: Masquerading"": 5, ""T1498.001 - Impact: Direct Network Flood"": 5, ""T1498.002 - Impact: Reflection/Amplification Attack"": 5, ""T1571 - Defense Evasion: Non-Standard Port"": 50, ""T1583.005 - Resource Development: Acquire Botnet"": 5, ""T1584.005 - Resource Development: Build/Compromise Botnet"": 5, ""T1590 - Reconnaissance: Gather Victim Network Information"": 5, ""T1595 - Reconnaissance: Active Scanning"": 5, ""TA0011 - Command-and-Control"": 5}",31308090,45
exploration_bonus_c1.0,exploration_bonus_loo_fragility,"{""c"": 1.0}",3030,180,135,7.701142338823045e-06,0.22680965384044977,0.10587709894167416,0.22274663252022145,0.3607246078425857,5,50,10.0,14.832396974191326,104.0,"{""T1036 - Defense Evasion: Masquerading"": 10, ""T1498.001 - Impact: Direct Network Flood"": 16, ""T1498.002 - Impact: Reflection/Amplification Attack"": 5, ""T1571 - Defense Evasion: Non-Standard Port"": 50, ""T1583.005 - Resource Development: Acquire Botnet"": 42, ""T1584.005 - Resource Development: Build/Compromise Botnet"": 15, ""T1590 - Reconnaissance: Gather Victim Network Information"": 19, ""T1595 - Reconnaissance: Active Scanning"": 18, ""TA0011 - Command-and-Control"": 5}",31308180,135
exploration_bonus_c1.0,exploration_bonus_loo_fragility,"{""c"": 1.0}",3030,360,315,3.648943832391669e-06,0.22575306797226455,0.10571748981121774,0.22023335564530905,0.3628243040694571,5,93,18.6,23.16127035472028,150.0,"{""T1036 - Defense Evasion: Masquerading"": 20, ""T1498.001 - Impact: Direct Network Flood"": 32, ""T1498.002 - Impact: Reflection/Amplification Attack"": 5, ""T1571 - Defense Evasion: Non-Standard Port"": 50, ""T1583.005 - Resource Development: Acquire Botnet"": 42, ""T1584.005 - Resource Development: Build/Compromise Botnet"": 49, ""T1590 - Reconnaissance: Gather Victim Network Information"": 41, ""T1595 - Reconnaissance: Active Scanning"": 93, ""TA0011 - Command-and-Control"": 28}",31308360,315
exploration_bonus_c1.0,exploration_bonus_loo_fragility,"{""c"": 1.0}",3030,720,675,3.658294080166595e-06,0.22622266904585936,0.10326803089616904,0.22121890468987693,0.36349559511033,20,200,10.0,57.02630971753301,434.0,"{""T1036 - Defense Evasion: Masquerading"": 78, ""T1498.001 - Impact: Direct Network Flood"": 40, ""T1498.002 - Impact: Reflection/Amplification Attack"": 20, ""T1571 - Defense Evasion: Non-Standard Port"": 114, ""T1583.005 - Resource Development: Acquire Botnet"": 43, ""T1584.005 - Resource Development: Build/Compromise Botnet"": 49, ""T1590 - Reconnaissance: Gather Victim Network Information"": 143, ""T1595 - Reconnaissance: Active Scanning"": 200, ""TA0011 - Command-and-Control"": 33}",31308720,675
exploration_bonus_c1.0,exploration_bonus_loo_fragility,"{""c"": 1.0}",3030,1200,1155,2.8102824442969217e-06,0.22547495329604963,0.10515885727776755,0.22090313070518136,0.36126181655481565,63,200,3.1746031746031744,54.50382249591919,444.0,"{""T1036 - Defense Evasion: Masquerading"": 147, ""T1498.001 - Impact: Direct Network Flood"": 200, ""T1498.002 - Impact: Reflection/Amplification Attack"": 98, ""T1571 - Defense Evasion: Non-Standard Port"": 200, ""T1583.005 - Resource Development: Acquire Botnet"": 63, ""T1584.005 - Resource Development: Build/Compromise Botnet"": 76, ""T1590 - Reconnaissance: Gather Victim Network Information"": 143, ""T1595 - Reconnaissance: Active Scanning"": 200, ""TA0011 - Command-and-Control"": 73}",31309200,1155
exploration_bonus_c1.0,exploration_bonus_loo_fragility,"{""c"": 1.0}",3030,1798,1753,0.0,0.22470484448919714,0.10282013170083151,0.21987138712593557,0.3602157968474639,199,200,1.0050251256281406,0.41573970964154905,0.0,"{""T1036 - Defense Evasion: Masquerading"": 200, ""T1498.001 - Impact: Direct Network Flood"": 200, ""T1498.002 - Impact: Reflection/Amplification Attack"": 200, ""T1571 - Defense Evasion: Non-Standard Port"": 200, ""T1583.005 - Resource Development: Acquire Botnet"": 200, ""T1584.005 - Resource Development: Build/Compromise Botnet"": 199, ""T1590 - Reconnaissance: Gather Victim Network Information"": 199, ""T1595 - Reconnaissance: Active Scanning"": 200, ""TA0011 - Command-and-Control"": 200}",31309798,1753
