policy_name,base_policy_name,policy_kwargs,reveal_seed,budget,additional_rows_beyond_initial_seed,squared_wasserstein2_to_full_reference,p_success_mean,p_success_p05,p_success_p50,p_success_p95,min_revealed_rows_per_step,max_revealed_rows_per_step,max_min_revealed_rows_per_step_ratio,step_count_std,step_count_l1_from_perfect_balance,revealed_rows_by_step,sample_seed,decision_count
uniform_step_balanced,uniform_step_balanced,{},101,45,0,3.912812991994051e-06,0.22476634871052084,0.10246225212199522,0.22060004065277244,0.3600068710922945,5,5,1.0,0.0,0.0,"{""T1036 - Defense Evasion: Masquerading"": 5, ""T1498.001 - Impact: Direct Network Flood"": 5, ""T1498.002 - Impact: Reflection/Amplification Attack"": 5, ""T1571 - Defense Evasion: Non-Standard Port"": 5, ""T1583.005 - Resource Development: Acquire Botnet"": 5, ""T1584.005 - Resource Development: Build/Compromise Botnet"": 5, ""T1590 - Reconnaissance: Gather Victim Network Information"": 5, ""T1595 - Reconnaissance: Active Scanning"": 5, ""TA0011 - Command-and-Control"": 5}",2018045,0
uniform_step_balanced,uniform_step_balanced,{},101,90,45,4.1108917086020235e-06,0.2252801570820653,0.1030003081371552,0.21984561761922067,0.36385277220136164,10,10,1.0,0.0,0.0,"{""T1036 - Defense Evasion: Masquerading"": 10, ""T1498.001 - Impact: Direct Network Flood"": 10, ""T1498.002 - Impact: Reflection/Amplification Attack"": 10, ""T1571 - Defense Evasion: Non-Standard Port"": 10, ""T1583.005 - Resource Development: Acquire Botnet"": 10, ""T1584.005 - Resource Development: Build/Compromise Botnet"": 10, ""T1590 - Reconnaissance: Gather Victim Network Information"": 10, ""T1595 - Reconnaissance: Active Scanning"": 10, ""TA0011 - Command-and-Control"": 10}",2018090,45
uniform_step_balanced,uniform_step_balanced,{},101,180,135,6.333847635248736e-06,0.22530817783718568,0.10017559867603788,0.22064099910292775,0.3623146317533978,20,20,1.0,0.0,0.0,"{""T1036 - Defense Evasion: Masquerading"": 20, ""T1498.001 - Impact: Direct Network Flood"": 20, ""T1498.002 - Impact: Reflection/Amplification Attack"": 20, ""T1571 - Defense Evasion: Non-Standard Port"": 20, ""T1583.005 - Resource Development: Acquire Botnet"": 20, ""T1584.005 - Resource Development: Build/Compromise Botnet"": 20, ""T1590 - Reconnaissance: Gather Victim Network Information"": 20, ""T1595 - Reconnaissance: Active Scanning"": 20, ""TA0011 - Command-and-Control"": 20}",2018180,135
uniform_step_balanced,uniform_step_balanced,{},101,360,315,4.6234701779544244e-06,0.22618483917116863,0.10259456572880604,0.22144653223376787,0.36331029496992184,40,40,1.0,0.0,0.0,"{""T1036 - Defense Evasion: Masquerading"": 40, ""T1498.001 - Impact: Direct Network Flood"": 40, ""T1498.002 - Impact: Reflection/Amplification Attack"": 40, ""T1571 - Defense Evasion: Non-Standard Port"": 40, ""T1583.005 - Resource Development: Acquire Botnet"": 40, ""T1584.005 - Resource Development: Build/Compromise Botnet"": 40, ""T1590 - Reconnaissance: Gather Victim Network Information"": 40, ""T1595 - Reconnaissance: Active Scanning"": 40, ""TA0011 - Command-and-Control"": 40}",2018360,315
uniform_step_balanced,uniform_step_balanced,{},101,720,675,1.4278469613406005e-06,0.22527897731688953,0.1024725868963397,0.2203236515044345,0.36082493216357625,80,80,1.0,0.0,0.0,"{""T1036 - Defense Evasion: Masquerading"": 80, ""T1498.001 - Impact: Direct Network Flood"": 80, ""T1498.002 - Impact: Reflection/Amplification Attack"": 80, ""T1571 - Defense Evasion: Non-Standard Port"": 80, ""T1583.005 - Resource Development: Acquire Botnet"": 80, ""T1584.005 - Resource Development: Build/Compromise Botnet"": 80, ""T1590 - Reconnaissance: Gather Victim Network Information"": 80, ""T1595 - Reconnaissance: Active Scanning"": 80, ""TA0011 - Command-and-Control"": 80}",2018720,675
uniform_step_balanced,uniform_step_balanced,{},101,1200,1155,4.318871120098723e-06,0.2234995652652523,0.10038315561560923,0.219071874160939,0.35789738182155073,133,134,1.0075187969924813,0.4714045207910317,0.0,"{""T1036 - Defense Evasion: Masquerading"": 133, ""T1498.001 - Impact: Direct Network Flood"": 133, ""T1498.002 - Impact: Reflection/Amplification Attack"": 134, ""T1571 - Defense Evasion: Non-Standard Port"": 133, ""T1583.005 - Resource Development: Acquire Botnet"": 133, ""T1584.005 - Resource Development: Build/Compromise Botnet"": 134, ""T1590 - Reconnaissance: Gather Victim Network Information"": 133, ""T1595 - Reconnaissance: Active Scanning"": 133, ""TA0011 - Command-and-Control"": 134}",2019200,1155
uniform_step_balanced,uniform_step_balanced,{},101,1798,1753,0.0,0.22470484448919714,0.10282013170083151,0.21987138712593557,0.3602157968474639,199,200,1.0050251256281406,0.41573970964154905,0.0,"{""T1036 - Defense Evasion: Masquerading"": 200, ""T1498.001 - Impact: Direct Network Flood"": 200, ""T1498.002 - Impact: Reflection/Amplification Attack"": 200, ""T1571 - Defense Evasion: Non-Standard Port"": 200, ""T1583.005 - Resource Development: Acquire Botnet"": 200, ""T1584.005 - Resource Development: Build/Compromise Botnet"": 199, ""T1590 - Reconnaissance: Gather Victim Network Information"": 199, ""T1595 - Reconnaissance: Active Scanning"": 200, ""TA0011 - Command-and-Control"": 200}",2019798,1753
greedy_loo_fragility,greedy_loo_fragility,{},101,45,0,3.912812991994051e-06,0.22476634871052084,0.10246225212199522,0.22060004065277244,0.3600068710922945,5,5,1.0,0.0,0.0,"{""T1036 - Defense Evasion: Masquerading"": 5, ""T1498.001 - Impact: Direct Network Flood"": 5, ""T1498.002 - Impact: Reflection/Amplification Attack"": 5, ""T1571 - Defense Evasion: Non-Standard Port"": 5, ""T1583.005 - Resource Development: Acquire Botnet"": 5, ""T1584.005 - Resource Development: Build/Compromise Botnet"": 5, ""T1590 - Reconnaissance: Gather Victim Network Information"": 5, ""T1595 - Reconnaissance: Active Scanning"": 5, ""TA0011 - Command-and-Control"": 5}",2018045,0
greedy_loo_fragility,greedy_loo_fragility,{},101,90,45,1.303124377625167e-05,0.22797032275540668,0.10867206399100139,0.2222090046583069,0.3673464766085714,5,50,10.0,14.142135623730951,80.0,"{""T1036 - Defense Evasion: Masquerading"": 5, ""T1498.001 - Impact: Direct Network Flood"": 5, ""T1498.002 - Impact: Reflection/Amplification Attack"": 5, ""T1571 - Defense Evasion: Non-Standard Port"": 50, ""T1583.005 - Resource Development: Acquire Botnet"": 5, ""T1584.005 - Resource Development: Build/Compromise Botnet"": 5, ""T1590 - Reconnaissance: Gather Victim Network Information"": 5, ""T1595 - Reconnaissance: Active Scanning"": 5, ""TA0011 - Command-and-Control"": 5}",2018090,45
greedy_loo_fragility,greedy_loo_fragility,{},101,180,135,4.6665427792767295e-06,0.2253710110234664,0.10921794190296652,0.21940083034112673,0.3603262659292025,5,95,19.0,30.0,210.0,"{""T1036 - Defense Evasion: Masquerading"": 5, ""T1498.001 - Impact: Direct Network Flood"": 50, ""T1498.002 - Impact: Reflection/Amplification Attack"": 5, ""T1571 - Defense Evasion: Non-Standard Port"": 95, ""T1583.005 - Resource Development: Acquire Botnet"": 5, ""T1584.005 - Resource Development: Build/Compromise Botnet"": 5, ""T1590 - Reconnaissance: Gather Victim Network Information"": 5, ""T1595 - Reconnaissance: Active Scanning"": 5, ""TA0011 - Command-and-Control"": 5}",2018180,135
greedy_loo_fragility,greedy_loo_fragility,{},101,360,315,2.9232661690887496e-06,0.22539471101508235,0.10488926202789237,0.21993847821246107,0.3602693855882417,5,95,19.0,41.23105625617661,350.0,"{""T1036 - Defense Evasion: Masquerading"": 95, ""T1498.001 - Impact: Direct Network Flood"": 95, ""T1498.002 - Impact: Reflection/Amplification Attack"": 5, ""T1571 - Defense Evasion: Non-Standard Port"": 95, ""T1583.005 - Resource Development: Acquire Botnet"": 5, ""T1584.005 - Resource Development: Build/Compromise Botnet"": 5, ""T1590 - Reconnaissance: Gather Victim Network Information"": 5, ""T1595 - Reconnaissance: Active Scanning"": 50, ""TA0011 - Command-and-Control"": 5}",2018360,315
greedy_loo_fragility,greedy_loo_fragility,{},101,720,675,2.3167091620740766e-06,0.22407267608894807,0.10433814430446363,0.2193407497896624,0.3579100870632793,5,200,40.0,55.226805085936306,360.0,"{""T1036 - Defense Evasion: Masquerading"": 95, ""T1498.001 - Impact: Direct Network Flood"": 95, ""T1498.002 - Impact: Reflection/Amplification Attack"": 95, ""T1571 - Defense Evasion: Non-Standard Port"": 200, ""T1583.005 - Resource Development: Acquire Botnet"": 50, ""T1584.005 - Resource Development: Build/Compromise Botnet"": 80, ""T1590 - Reconnaissance: Gather Victim Network Information"": 5, ""T1595 - Reconnaissance: Active Scanning"": 95, ""TA0011 - Command-and-Control"": 5}",2018720,675
greedy_loo_fragility,greedy_loo_fragility,{},101,1200,1155,9.553274158776903e-07,0.22510130854665716,0.10303934945476027,0.21960867773529286,0.36237144919341313,5,200,40.0,67.86424357167445,544.0,"{""T1036 - Defense Evasion: Masquerading"": 140, ""T1498.001 - Impact: Direct Network Flood"": 95, ""T1498.002 - Impact: Reflection/Amplification Attack"": 200, ""T1571 - Defense Evasion: Non-Standard Port"": 200, ""T1583.005 - Resource Development: Acquire Botnet"": 200, ""T1584.005 - Resource Development: Build/Compromise Botnet"": 80, ""T1590 - Reconnaissance: Gather Victim Network Information"": 5, ""T1595 - Reconnaissance: Active Scanning"": 200, ""TA0011 - Command-and-Control"": 80}",2019200,1155
greedy_loo_fragility,greedy_loo_fragility,{},101,1798,1753,0.0,0.22470484448919714,0.10282013170083151,0.21987138712593557,0.3602157968474639,199,200,1.0050251256281406,0.41573970964154905,0.0,"{""T1036 - Defense Evasion: Masquerading"": 200, ""T1498.001 - Impact: Direct Network Flood"": 200, ""T1498.002 - Impact: Reflection/Amplification Attack"": 200, ""T1571 - Defense Evasion: Non-Standard Port"": 200, ""T1583.005 - Resource Development: Acquire Botnet"": 200, ""T1584.005 - Resource Development: Build/Compromise Botnet"": 199, ""T1590 - Reconnaissance: Gather Victim Network Information"": 199, ""T1595 - Reconnaissance: Active Scanning"": 200, ""TA0011 - Command-and-Control"": 200}",2019798,1753
epsilon_greedy_eps0.2,epsilon_greedy_loo_fragility,"{""epsilon"": 0.2}",101,45,0,3.912812991994051e-06,0.22476634871052084,0.10246225212199522,0.22060004065277244,0.3600068710922945,5,5,1.0,0.0,0.0,"{""T1036 - Defense Evasion: Masquerading"": 5, ""T1498.001 - Impact: Direct Network Flood"": 5, ""T1498.002 - Impact: Reflection/Amplification Attack"": 5, ""T1571 - Defense Evasion: Non-Standard Port"": 5, ""T1583.005 - Resource Development: Acquire Botnet"": 5, ""T1584.005 - Resource Development: Build/Compromise Botnet"": 5, ""T1590 - Reconnaissance: Gather Victim Network Information"": 5, ""T1595 - Reconnaissance: Active Scanning"": 5, ""TA0011 - Command-and-Control"": 5}",2018045,0
epsilon_greedy_eps0.2,epsilon_greedy_loo_fragility,"{""epsilon"": 0.2}",101,90,45,2.0617827018109796e-05,0.22874410328424202,0.10918688165153036,0.2225356921456671,0.368085993201507,5,45,9.0,12.382783747337808,70.0,"{""T1036 - Defense Evasion: Masquerading"": 5, ""T1498.001 - Impact: Direct Network Flood"": 6, ""T1498.002 - Impact: Reflection/Amplification Attack"": 6, ""T1571 - Defense Evasion: Non-Standard Port"": 45, ""T1583.005 - Resource Development: Acquire Botnet"": 6, ""T1584.005 - Resource Development: Build/Compromise Botnet"": 5, ""T1590 - Reconnaissance: Gather Victim Network Information"": 5, ""T1595 - Reconnaissance: Active Scanning"": 6, ""TA0011 - Command-and-Control"": 6}",2018090,45
epsilon_greedy_eps0.2,epsilon_greedy_loo_fragility,"{""epsilon"": 0.2}",101,180,135,7.023394516338493e-06,0.22281775685902738,0.10288030948235433,0.2166096151959831,0.35892192693212055,8,79,9.875,23.66901396810231,166.0,"{""T1036 - Defense Evasion: Masquerading"": 8, ""T1498.001 - Impact: Direct Network Flood"": 8, ""T1498.002 - Impact: Reflection/Amplification Attack"": 8, ""T1571 - Defense Evasion: Non-Standard Port"": 79, ""T1583.005 - Resource Development: Acquire Botnet"": 8, ""T1584.005 - Resource Development: Build/Compromise Botnet"": 44, ""T1590 - Reconnaissance: Gather Victim Network Information"": 8, ""T1595 - Reconnaissance: Active Scanning"": 9, ""TA0011 - Command-and-Control"": 8}",2018180,135
epsilon_greedy_eps0.2,epsilon_greedy_loo_fragility,"{""epsilon"": 0.2}",101,360,315,8.795737998171285e-06,0.22269030177130839,0.1040259458625915,0.21797209613186336,0.35554883767765577,14,118,8.428571428571429,38.08470092365758,310.0,"{""T1036 - Defense Evasion: Masquerading"": 14, ""T1498.001 - Impact: Direct Network Flood"": 14, ""T1498.002 - Impact: Reflection/Amplification Attack"": 15, ""T1571 - Defense Evasion: Non-Standard Port"": 79, ""T1583.005 - Resource Development: Acquire Botnet"": 118, ""T1584.005 - Resource Development: Build/Compromise Botnet"": 78, ""T1590 - Reconnaissance: Gather Victim Network Information"": 14, ""T1595 - Reconnaissance: Active Scanning"": 14, ""TA0011 - Command-and-Control"": 14}",2018360,315
epsilon_greedy_eps0.2,epsilon_greedy_loo_fragility,"{""epsilon"": 0.2}",101,720,675,4.1656875659928356e-06,0.22618429881882982,0.10572427400783717,0.2210579640574343,0.36205990337170624,30,200,6.666666666666667,55.876848714134034,402.0,"{""T1036 - Defense Evasion: Masquerading"": 30, ""T1498.001 - Impact: Direct Network Flood"": 138, ""T1498.002 - Impact: Reflection/Amplification Attack"": 30, ""T1571 - Defense Evasion: Non-Standard Port"": 79, ""T1583.005 - Resource Development: Acquire Botnet"": 200, ""T1584.005 - Resource Development: Build/Compromise Botnet"": 78, ""T1590 - Reconnaissance: Gather Victim Network Information"": 31, ""T1595 - Reconnaissance: Active Scanning"": 31, ""TA0011 - Command-and-Control"": 103}",2018720,675
epsilon_greedy_eps0.2,epsilon_greedy_loo_fragility,"{""epsilon"": 0.2}",101,1200,1155,7.861349557706955e-06,0.22449050982493,0.09889610008278099,0.22065379075965003,0.361615407259706,67,200,2.985074626865672,52.7804677677053,438.0,"{""T1036 - Defense Evasion: Masquerading"": 182, ""T1498.001 - Impact: Direct Network Flood"": 200, ""T1498.002 - Impact: Reflection/Amplification Attack"": 68, ""T1571 - Defense Evasion: Non-Standard Port"": 79, ""T1583.005 - Resource Development: Acquire Botnet"": 200, ""T1584.005 - Resource Development: Build/Compromise Botnet"": 123, ""T1590 - Reconnaissance: Gather Victim Network Information"": 109, ""T1595 - Reconnaissance: Active Scanning"": 67, ""TA0011 - Command-and-Control"": 172}",2019200,1155
epsilon_greedy_eps0.2,epsilon_greedy_loo_fragility,"{""epsilon"": 0.2}",101,1798,1753,0.0,0.22470484448919714,0.10282013170083151,0.21987138712593557,0.3602157968474639,199,200,1.0050251256281406,0.41573970964154905,0.0,"{""T1036 - Defense Evasion: Masquerading"": 200, ""T1498.001 - Impact: Direct Network Flood"": 200, ""T1498.002 - Impact: Reflection/Amplification Attack"": 200, ""T1571 - Defense Evasion: Non-Standard Port"": 200, ""T1583.005 - Resource Development: Acquire Botnet"": 200, ""T1584.005 - Resource Development: Build/Compromise Botnet"": 199, ""T1590 - Reconnaissance: Gather Victim Network Information"": 199, ""T1595 - Reconnaissance: Active Scanning"": 200, ""TA0011 - Command-and-Control"": 200}",2019798,1753
exploration_bonus_c0.25,exploration_bonus_loo_fragility,"{""c"": 0.25}",101,45,0,3.912812991994051e-06,0.22476634871052084,0.10246225212199522,0.22060004065277244,0.3600068710922945,5,5,1.0,0.0,0.0,"{""T1036 - Defense Evasion: Masquerading"": 5, ""T1498.001 - Impact: Direct Network Flood"": 5, ""T1498.002 - Impact: Reflection/Amplification Attack"": 5, ""T1571 - Defense Evasion: Non-Standard Port"": 5, ""T1583.005 - Resource Development: Acquire Botnet"": 5, ""T1584.005 - Resource Development: Build/Compromise Botnet"": 5, ""T1590 - Reconnaissance: Gather Victim Network Information"": 5, ""T1595 - Reconnaissance: Active Scanning"": 5, ""TA0011 - Command-and-Control"": 5}",2018045,0
exploration_bonus_c0.25,exploration_bonus_loo_fragility,"{""c"": 0.25}",101,90,45,1.303124377625167e-05,0.22797032275540668,0.10867206399100139,0.2222090046583069,0.3673464766085714,5,50,10.0,14.142135623730951,80.0,"{""T1036 - Defense Evasion: Masquerading"": 5, ""T1498.001 - Impact: Direct Network Flood"": 5, ""T1498.002 - Impact: Reflection/Amplification Attack"": 5, ""T1571 - Defense Evasion: Non-Standard Port"": 50, ""T1583.005 - Resource Development: Acquire Botnet"": 5, ""T1584.005 - Resource Development: Build/Compromise Botnet"": 5, ""T1590 - Reconnaissance: Gather Victim Network Information"": 5, ""T1595 - Reconnaissance: Active Scanning"": 5, ""TA0011 - Command-and-Control"": 5}",2018090,45
exploration_bonus_c0.25,exploration_bonus_loo_fragility,"{""c"": 0.25}",101,180,135,4.6665427792767295e-06,0.2253710110234664,0.10921794190296652,0.21940083034112673,0.3603262659292025,5,95,19.0,30.0,210.0,"{""T1036 - Defense Evasion: Masquerading"": 5, ""T1498.001 - Impact: Direct Network Flood"": 50, ""T1498.002 - Impact: Reflection/Amplification Attack"": 5, ""T1571 - Defense Evasion: Non-Standard Port"": 95, ""T1583.005 - Resource Development: Acquire Botnet"": 5, ""T1584.005 - Resource Development: Build/Compromise Botnet"": 5, ""T1590 - Reconnaissance: Gather Victim Network Information"": 5, ""T1595 - Reconnaissance: Active Scanning"": 5, ""TA0011 - Command-and-Control"": 5}",2018180,135
exploration_bonus_c0.25,exploration_bonus_loo_fragility,"{""c"": 0.25}",101,360,315,3.1918278192804627e-06,0.22460777057013312,0.10710366679543694,0.2190039235367195,0.35778901653922623,5,95,19.0,38.95581542665428,330.0,"{""T1036 - Defense Evasion: Masquerading"": 85, ""T1498.001 - Impact: Direct Network Flood"": 95, ""T1498.002 - Impact: Reflection/Amplification Attack"": 50, ""T1571 - Defense Evasion: Non-Standard Port"": 95, ""T1583.005 - Resource Development: Acquire Botnet"": 5, ""T1584.005 - Resource Development: Build/Compromise Botnet"": 5, ""T1590 - Reconnaissance: Gather Victim Network Information"": 5, ""T1595 - Reconnaissance: Active Scanning"": 8, ""TA0011 - Command-and-Control"": 12}",2018360,315
exploration_bonus_c0.25,exploration_bonus_loo_fragility,"{""c"": 0.25}",101,720,675,3.975751051598503e-06,0.22560925139421953,0.10801514912451629,0.22097886214886456,0.3596217691666449,5,162,32.4,44.40470445547158,286.0,"{""T1036 - Defense Evasion: Masquerading"": 85, ""T1498.001 - Impact: Direct Network Flood"": 95, ""T1498.002 - Impact: Reflection/Amplification Attack"": 95, ""T1571 - Defense Evasion: Non-Standard Port"": 95, ""T1583.005 - Resource Development: Acquire Botnet"": 162, ""T1584.005 - Resource Development: Build/Compromise Botnet"": 88, ""T1590 - Reconnaissance: Gather Victim Network Information"": 5, ""T1595 - Reconnaissance: Active Scanning"": 83, ""TA0011 - Command-and-Control"": 12}",2018720,675
exploration_bonus_c0.25,exploration_bonus_loo_fragility,"{""c"": 0.25}",101,1200,1155,7.348532431617126e-06,0.22344082516718727,0.1048660369994714,0.21873452082107459,0.35411044703914224,12,200,16.666666666666668,65.85843403341241,528.0,"{""T1036 - Defense Evasion: Masquerading"": 85, ""T1498.001 - Impact: Direct Network Flood"": 95, ""T1498.002 - Impact: Reflection/Amplification Attack"": 200, ""T1571 - Defense Evasion: Non-Standard Port"": 129, ""T1583.005 - Resource Development: Acquire Botnet"": 200, ""T1584.005 - Resource Development: Build/Compromise Botnet"": 199, ""T1590 - Reconnaissance: Gather Victim Network Information"": 80, ""T1595 - Reconnaissance: Active Scanning"": 200, ""TA0011 - Command-and-Control"": 12}",2019200,1155
exploration_bonus_c0.25,exploration_bonus_loo_fragility,"{""c"": 0.25}",101,1798,1753,0.0,0.22470484448919714,0.10282013170083151,0.21987138712593557,0.3602157968474639,199,200,1.0050251256281406,0.41573970964154905,0.0,"{""T1036 - Defense Evasion: Masquerading"": 200, ""T1498.001 - Impact: Direct Network Flood"": 200, ""T1498.002 - Impact: Reflection/Amplification Attack"": 200, ""T1571 - Defense Evasion: Non-Standard Port"": 200, ""T1583.005 - Resource Development: Acquire Botnet"": 200, ""T1584.005 - Resource Development: Build/Compromise Botnet"": 199, ""T1590 - Reconnaissance: Gather Victim Network Information"": 199, ""T1595 - Reconnaissance: Active Scanning"": 200, ""TA0011 - Command-and-Control"": 200}",2019798,1753
exploration_bonus_c0.5,exploration_bonus_loo_fragility,"{""c"": 0.5}",101,45,0,3.912812991994051e-06,0.22476634871052084,0.10246225212199522,0.22060004065277244,0.3600068710922945,5,5,1.0,0.0,0.0,"{""T1036 - Defense Evasion: Masquerading"": 5, ""T1498.001 - Impact: Direct Network Flood"": 5, ""T1498.002 - Impact: Reflection/Amplification Attack"": 5, ""T1571 - Defense Evasion: Non-Standard Port"": 5, ""T1583.005 - Resource Development: Acquire Botnet"": 5, ""T1584.005 - Resource Development: Build/Compromise Botnet"": 5, ""T1590 - Reconnaissance: Gather Victim Network Information"": 5, ""T1595 - Reconnaissance: Active Scanning"": 5, ""TA0011 - Command-and-Control"": 5}",2018045,0
exploration_bonus_c0.5,exploration_bonus_loo_fragility,"{""c"": 0.5}",101,90,45,1.303124377625167e-05,0.22797032275540668,0.10867206399100139,0.2222090046583069,0.3673464766085714,5,50,10.0,14.142135623730951,80.0,"{""T1036 - Defense Evasion: Masquerading"": 5, ""T1498.001 - Impact: Direct Network Flood"": 5, ""T1498.002 - Impact: Reflection/Amplification Attack"": 5, ""T1571 - Defense Evasion: Non-Standard Port"": 50, ""T1583.005 - Resource Development: Acquire Botnet"": 5, ""T1584.005 - Resource Development: Build/Compromise Botnet"": 5, ""T1590 - Reconnaissance: Gather Victim Network Information"": 5, ""T1595 - Reconnaissance: Active Scanning"": 5, ""TA0011 - Command-and-Control"": 5}",2018090,45
exploration_bonus_c0.5,exploration_bonus_loo_fragility,"{""c"": 0.5}",101,180,135,2.1430940849889144e-06,0.22412383703720243,0.10576829359782407,0.2184593891289533,0.36036613197635226,5,95,19.0,28.959742171964628,196.0,"{""T1036 - Defense Evasion: Masquerading"": 10, ""T1498.001 - Impact: Direct Network Flood"": 43, ""T1498.002 - Impact: Reflection/Amplification Attack"": 5, ""T1571 - Defense Evasion: Non-Standard Port"": 95, ""T1583.005 - Resource Development: Acquire Botnet"": 5, ""T1584.005 - Resource Development: Build/Compromise Botnet"": 5, ""T1590 - Reconnaissance: Gather Victim Network Information"": 5, ""T1595 - Reconnaissance: Active Scanning"": 7, ""TA0011 - Command-and-Control"": 5}",2018180,135
exploration_bonus_c0.5,exploration_bonus_loo_fragility,"{""c"": 0.5}",101,360,315,1.4091503042630678e-06,0.22447864031510206,0.10383274008371547,0.21957453375921124,0.35917495456699006,5,175,35.0,54.77022711088368,394.0,"{""T1036 - Defense Evasion: Masquerading"": 13, ""T1498.001 - Impact: Direct Network Flood"": 84, ""T1498.002 - Impact: Reflection/Amplification Attack"": 7, ""T1571 - Defense Evasion: Non-Standard Port"": 175, ""T1583.005 - Resource Development: Acquire Botnet"": 5, ""T1584.005 - Resource Development: Build/Compromise Botnet"": 5, ""T1590 - Reconnaissance: Gather Victim Network Information"": 7, ""T1595 - Reconnaissance: Active Scanning"": 58, ""TA0011 - Command-and-Control"": 6}",2018360,315
exploration_bonus_c0.5,exploration_bonus_loo_fragility,"{""c"": 0.5}",101,720,675,2.4216783900827583e-06,0.22416294541754472,0.10612547558842313,0.21872169895580398,0.3591855953302035,7,175,25.0,61.7377968148812,524.0,"{""T1036 - Defense Evasion: Masquerading"": 13, ""T1498.001 - Impact: Direct Network Flood"": 142, ""T1498.002 - Impact: Reflection/Amplification Attack"": 10, ""T1571 - Defense Evasion: Non-Standard Port"": 175, ""T1583.005 - Resource Development: Acquire Botnet"": 115, ""T1584.005 - Resource Development: Build/Compromise Botnet"": 28, ""T1590 - Reconnaissance: Gather Victim Network Information"": 128, ""T1595 - Reconnaissance: Active Scanning"": 102, ""TA0011 - Command-and-Control"": 7}",2018720,675
exploration_bonus_c0.5,exploration_bonus_loo_fragility,"{""c"": 0.5}",101,1200,1155,3.3731829029915683e-06,0.2231227716013634,0.10276808765798338,0.21861211534841735,0.3585291734877333,7,200,28.571428571428573,81.03771412812131,674.0,"{""T1036 - Defense Evasion: Masquerading"": 13, ""T1498.001 - Impact: Direct Network Flood"": 200, ""T1498.002 - Impact: Reflection/Amplification Attack"": 164, ""T1571 - Defense Evasion: Non-Standard Port"": 175, ""T1583.005 - Resource Development: Acquire Botnet"": 200, ""T1584.005 - Resource Development: Build/Compromise Botnet"": 42, ""T1590 - Reconnaissance: Gather Victim Network Information"": 199, ""T1595 - Reconnaissance: Active Scanning"": 200, ""TA0011 - Command-and-Control"": 7}",2019200,1155
exploration_bonus_c0.5,exploration_bonus_loo_fragility,"{""c"": 0.5}",101,1798,1753,0.0,0.22470484448919714,0.10282013170083151,0.21987138712593557,0.3602157968474639,199,200,1.0050251256281406,0.41573970964154905,0.0,"{""T1036 - Defense Evasion: Masquerading"": 200, ""T1498.001 - Impact: Direct Network Flood"": 200, ""T1498.002 - Impact: Reflection/Amplification Attack"": 200, ""T1571 - Defense Evasion: Non-Standard Port"": 200, ""T1583.005 - Resource Development: Acquire Botnet"": 200, ""T1584.005 - Resource Development: Build/Compromise Botnet"": 199, ""T1590 - Reconnaissance: Gather Victim Network Information"": 199, ""T1595 - Reconnaissance: Active Scanning"": 200, ""TA0011 - Command-and-Control"": 200}",2019798,1753
exploration_bonus_c1.0,exploration_bonus_loo_fragility,"{""c"": 1.0}",101,45,0,3.912812991994051e-06,0.22476634871052084,0.10246225212199522,0.22060004065277244,0.3600068710922945,5,5,1.0,0.0,0.0,"{""T1036 - Defense Evasion: Masquerading"": 5, ""T1498.001 - Impact: Direct Network Flood"": 5, ""T1498.002 - Impact: Reflection/Amplification Attack"": 5, ""T1571 - Defense Evasion: Non-Standard Port"": 5, ""T1583.005 - Resource Development: Acquire Botnet"": 5, ""T1584.005 - Resource Development: Build/Compromise Botnet"": 5, ""T1590 - Reconnaissance: Gather Victim Network Information"": 5, ""T1595 - Reconnaissance: Active Scanning"": 5, ""TA0011 - Command-and-Control"": 5}",2018045,0
exploration_bonus_c1.0,exploration_bonus_loo_fragility,"{""c"": 1.0}",101,90,45,1.303124377625167e-05,0.22797032275540668,0.10867206399100139,0.2222090046583069,0.3673464766085714,5,50,10.0,14.142135623730951,80.0,"{""T1036 - Defense Evasion: Masquerading"": 5, ""T1498.001 - Impact: Direct Network Flood"": 5, ""T1498.002 - Impact: Reflection/Amplification Attack"": 5, ""T1571 - Defense Evasion: Non-Standard Port"": 50, ""T1583.005 - Resource Development: Acquire Botnet"": 5, ""T1584.005 - Resource Development: Build/Compromise Botnet"": 5, ""T1590 - Reconnaissance: Gather Victim Network Information"": 5, ""T1595 - Reconnaissance: Active Scanning"": 5, ""TA0011 - Command-and-Control"": 5}",2018090,45
exploration_bonus_c1.0,exploration_bonus_loo_fragility,"{""c"": 1.0}",101,180,135,7.997540440451775e-06,0.22239169169289588,0.10192894226540543,0.2170105423362037,0.36068618657257184,5,95,19.0,27.547938015192514,170.0,"{""T1036 - Defense Evasion: Masquerading"": 14, ""T1498.001 - Impact: Direct Network Flood"": 30, ""T1498.002 - Impact: Reflection/Amplification Attack"": 7, ""T1571 - Defense Evasion: Non-Standard Port"": 95, ""T1583.005 - Resource Development: Acquire Botnet"": 5, ""T1584.005 - Resource Development: Build/Compromise Botnet"": 5, ""T1590 - Reconnaissance: Gather Victim Network Information"": 5, ""T1595 - Reconnaissance: Active Scanning"": 11, ""TA0011 - Command-and-Control"": 8}",2018180,135
exploration_bonus_c1.0,exploration_bonus_loo_fragility,"{""c"": 1.0}",101,360,315,9.398386420461837e-07,0.2250679225177907,0.10463842710415856,0.22031894276872582,0.36134957607027557,5,95,19.0,27.44286995033703,214.0,"{""T1036 - Defense Evasion: Masquerading"": 21, ""T1498.001 - Impact: Direct Network Flood"": 58, ""T1498.002 - Impact: Reflection/Amplification Attack"": 51, ""T1571 - Defense Evasion: Non-Standard Port"": 95, ""T1583.005 - Resource Development: Acquire Botnet"": 56, ""T1584.005 - Resource Development: Build/Compromise Botnet"": 47, ""T1590 - Reconnaissance: Gather Victim Network Information"": 5, ""T1595 - Reconnaissance: Active Scanning"": 16, ""TA0011 - Command-and-Control"": 11}",2018360,315
exploration_bonus_c1.0,exploration_bonus_loo_fragility,"{""c"": 1.0}",101,720,675,4.2573358286063035e-06,0.2252374109614589,0.10795701875857827,0.2199976700772609,0.35745853709715153,12,200,16.666666666666668,56.82722352300289,432.0,"{""T1036 - Defense Evasion: Masquerading"": 40, ""T1498.001 - Impact: Direct Network Flood"": 61, ""T1498.002 - Impact: Reflection/Amplification Attack"": 137, ""T1571 - Defense Evasion: Non-Standard Port"": 96, ""T1583.005 - Resource Development: Acquire Botnet"": 200, ""T1584.005 - Resource Development: Build/Compromise Botnet"": 103, ""T1590 - Reconnaissance: Gather Victim Network Information"": 29, ""T1595 - Reconnaissance: Active Scanning"": 42, ""TA0011 - Command-and-Control"": 12}",2018720,675
exploration_bonus_c1.0,exploration_bonus_loo_fragility,"{""c"": 1.0}",101,1200,1155,1.0288166080936601e-06,0.22439289108891816,0.10452051108305459,0.21900475968419214,0.3608064130238702,38,200,5.2631578947368425,70.82529366139065,620.0,"{""T1036 - Defense Evasion: Masquerading"": 67, ""T1498.001 - Impact: Direct Network Flood"": 77, ""T1498.002 - Impact: Reflection/Amplification Attack"": 200, ""T1571 - Defense Evasion: Non-Standard Port"": 200, ""T1583.005 - Resource Development: Acquire Botnet"": 200, ""T1584.005 - Resource Development: Build/Compromise Botnet"": 178, ""T1590 - Reconnaissance: Gather Victim Network Information"": 38, ""T1595 - Reconnaissance: Active Scanning"": 200, ""TA0011 - Command-and-Control"": 40}",2019200,1155
exploration_bonus_c1.0,exploration_bonus_loo_fragility,"{""c"": 1.0}",101,1798,1753,0.0,0.22470484448919714,0.10282013170083151,0.21987138712593557,0.3602157968474639,199,200,1.0050251256281406,0.41573970964154905,0.0,"{""T1036 - Defense Evasion: Masquerading"": 200, ""T1498.001 - Impact: Direct Network Flood"": 200, ""T1498.002 - Impact: Reflection/Amplification Attack"": 200, ""T1571 - Defense Evasion: Non-Standard Port"": 200, ""T1583.005 - Resource Development: Acquire Botnet"": 200, ""T1584.005 - Resource Development: Build/Compromise Botnet"": 199, ""T1590 - Reconnaissance: Gather Victim Network Information"": 199, ""T1595 - Reconnaissance: Active Scanning"": 200, ""TA0011 - Command-and-Control"": 200}",2019798,1753
uniform_step_balanced,uniform_step_balanced,{},202,45,0,2.361828347314425e-05,0.22262040217385273,0.1079688442544984,0.21836814489835626,0.3493972375173301,5,5,1.0,0.0,0.0,"{""T1036 - Defense Evasion: Masquerading"": 5, ""T1498.001 - Impact: Direct Network Flood"": 5, ""T1498.002 - Impact: Reflection/Amplification Attack"": 5, ""T1571 - Defense Evasion: Non-Standard Port"": 5, ""T1583.005 - Resource Development: Acquire Botnet"": 5, ""T1584.005 - Resource Development: Build/Compromise Botnet"": 5, ""T1590 - Reconnaissance: Gather Victim Network Information"": 5, ""T1595 - Reconnaissance: Active Scanning"": 5, ""TA0011 - Command-and-Control"": 5}",3028045,0
uniform_step_balanced,uniform_step_balanced,{},202,90,45,2.4160102406734272e-05,0.2283725837914285,0.11495028756149589,0.22187888330328281,0.3629685779404841,10,10,1.0,0.0,0.0,"{""T1036 - Defense Evasion: Masquerading"": 10, ""T1498.001 - Impact: Direct Network Flood"": 10, ""T1498.002 - Impact: Reflection/Amplification Attack"": 10, ""T1571 - Defense Evasion: Non-Standard Port"": 10, ""T1583.005 - Resource Development: Acquire Botnet"": 10, ""T1584.005 - Resource Development: Build/Compromise Botnet"": 10, ""T1590 - Reconnaissance: Gather Victim Network Information"": 10, ""T1595 - Reconnaissance: Active Scanning"": 10, ""TA0011 - Command-and-Control"": 10}",3028090,45
uniform_step_balanced,uniform_step_balanced,{},202,180,135,1.0565559472077152e-05,0.2265825994258744,0.11248142871619744,0.22029700895989773,0.3631337648280963,20,20,1.0,0.0,0.0,"{""T1036 - Defense Evasion: Masquerading"": 20, ""T1498.001 - Impact: Direct Network Flood"": 20, ""T1498.002 - Impact: Reflection/Amplification Attack"": 20, ""T1571 - Defense Evasion: Non-Standard Port"": 20, ""T1583.005 - Resource Development: Acquire Botnet"": 20, ""T1584.005 - Resource Development: Build/Compromise Botnet"": 20, ""T1590 - Reconnaissance: Gather Victim Network Information"": 20, ""T1595 - Reconnaissance: Active Scanning"": 20, ""TA0011 - Command-and-Control"": 20}",3028180,135
uniform_step_balanced,uniform_step_balanced,{},202,360,315,2.968381204316551e-06,0.2253378362061171,0.10556580617950638,0.22008354685848863,0.3593781832232536,40,40,1.0,0.0,0.0,"{""T1036 - Defense Evasion: Masquerading"": 40, ""T1498.001 - Impact: Direct Network Flood"": 40, ""T1498.002 - Impact: Reflection/Amplification Attack"": 40, ""T1571 - Defense Evasion: Non-Standard Port"": 40, ""T1583.005 - Resource Development: Acquire Botnet"": 40, ""T1584.005 - Resource Development: Build/Compromise Botnet"": 40, ""T1590 - Reconnaissance: Gather Victim Network Information"": 40, ""T1595 - Reconnaissance: Active Scanning"": 40, ""TA0011 - Command-and-Control"": 40}",3028360,315
uniform_step_balanced,uniform_step_balanced,{},202,720,675,7.425411143035425e-06,0.22620968098636876,0.10580898378978423,0.22127824505754612,0.3614192024767913,80,80,1.0,0.0,0.0,"{""T1036 - Defense Evasion: Masquerading"": 80, ""T1498.001 - Impact: Direct Network Flood"": 80, ""T1498.002 - Impact: Reflection/Amplification Attack"": 80, ""T1571 - Defense Evasion: Non-Standard Port"": 80, ""T1583.005 - Resource Development: Acquire Botnet"": 80, ""T1584.005 - Resource Development: Build/Compromise Botnet"": 80, ""T1590 - Reconnaissance: Gather Victim Network Information"": 80, ""T1595 - Reconnaissance: Active Scanning"": 80, ""TA0011 - Command-and-Control"": 80}",3028720,675
uniform_step_balanced,uniform_step_balanced,{},202,1200,1155,9.519297172429744e-06,0.22426675036909874,0.10237291083673158,0.2198067673820832,0.35881611984368245,133,134,1.0075187969924813,0.4714045207910317,0.0,"{""T1036 - Defense Evasion: Masquerading"": 133, ""T1498.001 - Impact: Direct Network Flood"": 134, ""T1498.002 - Impact: Reflection/Amplification Attack"": 133, ""T1571 - Defense Evasion: Non-Standard Port"": 134, ""T1583.005 - Resource Development: Acquire Botnet"": 133, ""T1584.005 - Resource Development: Build/Compromise Botnet"": 134, ""T1590 - Reconnaissance: Gather Victim Network Information"": 133, ""T1595 - Reconnaissance: Active Scanning"": 133, ""TA0011 - Command-and-Control"": 133}",3029200,1155
uniform_step_balanced,uniform_step_balanced,{},202,1798,1753,0.0,0.22470484448919714,0.10282013170083151,0.21987138712593557,0.3602157968474639,199,200,1.0050251256281406,0.41573970964154905,0.0,"{""T1036 - Defense Evasion: Masquerading"": 200, ""T1498.001 - Impact: Direct Network Flood"": 200, ""T1498.002 - Impact: Reflection/Amplification Attack"": 200, ""T1571 - Defense Evasion: Non-Standard Port"": 200, ""T1583.005 - Resource Development: Acquire Botnet"": 200, ""T1584.005 - Resource Development: Build/Compromise Botnet"": 199, ""T1590 - Reconnaissance: Gather Victim Network Information"": 199, ""T1595 - Reconnaissance: Active Scanning"": 200, ""TA0011 - Command-and-Control"": 200}",3029798,1753
greedy_loo_fragility,greedy_loo_fragility,{},202,45,0,2.361828347314425e-05,0.22262040217385273,0.1079688442544984,0.21836814489835626,0.3493972375173301,5,5,1.0,0.0,0.0,"{""T1036 - Defense Evasion: Masquerading"": 5, ""T1498.001 - Impact: Direct Network Flood"": 5, ""T1498.002 - Impact: Reflection/Amplification Attack"": 5, ""T1571 - Defense Evasion: Non-Standard Port"": 5, ""T1583.005 - Resource Development: Acquire Botnet"": 5, ""T1584.005 - Resource Development: Build/Compromise Botnet"": 5, ""T1590 - Reconnaissance: Gather Victim Network Information"": 5, ""T1595 - Reconnaissance: Active Scanning"": 5, ""TA0011 - Command-and-Control"": 5}",3028045,0
greedy_loo_fragility,greedy_loo_fragility,{},202,90,45,6.742637799105784e-06,0.2260833977974209,0.10996428029457757,0.2204973933736583,0.36089009720964654,5,50,10.0,14.142135623730951,80.0,"{""T1036 - Defense Evasion: Masquerading"": 5, ""T1498.001 - Impact: Direct Network Flood"": 5, ""T1498.002 - Impact: Reflection/Amplification Attack"": 5, ""T1571 - Defense Evasion: Non-Standard Port"": 50, ""T1583.005 - Resource Development: Acquire Botnet"": 5, ""T1584.005 - Resource Development: Build/Compromise Botnet"": 5, ""T1590 - Reconnaissance: Gather Victim Network Information"": 5, ""T1595 - Reconnaissance: Active Scanning"": 5, ""TA0011 - Command-and-Control"": 5}",3028090,45
greedy_loo_fragility,greedy_loo_fragility,{},202,180,135,7.3396689172199575e-06,0.22502451162851494,0.10761428524560962,0.2200289425955657,0.35818699498377454,5,95,19.0,30.0,210.0,"{""T1036 - Defense Evasion: Masquerading"": 5, ""T1498.001 - Impact: Direct Network Flood"": 5, ""T1498.002 - Impact: Reflection/Amplification Attack"": 5, ""T1571 - Defense Evasion: Non-Standard Port"": 95, ""T1583.005 - Resource Development: Acquire Botnet"": 5, ""T1584.005 - Resource Development: Build/Compromise Botnet"": 5, ""T1590 - Reconnaissance: Gather Victim Network Information"": 5, ""T1595 - Reconnaissance: Active Scanning"": 50, ""TA0011 - Command-and-Control"": 5}",3028180,135
greedy_loo_fragility,greedy_loo_fragility,{},202,360,315,3.5923027677991797e-06,0.22574820272910529,0.10648142958909342,0.22020286014507434,0.360936767560115,5,95,19.0,41.23105625617661,350.0,"{""T1036 - Defense Evasion: Masquerading"": 5, ""T1498.001 - Impact: Direct Network Flood"": 5, ""T1498.002 - Impact: Reflection/Amplification Attack"": 5, ""T1571 - Defense Evasion: Non-Standard Port"": 95, ""T1583.005 - Resource Development: Acquire Botnet"": 5, ""T1584.005 - Resource Development: Build/Compromise Botnet"": 5, ""T1590 - Reconnaissance: Gather Victim Network Information"": 50, ""T1595 - Reconnaissance: Active Scanning"": 95, ""TA0011 - Command-and-Control"": 95}",3028360,315
greedy_loo_fragility,greedy_loo_fragility,{},202,720,675,8.192431376621888e-07,0.22513307252813178,0.103047792250933,0.2201048036210238,0.36101751840121926,5,200,40.0,61.644140029689765,450.0,"{""T1036 - Defense Evasion: Masquerading"": 95, ""T1498.001 - Impact: Direct Network Flood"": 5, ""T1498.002 - Impact: Reflection/Amplification Attack"": 200, ""T1571 - Defense Evasion: Non-Standard Port"": 125, ""T1583.005 - Resource Development: Acquire Botnet"": 5, ""T1584.005 - Resource Development: Build/Compromise Botnet"": 5, ""T1590 - Reconnaissance: Gather Victim Network Information"": 95, ""T1595 - Reconnaissance: Active Scanning"": 95, ""TA0011 - Command-and-Control"": 95}",3028720,675
greedy_loo_fragility,greedy_loo_fragility,{},202,1200,1155,3.7471963553551074e-06,0.22408731806775103,0.10566447050726509,0.21935506985329117,0.35784185219271547,5,200,40.0,80.20252143445644,662.0,"{""T1036 - Defense Evasion: Masquerading"": 200, ""T1498.001 - Impact: Direct Network Flood"": 5, ""T1498.002 - Impact: Reflection/Amplification Attack"": 200, ""T1571 - Defense Evasion: Non-Standard Port"": 200, ""T1583.005 - Resource Development: Acquire Botnet"": 200, ""T1584.005 - Resource Development: Build/Compromise Botnet"": 5, ""T1590 - Reconnaissance: Gather Victim Network Information"": 199, ""T1595 - Reconnaissance: Active Scanning"": 95, ""TA0011 - Command-and-Control"": 96}",3029200,1155
greedy_loo_fragility,greedy_loo_fragility,{},202,1798,1753,0.0,0.22470484448919714,0.10282013170083151,0.21987138712593557,0.3602157968474639,199,200,1.0050251256281406,0.41573970964154905,0.0,"{""T1036 - Defense Evasion: Masquerading"": 200, ""T1498.001 - Impact: Direct Network Flood"": 200, ""T1498.002 - Impact: Reflection/Amplification Attack"": 200, ""T1571 - Defense Evasion: Non-Standard Port"": 200, ""T1583.005 - Resource Development: Acquire Botnet"": 200, ""T1584.005 - Resource Development: Build/Compromise Botnet"": 199, ""T1590 - Reconnaissance: Gather Victim Network Information"": 199, ""T1595 - Reconnaissance: Active Scanning"": 200, ""TA0011 - Command-and-Control"": 200}",3029798,1753
epsilon_greedy_eps0.2,epsilon_greedy_loo_fragility,"{""epsilon"": 0.2}",202,45,0,2.361828347314425e-05,0.22262040217385273,0.1079688442544984,0.21836814489835626,0.3493972375173301,5,5,1.0,0.0,0.0,"{""T1036 - Defense Evasion: Masquerading"": 5, ""T1498.001 - Impact: Direct Network Flood"": 5, ""T1498.002 - Impact: Reflection/Amplification Attack"": 5, ""T1571 - Defense Evasion: Non-Standard Port"": 5, ""T1583.005 - Resource Development: Acquire Botnet"": 5, ""T1584.005 - Resource Development: Build/Compromise Botnet"": 5, ""T1590 - Reconnaissance: Gather Victim Network Information"": 5, ""T1595 - Reconnaissance: Active Scanning"": 5, ""TA0011 - Command-and-Control"": 5}",3028045,0
epsilon_greedy_eps0.2,epsilon_greedy_loo_fragility,"{""epsilon"": 0.2}",202,90,45,6.630961026129946e-06,0.22569401751458937,0.1075161647059782,0.22033615965232584,0.35942569285492343,6,40,6.666666666666667,10.614455552060438,60.0,"{""T1036 - Defense Evasion: Masquerading"": 7, ""T1498.001 - Impact: Direct Network Flood"": 6, ""T1498.002 - Impact: Reflection/Amplification Attack"": 6, ""T1571 - Defense Evasion: Non-Standard Port"": 40, ""T1583.005 - Resource Development: Acquire Botnet"": 6, ""T1584.005 - Resource Development: Build/Compromise Botnet"": 7, ""T1590 - Reconnaissance: Gather Victim Network Information"": 6, ""T1595 - Reconnaissance: Active Scanning"": 6, ""TA0011 - Command-and-Control"": 6}",3028090,45
epsilon_greedy_eps0.2,epsilon_greedy_loo_fragility,"{""epsilon"": 0.2}",202,180,135,9.271615937653178e-06,0.22605853673785117,0.11110369230435609,0.2206216184348208,0.3590860929137449,8,75,9.375,23.079572497485014,166.0,"{""T1036 - Defense Evasion: Masquerading"": 48, ""T1498.001 - Impact: Direct Network Flood"": 8, ""T1498.002 - Impact: Reflection/Amplification Attack"": 8, ""T1571 - Defense Evasion: Non-Standard Port"": 75, ""T1583.005 - Resource Development: Acquire Botnet"": 8, ""T1584.005 - Resource Development: Build/Compromise Botnet"": 9, ""T1590 - Reconnaissance: Gather Victim Network Information"": 8, ""T1595 - Reconnaissance: Active Scanning"": 8, ""TA0011 - Command-and-Control"": 8}",3028180,135
epsilon_greedy_eps0.2,epsilon_greedy_loo_fragility,"{""epsilon"": 0.2}",202,360,315,7.084923489196157e-06,0.22482962413164934,0.1087163459177179,0.21990765210954696,0.35542241798104673,13,147,11.307692307692308,44.594469014292194,318.0,"{""T1036 - Defense Evasion: Masquerading"": 87, ""T1498.001 - Impact: Direct Network Flood"": 13, ""T1498.002 - Impact: Reflection/Amplification Attack"": 13, ""T1571 - Defense Evasion: Non-Standard Port"": 147, ""T1583.005 - Resource Development: Acquire Botnet"": 45, ""T1584.005 - Resource Development: Build/Compromise Botnet"": 14, ""T1590 - Reconnaissance: Gather Victim Network Information"": 14, ""T1595 - Reconnaissance: Active Scanning"": 14, ""TA0011 - Command-and-Control"": 13}",3028360,315
epsilon_greedy_eps0.2,epsilon_greedy_loo_fragility,"{""epsilon"": 0.2}",202,720,675,9.594354404201644e-06,0.22508749804799227,0.10686340387738544,0.2199661529018806,0.3572855317263147,28,200,7.142857142857143,56.290911048469155,416.0,"{""T1036 - Defense Evasion: Masquerading"": 104, ""T1498.001 - Impact: Direct Network Flood"": 28, ""T1498.002 - Impact: Reflection/Amplification Attack"": 91, ""T1571 - Defense Evasion: Non-Standard Port"": 200, ""T1583.005 - Resource Development: Acquire Botnet"": 82, ""T1584.005 - Resource Development: Build/Compromise Botnet"": 28, ""T1590 - Reconnaissance: Gather Victim Network Information"": 28, ""T1595 - Reconnaissance: Active Scanning"": 131, ""TA0011 - Command-and-Control"": 28}",3028720,675
epsilon_greedy_eps0.2,epsilon_greedy_loo_fragility,"{""epsilon"": 0.2}",202,1200,1155,2.7251627456311908e-06,0.22379431641020855,0.1037731999245219,0.2191803356626996,0.3567353406425852,63,200,3.1746031746031744,61.99283112676103,530.0,"{""T1036 - Defense Evasion: Masquerading"": 200, ""T1498.001 - Impact: Direct Network Flood"": 63, ""T1498.002 - Impact: Reflection/Amplification Attack"": 91, ""T1571 - Defense Evasion: Non-Standard Port"": 200, ""T1583.005 - Resource Development: Acquire Botnet"": 120, ""T1584.005 - Resource Development: Build/Compromise Botnet"": 63, ""T1590 - Reconnaissance: Gather Victim Network Information"": 63, ""T1595 - Reconnaissance: Active Scanning"": 200, ""TA0011 - Command-and-Control"": 200}",3029200,1155
epsilon_greedy_eps0.2,epsilon_greedy_loo_fragility,"{""epsilon"": 0.2}",202,1798,1753,0.0,0.22470484448919714,0.10282013170083151,0.21987138712593557,0.3602157968474639,199,200,1.0050251256281406,0.41573970964154905,0.0,"{""T1036 - Defense Evasion: Masquerading"": 200, ""T1498.001 - Impact: Direct Network Flood"": 200, ""T1498.002 - Impact: Reflection/Amplification Attack"": 200, ""T1571 - Defense Evasion: Non-Standard Port"": 200, ""T1583.005 - Resource Development: Acquire Botnet"": 200, ""T1584.005 - Resource Development: Build/Compromise Botnet"": 199, ""T1590 - Reconnaissance: Gather Victim Network Information"": 199, ""T1595 - Reconnaissance: Active Scanning"": 200, ""TA0011 - Command-and-Control"": 200}",3029798,1753
exploration_bonus_c0.25,exploration_bonus_loo_fragility,"{""c"": 0.25}",202,45,0,2.361828347314425e-05,0.22262040217385273,0.1079688442544984,0.21836814489835626,0.3493972375173301,5,5,1.0,0.0,0.0,"{""T1036 - Defense Evasion: Masquerading"": 5, ""T1498.001 - Impact: Direct Network Flood"": 5, ""T1498.002 - Impact: Reflection/Amplification Attack"": 5, ""T1571 - Defense Evasion: Non-Standard Port"": 5, ""T1583.005 - Resource Development: Acquire Botnet"": 5, ""T1584.005 - Resource Development: Build/Compromise Botnet"": 5, ""T1590 - Reconnaissance: Gather Victim Network Information"": 5, ""T1595 - Reconnaissance: Active Scanning"": 5, ""TA0011 - Command-and-Control"": 5}",3028045,0
exploration_bonus_c0.25,exploration_bonus_loo_fragility,"{""c"": 0.25}",202,90,45,6.742637799105784e-06,0.2260833977974209,0.10996428029457757,0.2204973933736583,0.36089009720964654,5,50,10.0,14.142135623730951,80.0,"{""T1036 - Defense Evasion: Masquerading"": 5, ""T1498.001 - Impact: Direct Network Flood"": 5, ""T1498.002 - Impact: Reflection/Amplification Attack"": 5, ""T1571 - Defense Evasion: Non-Standard Port"": 50, ""T1583.005 - Resource Development: Acquire Botnet"": 5, ""T1584.005 - Resource Development: Build/Compromise Botnet"": 5, ""T1590 - Reconnaissance: Gather Victim Network Information"": 5, ""T1595 - Reconnaissance: Active Scanning"": 5, ""TA0011 - Command-and-Control"": 5}",3028090,45
exploration_bonus_c0.25,exploration_bonus_loo_fragility,"{""c"": 0.25}",202,180,135,6.6254294955081385e-06,0.22703628980952162,0.10593528318098741,0.22182476115953767,0.36359709548055924,5,95,19.0,28.118795611950855,178.0,"{""T1036 - Defense Evasion: Masquerading"": 7, ""T1498.001 - Impact: Direct Network Flood"": 5, ""T1498.002 - Impact: Reflection/Amplification Attack"": 5, ""T1571 - Defense Evasion: Non-Standard Port"": 95, ""T1583.005 - Resource Development: Acquire Botnet"": 5, ""T1584.005 - Resource Development: Build/Compromise Botnet"": 5, ""T1590 - Reconnaissance: Gather Victim Network Information"": 5, ""T1595 - Reconnaissance: Active Scanning"": 34, ""TA0011 - Command-and-Control"": 19}",3028180,135
exploration_bonus_c0.25,exploration_bonus_loo_fragility,"{""c"": 0.25}",202,360,315,9.792282984113143e-06,0.22763542192545339,0.10724325591479367,0.222145524051094,0.3632847687822564,5,95,19.0,35.140985883849204,292.0,"{""T1036 - Defense Evasion: Masquerading"": 9, ""T1498.001 - Impact: Direct Network Flood"": 6, ""T1498.002 - Impact: Reflection/Amplification Attack"": 5, ""T1571 - Defense Evasion: Non-Standard Port"": 95, ""T1583.005 - Resource Development: Acquire Botnet"": 90, ""T1584.005 - Resource Development: Build/Compromise Botnet"": 5, ""T1590 - Reconnaissance: Gather Victim Network Information"": 55, ""T1595 - Reconnaissance: Active Scanning"": 66, ""TA0011 - Command-and-Control"": 29}",3028360,315
exploration_bonus_c0.25,exploration_bonus_loo_fragility,"{""c"": 0.25}",202,720,675,2.056403728502936e-05,0.2290005654900347,0.1067435252700252,0.22339510370811377,0.36695086907633534,5,200,40.0,74.78710524623287,598.0,"{""T1036 - Defense Evasion: Masquerading"": 9, ""T1498.001 - Impact: Direct Network Flood"": 52, ""T1498.002 - Impact: Reflection/Amplification Attack"": 5, ""T1571 - Defense Evasion: Non-Standard Port"": 95, ""T1583.005 - Resource Development: Acquire Botnet"": 200, ""T1584.005 - Resource Development: Build/Compromise Botnet"": 6, ""T1590 - Reconnaissance: Gather Victim Network Information"": 199, ""T1595 - Reconnaissance: Active Scanning"": 125, ""TA0011 - Command-and-Control"": 29}",3028720,675
exploration_bonus_c0.25,exploration_bonus_loo_fragility,"{""c"": 0.25}",202,1200,1155,2.1350330283378986e-06,0.22582523012156322,0.10575547397393005,0.22021152096819596,0.3604840864470188,9,200,22.22222222222222,76.81868985547145,660.0,"{""T1036 - Defense Evasion: Masquerading"": 9, ""T1498.001 - Impact: Direct Network Flood"": 200, ""T1498.002 - Impact: Reflection/Amplification Attack"": 49, ""T1571 - Defense Evasion: Non-Standard Port"": 95, ""T1583.005 - Resource Development: Acquire Botnet"": 200, ""T1584.005 - Resource Development: Build/Compromise Botnet"": 199, ""T1590 - Reconnaissance: Gather Victim Network Information"": 199, ""T1595 - Reconnaissance: Active Scanning"": 200, ""TA0011 - Command-and-Control"": 49}",3029200,1155
exploration_bonus_c0.25,exploration_bonus_loo_fragility,"{""c"": 0.25}",202,1798,1753,0.0,0.22470484448919714,0.10282013170083151,0.21987138712593557,0.3602157968474639,199,200,1.0050251256281406,0.41573970964154905,0.0,"{""T1036 - Defense Evasion: Masquerading"": 200, ""T1498.001 - Impact: Direct Network Flood"": 200, ""T1498.002 - Impact: Reflection/Amplification Attack"": 200, ""T1571 - Defense Evasion: Non-Standard Port"": 200, ""T1583.005 - Resource Development: Acquire Botnet"": 200, ""T1584.005 - Resource Development: Build/Compromise Botnet"": 199, ""T1590 - Reconnaissance: Gather Victim Network Information"": 199, ""T1595 - Reconnaissance: Active Scanning"": 200, ""TA0011 - Command-and-Control"": 200}",3029798,1753
exploration_bonus_c0.5,exploration_bonus_loo_fragility,"{""c"": 0.5}",202,45,0,2.361828347314425e-05,0.22262040217385273,0.1079688442544984,0.21836814489835626,0.3493972375173301,5,5,1.0,0.0,0.0,"{""T1036 - Defense Evasion: Masquerading"": 5, ""T1498.001 - Impact: Direct Network Flood"": 5, ""T1498.002 - Impact: Reflection/Amplification Attack"": 5, ""T1571 - Defense Evasion: Non-Standard Port"": 5, ""T1583.005 - Resource Development: Acquire Botnet"": 5, ""T1584.005 - Resource Development: Build/Compromise Botnet"": 5, ""T1590 - Reconnaissance: Gather Victim Network Information"": 5, ""T1595 - Reconnaissance: Active Scanning"": 5, ""TA0011 - Command-and-Control"": 5}",3028045,0
exploration_bonus_c0.5,exploration_bonus_loo_fragility,"{""c"": 0.5}",202,90,45,6.742637799105784e-06,0.2260833977974209,0.10996428029457757,0.2204973933736583,0.36089009720964654,5,50,10.0,14.142135623730951,80.0,"{""T1036 - Defense Evasion: Masquerading"": 5, ""T1498.001 - Impact: Direct Network Flood"": 5, ""T1498.002 - Impact: Reflection/Amplification Attack"": 5, ""T1571 - Defense Evasion: Non-Standard Port"": 50, ""T1583.005 - Resource Development: Acquire Botnet"": 5, ""T1584.005 - Resource Development: Build/Compromise Botnet"": 5, ""T1590 - Reconnaissance: Gather Victim Network Information"": 5, ""T1595 - Reconnaissance: Active Scanning"": 5, ""TA0011 - Command-and-Control"": 5}",3028090,45
exploration_bonus_c0.5,exploration_bonus_loo_fragility,"{""c"": 0.5}",202,180,135,2.9555015619098103e-06,0.2260795865656308,0.10481094351591258,0.2210309903245568,0.3645977211372786,5,95,19.0,27.402351886086144,162.0,"{""T1036 - Defense Evasion: Masquerading"": 11, ""T1498.001 - Impact: Direct Network Flood"": 8, ""T1498.002 - Impact: Reflection/Amplification Attack"": 5, ""T1571 - Defense Evasion: Non-Standard Port"": 95, ""T1583.005 - Resource Development: Acquire Botnet"": 5, ""T1584.005 - Resource Development: Build/Compromise Botnet"": 5, ""T1590 - Reconnaissance: Gather Victim Network Information"": 6, ""T1595 - Reconnaissance: Active Scanning"": 26, ""TA0011 - Command-and-Control"": 19}",3028180,135
exploration_bonus_c0.5,exploration_bonus_loo_fragility,"{""c"": 0.5}",202,360,315,1.321902254897379e-05,0.223998476413112,0.10709992874710796,0.21902171100385365,0.3571490872243449,5,97,19.4,33.88214869219483,260.0,"{""T1036 - Defense Evasion: Masquerading"": 15, ""T1498.001 - Impact: Direct Network Flood"": 11, ""T1498.002 - Impact: Reflection/Amplification Attack"": 49, ""T1571 - Defense Evasion: Non-Standard Port"": 95, ""T1583.005 - Resource Development: Acquire Botnet"": 5, ""T1584.005 - Resource Development: Build/Compromise Botnet"": 6, ""T1590 - Reconnaissance: Gather Victim Network Information"": 97, ""T1595 - Reconnaissance: Active Scanning"": 49, ""TA0011 - Command-and-Control"": 33}",3028360,315
exploration_bonus_c0.5,exploration_bonus_loo_fragility,"{""c"": 0.5}",202,720,675,7.314382583893091e-06,0.22380859844936418,0.10591822838197802,0.21915139492578756,0.35730045991843956,6,200,33.333333333333336,68.23488843692792,540.0,"{""T1036 - Defense Evasion: Masquerading"": 15, ""T1498.001 - Impact: Direct Network Flood"": 11, ""T1498.002 - Impact: Reflection/Amplification Attack"": 200, ""T1571 - Defense Evasion: Non-Standard Port"": 168, ""T1583.005 - Resource Development: Acquire Botnet"": 6, ""T1584.005 - Resource Development: Build/Compromise Botnet"": 62, ""T1590 - Reconnaissance: Gather Victim Network Information"": 142, ""T1595 - Reconnaissance: Active Scanning"": 49, ""TA0011 - Command-and-Control"": 67}",3028720,675
exploration_bonus_c0.5,exploration_bonus_loo_fragility,"{""c"": 0.5}",202,1200,1155,6.37350277899678e-06,0.22407082926902372,0.10635473986051726,0.21923631300227178,0.356589767444969,11,200,18.181818181818183,70.35465711506082,596.0,"{""T1036 - Defense Evasion: Masquerading"": 64, ""T1498.001 - Impact: Direct Network Flood"": 11, ""T1498.002 - Impact: Reflection/Amplification Attack"": 200, ""T1571 - Defense Evasion: Non-Standard Port"": 168, ""T1583.005 - Resource Development: Acquire Botnet"": 200, ""T1584.005 - Resource Development: Build/Compromise Botnet"": 199, ""T1590 - Reconnaissance: Gather Victim Network Information"": 199, ""T1595 - Reconnaissance: Active Scanning"": 68, ""TA0011 - Command-and-Control"": 91}",3029200,1155
exploration_bonus_c0.5,exploration_bonus_loo_fragility,"{""c"": 0.5}",202,1798,1753,0.0,0.22470484448919714,0.10282013170083151,0.21987138712593557,0.3602157968474639,199,200,1.0050251256281406,0.41573970964154905,0.0,"{""T1036 - Defense Evasion: Masquerading"": 200, ""T1498.001 - Impact: Direct Network Flood"": 200, ""T1498.002 - Impact: Reflection/Amplification Attack"": 200, ""T1571 - Defense Evasion: Non-Standard Port"": 200, ""T1583.005 - Resource Development: Acquire Botnet"": 200, ""T1584.005 - Resource Development: Build/Compromise Botnet"": 199, ""T1590 - Reconnaissance: Gather Victim Network Information"": 199, ""T1595 - Reconnaissance: Active Scanning"": 200, ""TA0011 - Command-and-Control"": 200}",3029798,1753
exploration_bonus_c1.0,exploration_bonus_loo_fragility,"{""c"": 1.0}",202,45,0,2.361828347314425e-05,0.22262040217385273,0.1079688442544984,0.21836814489835626,0.3493972375173301,5,5,1.0,0.0,0.0,"{""T1036 - Defense Evasion: Masquerading"": 5, ""T1498.001 - Impact: Direct Network Flood"": 5, ""T1498.002 - Impact: Reflection/Amplification Attack"": 5, ""T1571 - Defense Evasion: Non-Standard Port"": 5, ""T1583.005 - Resource Development: Acquire Botnet"": 5, ""T1584.005 - Resource Development: Build/Compromise Botnet"": 5, ""T1590 - Reconnaissance: Gather Victim Network Information"": 5, ""T1595 - Reconnaissance: Active Scanning"": 5, ""TA0011 - Command-and-Control"": 5}",3028045,0
exploration_bonus_c1.0,exploration_bonus_loo_fragility,"{""c"": 1.0}",202,90,45,6.742637799105784e-06,0.2260833977974209,0.10996428029457757,0.2204973933736583,0.36089009720964654,5,50,10.0,14.142135623730951,80.0,"{""T1036 - Defense Evasion: Masquerading"": 5, ""T1498.001 - Impact: Direct Network Flood"": 5, ""T1498.002 - Impact: Reflection/Amplification Attack"": 5, ""T1571 - Defense Evasion: Non-Standard Port"": 50, ""T1583.005 - Resource Development: Acquire Botnet"": 5, ""T1584.005 - Resource Development: Build/Compromise Botnet"": 5, ""T1590 - Reconnaissance: Gather Victim Network Information"": 5, ""T1595 - Reconnaissance: Active Scanning"": 5, ""TA0011 - Command-and-Control"": 5}",3028090,45
exploration_bonus_c1.0,exploration_bonus_loo_fragility,"{""c"": 1.0}",202,180,135,4.825478249713322e-06,0.22595746226154437,0.1069618278681815,0.2210271741848332,0.3593550009105435,5,95,19.0,26.940263134902334,150.0,"{""T1036 - Defense Evasion: Masquerading"": 13, ""T1498.001 - Impact: Direct Network Flood"": 11, ""T1498.002 - Impact: Reflection/Amplification Attack"": 6, ""T1571 - Defense Evasion: Non-Standard Port"": 95, ""T1583.005 - Resource Development: Acquire Botnet"": 5, ""T1584.005 - Resource Development: Build/Compromise Botnet"": 5, ""T1590 - Reconnaissance: Gather Victim Network Information"": 9, ""T1595 - Reconnaissance: Active Scanning"": 19, ""TA0011 - Command-and-Control"": 17}",3028180,135
exploration_bonus_c1.0,exploration_bonus_loo_fragility,"{""c"": 1.0}",202,360,315,4.994760897957354e-06,0.2258874448962028,0.10667244705379902,0.22051690678474264,0.360176918254591,16,95,5.9375,24.087802353519553,174.0,"{""T1036 - Defense Evasion: Masquerading"": 37, ""T1498.001 - Impact: Direct Network Flood"": 19, ""T1498.002 - Impact: Reflection/Amplification Attack"": 16, ""T1571 - Defense Evasion: Non-Standard Port"": 95, ""T1583.005 - Resource Development: Acquire Botnet"": 59, ""T1584.005 - Resource Development: Build/Compromise Botnet"": 18, ""T1590 - Reconnaissance: Gather Victim Network Information"": 53, ""T1595 - Reconnaissance: Active Scanning"": 34, ""TA0011 - Command-and-Control"": 29}",3028360,315
exploration_bonus_c1.0,exploration_bonus_loo_fragility,"{""c"": 1.0}",202,720,675,4.7258559735935255e-06,0.22580200749432838,0.10741021434528251,0.22068122861277242,0.3592806911937631,30,200,6.666666666666667,54.80875842417888,406.0,"{""T1036 - Defense Evasion: Masquerading"": 79, ""T1498.001 - Impact: Direct Network Flood"": 200, ""T1498.002 - Impact: Reflection/Amplification Attack"": 30, ""T1571 - Defense Evasion: Non-Standard Port"": 139, ""T1583.005 - Resource Development: Acquire Botnet"": 104, ""T1584.005 - Resource Development: Build/Compromise Botnet"": 48, ""T1590 - Reconnaissance: Gather Victim Network Information"": 53, ""T1595 - Reconnaissance: Active Scanning"": 34, ""TA0011 - Command-and-Control"": 33}",3028720,675
exploration_bonus_c1.0,exploration_bonus_loo_fragility,"{""c"": 1.0}",202,1200,1155,2.522049222888093e-06,0.22366780360575567,0.10295234430224097,0.21928180962686625,0.35687187419662764,38,200,5.2631578947368425,56.37966536497593,460.0,"{""T1036 - Defense Evasion: Masquerading"": 168, ""T1498.001 - Impact: Direct Network Flood"": 200, ""T1498.002 - Impact: Reflection/Amplification Attack"": 152, ""T1571 - Defense Evasion: Non-Standard Port"": 179, ""T1583.005 - Resource Development: Acquire Botnet"": 104, ""T1584.005 - Resource Development: Build/Compromise Botnet"": 63, ""T1590 - Reconnaissance: Gather Victim Network Information"": 199, ""T1595 - Reconnaissance: Active Scanning"": 97, ""TA0011 - Command-and-Control"": 38}",3029200,1155
exploration_bonus_c1.0,exploration_bonus_loo_fragility,"{""c"": 1.0}",202,1798,1753,0.0,0.22470484448919714,0.10282013170083151,0.21987138712593557,0.3602157968474639,199,200,1.0050251256281406,0.41573970964154905,0.0,"{""T1036 - Defense Evasion: Masquerading"": 200, ""T1498.001 - Impact: Direct Network Flood"": 200, ""T1498.002 - Impact: Reflection/Amplification Attack"": 200, ""T1571 - Defense Evasion: Non-Standard Port"": 200, ""T1583.005 - Resource Development: Acquire Botnet"": 200, ""T1584.005 - Resource Development: Build/Compromise Botnet"": 199, ""T1590 - Reconnaissance: Gather Victim Network Information"": 199, ""T1595 - Reconnaissance: Active Scanning"": 200, ""TA0011 - Command-and-Control"": 200}",3029798,1753
uniform_step_balanced,uniform_step_balanced,{},303,45,0,3.4534796817123485e-05,0.22700229933473165,0.09749372545757935,0.22151568975597724,0.37060437495439974,5,5,1.0,0.0,0.0,"{""T1036 - Defense Evasion: Masquerading"": 5, ""T1498.001 - Impact: Direct Network Flood"": 5, ""T1498.002 - Impact: Reflection/Amplification Attack"": 5, ""T1571 - Defense Evasion: Non-Standard Port"": 5, ""T1583.005 - Resource Development: Acquire Botnet"": 5, ""T1584.005 - Resource Development: Build/Compromise Botnet"": 5, ""T1590 - Reconnaissance: Gather Victim Network Information"": 5, ""T1595 - Reconnaissance: Active Scanning"": 5, ""TA0011 - Command-and-Control"": 5}",4038045,0
uniform_step_balanced,uniform_step_balanced,{},303,90,45,5.77471568692702e-06,0.22336740640871086,0.10098712580992823,0.21834605949453417,0.36249528090716215,10,10,1.0,0.0,0.0,"{""T1036 - Defense Evasion: Masquerading"": 10, ""T1498.001 - Impact: Direct Network Flood"": 10, ""T1498.002 - Impact: Reflection/Amplification Attack"": 10, ""T1571 - Defense Evasion: Non-Standard Port"": 10, ""T1583.005 - Resource Development: Acquire Botnet"": 10, ""T1584.005 - Resource Development: Build/Compromise Botnet"": 10, ""T1590 - Reconnaissance: Gather Victim Network Information"": 10, ""T1595 - Reconnaissance: Active Scanning"": 10, ""TA0011 - Command-and-Control"": 10}",4038090,45
uniform_step_balanced,uniform_step_balanced,{},303,180,135,1.594311687543048e-05,0.22804953970892744,0.1022133426691818,0.22371007522070013,0.3649064241832174,20,20,1.0,0.0,0.0,"{""T1036 - Defense Evasion: Masquerading"": 20, ""T1498.001 - Impact: Direct Network Flood"": 20, ""T1498.002 - Impact: Reflection/Amplification Attack"": 20, ""T1571 - Defense Evasion: Non-Standard Port"": 20, ""T1583.005 - Resource Development: Acquire Botnet"": 20, ""T1584.005 - Resource Development: Build/Compromise Botnet"": 20, ""T1590 - Reconnaissance: Gather Victim Network Information"": 20, ""T1595 - Reconnaissance: Active Scanning"": 20, ""TA0011 - Command-and-Control"": 20}",4038180,135
uniform_step_balanced,uniform_step_balanced,{},303,360,315,3.855806607827436e-06,0.22604288468500963,0.1010863926638369,0.22213351364168005,0.36174859682659016,40,40,1.0,0.0,0.0,"{""T1036 - Defense Evasion: Masquerading"": 40, ""T1498.001 - Impact: Direct Network Flood"": 40, ""T1498.002 - Impact: Reflection/Amplification Attack"": 40, ""T1571 - Defense Evasion: Non-Standard Port"": 40, ""T1583.005 - Resource Development: Acquire Botnet"": 40, ""T1584.005 - Resource Development: Build/Compromise Botnet"": 40, ""T1590 - Reconnaissance: Gather Victim Network Information"": 40, ""T1595 - Reconnaissance: Active Scanning"": 40, ""TA0011 - Command-and-Control"": 40}",4038360,315
uniform_step_balanced,uniform_step_balanced,{},303,720,675,3.856034750968391e-06,0.22615505954867104,0.10335835639946753,0.22189025937073828,0.3623398589472401,80,80,1.0,0.0,0.0,"{""T1036 - Defense Evasion: Masquerading"": 80, ""T1498.001 - Impact: Direct Network Flood"": 80, ""T1498.002 - Impact: Reflection/Amplification Attack"": 80, ""T1571 - Defense Evasion: Non-Standard Port"": 80, ""T1583.005 - Resource Development: Acquire Botnet"": 80, ""T1584.005 - Resource Development: Build/Compromise Botnet"": 80, ""T1590 - Reconnaissance: Gather Victim Network Information"": 80, ""T1595 - Reconnaissance: Active Scanning"": 80, ""TA0011 - Command-and-Control"": 80}",4038720,675
uniform_step_balanced,uniform_step_balanced,{},303,1200,1155,5.751304601422713e-06,0.2258524526671716,0.10551882032375867,0.22136766974995536,0.35904984407136187,133,134,1.0075187969924813,0.4714045207910317,0.0,"{""T1036 - Defense Evasion: Masquerading"": 134, ""T1498.001 - Impact: Direct Network Flood"": 133, ""T1498.002 - Impact: Reflection/Amplification Attack"": 133, ""T1571 - Defense Evasion: Non-Standard Port"": 133, ""T1583.005 - Resource Development: Acquire Botnet"": 133, ""T1584.005 - Resource Development: Build/Compromise Botnet"": 133, ""T1590 - Reconnaissance: Gather Victim Network Information"": 134, ""T1595 - Reconnaissance: Active Scanning"": 134, ""TA0011 - Command-and-Control"": 133}",4039200,1155
uniform_step_balanced,uniform_step_balanced,{},303,1798,1753,0.0,0.22470484448919714,0.10282013170083151,0.21987138712593557,0.3602157968474639,199,200,1.0050251256281406,0.41573970964154905,0.0,"{""T1036 - Defense Evasion: Masquerading"": 200, ""T1498.001 - Impact: Direct Network Flood"": 200, ""T1498.002 - Impact: Reflection/Amplification Attack"": 200, ""T1571 - Defense Evasion: Non-Standard Port"": 200, ""T1583.005 - Resource Development: Acquire Botnet"": 200, ""T1584.005 - Resource Development: Build/Compromise Botnet"": 199, ""T1590 - Reconnaissance: Gather Victim Network Information"": 199, ""T1595 - Reconnaissance: Active Scanning"": 200, ""TA0011 - Command-and-Control"": 200}",4039798,1753
greedy_loo_fragility,greedy_loo_fragility,{},303,45,0,3.4534796817123485e-05,0.22700229933473165,0.09749372545757935,0.22151568975597724,0.37060437495439974,5,5,1.0,0.0,0.0,"{""T1036 - Defense Evasion: Masquerading"": 5, ""T1498.001 - Impact: Direct Network Flood"": 5, ""T1498.002 - Impact: Reflection/Amplification Attack"": 5, ""T1571 - Defense Evasion: Non-Standard Port"": 5, ""T1583.005 - Resource Development: Acquire Botnet"": 5, ""T1584.005 - Resource Development: Build/Compromise Botnet"": 5, ""T1590 - Reconnaissance: Gather Victim Network Information"": 5, ""T1595 - Reconnaissance: Active Scanning"": 5, ""TA0011 - Command-and-Control"": 5}",4038045,0
greedy_loo_fragility,greedy_loo_fragility,{},303,90,45,5.0407346150546534e-05,0.2316506777998533,0.10563069192794795,0.22804869880588935,0.3689785739753632,5,50,10.0,14.142135623730951,80.0,"{""T1036 - Defense Evasion: Masquerading"": 5, ""T1498.001 - Impact: Direct Network Flood"": 5, ""T1498.002 - Impact: Reflection/Amplification Attack"": 5, ""T1571 - Defense Evasion: Non-Standard Port"": 50, ""T1583.005 - Resource Development: Acquire Botnet"": 5, ""T1584.005 - Resource Development: Build/Compromise Botnet"": 5, ""T1590 - Reconnaissance: Gather Victim Network Information"": 5, ""T1595 - Reconnaissance: Active Scanning"": 5, ""TA0011 - Command-and-Control"": 5}",4038090,45
greedy_loo_fragility,greedy_loo_fragility,{},303,180,135,5.8869031705922e-05,0.23211678780814055,0.1062161314225924,0.2275613963318911,0.37112846717197506,5,95,19.0,30.0,210.0,"{""T1036 - Defense Evasion: Masquerading"": 5, ""T1498.001 - Impact: Direct Network Flood"": 5, ""T1498.002 - Impact: Reflection/Amplification Attack"": 5, ""T1571 - Defense Evasion: Non-Standard Port"": 95, ""T1583.005 - Resource Development: Acquire Botnet"": 5, ""T1584.005 - Resource Development: Build/Compromise Botnet"": 5, ""T1590 - Reconnaissance: Gather Victim Network Information"": 50, ""T1595 - Reconnaissance: Active Scanning"": 5, ""TA0011 - Command-and-Control"": 5}",4038180,135
greedy_loo_fragility,greedy_loo_fragility,{},303,360,315,8.464823681034436e-06,0.2273191976480749,0.10666817402973439,0.22285309059425013,0.361213946146707,5,95,19.0,41.23105625617661,350.0,"{""T1036 - Defense Evasion: Masquerading"": 95, ""T1498.001 - Impact: Direct Network Flood"": 5, ""T1498.002 - Impact: Reflection/Amplification Attack"": 5, ""T1571 - Defense Evasion: Non-Standard Port"": 95, ""T1583.005 - Resource Development: Acquire Botnet"": 5, ""T1584.005 - Resource Development: Build/Compromise Botnet"": 5, ""T1590 - Reconnaissance: Gather Victim Network Information"": 95, ""T1595 - Reconnaissance: Active Scanning"": 50, ""TA0011 - Command-and-Control"": 5}",4038360,315
greedy_loo_fragility,greedy_loo_fragility,{},303,720,675,1.2109009632406113e-06,0.22514054575597328,0.10325033175635426,0.221053360470245,0.35823354299989413,5,185,37.0,51.96152422706632,360.0,"{""T1036 - Defense Evasion: Masquerading"": 95, ""T1498.001 - Impact: Direct Network Flood"": 50, ""T1498.002 - Impact: Reflection/Amplification Attack"": 5, ""T1571 - Defense Evasion: Non-Standard Port"": 185, ""T1583.005 - Resource Development: Acquire Botnet"": 95, ""T1584.005 - Resource Development: Build/Compromise Botnet"": 5, ""T1590 - Reconnaissance: Gather Victim Network Information"": 95, ""T1595 - Reconnaissance: Active Scanning"": 95, ""TA0011 - Command-and-Control"": 95}",4038720,675
greedy_loo_fragility,greedy_loo_fragility,{},303,1200,1155,4.202027850992178e-06,0.2242680119663077,0.10489886076062031,0.22005917079883372,0.3551286369670131,20,200,10.0,63.683243915142675,530.0,"{""T1036 - Defense Evasion: Masquerading"": 200, ""T1498.001 - Impact: Direct Network Flood"": 95, ""T1498.002 - Impact: Reflection/Amplification Attack"": 95, ""T1571 - Defense Evasion: Non-Standard Port"": 200, ""T1583.005 - Resource Development: Acquire Botnet"": 200, ""T1584.005 - Resource Development: Build/Compromise Botnet"": 20, ""T1590 - Reconnaissance: Gather Victim Network Information"": 95, ""T1595 - Reconnaissance: Active Scanning"": 200, ""TA0011 - Command-and-Control"": 95}",4039200,1155
greedy_loo_fragility,greedy_loo_fragility,{},303,1798,1753,0.0,0.22470484448919714,0.10282013170083151,0.21987138712593557,0.3602157968474639,199,200,1.0050251256281406,0.41573970964154905,0.0,"{""T1036 - Defense Evasion: Masquerading"": 200, ""T1498.001 - Impact: Direct Network Flood"": 200, ""T1498.002 - Impact: Reflection/Amplification Attack"": 200, ""T1571 - Defense Evasion: Non-Standard Port"": 200, ""T1583.005 - Resource Development: Acquire Botnet"": 200, ""T1584.005 - Resource Development: Build/Compromise Botnet"": 199, ""T1590 - Reconnaissance: Gather Victim Network Information"": 199, ""T1595 - Reconnaissance: Active Scanning"": 200, ""TA0011 - Command-and-Control"": 200}",4039798,1753
epsilon_greedy_eps0.2,epsilon_greedy_loo_fragility,"{""epsilon"": 0.2}",303,45,0,3.4534796817123485e-05,0.22700229933473165,0.09749372545757935,0.22151568975597724,0.37060437495439974,5,5,1.0,0.0,0.0,"{""T1036 - Defense Evasion: Masquerading"": 5, ""T1498.001 - Impact: Direct Network Flood"": 5, ""T1498.002 - Impact: Reflection/Amplification Attack"": 5, ""T1571 - Defense Evasion: Non-Standard Port"": 5, ""T1583.005 - Resource Development: Acquire Botnet"": 5, ""T1584.005 - Resource Development: Build/Compromise Botnet"": 5, ""T1590 - Reconnaissance: Gather Victim Network Information"": 5, ""T1595 - Reconnaissance: Active Scanning"": 5, ""TA0011 - Command-and-Control"": 5}",4038045,0
epsilon_greedy_eps0.2,epsilon_greedy_loo_fragility,"{""epsilon"": 0.2}",303,90,45,1.735097178917013e-05,0.22792511933229512,0.10133691860851063,0.22370525782905862,0.36596203785556375,6,40,6.666666666666667,10.614455552060438,60.0,"{""T1036 - Defense Evasion: Masquerading"": 6, ""T1498.001 - Impact: Direct Network Flood"": 7, ""T1498.002 - Impact: Reflection/Amplification Attack"": 6, ""T1571 - Defense Evasion: Non-Standard Port"": 40, ""T1583.005 - Resource Development: Acquire Botnet"": 6, ""T1584.005 - Resource Development: Build/Compromise Botnet"": 6, ""T1590 - Reconnaissance: Gather Victim Network Information"": 7, ""T1595 - Reconnaissance: Active Scanning"": 6, ""TA0011 - Command-and-Control"": 6}",4038090,45
epsilon_greedy_eps0.2,epsilon_greedy_loo_fragility,"{""epsilon"": 0.2}",303,180,135,2.539119542672096e-05,0.22875964766820417,0.10126009793661472,0.22428273925908113,0.3683246889086564,7,79,11.285714285714286,24.193663082165408,172.0,"{""T1036 - Defense Evasion: Masquerading"": 7, ""T1498.001 - Impact: Direct Network Flood"": 8, ""T1498.002 - Impact: Reflection/Amplification Attack"": 8, ""T1571 - Defense Evasion: Non-Standard Port"": 79, ""T1583.005 - Resource Development: Acquire Botnet"": 7, ""T1584.005 - Resource Development: Build/Compromise Botnet"": 8, ""T1590 - Reconnaissance: Gather Victim Network Information"": 8, ""T1595 - Reconnaissance: Active Scanning"": 8, ""TA0011 - Command-and-Control"": 47}",4038180,135
epsilon_greedy_eps0.2,epsilon_greedy_loo_fragility,"{""epsilon"": 0.2}",303,360,315,9.74670773239288e-06,0.22628622099637027,0.10461572125504873,0.22085595869899372,0.3650985303549651,12,151,12.583333333333334,45.648414844086076,328.0,"{""T1036 - Defense Evasion: Masquerading"": 13, ""T1498.001 - Impact: Direct Network Flood"": 12, ""T1498.002 - Impact: Reflection/Amplification Attack"": 13, ""T1571 - Defense Evasion: Non-Standard Port"": 151, ""T1583.005 - Resource Development: Acquire Botnet"": 12, ""T1584.005 - Resource Development: Build/Compromise Botnet"": 13, ""T1590 - Reconnaissance: Gather Victim Network Information"": 13, ""T1595 - Reconnaissance: Active Scanning"": 50, ""TA0011 - Command-and-Control"": 83}",4038360,315
epsilon_greedy_eps0.2,epsilon_greedy_loo_fragility,"{""epsilon"": 0.2}",303,720,675,2.954971589018819e-06,0.22480840270516556,0.09935076830587097,0.22084128169734463,0.3607537120395302,26,195,7.5,65.50487683286558,534.0,"{""T1036 - Defense Evasion: Masquerading"": 26, ""T1498.001 - Impact: Direct Network Flood"": 27, ""T1498.002 - Impact: Reflection/Amplification Attack"": 158, ""T1571 - Defense Evasion: Non-Standard Port"": 151, ""T1583.005 - Resource Development: Acquire Botnet"": 27, ""T1584.005 - Resource Development: Build/Compromise Botnet"": 26, ""T1590 - Reconnaissance: Gather Victim Network Information"": 27, ""T1595 - Reconnaissance: Active Scanning"": 195, ""TA0011 - Command-and-Control"": 83}",4038720,675
epsilon_greedy_eps0.2,epsilon_greedy_loo_fragility,"{""epsilon"": 0.2}",303,1200,1155,7.924348094025503e-07,0.22505381725784981,0.10327564608091037,0.22109913311849633,0.36057667501114693,52,200,3.8461538461538463,58.67802920268464,484.0,"{""T1036 - Defense Evasion: Masquerading"": 52, ""T1498.001 - Impact: Direct Network Flood"": 200, ""T1498.002 - Impact: Reflection/Amplification Attack"": 200, ""T1571 - Defense Evasion: Non-Standard Port"": 151, ""T1583.005 - Resource Development: Acquire Botnet"": 52, ""T1584.005 - Resource Development: Build/Compromise Botnet"": 159, ""T1590 - Reconnaissance: Gather Victim Network Information"": 103, ""T1595 - Reconnaissance: Active Scanning"": 200, ""TA0011 - Command-and-Control"": 83}",4039200,1155
epsilon_greedy_eps0.2,epsilon_greedy_loo_fragility,"{""epsilon"": 0.2}",303,1798,1753,0.0,0.22470484448919714,0.10282013170083151,0.21987138712593557,0.3602157968474639,199,200,1.0050251256281406,0.41573970964154905,0.0,"{""T1036 - Defense Evasion: Masquerading"": 200, ""T1498.001 - Impact: Direct Network Flood"": 200, ""T1498.002 - Impact: Reflection/Amplification Attack"": 200, ""T1571 - Defense Evasion: Non-Standard Port"": 200, ""T1583.005 - Resource Development: Acquire Botnet"": 200, ""T1584.005 - Resource Development: Build/Compromise Botnet"": 199, ""T1590 - Reconnaissance: Gather Victim Network Information"": 199, ""T1595 - Reconnaissance: Active Scanning"": 200, ""TA0011 - Command-and-Control"": 200}",4039798,1753
exploration_bonus_c0.25,exploration_bonus_loo_fragility,"{""c"": 0.25}",303,45,0,3.4534796817123485e-05,0.22700229933473165,0.09749372545757935,0.22151568975597724,0.37060437495439974,5,5,1.0,0.0,0.0,"{""T1036 - Defense Evasion: Masquerading"": 5, ""T1498.001 - Impact: Direct Network Flood"": 5, ""T1498.002 - Impact: Reflection/Amplification Attack"": 5, ""T1571 - Defense Evasion: Non-Standard Port"": 5, ""T1583.005 - Resource Development: Acquire Botnet"": 5, ""T1584.005 - Resource Development: Build/Compromise Botnet"": 5, ""T1590 - Reconnaissance: Gather Victim Network Information"": 5, ""T1595 - Reconnaissance: Active Scanning"": 5, ""TA0011 - Command-and-Control"": 5}",4038045,0
exploration_bonus_c0.25,exploration_bonus_loo_fragility,"{""c"": 0.25}",303,90,45,5.0407346150546534e-05,0.2316506777998533,0.10563069192794795,0.22804869880588935,0.3689785739753632,5,50,10.0,14.142135623730951,80.0,"{""T1036 - Defense Evasion: Masquerading"": 5, ""T1498.001 - Impact: Direct Network Flood"": 5, ""T1498.002 - Impact: Reflection/Amplification Attack"": 5, ""T1571 - Defense Evasion: Non-Standard Port"": 50, ""T1583.005 - Resource Development: Acquire Botnet"": 5, ""T1584.005 - Resource Development: Build/Compromise Botnet"": 5, ""T1590 - Reconnaissance: Gather Victim Network Information"": 5, ""T1595 - Reconnaissance: Active Scanning"": 5, ""TA0011 - Command-and-Control"": 5}",4038090,45
exploration_bonus_c0.25,exploration_bonus_loo_fragility,"{""c"": 0.25}",303,180,135,2.4615213246217116e-05,0.22890996007926986,0.10728210649920353,0.2246574296074922,0.3655999766182653,5,95,19.0,28.674417556808756,190.0,"{""T1036 - Defense Evasion: Masquerading"": 15, ""T1498.001 - Impact: Direct Network Flood"": 5, ""T1498.002 - Impact: Reflection/Amplification Attack"": 5, ""T1571 - Defense Evasion: Non-Standard Port"": 95, ""T1583.005 - Resource Development: Acquire Botnet"": 5, ""T1584.005 - Resource Development: Build/Compromise Botnet"": 5, ""T1590 - Reconnaissance: Gather Victim Network Information"": 40, ""T1595 - Reconnaissance: Active Scanning"": 5, ""TA0011 - Command-and-Control"": 5}",4038180,135
exploration_bonus_c0.25,exploration_bonus_loo_fragility,"{""c"": 0.25}",303,360,315,3.124334408049505e-06,0.22596881403755725,0.10069683779293945,0.22187654417016683,0.36170968838363643,5,133,26.6,46.85201288217094,380.0,"{""T1036 - Defense Evasion: Masquerading"": 21, ""T1498.001 - Impact: Direct Network Flood"": 5, ""T1498.002 - Impact: Reflection/Amplification Attack"": 5, ""T1571 - Defense Evasion: Non-Standard Port"": 133, ""T1583.005 - Resource Development: Acquire Botnet"": 9, ""T1584.005 - Resource Development: Build/Compromise Botnet"": 5, ""T1590 - Reconnaissance: Gather Victim Network Information"": 79, ""T1595 - Reconnaissance: Active Scanning"": 98, ""TA0011 - Command-and-Control"": 5}",4038360,315
exploration_bonus_c0.25,exploration_bonus_loo_fragility,"{""c"": 0.25}",303,720,675,2.1859563575425715e-06,0.22456925165434585,0.0994334334686991,0.22096956833303102,0.3594273937692637,9,200,22.22222222222222,62.99029907674497,470.0,"{""T1036 - Defense Evasion: Masquerading"": 33, ""T1498.001 - Impact: Direct Network Flood"": 28, ""T1498.002 - Impact: Reflection/Amplification Attack"": 9, ""T1571 - Defense Evasion: Non-Standard Port"": 160, ""T1583.005 - Resource Development: Acquire Botnet"": 200, ""T1584.005 - Resource Development: Build/Compromise Botnet"": 77, ""T1590 - Reconnaissance: Gather Victim Network Information"": 79, ""T1595 - Reconnaissance: Active Scanning"": 115, ""TA0011 - Command-and-Control"": 19}",4038720,675
exploration_bonus_c0.25,exploration_bonus_loo_fragility,"{""c"": 0.25}",303,1200,1155,4.125739133367188e-06,0.22481931072675035,0.10361094629695715,0.22001608616116247,0.35647644692643476,9,200,22.22222222222222,80.61430807658567,672.0,"{""T1036 - Defense Evasion: Masquerading"": 200, ""T1498.001 - Impact: Direct Network Flood"": 35, ""T1498.002 - Impact: Reflection/Amplification Attack"": 9, ""T1571 - Defense Evasion: Non-Standard Port"": 176, ""T1583.005 - Resource Development: Acquire Botnet"": 200, ""T1584.005 - Resource Development: Build/Compromise Botnet"": 162, ""T1590 - Reconnaissance: Gather Victim Network Information"": 199, ""T1595 - Reconnaissance: Active Scanning"": 200, ""TA0011 - Command-and-Control"": 19}",4039200,1155
exploration_bonus_c0.25,exploration_bonus_loo_fragility,"{""c"": 0.25}",303,1798,1753,0.0,0.22470484448919714,0.10282013170083151,0.21987138712593557,0.3602157968474639,199,200,1.0050251256281406,0.41573970964154905,0.0,"{""T1036 - Defense Evasion: Masquerading"": 200, ""T1498.001 - Impact: Direct Network Flood"": 200, ""T1498.002 - Impact: Reflection/Amplification Attack"": 200, ""T1571 - Defense Evasion: Non-Standard Port"": 200, ""T1583.005 - Resource Development: Acquire Botnet"": 200, ""T1584.005 - Resource Development: Build/Compromise Botnet"": 199, ""T1590 - Reconnaissance: Gather Victim Network Information"": 199, ""T1595 - Reconnaissance: Active Scanning"": 200, ""TA0011 - Command-and-Control"": 200}",4039798,1753
exploration_bonus_c0.5,exploration_bonus_loo_fragility,"{""c"": 0.5}",303,45,0,3.4534796817123485e-05,0.22700229933473165,0.09749372545757935,0.22151568975597724,0.37060437495439974,5,5,1.0,0.0,0.0,"{""T1036 - Defense Evasion: Masquerading"": 5, ""T1498.001 - Impact: Direct Network Flood"": 5, ""T1498.002 - Impact: Reflection/Amplification Attack"": 5, ""T1571 - Defense Evasion: Non-Standard Port"": 5, ""T1583.005 - Resource Development: Acquire Botnet"": 5, ""T1584.005 - Resource Development: Build/Compromise Botnet"": 5, ""T1590 - Reconnaissance: Gather Victim Network Information"": 5, ""T1595 - Reconnaissance: Active Scanning"": 5, ""TA0011 - Command-and-Control"": 5}",4038045,0
exploration_bonus_c0.5,exploration_bonus_loo_fragility,"{""c"": 0.5}",303,90,45,5.0407346150546534e-05,0.2316506777998533,0.10563069192794795,0.22804869880588935,0.3689785739753632,5,50,10.0,14.142135623730951,80.0,"{""T1036 - Defense Evasion: Masquerading"": 5, ""T1498.001 - Impact: Direct Network Flood"": 5, ""T1498.002 - Impact: Reflection/Amplification Attack"": 5, ""T1571 - Defense Evasion: Non-Standard Port"": 50, ""T1583.005 - Resource Development: Acquire Botnet"": 5, ""T1584.005 - Resource Development: Build/Compromise Botnet"": 5, ""T1590 - Reconnaissance: Gather Victim Network Information"": 5, ""T1595 - Reconnaissance: Active Scanning"": 5, ""TA0011 - Command-and-Control"": 5}",4038090,45
exploration_bonus_c0.5,exploration_bonus_loo_fragility,"{""c"": 0.5}",303,180,135,1.7895920346846437e-05,0.2279416953371414,0.10618795068862666,0.2236094045254134,0.3645248602117584,5,95,19.0,28.284271247461902,180.0,"{""T1036 - Defense Evasion: Masquerading"": 20, ""T1498.001 - Impact: Direct Network Flood"": 5, ""T1498.002 - Impact: Reflection/Amplification Attack"": 5, ""T1571 - Defense Evasion: Non-Standard Port"": 95, ""T1583.005 - Resource Development: Acquire Botnet"": 5, ""T1584.005 - Resource Development: Build/Compromise Botnet"": 5, ""T1590 - Reconnaissance: Gather Victim Network Information"": 35, ""T1595 - Reconnaissance: Active Scanning"": 5, ""TA0011 - Command-and-Control"": 5}",4038180,135
exploration_bonus_c0.5,exploration_bonus_loo_fragility,"{""c"": 0.5}",303,360,315,6.396917750077348e-06,0.2267866101129729,0.10618258927178445,0.222242539698141,0.3611973802114484,5,110,22.0,36.4996194805127,290.0,"{""T1036 - Defense Evasion: Masquerading"": 66, ""T1498.001 - Impact: Direct Network Flood"": 15, ""T1498.002 - Impact: Reflection/Amplification Attack"": 27, ""T1571 - Defense Evasion: Non-Standard Port"": 110, ""T1583.005 - Resource Development: Acquire Botnet"": 28, ""T1584.005 - Resource Development: Build/Compromise Botnet"": 5, ""T1590 - Reconnaissance: Gather Victim Network Information"": 89, ""T1595 - Reconnaissance: Active Scanning"": 15, ""TA0011 - Command-and-Control"": 5}",4038360,315
exploration_bonus_c0.5,exploration_bonus_loo_fragility,"{""c"": 0.5}",303,720,675,1.8543440061341986e-05,0.22552081246593342,0.10097833155037918,0.22143626601353156,0.35928434970002004,27,196,7.2592592592592595,53.555786076036846,396.0,"{""T1036 - Defense Evasion: Masquerading"": 66, ""T1498.001 - Impact: Direct Network Flood"": 49, ""T1498.002 - Impact: Reflection/Amplification Attack"": 27, ""T1571 - Defense Evasion: Non-Standard Port"": 135, ""T1583.005 - Resource Development: Acquire Botnet"": 93, ""T1584.005 - Resource Development: Build/Compromise Botnet"": 31, ""T1590 - Reconnaissance: Gather Victim Network Information"": 196, ""T1595 - Reconnaissance: Active Scanning"": 29, ""TA0011 - Command-and-Control"": 94}",4038720,675
exploration_bonus_c0.5,exploration_bonus_loo_fragility,"{""c"": 0.5}",303,1200,1155,4.1294448662762654e-06,0.2253524682936144,0.10427933079604348,0.22036551566298299,0.35990028664966894,29,200,6.896551724137931,69.26118040512385,548.0,"{""T1036 - Defense Evasion: Masquerading"": 141, ""T1498.001 - Impact: Direct Network Flood"": 200, ""T1498.002 - Impact: Reflection/Amplification Attack"": 51, ""T1571 - Defense Evasion: Non-Standard Port"": 135, ""T1583.005 - Resource Development: Acquire Botnet"": 200, ""T1584.005 - Resource Development: Build/Compromise Botnet"": 45, ""T1590 - Reconnaissance: Gather Victim Network Information"": 199, ""T1595 - Reconnaissance: Active Scanning"": 29, ""TA0011 - Command-and-Control"": 200}",4039200,1155
exploration_bonus_c0.5,exploration_bonus_loo_fragility,"{""c"": 0.5}",303,1798,1753,0.0,0.22470484448919714,0.10282013170083151,0.21987138712593557,0.3602157968474639,199,200,1.0050251256281406,0.41573970964154905,0.0,"{""T1036 - Defense Evasion: Masquerading"": 200, ""T1498.001 - Impact: Direct Network Flood"": 200, ""T1498.002 - Impact: Reflection/Amplification Attack"": 200, ""T1571 - Defense Evasion: Non-Standard Port"": 200, ""T1583.005 - Resource Development: Acquire Botnet"": 200, ""T1584.005 - Resource Development: Build/Compromise Botnet"": 199, ""T1590 - Reconnaissance: Gather Victim Network Information"": 199, ""T1595 - Reconnaissance: Active Scanning"": 200, ""TA0011 - Command-and-Control"": 200}",4039798,1753
exploration_bonus_c1.0,exploration_bonus_loo_fragility,"{""c"": 1.0}",303,45,0,3.4534796817123485e-05,0.22700229933473165,0.09749372545757935,0.22151568975597724,0.37060437495439974,5,5,1.0,0.0,0.0,"{""T1036 - Defense Evasion: Masquerading"": 5, ""T1498.001 - Impact: Direct Network Flood"": 5, ""T1498.002 - Impact: Reflection/Amplification Attack"": 5, ""T1571 - Defense Evasion: Non-Standard Port"": 5, ""T1583.005 - Resource Development: Acquire Botnet"": 5, ""T1584.005 - Resource Development: Build/Compromise Botnet"": 5, ""T1590 - Reconnaissance: Gather Victim Network Information"": 5, ""T1595 - Reconnaissance: Active Scanning"": 5, ""TA0011 - Command-and-Control"": 5}",4038045,0
exploration_bonus_c1.0,exploration_bonus_loo_fragility,"{""c"": 1.0}",303,90,45,5.0407346150546534e-05,0.2316506777998533,0.10563069192794795,0.22804869880588935,0.3689785739753632,5,50,10.0,14.142135623730951,80.0,"{""T1036 - Defense Evasion: Masquerading"": 5, ""T1498.001 - Impact: Direct Network Flood"": 5, ""T1498.002 - Impact: Reflection/Amplification Attack"": 5, ""T1571 - Defense Evasion: Non-Standard Port"": 50, ""T1583.005 - Resource Development: Acquire Botnet"": 5, ""T1584.005 - Resource Development: Build/Compromise Botnet"": 5, ""T1590 - Reconnaissance: Gather Victim Network Information"": 5, ""T1595 - Reconnaissance: Active Scanning"": 5, ""TA0011 - Command-and-Control"": 5}",4038090,45
exploration_bonus_c1.0,exploration_bonus_loo_fragility,"{""c"": 1.0}",303,180,135,1.5232228766884294e-05,0.22748581622458833,0.10606426996923292,0.2230378154056213,0.36194579328878973,5,95,19.0,27.80087928265739,172.0,"{""T1036 - Defense Evasion: Masquerading"": 22, ""T1498.001 - Impact: Direct Network Flood"": 5, ""T1498.002 - Impact: Reflection/Amplification Attack"": 5, ""T1571 - Defense Evasion: Non-Standard Port"": 95, ""T1583.005 - Resource Development: Acquire Botnet"": 5, ""T1584.005 - Resource Development: Build/Compromise Botnet"": 5, ""T1590 - Reconnaissance: Gather Victim Network Information"": 29, ""T1595 - Reconnaissance: Active Scanning"": 9, ""TA0011 - Command-and-Control"": 5}",4038180,135
exploration_bonus_c1.0,exploration_bonus_loo_fragility,"{""c"": 1.0}",303,360,315,4.641302057938059e-06,0.22550273028353612,0.10879988004622404,0.2207604510798412,0.35740432371011394,7,116,16.571428571428573,37.99415159673335,292.0,"{""T1036 - Defense Evasion: Masquerading"": 116, ""T1498.001 - Impact: Direct Network Flood"": 13, ""T1498.002 - Impact: Reflection/Amplification Attack"": 26, ""T1571 - Defense Evasion: Non-Standard Port"": 95, ""T1583.005 - Resource Development: Acquire Botnet"": 7, ""T1584.005 - Resource Development: Build/Compromise Botnet"": 28, ""T1590 - Reconnaissance: Gather Victim Network Information"": 55, ""T1595 - Reconnaissance: Active Scanning"": 12, ""TA0011 - Command-and-Control"": 8}",4038360,315
exploration_bonus_c1.0,exploration_bonus_loo_fragility,"{""c"": 1.0}",303,720,675,2.4324702306439464e-06,0.22573228067654258,0.10385248902040109,0.2216436328560136,0.3586881010229744,16,200,12.5,58.48266599790251,412.0,"{""T1036 - Defense Evasion: Masquerading"": 200, ""T1498.001 - Impact: Direct Network Flood"": 72, ""T1498.002 - Impact: Reflection/Amplification Attack"": 47, ""T1571 - Defense Evasion: Non-Standard Port"": 166, ""T1583.005 - Resource Development: Acquire Botnet"": 16, ""T1584.005 - Resource Development: Build/Compromise Botnet"": 74, ""T1590 - Reconnaissance: Gather Victim Network Information"": 68, ""T1595 - Reconnaissance: Active Scanning"": 31, ""TA0011 - Command-and-Control"": 46}",4038720,675
exploration_bonus_c1.0,exploration_bonus_loo_fragility,"{""c"": 1.0}",303,1200,1155,4.877157103493838e-06,0.2247317710138017,0.10379856372999054,0.22080550972793664,0.35710833814994797,57,200,3.508771929824561,61.63873241179878,528.0,"{""T1036 - Defense Evasion: Masquerading"": 200, ""T1498.001 - Impact: Direct Network Flood"": 200, ""T1498.002 - Impact: Reflection/Amplification Attack"": 78, ""T1571 - Defense Evasion: Non-Standard Port"": 200, ""T1583.005 - Resource Development: Acquire Botnet"": 122, ""T1584.005 - Resource Development: Build/Compromise Botnet"": 74, ""T1590 - Reconnaissance: Gather Victim Network Information"": 199, ""T1595 - Reconnaissance: Active Scanning"": 70, ""TA0011 - Command-and-Control"": 57}",4039200,1155
exploration_bonus_c1.0,exploration_bonus_loo_fragility,"{""c"": 1.0}",303,1798,1753,0.0,0.22470484448919714,0.10282013170083151,0.21987138712593557,0.3602157968474639,199,200,1.0050251256281406,0.41573970964154905,0.0,"{""T1036 - Defense Evasion: Masquerading"": 200, ""T1498.001 - Impact: Direct Network Flood"": 200, ""T1498.002 - Impact: Reflection/Amplification Attack"": 200, ""T1571 - Defense Evasion: Non-Standard Port"": 200, ""T1583.005 - Resource Development: Acquire Botnet"": 200, ""T1584.005 - Resource Development: Build/Compromise Botnet"": 199, ""T1590 - Reconnaissance: Gather Victim Network Information"": 199, ""T1595 - Reconnaissance: Active Scanning"": 200, ""TA0011 - Command-and-Control"": 200}",4039798,1753
uniform_step_balanced,uniform_step_balanced,{},404,45,0,8.720407783977221e-05,0.2336495447884703,0.11580063218555915,0.22723138164126633,0.37307057006623223,5,5,1.0,0.0,0.0,"{""T1036 - Defense Evasion: Masquerading"": 5, ""T1498.001 - Impact: Direct Network Flood"": 5, ""T1498.002 - Impact: Reflection/Amplification Attack"": 5, ""T1571 - Defense Evasion: Non-Standard Port"": 5, ""T1583.005 - Resource Development: Acquire Botnet"": 5, ""T1584.005 - Resource Development: Build/Compromise Botnet"": 5, ""T1590 - Reconnaissance: Gather Victim Network Information"": 5, ""T1595 - Reconnaissance: Active Scanning"": 5, ""TA0011 - Command-and-Control"": 5}",5048045,0
uniform_step_balanced,uniform_step_balanced,{},404,90,45,5.932589304590522e-06,0.22461330351540837,0.10579839833765475,0.2185179037669372,0.36422895719457665,10,10,1.0,0.0,0.0,"{""T1036 - Defense Evasion: Masquerading"": 10, ""T1498.001 - Impact: Direct Network Flood"": 10, ""T1498.002 - Impact: Reflection/Amplification Attack"": 10, ""T1571 - Defense Evasion: Non-Standard Port"": 10, ""T1583.005 - Resource Development: Acquire Botnet"": 10, ""T1584.005 - Resource Development: Build/Compromise Botnet"": 10, ""T1590 - Reconnaissance: Gather Victim Network Information"": 10, ""T1595 - Reconnaissance: Active Scanning"": 10, ""TA0011 - Command-and-Control"": 10}",5048090,45
uniform_step_balanced,uniform_step_balanced,{},404,180,135,7.419963333463755e-06,0.22589329981734735,0.10903337874217955,0.22035115621587995,0.36071993670254443,20,20,1.0,0.0,0.0,"{""T1036 - Defense Evasion: Masquerading"": 20, ""T1498.001 - Impact: Direct Network Flood"": 20, ""T1498.002 - Impact: Reflection/Amplification Attack"": 20, ""T1571 - Defense Evasion: Non-Standard Port"": 20, ""T1583.005 - Resource Development: Acquire Botnet"": 20, ""T1584.005 - Resource Development: Build/Compromise Botnet"": 20, ""T1590 - Reconnaissance: Gather Victim Network Information"": 20, ""T1595 - Reconnaissance: Active Scanning"": 20, ""TA0011 - Command-and-Control"": 20}",5048180,135
uniform_step_balanced,uniform_step_balanced,{},404,360,315,3.599302973239015e-06,0.2239039632990716,0.1017594082420281,0.21910704529919667,0.3612451359684546,40,40,1.0,0.0,0.0,"{""T1036 - Defense Evasion: Masquerading"": 40, ""T1498.001 - Impact: Direct Network Flood"": 40, ""T1498.002 - Impact: Reflection/Amplification Attack"": 40, ""T1571 - Defense Evasion: Non-Standard Port"": 40, ""T1583.005 - Resource Development: Acquire Botnet"": 40, ""T1584.005 - Resource Development: Build/Compromise Botnet"": 40, ""T1590 - Reconnaissance: Gather Victim Network Information"": 40, ""T1595 - Reconnaissance: Active Scanning"": 40, ""TA0011 - Command-and-Control"": 40}",5048360,315
uniform_step_balanced,uniform_step_balanced,{},404,720,675,4.499497212261051e-06,0.22586490466801615,0.10183353947606111,0.22050145260895596,0.36587640014217876,80,80,1.0,0.0,0.0,"{""T1036 - Defense Evasion: Masquerading"": 80, ""T1498.001 - Impact: Direct Network Flood"": 80, ""T1498.002 - Impact: Reflection/Amplification Attack"": 80, ""T1571 - Defense Evasion: Non-Standard Port"": 80, ""T1583.005 - Resource Development: Acquire Botnet"": 80, ""T1584.005 - Resource Development: Build/Compromise Botnet"": 80, ""T1590 - Reconnaissance: Gather Victim Network Information"": 80, ""T1595 - Reconnaissance: Active Scanning"": 80, ""TA0011 - Command-and-Control"": 80}",5048720,675
uniform_step_balanced,uniform_step_balanced,{},404,1200,1155,2.053038315694853e-06,0.2250334336426642,0.10423278879532186,0.22015526315524248,0.3606388379063433,133,134,1.0075187969924813,0.4714045207910317,0.0,"{""T1036 - Defense Evasion: Masquerading"": 133, ""T1498.001 - Impact: Direct Network Flood"": 134, ""T1498.002 - Impact: Reflection/Amplification Attack"": 134, ""T1571 - Defense Evasion: Non-Standard Port"": 133, ""T1583.005 - Resource Development: Acquire Botnet"": 133, ""T1584.005 - Resource Development: Build/Compromise Botnet"": 133, ""T1590 - Reconnaissance: Gather Victim Network Information"": 134, ""T1595 - Reconnaissance: Active Scanning"": 133, ""TA0011 - Command-and-Control"": 133}",5049200,1155
uniform_step_balanced,uniform_step_balanced,{},404,1798,1753,0.0,0.22470484448919714,0.10282013170083151,0.21987138712593557,0.3602157968474639,199,200,1.0050251256281406,0.41573970964154905,0.0,"{""T1036 - Defense Evasion: Masquerading"": 200, ""T1498.001 - Impact: Direct Network Flood"": 200, ""T1498.002 - Impact: Reflection/Amplification Attack"": 200, ""T1571 - Defense Evasion: Non-Standard Port"": 200, ""T1583.005 - Resource Development: Acquire Botnet"": 200, ""T1584.005 - Resource Development: Build/Compromise Botnet"": 199, ""T1590 - Reconnaissance: Gather Victim Network Information"": 199, ""T1595 - Reconnaissance: Active Scanning"": 200, ""TA0011 - Command-and-Control"": 200}",5049798,1753
greedy_loo_fragility,greedy_loo_fragility,{},404,45,0,8.720407783977221e-05,0.2336495447884703,0.11580063218555915,0.22723138164126633,0.37307057006623223,5,5,1.0,0.0,0.0,"{""T1036 - Defense Evasion: Masquerading"": 5, ""T1498.001 - Impact: Direct Network Flood"": 5, ""T1498.002 - Impact: Reflection/Amplification Attack"": 5, ""T1571 - Defense Evasion: Non-Standard Port"": 5, ""T1583.005 - Resource Development: Acquire Botnet"": 5, ""T1584.005 - Resource Development: Build/Compromise Botnet"": 5, ""T1590 - Reconnaissance: Gather Victim Network Information"": 5, ""T1595 - Reconnaissance: Active Scanning"": 5, ""TA0011 - Command-and-Control"": 5}",5048045,0
greedy_loo_fragility,greedy_loo_fragility,{},404,90,45,1.7592513883694638e-05,0.2285194229471324,0.11039561082699834,0.22244060335079244,0.36691400676077757,5,50,10.0,14.142135623730951,80.0,"{""T1036 - Defense Evasion: Masquerading"": 5, ""T1498.001 - Impact: Direct Network Flood"": 5, ""T1498.002 - Impact: Reflection/Amplification Attack"": 5, ""T1571 - Defense Evasion: Non-Standard Port"": 50, ""T1583.005 - Resource Development: Acquire Botnet"": 5, ""T1584.005 - Resource Development: Build/Compromise Botnet"": 5, ""T1590 - Reconnaissance: Gather Victim Network Information"": 5, ""T1595 - Reconnaissance: Active Scanning"": 5, ""TA0011 - Command-and-Control"": 5}",5048090,45
greedy_loo_fragility,greedy_loo_fragility,{},404,180,135,3.186163157948235e-05,0.22998035227034053,0.10804656306311985,0.22420585682874095,0.36746546279100517,5,95,19.0,30.0,210.0,"{""T1036 - Defense Evasion: Masquerading"": 50, ""T1498.001 - Impact: Direct Network Flood"": 5, ""T1498.002 - Impact: Reflection/Amplification Attack"": 5, ""T1571 - Defense Evasion: Non-Standard Port"": 95, ""T1583.005 - Resource Development: Acquire Botnet"": 5, ""T1584.005 - Resource Development: Build/Compromise Botnet"": 5, ""T1590 - Reconnaissance: Gather Victim Network Information"": 5, ""T1595 - Reconnaissance: Active Scanning"": 5, ""TA0011 - Command-and-Control"": 5}",5048180,135
greedy_loo_fragility,greedy_loo_fragility,{},404,360,315,3.3063148166817945e-05,0.2301829997563941,0.10802479462532459,0.22520107912356188,0.3686835711022249,5,185,37.0,59.16079783099616,420.0,"{""T1036 - Defense Evasion: Masquerading"": 185, ""T1498.001 - Impact: Direct Network Flood"": 50, ""T1498.002 - Impact: Reflection/Amplification Attack"": 5, ""T1571 - Defense Evasion: Non-Standard Port"": 95, ""T1583.005 - Resource Development: Acquire Botnet"": 5, ""T1584.005 - Resource Development: Build/Compromise Botnet"": 5, ""T1590 - Reconnaissance: Gather Victim Network Information"": 5, ""T1595 - Reconnaissance: Active Scanning"": 5, ""TA0011 - Command-and-Control"": 5}",5048360,315
greedy_loo_fragility,greedy_loo_fragility,{},404,720,675,1.9622327155876607e-06,0.22507334921874853,0.10311482411019145,0.22049556953416197,0.36183333339532153,5,200,40.0,74.83314773547883,600.0,"{""T1036 - Defense Evasion: Masquerading"": 185, ""T1498.001 - Impact: Direct Network Flood"": 125, ""T1498.002 - Impact: Reflection/Amplification Attack"": 200, ""T1571 - Defense Evasion: Non-Standard Port"": 95, ""T1583.005 - Resource Development: Acquire Botnet"": 5, ""T1584.005 - Resource Development: Build/Compromise Botnet"": 5, ""T1590 - Reconnaissance: Gather Victim Network Information"": 5, ""T1595 - Reconnaissance: Active Scanning"": 5, ""TA0011 - Command-and-Control"": 95}",5048720,675
greedy_loo_fragility,greedy_loo_fragility,{},404,1200,1155,1.036182891223695e-06,0.2251806536524605,0.10323911119441091,0.22044436931151423,0.3598346414830966,5,200,40.0,80.5343267046902,662.0,"{""T1036 - Defense Evasion: Masquerading"": 200, ""T1498.001 - Impact: Direct Network Flood"": 200, ""T1498.002 - Impact: Reflection/Amplification Attack"": 200, ""T1571 - Defense Evasion: Non-Standard Port"": 111, ""T1583.005 - Resource Development: Acquire Botnet"": 5, ""T1584.005 - Resource Development: Build/Compromise Botnet"": 199, ""T1590 - Reconnaissance: Gather Victim Network Information"": 80, ""T1595 - Reconnaissance: Active Scanning"": 5, ""TA0011 - Command-and-Control"": 200}",5049200,1155
greedy_loo_fragility,greedy_loo_fragility,{},404,1798,1753,0.0,0.22470484448919714,0.10282013170083151,0.21987138712593557,0.3602157968474639,199,200,1.0050251256281406,0.41573970964154905,0.0,"{""T1036 - Defense Evasion: Masquerading"": 200, ""T1498.001 - Impact: Direct Network Flood"": 200, ""T1498.002 - Impact: Reflection/Amplification Attack"": 200, ""T1571 - Defense Evasion: Non-Standard Port"": 200, ""T1583.005 - Resource Development: Acquire Botnet"": 200, ""T1584.005 - Resource Development: Build/Compromise Botnet"": 199, ""T1590 - Reconnaissance: Gather Victim Network Information"": 199, ""T1595 - Reconnaissance: Active Scanning"": 200, ""TA0011 - Command-and-Control"": 200}",5049798,1753
epsilon_greedy_eps0.2,epsilon_greedy_loo_fragility,"{""epsilon"": 0.2}",404,45,0,8.720407783977221e-05,0.2336495447884703,0.11580063218555915,0.22723138164126633,0.37307057006623223,5,5,1.0,0.0,0.0,"{""T1036 - Defense Evasion: Masquerading"": 5, ""T1498.001 - Impact: Direct Network Flood"": 5, ""T1498.002 - Impact: Reflection/Amplification Attack"": 5, ""T1571 - Defense Evasion: Non-Standard Port"": 5, ""T1583.005 - Resource Development: Acquire Botnet"": 5, ""T1584.005 - Resource Development: Build/Compromise Botnet"": 5, ""T1590 - Reconnaissance: Gather Victim Network Information"": 5, ""T1595 - Reconnaissance: Active Scanning"": 5, ""TA0011 - Command-and-Control"": 5}",5048045,0
epsilon_greedy_eps0.2,epsilon_greedy_loo_fragility,"{""epsilon"": 0.2}",404,90,45,1.5131144897730492e-05,0.22644678199528498,0.1029456983837885,0.22104321843486863,0.36862116984691173,6,39,6.5,10.263202878893768,58.0,"{""T1036 - Defense Evasion: Masquerading"": 7, ""T1498.001 - Impact: Direct Network Flood"": 7, ""T1498.002 - Impact: Reflection/Amplification Attack"": 6, ""T1571 - Defense Evasion: Non-Standard Port"": 39, ""T1583.005 - Resource Development: Acquire Botnet"": 6, ""T1584.005 - Resource Development: Build/Compromise Botnet"": 6, ""T1590 - Reconnaissance: Gather Victim Network Information"": 6, ""T1595 - Reconnaissance: Active Scanning"": 7, ""TA0011 - Command-and-Control"": 6}",5048090,45
epsilon_greedy_eps0.2,epsilon_greedy_loo_fragility,"{""epsilon"": 0.2}",404,180,135,4.518119274457527e-06,0.2239999031610203,0.10011837519196931,0.2188253259168622,0.3622924709228249,8,73,9.125,22.246098284618114,160.0,"{""T1036 - Defense Evasion: Masquerading"": 8, ""T1498.001 - Impact: Direct Network Flood"": 8, ""T1498.002 - Impact: Reflection/Amplification Attack"": 47, ""T1571 - Defense Evasion: Non-Standard Port"": 73, ""T1583.005 - Resource Development: Acquire Botnet"": 9, ""T1584.005 - Resource Development: Build/Compromise Botnet"": 9, ""T1590 - Reconnaissance: Gather Victim Network Information"": 9, ""T1595 - Reconnaissance: Active Scanning"": 8, ""TA0011 - Command-and-Control"": 9}",5048180,135
epsilon_greedy_eps0.2,epsilon_greedy_loo_fragility,"{""epsilon"": 0.2}",404,360,315,1.03210939785539e-05,0.22712614619184937,0.1041782244220518,0.22168131753979078,0.3686837019664826,14,157,11.214285714285714,45.789372857319925,312.0,"{""T1036 - Defense Evasion: Masquerading"": 46, ""T1498.001 - Impact: Direct Network Flood"": 14, ""T1498.002 - Impact: Reflection/Amplification Attack"": 157, ""T1571 - Defense Evasion: Non-Standard Port"": 73, ""T1583.005 - Resource Development: Acquire Botnet"": 14, ""T1584.005 - Resource Development: Build/Compromise Botnet"": 14, ""T1590 - Reconnaissance: Gather Victim Network Information"": 14, ""T1595 - Reconnaissance: Active Scanning"": 14, ""TA0011 - Command-and-Control"": 14}",5048360,315
epsilon_greedy_eps0.2,epsilon_greedy_loo_fragility,"{""epsilon"": 0.2}",404,720,675,6.749619530047473e-06,0.2265504879063791,0.10352862853141354,0.22156180543499127,0.36595072268044315,28,196,7.0,63.72510407122839,518.0,"{""T1036 - Defense Evasion: Masquerading"": 85, ""T1498.001 - Impact: Direct Network Flood"": 28, ""T1498.002 - Impact: Reflection/Amplification Attack"": 157, ""T1571 - Defense Evasion: Non-Standard Port"": 141, ""T1583.005 - Resource Development: Acquire Botnet"": 196, ""T1584.005 - Resource Development: Build/Compromise Botnet"": 28, ""T1590 - Reconnaissance: Gather Victim Network Information"": 28, ""T1595 - Reconnaissance: Active Scanning"": 29, ""TA0011 - Command-and-Control"": 28}",5048720,675
epsilon_greedy_eps0.2,epsilon_greedy_loo_fragility,"{""epsilon"": 0.2}",404,1200,1155,1.8380615341972154e-06,0.22587181705849688,0.10439777842465367,0.22150711700618514,0.3634440195081504,53,200,3.7735849056603774,62.86316709948504,520.0,"{""T1036 - Defense Evasion: Masquerading"": 147, ""T1498.001 - Impact: Direct Network Flood"": 113, ""T1498.002 - Impact: Reflection/Amplification Attack"": 200, ""T1571 - Defense Evasion: Non-Standard Port"": 181, ""T1583.005 - Resource Development: Acquire Botnet"": 200, ""T1584.005 - Resource Development: Build/Compromise Botnet"": 53, ""T1590 - Reconnaissance: Gather Victim Network Information"": 53, ""T1595 - Reconnaissance: Active Scanning"": 200, ""TA0011 - Command-and-Control"": 53}",5049200,1155
epsilon_greedy_eps0.2,epsilon_greedy_loo_fragility,"{""epsilon"": 0.2}",404,1798,1753,0.0,0.22470484448919714,0.10282013170083151,0.21987138712593557,0.3602157968474639,199,200,1.0050251256281406,0.41573970964154905,0.0,"{""T1036 - Defense Evasion: Masquerading"": 200, ""T1498.001 - Impact: Direct Network Flood"": 200, ""T1498.002 - Impact: Reflection/Amplification Attack"": 200, ""T1571 - Defense Evasion: Non-Standard Port"": 200, ""T1583.005 - Resource Development: Acquire Botnet"": 200, ""T1584.005 - Resource Development: Build/Compromise Botnet"": 199, ""T1590 - Reconnaissance: Gather Victim Network Information"": 199, ""T1595 - Reconnaissance: Active Scanning"": 200, ""TA0011 - Command-and-Control"": 200}",5049798,1753
exploration_bonus_c0.25,exploration_bonus_loo_fragility,"{""c"": 0.25}",404,45,0,8.720407783977221e-05,0.2336495447884703,0.11580063218555915,0.22723138164126633,0.37307057006623223,5,5,1.0,0.0,0.0,"{""T1036 - Defense Evasion: Masquerading"": 5, ""T1498.001 - Impact: Direct Network Flood"": 5, ""T1498.002 - Impact: Reflection/Amplification Attack"": 5, ""T1571 - Defense Evasion: Non-Standard Port"": 5, ""T1583.005 - Resource Development: Acquire Botnet"": 5, ""T1584.005 - Resource Development: Build/Compromise Botnet"": 5, ""T1590 - Reconnaissance: Gather Victim Network Information"": 5, ""T1595 - Reconnaissance: Active Scanning"": 5, ""TA0011 - Command-and-Control"": 5}",5048045,0
exploration_bonus_c0.25,exploration_bonus_loo_fragility,"{""c"": 0.25}",404,90,45,1.7592513883694638e-05,0.2285194229471324,0.11039561082699834,0.22244060335079244,0.36691400676077757,5,50,10.0,14.142135623730951,80.0,"{""T1036 - Defense Evasion: Masquerading"": 5, ""T1498.001 - Impact: Direct Network Flood"": 5, ""T1498.002 - Impact: Reflection/Amplification Attack"": 5, ""T1571 - Defense Evasion: Non-Standard Port"": 50, ""T1583.005 - Resource Development: Acquire Botnet"": 5, ""T1584.005 - Resource Development: Build/Compromise Botnet"": 5, ""T1590 - Reconnaissance: Gather Victim Network Information"": 5, ""T1595 - Reconnaissance: Active Scanning"": 5, ""TA0011 - Command-and-Control"": 5}",5048090,45
exploration_bonus_c0.25,exploration_bonus_loo_fragility,"{""c"": 0.25}",404,180,135,3.9685250798733015e-05,0.2305064553342199,0.10782713267493306,0.22474918864852667,0.36990726258833634,5,95,19.0,29.249881291307073,200.0,"{""T1036 - Defense Evasion: Masquerading"": 45, ""T1498.001 - Impact: Direct Network Flood"": 10, ""T1498.002 - Impact: Reflection/Amplification Attack"": 5, ""T1571 - Defense Evasion: Non-Standard Port"": 95, ""T1583.005 - Resource Development: Acquire Botnet"": 5, ""T1584.005 - Resource Development: Build/Compromise Botnet"": 5, ""T1590 - Reconnaissance: Gather Victim Network Information"": 5, ""T1595 - Reconnaissance: Active Scanning"": 5, ""TA0011 - Command-and-Control"": 5}",5048180,135
exploration_bonus_c0.25,exploration_bonus_loo_fragility,"{""c"": 0.25}",404,360,315,4.5073053713327494e-05,0.23097587337172146,0.10842072679136666,0.2256404580422779,0.36992318600527474,5,149,29.8,52.03844732503075,420.0,"{""T1036 - Defense Evasion: Masquerading"": 86, ""T1498.001 - Impact: Direct Network Flood"": 149, ""T1498.002 - Impact: Reflection/Amplification Attack"": 5, ""T1571 - Defense Evasion: Non-Standard Port"": 95, ""T1583.005 - Resource Development: Acquire Botnet"": 5, ""T1584.005 - Resource Development: Build/Compromise Botnet"": 5, ""T1590 - Reconnaissance: Gather Victim Network Information"": 5, ""T1595 - Reconnaissance: Active Scanning"": 5, ""TA0011 - Command-and-Control"": 5}",5048360,315
exploration_bonus_c0.25,exploration_bonus_loo_fragility,"{""c"": 0.25}",404,720,675,1.3689875636203705e-05,0.2272569322798107,0.10297448350833384,0.22223710421627674,0.36657597323683666,5,200,40.0,72.80262510529563,560.0,"{""T1036 - Defense Evasion: Masquerading"": 200, ""T1498.001 - Impact: Direct Network Flood"": 200, ""T1498.002 - Impact: Reflection/Amplification Attack"": 11, ""T1571 - Defense Evasion: Non-Standard Port"": 95, ""T1583.005 - Resource Development: Acquire Botnet"": 105, ""T1584.005 - Resource Development: Build/Compromise Botnet"": 40, ""T1590 - Reconnaissance: Gather Victim Network Information"": 5, ""T1595 - Reconnaissance: Active Scanning"": 5, ""TA0011 - Command-and-Control"": 59}",5048720,675
exploration_bonus_c0.25,exploration_bonus_loo_fragility,"{""c"": 0.25}",404,1200,1155,3.4511917193502814e-06,0.22528837220616474,0.1030976528950741,0.2193921346009068,0.362606094328995,5,200,40.0,77.38504018506707,662.0,"{""T1036 - Defense Evasion: Masquerading"": 200, ""T1498.001 - Impact: Direct Network Flood"": 200, ""T1498.002 - Impact: Reflection/Amplification Attack"": 200, ""T1571 - Defense Evasion: Non-Standard Port"": 95, ""T1583.005 - Resource Development: Acquire Botnet"": 200, ""T1584.005 - Resource Development: Build/Compromise Botnet"": 199, ""T1590 - Reconnaissance: Gather Victim Network Information"": 42, ""T1595 - Reconnaissance: Active Scanning"": 5, ""TA0011 - Command-and-Control"": 59}",5049200,1155
exploration_bonus_c0.25,exploration_bonus_loo_fragility,"{""c"": 0.25}",404,1798,1753,0.0,0.22470484448919714,0.10282013170083151,0.21987138712593557,0.3602157968474639,199,200,1.0050251256281406,0.41573970964154905,0.0,"{""T1036 - Defense Evasion: Masquerading"": 200, ""T1498.001 - Impact: Direct Network Flood"": 200, ""T1498.002 - Impact: Reflection/Amplification Attack"": 200, ""T1571 - Defense Evasion: Non-Standard Port"": 200, ""T1583.005 - Resource Development: Acquire Botnet"": 200, ""T1584.005 - Resource Development: Build/Compromise Botnet"": 199, ""T1590 - Reconnaissance: Gather Victim Network Information"": 199, ""T1595 - Reconnaissance: Active Scanning"": 200, ""TA0011 - Command-and-Control"": 200}",5049798,1753
exploration_bonus_c0.5,exploration_bonus_loo_fragility,"{""c"": 0.5}",404,45,0,8.720407783977221e-05,0.2336495447884703,0.11580063218555915,0.22723138164126633,0.37307057006623223,5,5,1.0,0.0,0.0,"{""T1036 - Defense Evasion: Masquerading"": 5, ""T1498.001 - Impact: Direct Network Flood"": 5, ""T1498.002 - Impact: Reflection/Amplification Attack"": 5, ""T1571 - Defense Evasion: Non-Standard Port"": 5, ""T1583.005 - Resource Development: Acquire Botnet"": 5, ""T1584.005 - Resource Development: Build/Compromise Botnet"": 5, ""T1590 - Reconnaissance: Gather Victim Network Information"": 5, ""T1595 - Reconnaissance: Active Scanning"": 5, ""TA0011 - Command-and-Control"": 5}",5048045,0
exploration_bonus_c0.5,exploration_bonus_loo_fragility,"{""c"": 0.5}",404,90,45,1.7592513883694638e-05,0.2285194229471324,0.11039561082699834,0.22244060335079244,0.36691400676077757,5,50,10.0,14.142135623730951,80.0,"{""T1036 - Defense Evasion: Masquerading"": 5, ""T1498.001 - Impact: Direct Network Flood"": 5, ""T1498.002 - Impact: Reflection/Amplification Attack"": 5, ""T1571 - Defense Evasion: Non-Standard Port"": 50, ""T1583.005 - Resource Development: Acquire Botnet"": 5, ""T1584.005 - Resource Development: Build/Compromise Botnet"": 5, ""T1590 - Reconnaissance: Gather Victim Network Information"": 5, ""T1595 - Reconnaissance: Active Scanning"": 5, ""TA0011 - Command-and-Control"": 5}",5048090,45
exploration_bonus_c0.5,exploration_bonus_loo_fragility,"{""c"": 0.5}",404,180,135,4.0896932190919125e-05,0.23078312737633414,0.11012961038592059,0.2251936571977598,0.3696717870072742,5,95,19.0,28.370563774604285,184.0,"{""T1036 - Defense Evasion: Masquerading"": 37, ""T1498.001 - Impact: Direct Network Flood"": 17, ""T1498.002 - Impact: Reflection/Amplification Attack"": 5, ""T1571 - Defense Evasion: Non-Standard Port"": 95, ""T1583.005 - Resource Development: Acquire Botnet"": 6, ""T1584.005 - Resource Development: Build/Compromise Botnet"": 5, ""T1590 - Reconnaissance: Gather Victim Network Information"": 5, ""T1595 - Reconnaissance: Active Scanning"": 5, ""TA0011 - Command-and-Control"": 5}",5048180,135
exploration_bonus_c0.5,exploration_bonus_loo_fragility,"{""c"": 0.5}",404,360,315,3.6408418172572514e-06,0.22533513281313777,0.10214985813230548,0.22001271208289286,0.36364424206172813,5,95,19.0,29.962940072325644,228.0,"{""T1036 - Defense Evasion: Masquerading"": 72, ""T1498.001 - Impact: Direct Network Flood"": 42, ""T1498.002 - Impact: Reflection/Amplification Attack"": 41, ""T1571 - Defense Evasion: Non-Standard Port"": 95, ""T1583.005 - Resource Development: Acquire Botnet"": 22, ""T1584.005 - Resource Development: Build/Compromise Botnet"": 5, ""T1590 - Reconnaissance: Gather Victim Network Information"": 14, ""T1595 - Reconnaissance: Active Scanning"": 5, ""TA0011 - Command-and-Control"": 64}",5048360,315
exploration_bonus_c0.5,exploration_bonus_loo_fragility,"{""c"": 0.5}",404,720,675,5.009874615786781e-06,0.22532394578115145,0.10249821370891035,0.22081104986246192,0.3617787269786171,5,200,40.0,67.07210050883054,478.0,"{""T1036 - Defense Evasion: Masquerading"": 200, ""T1498.001 - Impact: Direct Network Flood"": 184, ""T1498.002 - Impact: Reflection/Amplification Attack"": 76, ""T1571 - Defense Evasion: Non-Standard Port"": 95, ""T1583.005 - Resource Development: Acquire Botnet"": 70, ""T1584.005 - Resource Development: Build/Compromise Botnet"": 7, ""T1590 - Reconnaissance: Gather Victim Network Information"": 19, ""T1595 - Reconnaissance: Active Scanning"": 5, ""TA0011 - Command-and-Control"": 64}",5048720,675
exploration_bonus_c0.5,exploration_bonus_loo_fragility,"{""c"": 0.5}",404,1200,1155,1.3149264567512892e-06,0.22517957379108147,0.10535503730895265,0.2203817237756826,0.3593599973884665,19,200,10.526315789473685,68.33089426541343,554.0,"{""T1036 - Defense Evasion: Masquerading"": 200, ""T1498.001 - Impact: Direct Network Flood"": 200, ""T1498.002 - Impact: Reflection/Amplification Attack"": 76, ""T1571 - Defense Evasion: Non-Standard Port"": 191, ""T1583.005 - Resource Development: Acquire Botnet"": 200, ""T1584.005 - Resource Development: Build/Compromise Botnet"": 42, ""T1590 - Reconnaissance: Gather Victim Network Information"": 19, ""T1595 - Reconnaissance: Active Scanning"": 118, ""TA0011 - Command-and-Control"": 154}",5049200,1155
exploration_bonus_c0.5,exploration_bonus_loo_fragility,"{""c"": 0.5}",404,1798,1753,0.0,0.22470484448919714,0.10282013170083151,0.21987138712593557,0.3602157968474639,199,200,1.0050251256281406,0.41573970964154905,0.0,"{""T1036 - Defense Evasion: Masquerading"": 200, ""T1498.001 - Impact: Direct Network Flood"": 200, ""T1498.002 - Impact: Reflection/Amplification Attack"": 200, ""T1571 - Defense Evasion: Non-Standard Port"": 200, ""T1583.005 - Resource Development: Acquire Botnet"": 200, ""T1584.005 - Resource Development: Build/Compromise Botnet"": 199, ""T1590 - Reconnaissance: Gather Victim Network Information"": 199, ""T1595 - Reconnaissance: Active Scanning"": 200, ""TA0011 - Command-and-Control"": 200}",5049798,1753
exploration_bonus_c1.0,exploration_bonus_loo_fragility,"{""c"": 1.0}",404,45,0,8.720407783977221e-05,0.2336495447884703,0.11580063218555915,0.22723138164126633,0.37307057006623223,5,5,1.0,0.0,0.0,"{""T1036 - Defense Evasion: Masquerading"": 5, ""T1498.001 - Impact: Direct Network Flood"": 5, ""T1498.002 - Impact: Reflection/Amplification Attack"": 5, ""T1571 - Defense Evasion: Non-Standard Port"": 5, ""T1583.005 - Resource Development: Acquire Botnet"": 5, ""T1584.005 - Resource Development: Build/Compromise Botnet"": 5, ""T1590 - Reconnaissance: Gather Victim Network Information"": 5, ""T1595 - Reconnaissance: Active Scanning"": 5, ""TA0011 - Command-and-Control"": 5}",5048045,0
exploration_bonus_c1.0,exploration_bonus_loo_fragility,"{""c"": 1.0}",404,90,45,1.7592513883694638e-05,0.2285194229471324,0.11039561082699834,0.22244060335079244,0.36691400676077757,5,50,10.0,14.142135623730951,80.0,"{""T1036 - Defense Evasion: Masquerading"": 5, ""T1498.001 - Impact: Direct Network Flood"": 5, ""T1498.002 - Impact: Reflection/Amplification Attack"": 5, ""T1571 - Defense Evasion: Non-Standard Port"": 50, ""T1583.005 - Resource Development: Acquire Botnet"": 5, ""T1584.005 - Resource Development: Build/Compromise Botnet"": 5, ""T1590 - Reconnaissance: Gather Victim Network Information"": 5, ""T1595 - Reconnaissance: Active Scanning"": 5, ""TA0011 - Command-and-Control"": 5}",5048090,45
exploration_bonus_c1.0,exploration_bonus_loo_fragility,"{""c"": 1.0}",404,180,135,3.177226758887709e-05,0.2300735687462543,0.11155539717912205,0.2240822759626562,0.36721826335901286,5,95,19.0,27.333333333333332,162.0,"{""T1036 - Defense Evasion: Masquerading"": 26, ""T1498.001 - Impact: Direct Network Flood"": 18, ""T1498.002 - Impact: Reflection/Amplification Attack"": 8, ""T1571 - Defense Evasion: Non-Standard Port"": 95, ""T1583.005 - Resource Development: Acquire Botnet"": 10, ""T1584.005 - Resource Development: Build/Compromise Botnet"": 7, ""T1590 - Reconnaissance: Gather Victim Network Information"": 5, ""T1595 - Reconnaissance: Active Scanning"": 5, ""TA0011 - Command-and-Control"": 6}",5048180,135
exploration_bonus_c1.0,exploration_bonus_loo_fragility,"{""c"": 1.0}",404,360,315,1.0072458918488956e-06,0.2253752819164191,0.10353294837044488,0.22061317198655775,0.36193995828008213,5,98,19.6,34.708308323320324,274.0,"{""T1036 - Defense Evasion: Masquerading"": 49, ""T1498.001 - Impact: Direct Network Flood"": 29, ""T1498.002 - Impact: Reflection/Amplification Attack"": 55, ""T1571 - Defense Evasion: Non-Standard Port"": 95, ""T1583.005 - Resource Development: Acquire Botnet"": 14, ""T1584.005 - Resource Development: Build/Compromise Botnet"": 10, ""T1590 - Reconnaissance: Gather Victim Network Information"": 5, ""T1595 - Reconnaissance: Active Scanning"": 5, ""TA0011 - Command-and-Control"": 98}",5048360,315
exploration_bonus_c1.0,exploration_bonus_loo_fragility,"{""c"": 1.0}",404,720,675,4.5166446336179145e-06,0.22471147515953452,0.1006251377448246,0.21999407555603004,0.3621422204500847,5,200,40.0,65.15110641168472,484.0,"{""T1036 - Defense Evasion: Masquerading"": 49, ""T1498.001 - Impact: Direct Network Flood"": 169, ""T1498.002 - Impact: Reflection/Amplification Attack"": 200, ""T1571 - Defense Evasion: Non-Standard Port"": 95, ""T1583.005 - Resource Development: Acquire Botnet"": 76, ""T1584.005 - Resource Development: Build/Compromise Botnet"": 11, ""T1590 - Reconnaissance: Gather Victim Network Information"": 17, ""T1595 - Reconnaissance: Active Scanning"": 5, ""TA0011 - Command-and-Control"": 98}",5048720,675
exploration_bonus_c1.0,exploration_bonus_loo_fragility,"{""c"": 1.0}",404,1200,1155,1.9781484680855438e-06,0.22549511713814546,0.10249047841023322,0.2198356562363729,0.3632186878700897,11,200,18.181818181818183,68.86379471262256,530.0,"{""T1036 - Defense Evasion: Masquerading"": 129, ""T1498.001 - Impact: Direct Network Flood"": 200, ""T1498.002 - Impact: Reflection/Amplification Attack"": 200, ""T1571 - Defense Evasion: Non-Standard Port"": 95, ""T1583.005 - Resource Development: Acquire Botnet"": 200, ""T1584.005 - Resource Development: Build/Compromise Botnet"": 42, ""T1590 - Reconnaissance: Gather Victim Network Information"": 123, ""T1595 - Reconnaissance: Active Scanning"": 11, ""TA0011 - Command-and-Control"": 200}",5049200,1155
exploration_bonus_c1.0,exploration_bonus_loo_fragility,"{""c"": 1.0}",404,1798,1753,0.0,0.22470484448919714,0.10282013170083151,0.21987138712593557,0.3602157968474639,199,200,1.0050251256281406,0.41573970964154905,0.0,"{""T1036 - Defense Evasion: Masquerading"": 200, ""T1498.001 - Impact: Direct Network Flood"": 200, ""T1498.002 - Impact: Reflection/Amplification Attack"": 200, ""T1571 - Defense Evasion: Non-Standard Port"": 200, ""T1583.005 - Resource Development: Acquire Botnet"": 200, ""T1584.005 - Resource Development: Build/Compromise Botnet"": 199, ""T1590 - Reconnaissance: Gather Victim Network Information"": 199, ""T1595 - Reconnaissance: Active Scanning"": 200, ""TA0011 - Command-and-Control"": 200}",5049798,1753
uniform_step_balanced,uniform_step_balanced,{},505,45,0,9.350528494369941e-05,0.2265751054975568,0.11802459024112986,0.2229548668351816,0.346832262995049,5,5,1.0,0.0,0.0,"{""T1036 - Defense Evasion: Masquerading"": 5, ""T1498.001 - Impact: Direct Network Flood"": 5, ""T1498.002 - Impact: Reflection/Amplification Attack"": 5, ""T1571 - Defense Evasion: Non-Standard Port"": 5, ""T1583.005 - Resource Development: Acquire Botnet"": 5, ""T1584.005 - Resource Development: Build/Compromise Botnet"": 5, ""T1590 - Reconnaissance: Gather Victim Network Information"": 5, ""T1595 - Reconnaissance: Active Scanning"": 5, ""TA0011 - Command-and-Control"": 5}",6058045,0
uniform_step_balanced,uniform_step_balanced,{},505,90,45,2.834565532689422e-05,0.22806196313193255,0.1163882181371926,0.2223840290352876,0.3587113643669209,10,10,1.0,0.0,0.0,"{""T1036 - Defense Evasion: Masquerading"": 10, ""T1498.001 - Impact: Direct Network Flood"": 10, ""T1498.002 - Impact: Reflection/Amplification Attack"": 10, ""T1571 - Defense Evasion: Non-Standard Port"": 10, ""T1583.005 - Resource Development: Acquire Botnet"": 10, ""T1584.005 - Resource Development: Build/Compromise Botnet"": 10, ""T1590 - Reconnaissance: Gather Victim Network Information"": 10, ""T1595 - Reconnaissance: Active Scanning"": 10, ""TA0011 - Command-and-Control"": 10}",6058090,45
uniform_step_balanced,uniform_step_balanced,{},505,180,135,5.629412814258921e-05,0.2317064569476943,0.10566445492873648,0.22666940410386877,0.3708949018371397,20,20,1.0,0.0,0.0,"{""T1036 - Defense Evasion: Masquerading"": 20, ""T1498.001 - Impact: Direct Network Flood"": 20, ""T1498.002 - Impact: Reflection/Amplification Attack"": 20, ""T1571 - Defense Evasion: Non-Standard Port"": 20, ""T1583.005 - Resource Development: Acquire Botnet"": 20, ""T1584.005 - Resource Development: Build/Compromise Botnet"": 20, ""T1590 - Reconnaissance: Gather Victim Network Information"": 20, ""T1595 - Reconnaissance: Active Scanning"": 20, ""TA0011 - Command-and-Control"": 20}",6058180,135
uniform_step_balanced,uniform_step_balanced,{},505,360,315,3.1161455403017165e-05,0.22981466554184982,0.10851063388167637,0.2239978699039832,0.36898107911338063,40,40,1.0,0.0,0.0,"{""T1036 - Defense Evasion: Masquerading"": 40, ""T1498.001 - Impact: Direct Network Flood"": 40, ""T1498.002 - Impact: Reflection/Amplification Attack"": 40, ""T1571 - Defense Evasion: Non-Standard Port"": 40, ""T1583.005 - Resource Development: Acquire Botnet"": 40, ""T1584.005 - Resource Development: Build/Compromise Botnet"": 40, ""T1590 - Reconnaissance: Gather Victim Network Information"": 40, ""T1595 - Reconnaissance: Active Scanning"": 40, ""TA0011 - Command-and-Control"": 40}",6058360,315
uniform_step_balanced,uniform_step_balanced,{},505,720,675,1.3435640284372217e-05,0.22729531641183554,0.10780802225218883,0.22165519877869866,0.3619982722440728,80,80,1.0,0.0,0.0,"{""T1036 - Defense Evasion: Masquerading"": 80, ""T1498.001 - Impact: Direct Network Flood"": 80, ""T1498.002 - Impact: Reflection/Amplification Attack"": 80, ""T1571 - Defense Evasion: Non-Standard Port"": 80, ""T1583.005 - Resource Development: Acquire Botnet"": 80, ""T1584.005 - Resource Development: Build/Compromise Botnet"": 80, ""T1590 - Reconnaissance: Gather Victim Network Information"": 80, ""T1595 - Reconnaissance: Active Scanning"": 80, ""TA0011 - Command-and-Control"": 80}",6058720,675
uniform_step_balanced,uniform_step_balanced,{},505,1200,1155,3.2103858742016167e-06,0.22576374616264766,0.10513173110351834,0.22155638368497,0.3597222918044941,133,134,1.0075187969924813,0.4714045207910317,0.0,"{""T1036 - Defense Evasion: Masquerading"": 133, ""T1498.001 - Impact: Direct Network Flood"": 134, ""T1498.002 - Impact: Reflection/Amplification Attack"": 134, ""T1571 - Defense Evasion: Non-Standard Port"": 133, ""T1583.005 - Resource Development: Acquire Botnet"": 133, ""T1584.005 - Resource Development: Build/Compromise Botnet"": 133, ""T1590 - Reconnaissance: Gather Victim Network Information"": 133, ""T1595 - Reconnaissance: Active Scanning"": 134, ""TA0011 - Command-and-Control"": 133}",6059200,1155
uniform_step_balanced,uniform_step_balanced,{},505,1798,1753,0.0,0.22470484448919714,0.10282013170083151,0.21987138712593557,0.3602157968474639,199,200,1.0050251256281406,0.41573970964154905,0.0,"{""T1036 - Defense Evasion: Masquerading"": 200, ""T1498.001 - Impact: Direct Network Flood"": 200, ""T1498.002 - Impact: Reflection/Amplification Attack"": 200, ""T1571 - Defense Evasion: Non-Standard Port"": 200, ""T1583.005 - Resource Development: Acquire Botnet"": 200, ""T1584.005 - Resource Development: Build/Compromise Botnet"": 199, ""T1590 - Reconnaissance: Gather Victim Network Information"": 199, ""T1595 - Reconnaissance: Active Scanning"": 200, ""TA0011 - Command-and-Control"": 200}",6059798,1753
greedy_loo_fragility,greedy_loo_fragility,{},505,45,0,9.350528494369941e-05,0.2265751054975568,0.11802459024112986,0.2229548668351816,0.346832262995049,5,5,1.0,0.0,0.0,"{""T1036 - Defense Evasion: Masquerading"": 5, ""T1498.001 - Impact: Direct Network Flood"": 5, ""T1498.002 - Impact: Reflection/Amplification Attack"": 5, ""T1571 - Defense Evasion: Non-Standard Port"": 5, ""T1583.005 - Resource Development: Acquire Botnet"": 5, ""T1584.005 - Resource Development: Build/Compromise Botnet"": 5, ""T1590 - Reconnaissance: Gather Victim Network Information"": 5, ""T1595 - Reconnaissance: Active Scanning"": 5, ""TA0011 - Command-and-Control"": 5}",6058045,0
greedy_loo_fragility,greedy_loo_fragility,{},505,90,45,3.43416726476666e-05,0.2295931142385549,0.11489874365336351,0.2247684556479431,0.3621456454726612,5,50,10.0,14.142135623730951,80.0,"{""T1036 - Defense Evasion: Masquerading"": 5, ""T1498.001 - Impact: Direct Network Flood"": 5, ""T1498.002 - Impact: Reflection/Amplification Attack"": 5, ""T1571 - Defense Evasion: Non-Standard Port"": 50, ""T1583.005 - Resource Development: Acquire Botnet"": 5, ""T1584.005 - Resource Development: Build/Compromise Botnet"": 5, ""T1590 - Reconnaissance: Gather Victim Network Information"": 5, ""T1595 - Reconnaissance: Active Scanning"": 5, ""TA0011 - Command-and-Control"": 5}",6058090,45
greedy_loo_fragility,greedy_loo_fragility,{},505,180,135,2.4749138597565102e-05,0.2281072570031055,0.11287694033902636,0.22249834885893044,0.3596210336521008,5,95,19.0,30.0,210.0,"{""T1036 - Defense Evasion: Masquerading"": 5, ""T1498.001 - Impact: Direct Network Flood"": 5, ""T1498.002 - Impact: Reflection/Amplification Attack"": 5, ""T1571 - Defense Evasion: Non-Standard Port"": 95, ""T1583.005 - Resource Development: Acquire Botnet"": 5, ""T1584.005 - Resource Development: Build/Compromise Botnet"": 5, ""T1590 - Reconnaissance: Gather Victim Network Information"": 5, ""T1595 - Reconnaissance: Active Scanning"": 50, ""TA0011 - Command-and-Control"": 5}",6058180,135
greedy_loo_fragility,greedy_loo_fragility,{},505,360,315,1.6964218304446364e-05,0.22758377442457758,0.11228555375190546,0.22255327916569828,0.35847491499827977,5,140,28.0,50.99019513592785,420.0,"{""T1036 - Defense Evasion: Masquerading"": 140, ""T1498.001 - Impact: Direct Network Flood"": 5, ""T1498.002 - Impact: Reflection/Amplification Attack"": 5, ""T1571 - Defense Evasion: Non-Standard Port"": 95, ""T1583.005 - Resource Development: Acquire Botnet"": 5, ""T1584.005 - Resource Development: Build/Compromise Botnet"": 5, ""T1590 - Reconnaissance: Gather Victim Network Information"": 5, ""T1595 - Reconnaissance: Active Scanning"": 95, ""TA0011 - Command-and-Control"": 5}",6058360,315
greedy_loo_fragility,greedy_loo_fragility,{},505,720,675,2.2701824203895776e-06,0.22567530302057362,0.10225299494887918,0.2217780205398393,0.36171650104182995,5,185,37.0,51.96152422706632,360.0,"{""T1036 - Defense Evasion: Masquerading"": 185, ""T1498.001 - Impact: Direct Network Flood"": 95, ""T1498.002 - Impact: Reflection/Amplification Attack"": 95, ""T1571 - Defense Evasion: Non-Standard Port"": 95, ""T1583.005 - Resource Development: Acquire Botnet"": 5, ""T1584.005 - Resource Development: Build/Compromise Botnet"": 50, ""T1590 - Reconnaissance: Gather Victim Network Information"": 5, ""T1595 - Reconnaissance: Active Scanning"": 95, ""TA0011 - Command-and-Control"": 95}",6058720,675
greedy_loo_fragility,greedy_loo_fragility,{},505,1200,1155,4.319329732190204e-06,0.22548820211908188,0.10488093705198394,0.2206969326515345,0.3615815109728711,5,200,40.0,62.89320754704403,484.0,"{""T1036 - Defense Evasion: Masquerading"": 200, ""T1498.001 - Impact: Direct Network Flood"": 200, ""T1498.002 - Impact: Reflection/Amplification Attack"": 140, ""T1571 - Defense Evasion: Non-Standard Port"": 170, ""T1583.005 - Resource Development: Acquire Botnet"": 200, ""T1584.005 - Resource Development: Build/Compromise Botnet"": 95, ""T1590 - Reconnaissance: Gather Victim Network Information"": 5, ""T1595 - Reconnaissance: Active Scanning"": 95, ""TA0011 - Command-and-Control"": 95}",6059200,1155
greedy_loo_fragility,greedy_loo_fragility,{},505,1798,1753,0.0,0.22470484448919714,0.10282013170083151,0.21987138712593557,0.3602157968474639,199,200,1.0050251256281406,0.41573970964154905,0.0,"{""T1036 - Defense Evasion: Masquerading"": 200, ""T1498.001 - Impact: Direct Network Flood"": 200, ""T1498.002 - Impact: Reflection/Amplification Attack"": 200, ""T1571 - Defense Evasion: Non-Standard Port"": 200, ""T1583.005 - Resource Development: Acquire Botnet"": 200, ""T1584.005 - Resource Development: Build/Compromise Botnet"": 199, ""T1590 - Reconnaissance: Gather Victim Network Information"": 199, ""T1595 - Reconnaissance: Active Scanning"": 200, ""TA0011 - Command-and-Control"": 200}",6059798,1753
epsilon_greedy_eps0.2,epsilon_greedy_loo_fragility,"{""epsilon"": 0.2}",505,45,0,9.350528494369941e-05,0.2265751054975568,0.11802459024112986,0.2229548668351816,0.346832262995049,5,5,1.0,0.0,0.0,"{""T1036 - Defense Evasion: Masquerading"": 5, ""T1498.001 - Impact: Direct Network Flood"": 5, ""T1498.002 - Impact: Reflection/Amplification Attack"": 5, ""T1571 - Defense Evasion: Non-Standard Port"": 5, ""T1583.005 - Resource Development: Acquire Botnet"": 5, ""T1584.005 - Resource Development: Build/Compromise Botnet"": 5, ""T1590 - Reconnaissance: Gather Victim Network Information"": 5, ""T1595 - Reconnaissance: Active Scanning"": 5, ""TA0011 - Command-and-Control"": 5}",6058045,0
epsilon_greedy_eps0.2,epsilon_greedy_loo_fragility,"{""epsilon"": 0.2}",505,90,45,4.7979922158302216e-05,0.23050218849083745,0.11646570865520474,0.22588364466753352,0.3594206112062965,5,44,8.8,12.027745701779143,68.0,"{""T1036 - Defense Evasion: Masquerading"": 6, ""T1498.001 - Impact: Direct Network Flood"": 5, ""T1498.002 - Impact: Reflection/Amplification Attack"": 6, ""T1571 - Defense Evasion: Non-Standard Port"": 44, ""T1583.005 - Resource Development: Acquire Botnet"": 5, ""T1584.005 - Resource Development: Build/Compromise Botnet"": 6, ""T1590 - Reconnaissance: Gather Victim Network Information"": 6, ""T1595 - Reconnaissance: Active Scanning"": 6, ""TA0011 - Command-and-Control"": 6}",6058090,45
epsilon_greedy_eps0.2,epsilon_greedy_loo_fragility,"{""epsilon"": 0.2}",505,180,135,3.0843984857132976e-05,0.22889251740244346,0.11144952195941704,0.22395100884467778,0.3616934224807855,7,80,11.428571428571429,24.170689320377733,170.0,"{""T1036 - Defense Evasion: Masquerading"": 8, ""T1498.001 - Impact: Direct Network Flood"": 7, ""T1498.002 - Impact: Reflection/Amplification Attack"": 8, ""T1571 - Defense Evasion: Non-Standard Port"": 80, ""T1583.005 - Resource Development: Acquire Botnet"": 8, ""T1584.005 - Resource Development: Build/Compromise Botnet"": 8, ""T1590 - Reconnaissance: Gather Victim Network Information"": 8, ""T1595 - Reconnaissance: Active Scanning"": 45, ""TA0011 - Command-and-Control"": 8}",6058180,135
epsilon_greedy_eps0.2,epsilon_greedy_loo_fragility,"{""epsilon"": 0.2}",505,360,315,1.5314348133784248e-05,0.22834417590945558,0.10887798923652113,0.22302796394220278,0.3629800151260215,14,83,5.928571428571429,29.555973263547852,252.0,"{""T1036 - Defense Evasion: Masquerading"": 14, ""T1498.001 - Impact: Direct Network Flood"": 15, ""T1498.002 - Impact: Reflection/Amplification Attack"": 49, ""T1571 - Defense Evasion: Non-Standard Port"": 80, ""T1583.005 - Resource Development: Acquire Botnet"": 15, ""T1584.005 - Resource Development: Build/Compromise Botnet"": 15, ""T1590 - Reconnaissance: Gather Victim Network Information"": 15, ""T1595 - Reconnaissance: Active Scanning"": 83, ""TA0011 - Command-and-Control"": 74}",6058360,315
epsilon_greedy_eps0.2,epsilon_greedy_loo_fragility,"{""epsilon"": 0.2}",505,720,675,8.882998366843326e-06,0.22699580148986423,0.10827556373449042,0.22260093064012,0.36207028048240636,36,152,4.222222222222222,32.87011476165613,212.0,"{""T1036 - Defense Evasion: Masquerading"": 67, ""T1498.001 - Impact: Direct Network Flood"": 37, ""T1498.002 - Impact: Reflection/Amplification Attack"": 152, ""T1571 - Defense Evasion: Non-Standard Port"": 80, ""T1583.005 - Resource Development: Acquire Botnet"": 101, ""T1584.005 - Resource Development: Build/Compromise Botnet"": 36, ""T1590 - Reconnaissance: Gather Victim Network Information"": 90, ""T1595 - Reconnaissance: Active Scanning"": 83, ""TA0011 - Command-and-Control"": 74}",6058720,675
epsilon_greedy_eps0.2,epsilon_greedy_loo_fragility,"{""epsilon"": 0.2}",505,1200,1155,8.788813833157614e-06,0.22739150154227364,0.1072835030319085,0.22303108387376414,0.36315696048742985,88,200,2.272727272727273,45.88875437160806,380.0,"{""T1036 - Defense Evasion: Masquerading"": 174, ""T1498.001 - Impact: Direct Network Flood"": 121, ""T1498.002 - Impact: Reflection/Amplification Attack"": 152, ""T1571 - Defense Evasion: Non-Standard Port"": 88, ""T1583.005 - Resource Development: Acquire Botnet"": 200, ""T1584.005 - Resource Development: Build/Compromise Botnet"": 89, ""T1590 - Reconnaissance: Gather Victim Network Information"": 199, ""T1595 - Reconnaissance: Active Scanning"": 89, ""TA0011 - Command-and-Control"": 88}",6059200,1155
epsilon_greedy_eps0.2,epsilon_greedy_loo_fragility,"{""epsilon"": 0.2}",505,1798,1753,0.0,0.22470484448919714,0.10282013170083151,0.21987138712593557,0.3602157968474639,199,200,1.0050251256281406,0.41573970964154905,0.0,"{""T1036 - Defense Evasion: Masquerading"": 200, ""T1498.001 - Impact: Direct Network Flood"": 200, ""T1498.002 - Impact: Reflection/Amplification Attack"": 200, ""T1571 - Defense Evasion: Non-Standard Port"": 200, ""T1583.005 - Resource Development: Acquire Botnet"": 200, ""T1584.005 - Resource Development: Build/Compromise Botnet"": 199, ""T1590 - Reconnaissance: Gather Victim Network Information"": 199, ""T1595 - Reconnaissance: Active Scanning"": 200, ""TA0011 - Command-and-Control"": 200}",6059798,1753
exploration_bonus_c0.25,exploration_bonus_loo_fragility,"{""c"": 0.25}",505,45,0,9.350528494369941e-05,0.2265751054975568,0.11802459024112986,0.2229548668351816,0.346832262995049,5,5,1.0,0.0,0.0,"{""T1036 - Defense Evasion: Masquerading"": 5, ""T1498.001 - Impact: Direct Network Flood"": 5, ""T1498.002 - Impact: Reflection/Amplification Attack"": 5, ""T1571 - Defense Evasion: Non-Standard Port"": 5, ""T1583.005 - Resource Development: Acquire Botnet"": 5, ""T1584.005 - Resource Development: Build/Compromise Botnet"": 5, ""T1590 - Reconnaissance: Gather Victim Network Information"": 5, ""T1595 - Reconnaissance: Active Scanning"": 5, ""TA0011 - Command-and-Control"": 5}",6058045,0
exploration_bonus_c0.25,exploration_bonus_loo_fragility,"{""c"": 0.25}",505,90,45,3.43416726476666e-05,0.2295931142385549,0.11489874365336351,0.2247684556479431,0.3621456454726612,5,50,10.0,14.142135623730951,80.0,"{""T1036 - Defense Evasion: Masquerading"": 5, ""T1498.001 - Impact: Direct Network Flood"": 5, ""T1498.002 - Impact: Reflection/Amplification Attack"": 5, ""T1571 - Defense Evasion: Non-Standard Port"": 50, ""T1583.005 - Resource Development: Acquire Botnet"": 5, ""T1584.005 - Resource Development: Build/Compromise Botnet"": 5, ""T1590 - Reconnaissance: Gather Victim Network Information"": 5, ""T1595 - Reconnaissance: Active Scanning"": 5, ""TA0011 - Command-and-Control"": 5}",6058090,45
exploration_bonus_c0.25,exploration_bonus_loo_fragility,"{""c"": 0.25}",505,180,135,2.4749138597565102e-05,0.2281072570031055,0.11287694033902636,0.22249834885893044,0.3596210336521008,5,95,19.0,30.0,210.0,"{""T1036 - Defense Evasion: Masquerading"": 5, ""T1498.001 - Impact: Direct Network Flood"": 5, ""T1498.002 - Impact: Reflection/Amplification Attack"": 5, ""T1571 - Defense Evasion: Non-Standard Port"": 95, ""T1583.005 - Resource Development: Acquire Botnet"": 5, ""T1584.005 - Resource Development: Build/Compromise Botnet"": 5, ""T1590 - Reconnaissance: Gather Victim Network Information"": 5, ""T1595 - Reconnaissance: Active Scanning"": 50, ""TA0011 - Command-and-Control"": 5}",6058180,135
exploration_bonus_c0.25,exploration_bonus_loo_fragility,"{""c"": 0.25}",505,360,315,2.4599449107905947e-05,0.22812421896418444,0.1132974460663504,0.22303638446016194,0.3557643788661766,5,131,26.2,48.25165512417395,400.0,"{""T1036 - Defense Evasion: Masquerading"": 6, ""T1498.001 - Impact: Direct Network Flood"": 131, ""T1498.002 - Impact: Reflection/Amplification Attack"": 14, ""T1571 - Defense Evasion: Non-Standard Port"": 95, ""T1583.005 - Resource Development: Acquire Botnet"": 5, ""T1584.005 - Resource Development: Build/Compromise Botnet"": 5, ""T1590 - Reconnaissance: Gather Victim Network Information"": 5, ""T1595 - Reconnaissance: Active Scanning"": 94, ""TA0011 - Command-and-Control"": 5}",6058360,315
exploration_bonus_c0.25,exploration_bonus_loo_fragility,"{""c"": 0.25}",505,720,675,2.5631240089932624e-05,0.22880510191585562,0.11368448435660539,0.2241099662612665,0.35888640222498724,5,200,40.0,83.46922253807755,700.0,"{""T1036 - Defense Evasion: Masquerading"": 6, ""T1498.001 - Impact: Direct Network Flood"": 200, ""T1498.002 - Impact: Reflection/Amplification Attack"": 14, ""T1571 - Defense Evasion: Non-Standard Port"": 95, ""T1583.005 - Resource Development: Acquire Botnet"": 200, ""T1584.005 - Resource Development: Build/Compromise Botnet"": 19, ""T1590 - Reconnaissance: Gather Victim Network Information"": 5, ""T1595 - Reconnaissance: Active Scanning"": 175, ""TA0011 - Command-and-Control"": 6}",6058720,675
exploration_bonus_c0.25,exploration_bonus_loo_fragility,"{""c"": 0.25}",505,1200,1155,3.4879018759759096e-05,0.22996585485868495,0.11314090616076809,0.22511186144021691,0.3608083959004439,6,200,33.333333333333336,79.38513714795737,654.0,"{""T1036 - Defense Evasion: Masquerading"": 6, ""T1498.001 - Impact: Direct Network Flood"": 200, ""T1498.002 - Impact: Reflection/Amplification Attack"": 196, ""T1571 - Defense Evasion: Non-Standard Port"": 95, ""T1583.005 - Resource Development: Acquire Botnet"": 200, ""T1584.005 - Resource Development: Build/Compromise Botnet"": 199, ""T1590 - Reconnaissance: Gather Victim Network Information"": 98, ""T1595 - Reconnaissance: Active Scanning"": 200, ""TA0011 - Command-and-Control"": 6}",6059200,1155
exploration_bonus_c0.25,exploration_bonus_loo_fragility,"{""c"": 0.25}",505,1798,1753,0.0,0.22470484448919714,0.10282013170083151,0.21987138712593557,0.3602157968474639,199,200,1.0050251256281406,0.41573970964154905,0.0,"{""T1036 - Defense Evasion: Masquerading"": 200, ""T1498.001 - Impact: Direct Network Flood"": 200, ""T1498.002 - Impact: Reflection/Amplification Attack"": 200, ""T1571 - Defense Evasion: Non-Standard Port"": 200, ""T1583.005 - Resource Development: Acquire Botnet"": 200, ""T1584.005 - Resource Development: Build/Compromise Botnet"": 199, ""T1590 - Reconnaissance: Gather Victim Network Information"": 199, ""T1595 - Reconnaissance: Active Scanning"": 200, ""TA0011 - Command-and-Control"": 200}",6059798,1753
exploration_bonus_c0.5,exploration_bonus_loo_fragility,"{""c"": 0.5}",505,45,0,9.350528494369941e-05,0.2265751054975568,0.11802459024112986,0.2229548668351816,0.346832262995049,5,5,1.0,0.0,0.0,"{""T1036 - Defense Evasion: Masquerading"": 5, ""T1498.001 - Impact: Direct Network Flood"": 5, ""T1498.002 - Impact: Reflection/Amplification Attack"": 5, ""T1571 - Defense Evasion: Non-Standard Port"": 5, ""T1583.005 - Resource Development: Acquire Botnet"": 5, ""T1584.005 - Resource Development: Build/Compromise Botnet"": 5, ""T1590 - Reconnaissance: Gather Victim Network Information"": 5, ""T1595 - Reconnaissance: Active Scanning"": 5, ""TA0011 - Command-and-Control"": 5}",6058045,0
exploration_bonus_c0.5,exploration_bonus_loo_fragility,"{""c"": 0.5}",505,90,45,3.43416726476666e-05,0.2295931142385549,0.11489874365336351,0.2247684556479431,0.3621456454726612,5,50,10.0,14.142135623730951,80.0,"{""T1036 - Defense Evasion: Masquerading"": 5, ""T1498.001 - Impact: Direct Network Flood"": 5, ""T1498.002 - Impact: Reflection/Amplification Attack"": 5, ""T1571 - Defense Evasion: Non-Standard Port"": 50, ""T1583.005 - Resource Development: Acquire Botnet"": 5, ""T1584.005 - Resource Development: Build/Compromise Botnet"": 5, ""T1590 - Reconnaissance: Gather Victim Network Information"": 5, ""T1595 - Reconnaissance: Active Scanning"": 5, ""TA0011 - Command-and-Control"": 5}",6058090,45
exploration_bonus_c0.5,exploration_bonus_loo_fragility,"{""c"": 0.5}",505,180,135,1.4229034718748254e-05,0.22689193782820288,0.11179163743533513,0.22107369380452635,0.3582533391063343,5,95,19.0,29.120439557122072,198.0,"{""T1036 - Defense Evasion: Masquerading"": 11, ""T1498.001 - Impact: Direct Network Flood"": 5, ""T1498.002 - Impact: Reflection/Amplification Attack"": 5, ""T1571 - Defense Evasion: Non-Standard Port"": 95, ""T1583.005 - Resource Development: Acquire Botnet"": 5, ""T1584.005 - Resource Development: Build/Compromise Botnet"": 5, ""T1590 - Reconnaissance: Gather Victim Network Information"": 5, ""T1595 - Reconnaissance: Active Scanning"": 44, ""TA0011 - Command-and-Control"": 5}",6058180,135
exploration_bonus_c0.5,exploration_bonus_loo_fragility,"{""c"": 0.5}",505,360,315,6.297901648987227e-06,0.2270742497162798,0.1059275047268616,0.22228766377558934,0.3627068925826281,7,95,13.571428571428571,33.373309362090204,270.0,"{""T1036 - Defense Evasion: Masquerading"": 66, ""T1498.001 - Impact: Direct Network Flood"": 10, ""T1498.002 - Impact: Reflection/Amplification Attack"": 18, ""T1571 - Defense Evasion: Non-Standard Port"": 95, ""T1583.005 - Resource Development: Acquire Botnet"": 22, ""T1584.005 - Resource Development: Build/Compromise Botnet"": 7, ""T1590 - Reconnaissance: Gather Victim Network Information"": 31, ""T1595 - Reconnaissance: Active Scanning"": 94, ""TA0011 - Command-and-Control"": 17}",6058360,315
exploration_bonus_c0.5,exploration_bonus_loo_fragility,"{""c"": 0.5}",505,720,675,1.1695348284114148e-06,0.22548297101342019,0.10287972204501473,0.22090481639052986,0.36054901237241344,15,139,9.266666666666667,43.95452195167182,348.0,"{""T1036 - Defense Evasion: Masquerading"": 114, ""T1498.001 - Impact: Direct Network Flood"": 15, ""T1498.002 - Impact: Reflection/Amplification Attack"": 23, ""T1571 - Defense Evasion: Non-Standard Port"": 95, ""T1583.005 - Resource Development: Acquire Botnet"": 34, ""T1584.005 - Resource Development: Build/Compromise Botnet"": 139, ""T1590 - Reconnaissance: Gather Victim Network Information"": 74, ""T1595 - Reconnaissance: Active Scanning"": 94, ""TA0011 - Command-and-Control"": 132}",6058720,675
exploration_bonus_c0.5,exploration_bonus_loo_fragility,"{""c"": 0.5}",505,1200,1155,4.064122064406514e-06,0.22650473669457868,0.10408984873066741,0.22221962996108313,0.36286812012002545,45,200,4.444444444444445,53.839266958853244,394.0,"{""T1036 - Defense Evasion: Masquerading"": 131, ""T1498.001 - Impact: Direct Network Flood"": 124, ""T1498.002 - Impact: Reflection/Amplification Attack"": 200, ""T1571 - Defense Evasion: Non-Standard Port"": 95, ""T1583.005 - Resource Development: Acquire Botnet"": 45, ""T1584.005 - Resource Development: Build/Compromise Botnet"": 199, ""T1590 - Reconnaissance: Gather Victim Network Information"": 74, ""T1595 - Reconnaissance: Active Scanning"": 200, ""TA0011 - Command-and-Control"": 132}",6059200,1155
exploration_bonus_c0.5,exploration_bonus_loo_fragility,"{""c"": 0.5}",505,1798,1753,0.0,0.22470484448919714,0.10282013170083151,0.21987138712593557,0.3602157968474639,199,200,1.0050251256281406,0.41573970964154905,0.0,"{""T1036 - Defense Evasion: Masquerading"": 200, ""T1498.001 - Impact: Direct Network Flood"": 200, ""T1498.002 - Impact: Reflection/Amplification Attack"": 200, ""T1571 - Defense Evasion: Non-Standard Port"": 200, ""T1583.005 - Resource Development: Acquire Botnet"": 200, ""T1584.005 - Resource Development: Build/Compromise Botnet"": 199, ""T1590 - Reconnaissance: Gather Victim Network Information"": 199, ""T1595 - Reconnaissance: Active Scanning"": 200, ""TA0011 - Command-and-Control"": 200}",6059798,1753
exploration_bonus_c1.0,exploration_bonus_loo_fragility,"{""c"": 1.0}",505,45,0,9.350528494369941e-05,0.2265751054975568,0.11802459024112986,0.2229548668351816,0.346832262995049,5,5,1.0,0.0,0.0,"{""T1036 - Defense Evasion: Masquerading"": 5, ""T1498.001 - Impact: Direct Network Flood"": 5, ""T1498.002 - Impact: Reflection/Amplification Attack"": 5, ""T1571 - Defense Evasion: Non-Standard Port"": 5, ""T1583.005 - Resource Development: Acquire Botnet"": 5, ""T1584.005 - Resource Development: Build/Compromise Botnet"": 5, ""T1590 - Reconnaissance: Gather Victim Network Information"": 5, ""T1595 - Reconnaissance: Active Scanning"": 5, ""TA0011 - Command-and-Control"": 5}",6058045,0
exploration_bonus_c1.0,exploration_bonus_loo_fragility,"{""c"": 1.0}",505,90,45,3.43416726476666e-05,0.2295931142385549,0.11489874365336351,0.2247684556479431,0.3621456454726612,5,50,10.0,14.142135623730951,80.0,"{""T1036 - Defense Evasion: Masquerading"": 5, ""T1498.001 - Impact: Direct Network Flood"": 5, ""T1498.002 - Impact: Reflection/Amplification Attack"": 5, ""T1571 - Defense Evasion: Non-Standard Port"": 50, ""T1583.005 - Resource Development: Acquire Botnet"": 5, ""T1584.005 - Resource Development: Build/Compromise Botnet"": 5, ""T1590 - Reconnaissance: Gather Victim Network Information"": 5, ""T1595 - Reconnaissance: Active Scanning"": 5, ""TA0011 - Command-and-Control"": 5}",6058090,45
exploration_bonus_c1.0,exploration_bonus_loo_fragility,"{""c"": 1.0}",505,180,135,2.2548884775724957e-05,0.22819615309994393,0.11274172812839267,0.22285984301866096,0.359909340408789,5,95,19.0,28.142494558940577,180.0,"{""T1036 - Defense Evasion: Masquerading"": 17, ""T1498.001 - Impact: Direct Network Flood"": 8, ""T1498.002 - Impact: Reflection/Amplification Attack"": 5, ""T1571 - Defense Evasion: Non-Standard Port"": 95, ""T1583.005 - Resource Development: Acquire Botnet"": 5, ""T1584.005 - Resource Development: Build/Compromise Botnet"": 5, ""T1590 - Reconnaissance: Gather Victim Network Information"": 5, ""T1595 - Reconnaissance: Active Scanning"": 35, ""TA0011 - Command-and-Control"": 5}",6058180,135
exploration_bonus_c1.0,exploration_bonus_loo_fragility,"{""c"": 1.0}",505,360,315,6.144334157433509e-06,0.2268271363248273,0.10271723260493633,0.22205915036020196,0.3621975369905079,5,99,19.8,36.68787265568828,304.0,"{""T1036 - Defense Evasion: Masquerading"": 99, ""T1498.001 - Impact: Direct Network Flood"": 10, ""T1498.002 - Impact: Reflection/Amplification Attack"": 8, ""T1571 - Defense Evasion: Non-Standard Port"": 95, ""T1583.005 - Resource Development: Acquire Botnet"": 49, ""T1584.005 - Resource Development: Build/Compromise Botnet"": 9, ""T1590 - Reconnaissance: Gather Victim Network Information"": 5, ""T1595 - Reconnaissance: Active Scanning"": 69, ""TA0011 - Command-and-Control"": 16}",6058360,315
exploration_bonus_c1.0,exploration_bonus_loo_fragility,"{""c"": 1.0}",505,720,675,6.801610487538232e-06,0.22605678749114796,0.10213344023464485,0.2215189418283185,0.3613854780015064,11,200,18.181818181818183,70.04760286167306,540.0,"{""T1036 - Defense Evasion: Masquerading"": 99, ""T1498.001 - Impact: Direct Network Flood"": 16, ""T1498.002 - Impact: Reflection/Amplification Attack"": 11, ""T1571 - Defense Evasion: Non-Standard Port"": 95, ""T1583.005 - Resource Development: Acquire Botnet"": 196, ""T1584.005 - Resource Development: Build/Compromise Botnet"": 54, ""T1590 - Reconnaissance: Gather Victim Network Information"": 28, ""T1595 - Reconnaissance: Active Scanning"": 200, ""TA0011 - Command-and-Control"": 21}",6058720,675
exploration_bonus_c1.0,exploration_bonus_loo_fragility,"{""c"": 1.0}",505,1200,1155,1.6505184846062185e-05,0.2271058046809403,0.10506536831749111,0.22237941099631545,0.36142777313599955,50,200,4.0,61.45278223517992,518.0,"{""T1036 - Defense Evasion: Masquerading"": 194, ""T1498.001 - Impact: Direct Network Flood"": 71, ""T1498.002 - Impact: Reflection/Amplification Attack"": 200, ""T1571 - Defense Evasion: Non-Standard Port"": 101, ""T1583.005 - Resource Development: Acquire Botnet"": 200, ""T1584.005 - Resource Development: Build/Compromise Botnet"": 121, ""T1590 - Reconnaissance: Gather Victim Network Information"": 63, ""T1595 - Reconnaissance: Active Scanning"": 200, ""TA0011 - Command-and-Control"": 50}",6059200,1155
exploration_bonus_c1.0,exploration_bonus_loo_fragility,"{""c"": 1.0}",505,1798,1753,0.0,0.22470484448919714,0.10282013170083151,0.21987138712593557,0.3602157968474639,199,200,1.0050251256281406,0.41573970964154905,0.0,"{""T1036 - Defense Evasion: Masquerading"": 200, ""T1498.001 - Impact: Direct Network Flood"": 200, ""T1498.002 - Impact: Reflection/Amplification Attack"": 200, ""T1571 - Defense Evasion: Non-Standard Port"": 200, ""T1583.005 - Resource Development: Acquire Botnet"": 200, ""T1584.005 - Resource Development: Build/Compromise Botnet"": 199, ""T1590 - Reconnaissance: Gather Victim Network Information"": 199, ""T1595 - Reconnaissance: Active Scanning"": 200, ""TA0011 - Command-and-Control"": 200}",6059798,1753
uniform_step_balanced,uniform_step_balanced,{},606,45,0,7.269065187851542e-05,0.22924167391110215,0.09833660738493055,0.22363370959171283,0.3760870842778797,5,5,1.0,0.0,0.0,"{""T1036 - Defense Evasion: Masquerading"": 5, ""T1498.001 - Impact: Direct Network Flood"": 5, ""T1498.002 - Impact: Reflection/Amplification Attack"": 5, ""T1571 - Defense Evasion: Non-Standard Port"": 5, ""T1583.005 - Resource Development: Acquire Botnet"": 5, ""T1584.005 - Resource Development: Build/Compromise Botnet"": 5, ""T1590 - Reconnaissance: Gather Victim Network Information"": 5, ""T1595 - Reconnaissance: Active Scanning"": 5, ""TA0011 - Command-and-Control"": 5}",7068045,0
uniform_step_balanced,uniform_step_balanced,{},606,90,45,1.2308445358072259e-05,0.2239464812456673,0.09892232630097612,0.21812200756892547,0.3664937991179412,10,10,1.0,0.0,0.0,"{""T1036 - Defense Evasion: Masquerading"": 10, ""T1498.001 - Impact: Direct Network Flood"": 10, ""T1498.002 - Impact: Reflection/Amplification Attack"": 10, ""T1571 - Defense Evasion: Non-Standard Port"": 10, ""T1583.005 - Resource Development: Acquire Botnet"": 10, ""T1584.005 - Resource Development: Build/Compromise Botnet"": 10, ""T1590 - Reconnaissance: Gather Victim Network Information"": 10, ""T1595 - Reconnaissance: Active Scanning"": 10, ""TA0011 - Command-and-Control"": 10}",7068090,45
uniform_step_balanced,uniform_step_balanced,{},606,180,135,1.3094246147183665e-05,0.2264059366453045,0.10378264482289322,0.22036130811991378,0.3689211912427129,20,20,1.0,0.0,0.0,"{""T1036 - Defense Evasion: Masquerading"": 20, ""T1498.001 - Impact: Direct Network Flood"": 20, ""T1498.002 - Impact: Reflection/Amplification Attack"": 20, ""T1571 - Defense Evasion: Non-Standard Port"": 20, ""T1583.005 - Resource Development: Acquire Botnet"": 20, ""T1584.005 - Resource Development: Build/Compromise Botnet"": 20, ""T1590 - Reconnaissance: Gather Victim Network Information"": 20, ""T1595 - Reconnaissance: Active Scanning"": 20, ""TA0011 - Command-and-Control"": 20}",7068180,135
uniform_step_balanced,uniform_step_balanced,{},606,360,315,4.47942518275464e-06,0.22445548828233278,0.10670687441199232,0.21892307554282514,0.36246759847489735,40,40,1.0,0.0,0.0,"{""T1036 - Defense Evasion: Masquerading"": 40, ""T1498.001 - Impact: Direct Network Flood"": 40, ""T1498.002 - Impact: Reflection/Amplification Attack"": 40, ""T1571 - Defense Evasion: Non-Standard Port"": 40, ""T1583.005 - Resource Development: Acquire Botnet"": 40, ""T1584.005 - Resource Development: Build/Compromise Botnet"": 40, ""T1590 - Reconnaissance: Gather Victim Network Information"": 40, ""T1595 - Reconnaissance: Active Scanning"": 40, ""TA0011 - Command-and-Control"": 40}",7068360,315
uniform_step_balanced,uniform_step_balanced,{},606,720,675,7.58653397887983e-06,0.2263476230270198,0.10460753978549267,0.22106704976094943,0.3647563377663821,80,80,1.0,0.0,0.0,"{""T1036 - Defense Evasion: Masquerading"": 80, ""T1498.001 - Impact: Direct Network Flood"": 80, ""T1498.002 - Impact: Reflection/Amplification Attack"": 80, ""T1571 - Defense Evasion: Non-Standard Port"": 80, ""T1583.005 - Resource Development: Acquire Botnet"": 80, ""T1584.005 - Resource Development: Build/Compromise Botnet"": 80, ""T1590 - Reconnaissance: Gather Victim Network Information"": 80, ""T1595 - Reconnaissance: Active Scanning"": 80, ""TA0011 - Command-and-Control"": 80}",7068720,675
uniform_step_balanced,uniform_step_balanced,{},606,1200,1155,2.1663199977529724e-06,0.22586065075147177,0.1027622109355238,0.22092923092704633,0.36098424613223223,133,134,1.0075187969924813,0.4714045207910317,0.0,"{""T1036 - Defense Evasion: Masquerading"": 133, ""T1498.001 - Impact: Direct Network Flood"": 133, ""T1498.002 - Impact: Reflection/Amplification Attack"": 134, ""T1571 - Defense Evasion: Non-Standard Port"": 133, ""T1583.005 - Resource Development: Acquire Botnet"": 133, ""T1584.005 - Resource Development: Build/Compromise Botnet"": 134, ""T1590 - Reconnaissance: Gather Victim Network Information"": 133, ""T1595 - Reconnaissance: Active Scanning"": 134, ""TA0011 - Command-and-Control"": 133}",7069200,1155
uniform_step_balanced,uniform_step_balanced,{},606,1798,1753,0.0,0.22470484448919714,0.10282013170083151,0.21987138712593557,0.3602157968474639,199,200,1.0050251256281406,0.41573970964154905,0.0,"{""T1036 - Defense Evasion: Masquerading"": 200, ""T1498.001 - Impact: Direct Network Flood"": 200, ""T1498.002 - Impact: Reflection/Amplification Attack"": 200, ""T1571 - Defense Evasion: Non-Standard Port"": 200, ""T1583.005 - Resource Development: Acquire Botnet"": 200, ""T1584.005 - Resource Development: Build/Compromise Botnet"": 199, ""T1590 - Reconnaissance: Gather Victim Network Information"": 199, ""T1595 - Reconnaissance: Active Scanning"": 200, ""TA0011 - Command-and-Control"": 200}",7069798,1753
greedy_loo_fragility,greedy_loo_fragility,{},606,45,0,7.269065187851542e-05,0.22924167391110215,0.09833660738493055,0.22363370959171283,0.3760870842778797,5,5,1.0,0.0,0.0,"{""T1036 - Defense Evasion: Masquerading"": 5, ""T1498.001 - Impact: Direct Network Flood"": 5, ""T1498.002 - Impact: Reflection/Amplification Attack"": 5, ""T1571 - Defense Evasion: Non-Standard Port"": 5, ""T1583.005 - Resource Development: Acquire Botnet"": 5, ""T1584.005 - Resource Development: Build/Compromise Botnet"": 5, ""T1590 - Reconnaissance: Gather Victim Network Information"": 5, ""T1595 - Reconnaissance: Active Scanning"": 5, ""TA0011 - Command-and-Control"": 5}",7068045,0
greedy_loo_fragility,greedy_loo_fragility,{},606,90,45,1.4464388877186196e-05,0.22421070706430474,0.09924619340902416,0.21848176836291083,0.36447584059602167,5,50,10.0,14.142135623730951,80.0,"{""T1036 - Defense Evasion: Masquerading"": 5, ""T1498.001 - Impact: Direct Network Flood"": 5, ""T1498.002 - Impact: Reflection/Amplification Attack"": 5, ""T1571 - Defense Evasion: Non-Standard Port"": 50, ""T1583.005 - Resource Development: Acquire Botnet"": 5, ""T1584.005 - Resource Development: Build/Compromise Botnet"": 5, ""T1590 - Reconnaissance: Gather Victim Network Information"": 5, ""T1595 - Reconnaissance: Active Scanning"": 5, ""TA0011 - Command-and-Control"": 5}",7068090,45
greedy_loo_fragility,greedy_loo_fragility,{},606,180,135,2.6748223936557145e-06,0.22388730097059087,0.10179441944518701,0.21985455634036113,0.358901067067345,5,95,19.0,30.0,210.0,"{""T1036 - Defense Evasion: Masquerading"": 5, ""T1498.001 - Impact: Direct Network Flood"": 5, ""T1498.002 - Impact: Reflection/Amplification Attack"": 5, ""T1571 - Defense Evasion: Non-Standard Port"": 95, ""T1583.005 - Resource Development: Acquire Botnet"": 5, ""T1584.005 - Resource Development: Build/Compromise Botnet"": 5, ""T1590 - Reconnaissance: Gather Victim Network Information"": 5, ""T1595 - Reconnaissance: Active Scanning"": 5, ""TA0011 - Command-and-Control"": 50}",7068180,135
greedy_loo_fragility,greedy_loo_fragility,{},606,360,315,9.041954098863602e-07,0.22465965730595036,0.10242257643161869,0.22025848223526784,0.36033419247412724,5,95,19.0,41.23105625617661,350.0,"{""T1036 - Defense Evasion: Masquerading"": 5, ""T1498.001 - Impact: Direct Network Flood"": 5, ""T1498.002 - Impact: Reflection/Amplification Attack"": 5, ""T1571 - Defense Evasion: Non-Standard Port"": 95, ""T1583.005 - Resource Development: Acquire Botnet"": 50, ""T1584.005 - Resource Development: Build/Compromise Botnet"": 5, ""T1590 - Reconnaissance: Gather Victim Network Information"": 95, ""T1595 - Reconnaissance: Active Scanning"": 5, ""TA0011 - Command-and-Control"": 95}",7068360,315
greedy_loo_fragility,greedy_loo_fragility,{},606,720,675,1.3989764693160462e-06,0.22390928797715443,0.10336836063840785,0.21888463461711397,0.3604203517503067,5,200,40.0,73.824115301167,600.0,"{""T1036 - Defense Evasion: Masquerading"": 95, ""T1498.001 - Impact: Direct Network Flood"": 5, ""T1498.002 - Impact: Reflection/Amplification Attack"": 5, ""T1571 - Defense Evasion: Non-Standard Port"": 170, ""T1583.005 - Resource Development: Acquire Botnet"": 200, ""T1584.005 - Resource Development: Build/Compromise Botnet"": 5, ""T1590 - Reconnaissance: Gather Victim Network Information"": 140, ""T1595 - Reconnaissance: Active Scanning"": 5, ""TA0011 - Command-and-Control"": 95}",7068720,675
greedy_loo_fragility,greedy_loo_fragility,{},606,1200,1155,4.16551281926673e-06,0.22321978987976474,0.10275784118531262,0.21860774590455873,0.3581486729179551,5,200,40.0,76.43588453366942,588.0,"{""T1036 - Defense Evasion: Masquerading"": 141, ""T1498.001 - Impact: Direct Network Flood"": 200, ""T1498.002 - Impact: Reflection/Amplification Attack"": 5, ""T1571 - Defense Evasion: Non-Standard Port"": 200, ""T1583.005 - Resource Development: Acquire Botnet"": 200, ""T1584.005 - Resource Development: Build/Compromise Botnet"": 5, ""T1590 - Reconnaissance: Gather Victim Network Information"": 199, ""T1595 - Reconnaissance: Active Scanning"": 155, ""TA0011 - Command-and-Control"": 95}",7069200,1155
greedy_loo_fragility,greedy_loo_fragility,{},606,1798,1753,0.0,0.22470484448919714,0.10282013170083151,0.21987138712593557,0.3602157968474639,199,200,1.0050251256281406,0.41573970964154905,0.0,"{""T1036 - Defense Evasion: Masquerading"": 200, ""T1498.001 - Impact: Direct Network Flood"": 200, ""T1498.002 - Impact: Reflection/Amplification Attack"": 200, ""T1571 - Defense Evasion: Non-Standard Port"": 200, ""T1583.005 - Resource Development: Acquire Botnet"": 200, ""T1584.005 - Resource Development: Build/Compromise Botnet"": 199, ""T1590 - Reconnaissance: Gather Victim Network Information"": 199, ""T1595 - Reconnaissance: Active Scanning"": 200, ""TA0011 - Command-and-Control"": 200}",7069798,1753
epsilon_greedy_eps0.2,epsilon_greedy_loo_fragility,"{""epsilon"": 0.2}",606,45,0,7.269065187851542e-05,0.22924167391110215,0.09833660738493055,0.22363370959171283,0.3760870842778797,5,5,1.0,0.0,0.0,"{""T1036 - Defense Evasion: Masquerading"": 5, ""T1498.001 - Impact: Direct Network Flood"": 5, ""T1498.002 - Impact: Reflection/Amplification Attack"": 5, ""T1571 - Defense Evasion: Non-Standard Port"": 5, ""T1583.005 - Resource Development: Acquire Botnet"": 5, ""T1584.005 - Resource Development: Build/Compromise Botnet"": 5, ""T1590 - Reconnaissance: Gather Victim Network Information"": 5, ""T1595 - Reconnaissance: Active Scanning"": 5, ""TA0011 - Command-and-Control"": 5}",7068045,0
epsilon_greedy_eps0.2,epsilon_greedy_loo_fragility,"{""epsilon"": 0.2}",606,90,45,2.3295296505770474e-05,0.22087926220862714,0.0963348802280497,0.21528804801570386,0.3627034923734403,6,39,6.5,10.263202878893768,58.0,"{""T1036 - Defense Evasion: Masquerading"": 7, ""T1498.001 - Impact: Direct Network Flood"": 6, ""T1498.002 - Impact: Reflection/Amplification Attack"": 7, ""T1571 - Defense Evasion: Non-Standard Port"": 39, ""T1583.005 - Resource Development: Acquire Botnet"": 6, ""T1584.005 - Resource Development: Build/Compromise Botnet"": 6, ""T1590 - Reconnaissance: Gather Victim Network Information"": 7, ""T1595 - Reconnaissance: Active Scanning"": 6, ""TA0011 - Command-and-Control"": 6}",7068090,45
epsilon_greedy_eps0.2,epsilon_greedy_loo_fragility,"{""epsilon"": 0.2}",606,180,135,3.2543982335825062e-06,0.22457566129819087,0.10375532020152599,0.21940249493511788,0.357417753364266,8,77,9.625,22.50925735484551,156.0,"{""T1036 - Defense Evasion: Masquerading"": 9, ""T1498.001 - Impact: Direct Network Flood"": 9, ""T1498.002 - Impact: Reflection/Amplification Attack"": 9, ""T1571 - Defense Evasion: Non-Standard Port"": 77, ""T1583.005 - Resource Development: Acquire Botnet"": 8, ""T1584.005 - Resource Development: Build/Compromise Botnet"": 9, ""T1590 - Reconnaissance: Gather Victim Network Information"": 9, ""T1595 - Reconnaissance: Active Scanning"": 41, ""TA0011 - Command-and-Control"": 9}",7068180,135
epsilon_greedy_eps0.2,epsilon_greedy_loo_fragility,"{""epsilon"": 0.2}",606,360,315,7.944998693714392e-07,0.22447366874881017,0.10427837334867461,0.21960749511435212,0.36010193760997955,15,176,11.733333333333333,51.7923203230406,346.0,"{""T1036 - Defense Evasion: Masquerading"": 16, ""T1498.001 - Impact: Direct Network Flood"": 15, ""T1498.002 - Impact: Reflection/Amplification Attack"": 15, ""T1571 - Defense Evasion: Non-Standard Port"": 77, ""T1583.005 - Resource Development: Acquire Botnet"": 15, ""T1584.005 - Resource Development: Build/Compromise Botnet"": 15, ""T1590 - Reconnaissance: Gather Victim Network Information"": 16, ""T1595 - Reconnaissance: Active Scanning"": 176, ""TA0011 - Command-and-Control"": 15}",7068360,315
epsilon_greedy_eps0.2,epsilon_greedy_loo_fragility,"{""epsilon"": 0.2}",606,720,675,8.095663152938908e-06,0.22728205717799424,0.10792689252146495,0.22229699815310983,0.3611849219573094,29,200,6.896551724137931,67.07872654989475,504.0,"{""T1036 - Defense Evasion: Masquerading"": 29, ""T1498.001 - Impact: Direct Network Flood"": 30, ""T1498.002 - Impact: Reflection/Amplification Attack"": 85, ""T1571 - Defense Evasion: Non-Standard Port"": 92, ""T1583.005 - Resource Development: Acquire Botnet"": 195, ""T1584.005 - Resource Development: Build/Compromise Botnet"": 29, ""T1590 - Reconnaissance: Gather Victim Network Information"": 30, ""T1595 - Reconnaissance: Active Scanning"": 200, ""TA0011 - Command-and-Control"": 30}",7068720,675
epsilon_greedy_eps0.2,epsilon_greedy_loo_fragility,"{""epsilon"": 0.2}",606,1200,1155,1.6342716954093093e-06,0.22496773459958114,0.10476991279923492,0.22017631026170376,0.3589374640293928,61,200,3.278688524590164,58.774522069043186,480.0,"{""T1036 - Defense Evasion: Masquerading"": 62, ""T1498.001 - Impact: Direct Network Flood"": 174, ""T1498.002 - Impact: Reflection/Amplification Attack"": 134, ""T1571 - Defense Evasion: Non-Standard Port"": 200, ""T1583.005 - Resource Development: Acquire Botnet"": 200, ""T1584.005 - Resource Development: Build/Compromise Botnet"": 107, ""T1590 - Reconnaissance: Gather Victim Network Information"": 61, ""T1595 - Reconnaissance: Active Scanning"": 200, ""TA0011 - Command-and-Control"": 62}",7069200,1155
epsilon_greedy_eps0.2,epsilon_greedy_loo_fragility,"{""epsilon"": 0.2}",606,1798,1753,0.0,0.22470484448919714,0.10282013170083151,0.21987138712593557,0.3602157968474639,199,200,1.0050251256281406,0.41573970964154905,0.0,"{""T1036 - Defense Evasion: Masquerading"": 200, ""T1498.001 - Impact: Direct Network Flood"": 200, ""T1498.002 - Impact: Reflection/Amplification Attack"": 200, ""T1571 - Defense Evasion: Non-Standard Port"": 200, ""T1583.005 - Resource Development: Acquire Botnet"": 200, ""T1584.005 - Resource Development: Build/Compromise Botnet"": 199, ""T1590 - Reconnaissance: Gather Victim Network Information"": 199, ""T1595 - Reconnaissance: Active Scanning"": 200, ""TA0011 - Command-and-Control"": 200}",7069798,1753
exploration_bonus_c0.25,exploration_bonus_loo_fragility,"{""c"": 0.25}",606,45,0,7.269065187851542e-05,0.22924167391110215,0.09833660738493055,0.22363370959171283,0.3760870842778797,5,5,1.0,0.0,0.0,"{""T1036 - Defense Evasion: Masquerading"": 5, ""T1498.001 - Impact: Direct Network Flood"": 5, ""T1498.002 - Impact: Reflection/Amplification Attack"": 5, ""T1571 - Defense Evasion: Non-Standard Port"": 5, ""T1583.005 - Resource Development: Acquire Botnet"": 5, ""T1584.005 - Resource Development: Build/Compromise Botnet"": 5, ""T1590 - Reconnaissance: Gather Victim Network Information"": 5, ""T1595 - Reconnaissance: Active Scanning"": 5, ""TA0011 - Command-and-Control"": 5}",7068045,0
exploration_bonus_c0.25,exploration_bonus_loo_fragility,"{""c"": 0.25}",606,90,45,1.4464388877186196e-05,0.22421070706430474,0.09924619340902416,0.21848176836291083,0.36447584059602167,5,50,10.0,14.142135623730951,80.0,"{""T1036 - Defense Evasion: Masquerading"": 5, ""T1498.001 - Impact: Direct Network Flood"": 5, ""T1498.002 - Impact: Reflection/Amplification Attack"": 5, ""T1571 - Defense Evasion: Non-Standard Port"": 50, ""T1583.005 - Resource Development: Acquire Botnet"": 5, ""T1584.005 - Resource Development: Build/Compromise Botnet"": 5, ""T1590 - Reconnaissance: Gather Victim Network Information"": 5, ""T1595 - Reconnaissance: Active Scanning"": 5, ""TA0011 - Command-and-Control"": 5}",7068090,45
exploration_bonus_c0.25,exploration_bonus_loo_fragility,"{""c"": 0.25}",606,180,135,1.5780227028749348e-06,0.224780738558768,0.1025518139040445,0.22068459351817998,0.3597164512315685,5,95,19.0,28.071337695236398,180.0,"{""T1036 - Defense Evasion: Masquerading"": 26, ""T1498.001 - Impact: Direct Network Flood"": 5, ""T1498.002 - Impact: Reflection/Amplification Attack"": 5, ""T1571 - Defense Evasion: Non-Standard Port"": 95, ""T1583.005 - Resource Development: Acquire Botnet"": 5, ""T1584.005 - Resource Development: Build/Compromise Botnet"": 5, ""T1590 - Reconnaissance: Gather Victim Network Information"": 5, ""T1595 - Reconnaissance: Active Scanning"": 5, ""TA0011 - Command-and-Control"": 29}",7068180,135
exploration_bonus_c0.25,exploration_bonus_loo_fragility,"{""c"": 0.25}",606,360,315,9.302794073119186e-06,0.22520075351949845,0.1045485456864293,0.22028987176408438,0.35983211238838186,5,140,28.0,46.389654018972806,350.0,"{""T1036 - Defense Evasion: Masquerading"": 47, ""T1498.001 - Impact: Direct Network Flood"": 5, ""T1498.002 - Impact: Reflection/Amplification Attack"": 5, ""T1571 - Defense Evasion: Non-Standard Port"": 95, ""T1583.005 - Resource Development: Acquire Botnet"": 5, ""T1584.005 - Resource Development: Build/Compromise Botnet"": 5, ""T1590 - Reconnaissance: Gather Victim Network Information"": 140, ""T1595 - Reconnaissance: Active Scanning"": 5, ""TA0011 - Command-and-Control"": 53}",7068360,315
exploration_bonus_c0.25,exploration_bonus_loo_fragility,"{""c"": 0.25}",606,720,675,4.401392793648275e-06,0.22375495025439568,0.1055963270373947,0.21894500417952467,0.3589531795664544,5,200,40.0,79.59480720080508,658.0,"{""T1036 - Defense Evasion: Masquerading"": 47, ""T1498.001 - Impact: Direct Network Flood"": 200, ""T1498.002 - Impact: Reflection/Amplification Attack"": 5, ""T1571 - Defense Evasion: Non-Standard Port"": 170, ""T1583.005 - Resource Development: Acquire Botnet"": 31, ""T1584.005 - Resource Development: Build/Compromise Botnet"": 8, ""T1590 - Reconnaissance: Gather Victim Network Information"": 199, ""T1595 - Reconnaissance: Active Scanning"": 7, ""TA0011 - Command-and-Control"": 53}",7068720,675
exploration_bonus_c0.25,exploration_bonus_loo_fragility,"{""c"": 0.25}",606,1200,1155,9.428127431955304e-07,0.2252514004428177,0.10387883337507664,0.22047789490212885,0.3604287930031202,9,200,22.22222222222222,69.01529621113795,536.0,"{""T1036 - Defense Evasion: Masquerading"": 116, ""T1498.001 - Impact: Direct Network Flood"": 200, ""T1498.002 - Impact: Reflection/Amplification Attack"": 95, ""T1571 - Defense Evasion: Non-Standard Port"": 200, ""T1583.005 - Resource Development: Acquire Botnet"": 44, ""T1584.005 - Resource Development: Build/Compromise Botnet"": 9, ""T1590 - Reconnaissance: Gather Victim Network Information"": 199, ""T1595 - Reconnaissance: Active Scanning"": 200, ""TA0011 - Command-and-Control"": 137}",7069200,1155
exploration_bonus_c0.25,exploration_bonus_loo_fragility,"{""c"": 0.25}",606,1798,1753,0.0,0.22470484448919714,0.10282013170083151,0.21987138712593557,0.3602157968474639,199,200,1.0050251256281406,0.41573970964154905,0.0,"{""T1036 - Defense Evasion: Masquerading"": 200, ""T1498.001 - Impact: Direct Network Flood"": 200, ""T1498.002 - Impact: Reflection/Amplification Attack"": 200, ""T1571 - Defense Evasion: Non-Standard Port"": 200, ""T1583.005 - Resource Development: Acquire Botnet"": 200, ""T1584.005 - Resource Development: Build/Compromise Botnet"": 199, ""T1590 - Reconnaissance: Gather Victim Network Information"": 199, ""T1595 - Reconnaissance: Active Scanning"": 200, ""TA0011 - Command-and-Control"": 200}",7069798,1753
exploration_bonus_c0.5,exploration_bonus_loo_fragility,"{""c"": 0.5}",606,45,0,7.269065187851542e-05,0.22924167391110215,0.09833660738493055,0.22363370959171283,0.3760870842778797,5,5,1.0,0.0,0.0,"{""T1036 - Defense Evasion: Masquerading"": 5, ""T1498.001 - Impact: Direct Network Flood"": 5, ""T1498.002 - Impact: Reflection/Amplification Attack"": 5, ""T1571 - Defense Evasion: Non-Standard Port"": 5, ""T1583.005 - Resource Development: Acquire Botnet"": 5, ""T1584.005 - Resource Development: Build/Compromise Botnet"": 5, ""T1590 - Reconnaissance: Gather Victim Network Information"": 5, ""T1595 - Reconnaissance: Active Scanning"": 5, ""TA0011 - Command-and-Control"": 5}",7068045,0
exploration_bonus_c0.5,exploration_bonus_loo_fragility,"{""c"": 0.5}",606,90,45,1.4464388877186196e-05,0.22421070706430474,0.09924619340902416,0.21848176836291083,0.36447584059602167,5,50,10.0,14.142135623730951,80.0,"{""T1036 - Defense Evasion: Masquerading"": 5, ""T1498.001 - Impact: Direct Network Flood"": 5, ""T1498.002 - Impact: Reflection/Amplification Attack"": 5, ""T1571 - Defense Evasion: Non-Standard Port"": 50, ""T1583.005 - Resource Development: Acquire Botnet"": 5, ""T1584.005 - Resource Development: Build/Compromise Botnet"": 5, ""T1590 - Reconnaissance: Gather Victim Network Information"": 5, ""T1595 - Reconnaissance: Active Scanning"": 5, ""TA0011 - Command-and-Control"": 5}",7068090,45
exploration_bonus_c0.5,exploration_bonus_loo_fragility,"{""c"": 0.5}",606,180,135,2.8469563218688905e-06,0.22474802569883395,0.1030250563090719,0.22074083827357288,0.35977194342613944,5,95,19.0,27.980151695244416,178.0,"{""T1036 - Defense Evasion: Masquerading"": 26, ""T1498.001 - Impact: Direct Network Flood"": 5, ""T1498.002 - Impact: Reflection/Amplification Attack"": 5, ""T1571 - Defense Evasion: Non-Standard Port"": 95, ""T1583.005 - Resource Development: Acquire Botnet"": 5, ""T1584.005 - Resource Development: Build/Compromise Botnet"": 5, ""T1590 - Reconnaissance: Gather Victim Network Information"": 6, ""T1595 - Reconnaissance: Active Scanning"": 5, ""TA0011 - Command-and-Control"": 28}",7068180,135
exploration_bonus_c0.5,exploration_bonus_loo_fragility,"{""c"": 0.5}",606,360,315,1.6304195150159639e-06,0.22460677682742552,0.10328012981747978,0.22005581669962193,0.3576164424248312,5,97,19.4,35.13466158147029,272.0,"{""T1036 - Defense Evasion: Masquerading"": 47, ""T1498.001 - Impact: Direct Network Flood"": 5, ""T1498.002 - Impact: Reflection/Amplification Attack"": 6, ""T1571 - Defense Evasion: Non-Standard Port"": 95, ""T1583.005 - Resource Development: Acquire Botnet"": 46, ""T1584.005 - Resource Development: Build/Compromise Botnet"": 8, ""T1590 - Reconnaissance: Gather Victim Network Information"": 97, ""T1595 - Reconnaissance: Active Scanning"": 5, ""TA0011 - Command-and-Control"": 51}",7068360,315
exploration_bonus_c0.5,exploration_bonus_loo_fragility,"{""c"": 0.5}",606,720,675,3.7467082980111714e-06,0.22451547037848968,0.10772065817458144,0.21887549461957548,0.35719772044149367,9,200,22.22222222222222,58.732917138139456,456.0,"{""T1036 - Defense Evasion: Masquerading"": 65, ""T1498.001 - Impact: Direct Network Flood"": 30, ""T1498.002 - Impact: Reflection/Amplification Attack"": 17, ""T1571 - Defense Evasion: Non-Standard Port"": 200, ""T1583.005 - Resource Development: Acquire Botnet"": 126, ""T1584.005 - Resource Development: Build/Compromise Botnet"": 9, ""T1590 - Reconnaissance: Gather Victim Network Information"": 107, ""T1595 - Reconnaissance: Active Scanning"": 115, ""TA0011 - Command-and-Control"": 51}",7068720,675
exploration_bonus_c0.5,exploration_bonus_loo_fragility,"{""c"": 0.5}",606,1200,1155,1.2502376657595288e-06,0.22475731599266546,0.10291036406253957,0.21982681275388805,0.3603382082368261,9,200,22.22222222222222,72.21880333788117,574.0,"{""T1036 - Defense Evasion: Masquerading"": 200, ""T1498.001 - Impact: Direct Network Flood"": 200, ""T1498.002 - Impact: Reflection/Amplification Attack"": 53, ""T1571 - Defense Evasion: Non-Standard Port"": 200, ""T1583.005 - Resource Development: Acquire Botnet"": 155, ""T1584.005 - Resource Development: Build/Compromise Botnet"": 9, ""T1590 - Reconnaissance: Gather Victim Network Information"": 132, ""T1595 - Reconnaissance: Active Scanning"": 200, ""TA0011 - Command-and-Control"": 51}",7069200,1155
exploration_bonus_c0.5,exploration_bonus_loo_fragility,"{""c"": 0.5}",606,1798,1753,0.0,0.22470484448919714,0.10282013170083151,0.21987138712593557,0.3602157968474639,199,200,1.0050251256281406,0.41573970964154905,0.0,"{""T1036 - Defense Evasion: Masquerading"": 200, ""T1498.001 - Impact: Direct Network Flood"": 200, ""T1498.002 - Impact: Reflection/Amplification Attack"": 200, ""T1571 - Defense Evasion: Non-Standard Port"": 200, ""T1583.005 - Resource Development: Acquire Botnet"": 200, ""T1584.005 - Resource Development: Build/Compromise Botnet"": 199, ""T1590 - Reconnaissance: Gather Victim Network Information"": 199, ""T1595 - Reconnaissance: Active Scanning"": 200, ""TA0011 - Command-and-Control"": 200}",7069798,1753
exploration_bonus_c1.0,exploration_bonus_loo_fragility,"{""c"": 1.0}",606,45,0,7.269065187851542e-05,0.22924167391110215,0.09833660738493055,0.22363370959171283,0.3760870842778797,5,5,1.0,0.0,0.0,"{""T1036 - Defense Evasion: Masquerading"": 5, ""T1498.001 - Impact: Direct Network Flood"": 5, ""T1498.002 - Impact: Reflection/Amplification Attack"": 5, ""T1571 - Defense Evasion: Non-Standard Port"": 5, ""T1583.005 - Resource Development: Acquire Botnet"": 5, ""T1584.005 - Resource Development: Build/Compromise Botnet"": 5, ""T1590 - Reconnaissance: Gather Victim Network Information"": 5, ""T1595 - Reconnaissance: Active Scanning"": 5, ""TA0011 - Command-and-Control"": 5}",7068045,0
exploration_bonus_c1.0,exploration_bonus_loo_fragility,"{""c"": 1.0}",606,90,45,1.4464388877186196e-05,0.22421070706430474,0.09924619340902416,0.21848176836291083,0.36447584059602167,5,50,10.0,14.142135623730951,80.0,"{""T1036 - Defense Evasion: Masquerading"": 5, ""T1498.001 - Impact: Direct Network Flood"": 5, ""T1498.002 - Impact: Reflection/Amplification Attack"": 5, ""T1571 - Defense Evasion: Non-Standard Port"": 50, ""T1583.005 - Resource Development: Acquire Botnet"": 5, ""T1584.005 - Resource Development: Build/Compromise Botnet"": 5, ""T1590 - Reconnaissance: Gather Victim Network Information"": 5, ""T1595 - Reconnaissance: Active Scanning"": 5, ""TA0011 - Command-and-Control"": 5}",7068090,45
exploration_bonus_c1.0,exploration_bonus_loo_fragility,"{""c"": 1.0}",606,180,135,2.993625833935062e-06,0.22554813919693834,0.10433877698081495,0.2209968745684912,0.3603178778930367,5,95,19.0,27.402351886086144,162.0,"{""T1036 - Defense Evasion: Masquerading"": 23, ""T1498.001 - Impact: Direct Network Flood"": 5, ""T1498.002 - Impact: Reflection/Amplification Attack"": 5, ""T1571 - Defense Evasion: Non-Standard Port"": 95, ""T1583.005 - Resource Development: Acquire Botnet"": 8, ""T1584.005 - Resource Development: Build/Compromise Botnet"": 5, ""T1590 - Reconnaissance: Gather Victim Network Information"": 10, ""T1595 - Reconnaissance: Active Scanning"": 6, ""TA0011 - Command-and-Control"": 23}",7068180,135
exploration_bonus_c1.0,exploration_bonus_loo_fragility,"{""c"": 1.0}",606,360,315,1.7795440377274237e-06,0.2245471719511159,0.10487775924873727,0.21985536354058485,0.3600420804670604,8,95,11.875,25.957229778575716,186.0,"{""T1036 - Defense Evasion: Masquerading"": 70, ""T1498.001 - Impact: Direct Network Flood"": 47, ""T1498.002 - Impact: Reflection/Amplification Attack"": 8, ""T1571 - Defense Evasion: Non-Standard Port"": 95, ""T1583.005 - Resource Development: Acquire Botnet"": 30, ""T1584.005 - Resource Development: Build/Compromise Botnet"": 20, ""T1590 - Reconnaissance: Gather Victim Network Information"": 31, ""T1595 - Reconnaissance: Active Scanning"": 18, ""TA0011 - Command-and-Control"": 41}",7068360,315
exploration_bonus_c1.0,exploration_bonus_loo_fragility,"{""c"": 1.0}",606,720,675,4.708731874291887e-06,0.22611924742242917,0.10510034375463935,0.2213347984482113,0.36144426225667914,27,200,7.407407407407407,53.19147801418319,382.0,"{""T1036 - Defense Evasion: Masquerading"": 70, ""T1498.001 - Impact: Direct Network Flood"": 136, ""T1498.002 - Impact: Reflection/Amplification Attack"": 54, ""T1571 - Defense Evasion: Non-Standard Port"": 95, ""T1583.005 - Resource Development: Acquire Botnet"": 200, ""T1584.005 - Resource Development: Build/Compromise Botnet"": 27, ""T1590 - Reconnaissance: Gather Victim Network Information"": 31, ""T1595 - Reconnaissance: Active Scanning"": 66, ""TA0011 - Command-and-Control"": 41}",7068720,675
exploration_bonus_c1.0,exploration_bonus_loo_fragility,"{""c"": 1.0}",606,1200,1155,3.12164386366757e-06,0.22574533821641313,0.10270434862996729,0.22148654179104485,0.3612227408914156,41,200,4.878048780487805,59.18708567847475,454.0,"{""T1036 - Defense Evasion: Masquerading"": 163, ""T1498.001 - Impact: Direct Network Flood"": 200, ""T1498.002 - Impact: Reflection/Amplification Attack"": 94, ""T1571 - Defense Evasion: Non-Standard Port"": 124, ""T1583.005 - Resource Development: Acquire Botnet"": 200, ""T1584.005 - Resource Development: Build/Compromise Botnet"": 48, ""T1590 - Reconnaissance: Gather Victim Network Information"": 41, ""T1595 - Reconnaissance: Active Scanning"": 199, ""TA0011 - Command-and-Control"": 131}",7069200,1155
exploration_bonus_c1.0,exploration_bonus_loo_fragility,"{""c"": 1.0}",606,1798,1753,0.0,0.22470484448919714,0.10282013170083151,0.21987138712593557,0.3602157968474639,199,200,1.0050251256281406,0.41573970964154905,0.0,"{""T1036 - Defense Evasion: Masquerading"": 200, ""T1498.001 - Impact: Direct Network Flood"": 200, ""T1498.002 - Impact: Reflection/Amplification Attack"": 200, ""T1571 - Defense Evasion: Non-Standard Port"": 200, ""T1583.005 - Resource Development: Acquire Botnet"": 200, ""T1584.005 - Resource Development: Build/Compromise Botnet"": 199, ""T1590 - Reconnaissance: Gather Victim Network Information"": 199, ""T1595 - Reconnaissance: Active Scanning"": 200, ""TA0011 - Command-and-Control"": 200}",7069798,1753
uniform_step_balanced,uniform_step_balanced,{},707,45,0,5.4674219001275806e-05,0.22619738818562604,0.11555407151368915,0.2232357563567069,0.34630779435424336,5,5,1.0,0.0,0.0,"{""T1036 - Defense Evasion: Masquerading"": 5, ""T1498.001 - Impact: Direct Network Flood"": 5, ""T1498.002 - Impact: Reflection/Amplification Attack"": 5, ""T1571 - Defense Evasion: Non-Standard Port"": 5, ""T1583.005 - Resource Development: Acquire Botnet"": 5, ""T1584.005 - Resource Development: Build/Compromise Botnet"": 5, ""T1590 - Reconnaissance: Gather Victim Network Information"": 5, ""T1595 - Reconnaissance: Active Scanning"": 5, ""TA0011 - Command-and-Control"": 5}",8078045,0
uniform_step_balanced,uniform_step_balanced,{},707,90,45,2.3732790177755868e-05,0.22307814220245104,0.10808741440163168,0.21822576289396908,0.35148027720142555,10,10,1.0,0.0,0.0,"{""T1036 - Defense Evasion: Masquerading"": 10, ""T1498.001 - Impact: Direct Network Flood"": 10, ""T1498.002 - Impact: Reflection/Amplification Attack"": 10, ""T1571 - Defense Evasion: Non-Standard Port"": 10, ""T1583.005 - Resource Development: Acquire Botnet"": 10, ""T1584.005 - Resource Development: Build/Compromise Botnet"": 10, ""T1590 - Reconnaissance: Gather Victim Network Information"": 10, ""T1595 - Reconnaissance: Active Scanning"": 10, ""TA0011 - Command-and-Control"": 10}",8078090,45
uniform_step_balanced,uniform_step_balanced,{},707,180,135,1.667644503063523e-05,0.22395274166250473,0.11161581110717514,0.21914342983606486,0.3552722033929847,20,20,1.0,0.0,0.0,"{""T1036 - Defense Evasion: Masquerading"": 20, ""T1498.001 - Impact: Direct Network Flood"": 20, ""T1498.002 - Impact: Reflection/Amplification Attack"": 20, ""T1571 - Defense Evasion: Non-Standard Port"": 20, ""T1583.005 - Resource Development: Acquire Botnet"": 20, ""T1584.005 - Resource Development: Build/Compromise Botnet"": 20, ""T1590 - Reconnaissance: Gather Victim Network Information"": 20, ""T1595 - Reconnaissance: Active Scanning"": 20, ""TA0011 - Command-and-Control"": 20}",8078180,135
uniform_step_balanced,uniform_step_balanced,{},707,360,315,1.0246951630294914e-05,0.22327929046448744,0.10345772231103299,0.21903610065924434,0.3527419204667877,40,40,1.0,0.0,0.0,"{""T1036 - Defense Evasion: Masquerading"": 40, ""T1498.001 - Impact: Direct Network Flood"": 40, ""T1498.002 - Impact: Reflection/Amplification Attack"": 40, ""T1571 - Defense Evasion: Non-Standard Port"": 40, ""T1583.005 - Resource Development: Acquire Botnet"": 40, ""T1584.005 - Resource Development: Build/Compromise Botnet"": 40, ""T1590 - Reconnaissance: Gather Victim Network Information"": 40, ""T1595 - Reconnaissance: Active Scanning"": 40, ""TA0011 - Command-and-Control"": 40}",8078360,315
uniform_step_balanced,uniform_step_balanced,{},707,720,675,4.896445414141115e-06,0.22494981809133352,0.10745021911068978,0.2208422210008829,0.3569871969472359,80,80,1.0,0.0,0.0,"{""T1036 - Defense Evasion: Masquerading"": 80, ""T1498.001 - Impact: Direct Network Flood"": 80, ""T1498.002 - Impact: Reflection/Amplification Attack"": 80, ""T1571 - Defense Evasion: Non-Standard Port"": 80, ""T1583.005 - Resource Development: Acquire Botnet"": 80, ""T1584.005 - Resource Development: Build/Compromise Botnet"": 80, ""T1590 - Reconnaissance: Gather Victim Network Information"": 80, ""T1595 - Reconnaissance: Active Scanning"": 80, ""TA0011 - Command-and-Control"": 80}",8078720,675
uniform_step_balanced,uniform_step_balanced,{},707,1200,1155,9.966296391580267e-07,0.22492651980819095,0.10445214849663688,0.22040485537018512,0.35778790808775285,133,134,1.0075187969924813,0.4714045207910317,0.0,"{""T1036 - Defense Evasion: Masquerading"": 133, ""T1498.001 - Impact: Direct Network Flood"": 133, ""T1498.002 - Impact: Reflection/Amplification Attack"": 133, ""T1571 - Defense Evasion: Non-Standard Port"": 133, ""T1583.005 - Resource Development: Acquire Botnet"": 134, ""T1584.005 - Resource Development: Build/Compromise Botnet"": 133, ""T1590 - Reconnaissance: Gather Victim Network Information"": 133, ""T1595 - Reconnaissance: Active Scanning"": 134, ""TA0011 - Command-and-Control"": 134}",8079200,1155
uniform_step_balanced,uniform_step_balanced,{},707,1798,1753,0.0,0.22470484448919714,0.10282013170083151,0.21987138712593557,0.3602157968474639,199,200,1.0050251256281406,0.41573970964154905,0.0,"{""T1036 - Defense Evasion: Masquerading"": 200, ""T1498.001 - Impact: Direct Network Flood"": 200, ""T1498.002 - Impact: Reflection/Amplification Attack"": 200, ""T1571 - Defense Evasion: Non-Standard Port"": 200, ""T1583.005 - Resource Development: Acquire Botnet"": 200, ""T1584.005 - Resource Development: Build/Compromise Botnet"": 199, ""T1590 - Reconnaissance: Gather Victim Network Information"": 199, ""T1595 - Reconnaissance: Active Scanning"": 200, ""TA0011 - Command-and-Control"": 200}",8079798,1753
greedy_loo_fragility,greedy_loo_fragility,{},707,45,0,5.4674219001275806e-05,0.22619738818562604,0.11555407151368915,0.2232357563567069,0.34630779435424336,5,5,1.0,0.0,0.0,"{""T1036 - Defense Evasion: Masquerading"": 5, ""T1498.001 - Impact: Direct Network Flood"": 5, ""T1498.002 - Impact: Reflection/Amplification Attack"": 5, ""T1571 - Defense Evasion: Non-Standard Port"": 5, ""T1583.005 - Resource Development: Acquire Botnet"": 5, ""T1584.005 - Resource Development: Build/Compromise Botnet"": 5, ""T1590 - Reconnaissance: Gather Victim Network Information"": 5, ""T1595 - Reconnaissance: Active Scanning"": 5, ""TA0011 - Command-and-Control"": 5}",8078045,0
greedy_loo_fragility,greedy_loo_fragility,{},707,90,45,2.5516586669495784e-05,0.22896076746928642,0.11175090251143546,0.22498887357286887,0.36046869823345,5,50,10.0,14.142135623730951,80.0,"{""T1036 - Defense Evasion: Masquerading"": 5, ""T1498.001 - Impact: Direct Network Flood"": 5, ""T1498.002 - Impact: Reflection/Amplification Attack"": 5, ""T1571 - Defense Evasion: Non-Standard Port"": 50, ""T1583.005 - Resource Development: Acquire Botnet"": 5, ""T1584.005 - Resource Development: Build/Compromise Botnet"": 5, ""T1590 - Reconnaissance: Gather Victim Network Information"": 5, ""T1595 - Reconnaissance: Active Scanning"": 5, ""TA0011 - Command-and-Control"": 5}",8078090,45
greedy_loo_fragility,greedy_loo_fragility,{},707,180,135,1.5492809253808876e-05,0.22848443749526715,0.10961719445405187,0.22396831184250127,0.3618506145966812,5,95,19.0,30.0,210.0,"{""T1036 - Defense Evasion: Masquerading"": 5, ""T1498.001 - Impact: Direct Network Flood"": 5, ""T1498.002 - Impact: Reflection/Amplification Attack"": 5, ""T1571 - Defense Evasion: Non-Standard Port"": 95, ""T1583.005 - Resource Development: Acquire Botnet"": 5, ""T1584.005 - Resource Development: Build/Compromise Botnet"": 5, ""T1590 - Reconnaissance: Gather Victim Network Information"": 5, ""T1595 - Reconnaissance: Active Scanning"": 5, ""TA0011 - Command-and-Control"": 50}",8078180,135
greedy_loo_fragility,greedy_loo_fragility,{},707,360,315,4.563755371829931e-06,0.22622231037432966,0.10928756596608681,0.22130570146415773,0.35934115219578605,5,185,37.0,59.16079783099616,420.0,"{""T1036 - Defense Evasion: Masquerading"": 5, ""T1498.001 - Impact: Direct Network Flood"": 5, ""T1498.002 - Impact: Reflection/Amplification Attack"": 50, ""T1571 - Defense Evasion: Non-Standard Port"": 185, ""T1583.005 - Resource Development: Acquire Botnet"": 5, ""T1584.005 - Resource Development: Build/Compromise Botnet"": 5, ""T1590 - Reconnaissance: Gather Victim Network Information"": 5, ""T1595 - Reconnaissance: Active Scanning"": 5, ""TA0011 - Command-and-Control"": 95}",8078360,315
greedy_loo_fragility,greedy_loo_fragility,{},707,720,675,9.084660843415404e-06,0.22701370903958878,0.10737359233433615,0.2225479951051055,0.3622701211643122,5,185,37.0,60.0,450.0,"{""T1036 - Defense Evasion: Masquerading"": 5, ""T1498.001 - Impact: Direct Network Flood"": 140, ""T1498.002 - Impact: Reflection/Amplification Attack"": 95, ""T1571 - Defense Evasion: Non-Standard Port"": 185, ""T1583.005 - Resource Development: Acquire Botnet"": 5, ""T1584.005 - Resource Development: Build/Compromise Botnet"": 95, ""T1590 - Reconnaissance: Gather Victim Network Information"": 95, ""T1595 - Reconnaissance: Active Scanning"": 5, ""TA0011 - Command-and-Control"": 95}",8078720,675
greedy_loo_fragility,greedy_loo_fragility,{},707,1200,1155,7.035950626362919e-06,0.226965158391906,0.10689761425528797,0.2219511959834653,0.36239659639340616,5,200,40.0,78.98804410232673,632.0,"{""T1036 - Defense Evasion: Masquerading"": 5, ""T1498.001 - Impact: Direct Network Flood"": 200, ""T1498.002 - Impact: Reflection/Amplification Attack"": 200, ""T1571 - Defense Evasion: Non-Standard Port"": 185, ""T1583.005 - Resource Development: Acquire Botnet"": 80, ""T1584.005 - Resource Development: Build/Compromise Botnet"": 126, ""T1590 - Reconnaissance: Gather Victim Network Information"": 199, ""T1595 - Reconnaissance: Active Scanning"": 5, ""TA0011 - Command-and-Control"": 200}",8079200,1155
greedy_loo_fragility,greedy_loo_fragility,{},707,1798,1753,0.0,0.22470484448919714,0.10282013170083151,0.21987138712593557,0.3602157968474639,199,200,1.0050251256281406,0.41573970964154905,0.0,"{""T1036 - Defense Evasion: Masquerading"": 200, ""T1498.001 - Impact: Direct Network Flood"": 200, ""T1498.002 - Impact: Reflection/Amplification Attack"": 200, ""T1571 - Defense Evasion: Non-Standard Port"": 200, ""T1583.005 - Resource Development: Acquire Botnet"": 200, ""T1584.005 - Resource Development: Build/Compromise Botnet"": 199, ""T1590 - Reconnaissance: Gather Victim Network Information"": 199, ""T1595 - Reconnaissance: Active Scanning"": 200, ""TA0011 - Command-and-Control"": 200}",8079798,1753
epsilon_greedy_eps0.2,epsilon_greedy_loo_fragility,"{""epsilon"": 0.2}",707,45,0,5.4674219001275806e-05,0.22619738818562604,0.11555407151368915,0.2232357563567069,0.34630779435424336,5,5,1.0,0.0,0.0,"{""T1036 - Defense Evasion: Masquerading"": 5, ""T1498.001 - Impact: Direct Network Flood"": 5, ""T1498.002 - Impact: Reflection/Amplification Attack"": 5, ""T1571 - Defense Evasion: Non-Standard Port"": 5, ""T1583.005 - Resource Development: Acquire Botnet"": 5, ""T1584.005 - Resource Development: Build/Compromise Botnet"": 5, ""T1590 - Reconnaissance: Gather Victim Network Information"": 5, ""T1595 - Reconnaissance: Active Scanning"": 5, ""TA0011 - Command-and-Control"": 5}",8078045,0
epsilon_greedy_eps0.2,epsilon_greedy_loo_fragility,"{""epsilon"": 0.2}",707,90,45,4.321180737542563e-06,0.22635855214864734,0.10411273108228676,0.22277189119674584,0.36002332787466584,6,42,7.0,11.313708498984761,64.0,"{""T1036 - Defense Evasion: Masquerading"": 6, ""T1498.001 - Impact: Direct Network Flood"": 6, ""T1498.002 - Impact: Reflection/Amplification Attack"": 6, ""T1571 - Defense Evasion: Non-Standard Port"": 42, ""T1583.005 - Resource Development: Acquire Botnet"": 6, ""T1584.005 - Resource Development: Build/Compromise Botnet"": 6, ""T1590 - Reconnaissance: Gather Victim Network Information"": 6, ""T1595 - Reconnaissance: Active Scanning"": 6, ""TA0011 - Command-and-Control"": 6}",8078090,45
epsilon_greedy_eps0.2,epsilon_greedy_loo_fragility,"{""epsilon"": 0.2}",707,180,135,1.6666534138580055e-05,0.22695068961861953,0.11246056512281478,0.22176331087225412,0.35832061233997053,8,77,9.625,22.67156809750927,158.0,"{""T1036 - Defense Evasion: Masquerading"": 9, ""T1498.001 - Impact: Direct Network Flood"": 8, ""T1498.002 - Impact: Reflection/Amplification Attack"": 9, ""T1571 - Defense Evasion: Non-Standard Port"": 77, ""T1583.005 - Resource Development: Acquire Botnet"": 42, ""T1584.005 - Resource Development: Build/Compromise Botnet"": 9, ""T1590 - Reconnaissance: Gather Victim Network Information"": 9, ""T1595 - Reconnaissance: Active Scanning"": 9, ""TA0011 - Command-and-Control"": 8}",8078180,135
epsilon_greedy_eps0.2,epsilon_greedy_loo_fragility,"{""epsilon"": 0.2}",707,360,315,3.2397170007388456e-06,0.22547795317966593,0.10743662226897165,0.22049261059170105,0.3582358458664253,15,82,5.466666666666667,29.162380637465873,250.0,"{""T1036 - Defense Evasion: Masquerading"": 50, ""T1498.001 - Impact: Direct Network Flood"": 15, ""T1498.002 - Impact: Reflection/Amplification Attack"": 15, ""T1571 - Defense Evasion: Non-Standard Port"": 77, ""T1583.005 - Resource Development: Acquire Botnet"": 82, ""T1584.005 - Resource Development: Build/Compromise Botnet"": 15, ""T1590 - Reconnaissance: Gather Victim Network Information"": 76, ""T1595 - Reconnaissance: Active Scanning"": 15, ""TA0011 - Command-and-Control"": 15}",8078360,315
epsilon_greedy_eps0.2,epsilon_greedy_loo_fragility,"{""epsilon"": 0.2}",707,720,675,1.6536008197988489e-06,0.2256887648943524,0.10537960840449358,0.221327635126442,0.35953842702497196,30,195,6.5,57.553839528257754,412.0,"{""T1036 - Defense Evasion: Masquerading"": 90, ""T1498.001 - Impact: Direct Network Flood"": 30, ""T1498.002 - Impact: Reflection/Amplification Attack"": 30, ""T1571 - Defense Evasion: Non-Standard Port"": 77, ""T1583.005 - Resource Development: Acquire Botnet"": 195, ""T1584.005 - Resource Development: Build/Compromise Botnet"": 30, ""T1590 - Reconnaissance: Gather Victim Network Information"": 76, ""T1595 - Reconnaissance: Active Scanning"": 161, ""TA0011 - Command-and-Control"": 31}",8078720,675
epsilon_greedy_eps0.2,epsilon_greedy_loo_fragility,"{""epsilon"": 0.2}",707,1200,1155,3.257810726719372e-06,0.2241586395605862,0.10563934234775652,0.21875637030897827,0.35934133658991996,75,200,2.6666666666666665,51.133811384119085,420.0,"{""T1036 - Defense Evasion: Masquerading"": 200, ""T1498.001 - Impact: Direct Network Flood"": 120, ""T1498.002 - Impact: Reflection/Amplification Attack"": 107, ""T1571 - Defense Evasion: Non-Standard Port"": 77, ""T1583.005 - Resource Development: Acquire Botnet"": 200, ""T1584.005 - Resource Development: Build/Compromise Botnet"": 75, ""T1590 - Reconnaissance: Gather Victim Network Information"": 76, ""T1595 - Reconnaissance: Active Scanning"": 193, ""TA0011 - Command-and-Control"": 152}",8079200,1155
epsilon_greedy_eps0.2,epsilon_greedy_loo_fragility,"{""epsilon"": 0.2}",707,1798,1753,0.0,0.22470484448919714,0.10282013170083151,0.21987138712593557,0.3602157968474639,199,200,1.0050251256281406,0.41573970964154905,0.0,"{""T1036 - Defense Evasion: Masquerading"": 200, ""T1498.001 - Impact: Direct Network Flood"": 200, ""T1498.002 - Impact: Reflection/Amplification Attack"": 200, ""T1571 - Defense Evasion: Non-Standard Port"": 200, ""T1583.005 - Resource Development: Acquire Botnet"": 200, ""T1584.005 - Resource Development: Build/Compromise Botnet"": 199, ""T1590 - Reconnaissance: Gather Victim Network Information"": 199, ""T1595 - Reconnaissance: Active Scanning"": 200, ""TA0011 - Command-and-Control"": 200}",8079798,1753
exploration_bonus_c0.25,exploration_bonus_loo_fragility,"{""c"": 0.25}",707,45,0,5.4674219001275806e-05,0.22619738818562604,0.11555407151368915,0.2232357563567069,0.34630779435424336,5,5,1.0,0.0,0.0,"{""T1036 - Defense Evasion: Masquerading"": 5, ""T1498.001 - Impact: Direct Network Flood"": 5, ""T1498.002 - Impact: Reflection/Amplification Attack"": 5, ""T1571 - Defense Evasion: Non-Standard Port"": 5, ""T1583.005 - Resource Development: Acquire Botnet"": 5, ""T1584.005 - Resource Development: Build/Compromise Botnet"": 5, ""T1590 - Reconnaissance: Gather Victim Network Information"": 5, ""T1595 - Reconnaissance: Active Scanning"": 5, ""TA0011 - Command-and-Control"": 5}",8078045,0
exploration_bonus_c0.25,exploration_bonus_loo_fragility,"{""c"": 0.25}",707,90,45,2.5516586669495784e-05,0.22896076746928642,0.11175090251143546,0.22498887357286887,0.36046869823345,5,50,10.0,14.142135623730951,80.0,"{""T1036 - Defense Evasion: Masquerading"": 5, ""T1498.001 - Impact: Direct Network Flood"": 5, ""T1498.002 - Impact: Reflection/Amplification Attack"": 5, ""T1571 - Defense Evasion: Non-Standard Port"": 50, ""T1583.005 - Resource Development: Acquire Botnet"": 5, ""T1584.005 - Resource Development: Build/Compromise Botnet"": 5, ""T1590 - Reconnaissance: Gather Victim Network Information"": 5, ""T1595 - Reconnaissance: Active Scanning"": 5, ""TA0011 - Command-and-Control"": 5}",8078090,45
exploration_bonus_c0.25,exploration_bonus_loo_fragility,"{""c"": 0.25}",707,180,135,2.281649309155349e-05,0.22927744930907892,0.11103152578172326,0.22445232425683143,0.3623644354569555,5,95,19.0,28.495613697550013,186.0,"{""T1036 - Defense Evasion: Masquerading"": 5, ""T1498.001 - Impact: Direct Network Flood"": 5, ""T1498.002 - Impact: Reflection/Amplification Attack"": 5, ""T1571 - Defense Evasion: Non-Standard Port"": 95, ""T1583.005 - Resource Development: Acquire Botnet"": 5, ""T1584.005 - Resource Development: Build/Compromise Botnet"": 5, ""T1590 - Reconnaissance: Gather Victim Network Information"": 5, ""T1595 - Reconnaissance: Active Scanning"": 17, ""TA0011 - Command-and-Control"": 38}",8078180,135
exploration_bonus_c0.25,exploration_bonus_loo_fragility,"{""c"": 0.25}",707,360,315,1.4212978414379176e-05,0.22814353866873635,0.10940848217001208,0.22317598431847477,0.36376266084978637,5,185,37.0,56.47024782032472,380.0,"{""T1036 - Defense Evasion: Masquerading"": 5, ""T1498.001 - Impact: Direct Network Flood"": 50, ""T1498.002 - Impact: Reflection/Amplification Attack"": 5, ""T1571 - Defense Evasion: Non-Standard Port"": 185, ""T1583.005 - Resource Development: Acquire Botnet"": 5, ""T1584.005 - Resource Development: Build/Compromise Botnet"": 5, ""T1590 - Reconnaissance: Gather Victim Network Information"": 5, ""T1595 - Reconnaissance: Active Scanning"": 25, ""TA0011 - Command-and-Control"": 75}",8078360,315
exploration_bonus_c0.25,exploration_bonus_loo_fragility,"{""c"": 0.25}",707,720,675,2.3821467634720665e-05,0.22948454659755893,0.10750585485984135,0.2252399829090093,0.36728638536245173,5,200,40.0,76.8013310069848,622.0,"{""T1036 - Defense Evasion: Masquerading"": 5, ""T1498.001 - Impact: Direct Network Flood"": 200, ""T1498.002 - Impact: Reflection/Amplification Attack"": 5, ""T1571 - Defense Evasion: Non-Standard Port"": 185, ""T1583.005 - Resource Development: Acquire Botnet"": 5, ""T1584.005 - Resource Development: Build/Compromise Botnet"": 33, ""T1590 - Reconnaissance: Gather Victim Network Information"": 166, ""T1595 - Reconnaissance: Active Scanning"": 46, ""TA0011 - Command-and-Control"": 75}",8078720,675
exploration_bonus_c0.25,exploration_bonus_loo_fragility,"{""c"": 0.25}",707,1200,1155,7.146990562974706e-06,0.22704432929400992,0.10806605896570456,0.22178925116481002,0.36204471863014204,5,200,40.0,73.2013964651252,558.0,"{""T1036 - Defense Evasion: Masquerading"": 5, ""T1498.001 - Impact: Direct Network Flood"": 200, ""T1498.002 - Impact: Reflection/Amplification Attack"": 121, ""T1571 - Defense Evasion: Non-Standard Port"": 185, ""T1583.005 - Resource Development: Acquire Botnet"": 13, ""T1584.005 - Resource Development: Build/Compromise Botnet"": 114, ""T1590 - Reconnaissance: Gather Victim Network Information"": 199, ""T1595 - Reconnaissance: Active Scanning"": 200, ""TA0011 - Command-and-Control"": 163}",8079200,1155
exploration_bonus_c0.25,exploration_bonus_loo_fragility,"{""c"": 0.25}",707,1798,1753,0.0,0.22470484448919714,0.10282013170083151,0.21987138712593557,0.3602157968474639,199,200,1.0050251256281406,0.41573970964154905,0.0,"{""T1036 - Defense Evasion: Masquerading"": 200, ""T1498.001 - Impact: Direct Network Flood"": 200, ""T1498.002 - Impact: Reflection/Amplification Attack"": 200, ""T1571 - Defense Evasion: Non-Standard Port"": 200, ""T1583.005 - Resource Development: Acquire Botnet"": 200, ""T1584.005 - Resource Development: Build/Compromise Botnet"": 199, ""T1590 - Reconnaissance: Gather Victim Network Information"": 199, ""T1595 - Reconnaissance: Active Scanning"": 200, ""TA0011 - Command-and-Control"": 200}",8079798,1753
exploration_bonus_c0.5,exploration_bonus_loo_fragility,"{""c"": 0.5}",707,45,0,5.4674219001275806e-05,0.22619738818562604,0.11555407151368915,0.2232357563567069,0.34630779435424336,5,5,1.0,0.0,0.0,"{""T1036 - Defense Evasion: Masquerading"": 5, ""T1498.001 - Impact: Direct Network Flood"": 5, ""T1498.002 - Impact: Reflection/Amplification Attack"": 5, ""T1571 - Defense Evasion: Non-Standard Port"": 5, ""T1583.005 - Resource Development: Acquire Botnet"": 5, ""T1584.005 - Resource Development: Build/Compromise Botnet"": 5, ""T1590 - Reconnaissance: Gather Victim Network Information"": 5, ""T1595 - Reconnaissance: Active Scanning"": 5, ""TA0011 - Command-and-Control"": 5}",8078045,0
exploration_bonus_c0.5,exploration_bonus_loo_fragility,"{""c"": 0.5}",707,90,45,2.5516586669495784e-05,0.22896076746928642,0.11175090251143546,0.22498887357286887,0.36046869823345,5,50,10.0,14.142135623730951,80.0,"{""T1036 - Defense Evasion: Masquerading"": 5, ""T1498.001 - Impact: Direct Network Flood"": 5, ""T1498.002 - Impact: Reflection/Amplification Attack"": 5, ""T1571 - Defense Evasion: Non-Standard Port"": 50, ""T1583.005 - Resource Development: Acquire Botnet"": 5, ""T1584.005 - Resource Development: Build/Compromise Botnet"": 5, ""T1590 - Reconnaissance: Gather Victim Network Information"": 5, ""T1595 - Reconnaissance: Active Scanning"": 5, ""TA0011 - Command-and-Control"": 5}",8078090,45
exploration_bonus_c0.5,exploration_bonus_loo_fragility,"{""c"": 0.5}",707,180,135,2.1860488169536168e-05,0.22899911875103407,0.11063302530227054,0.22443682037126705,0.36166805826445864,5,95,19.0,28.118795611950855,178.0,"{""T1036 - Defense Evasion: Masquerading"": 6, ""T1498.001 - Impact: Direct Network Flood"": 5, ""T1498.002 - Impact: Reflection/Amplification Attack"": 5, ""T1571 - Defense Evasion: Non-Standard Port"": 95, ""T1583.005 - Resource Development: Acquire Botnet"": 5, ""T1584.005 - Resource Development: Build/Compromise Botnet"": 5, ""T1590 - Reconnaissance: Gather Victim Network Information"": 5, ""T1595 - Reconnaissance: Active Scanning"": 21, ""TA0011 - Command-and-Control"": 33}",8078180,135
exploration_bonus_c0.5,exploration_bonus_loo_fragility,"{""c"": 0.5}",707,360,315,1.1508015735453445e-06,0.225259782258244,0.10589142721865975,0.22041115484019846,0.3586506072384698,5,120,24.0,40.890096600521744,316.0,"{""T1036 - Defense Evasion: Masquerading"": 27, ""T1498.001 - Impact: Direct Network Flood"": 5, ""T1498.002 - Impact: Reflection/Amplification Attack"": 5, ""T1571 - Defense Evasion: Non-Standard Port"": 120, ""T1583.005 - Resource Development: Acquire Botnet"": 95, ""T1584.005 - Resource Development: Build/Compromise Botnet"": 5, ""T1590 - Reconnaissance: Gather Victim Network Information"": 5, ""T1595 - Reconnaissance: Active Scanning"": 35, ""TA0011 - Command-and-Control"": 63}",8078360,315
exploration_bonus_c0.5,exploration_bonus_loo_fragility,"{""c"": 0.5}",707,720,675,8.43056218277106e-07,0.22426306637744184,0.10444875401694177,0.21964594780401625,0.3576903015170597,6,200,33.333333333333336,58.61361237422204,418.0,"{""T1036 - Defense Evasion: Masquerading"": 78, ""T1498.001 - Impact: Direct Network Flood"": 9, ""T1498.002 - Impact: Reflection/Amplification Attack"": 136, ""T1571 - Defense Evasion: Non-Standard Port"": 200, ""T1583.005 - Resource Development: Acquire Botnet"": 95, ""T1584.005 - Resource Development: Build/Compromise Botnet"": 6, ""T1590 - Reconnaissance: Gather Victim Network Information"": 98, ""T1595 - Reconnaissance: Active Scanning"": 35, ""TA0011 - Command-and-Control"": 63}",8078720,675
exploration_bonus_c0.5,exploration_bonus_loo_fragility,"{""c"": 0.5}",707,1200,1155,1.593674221156313e-06,0.22422051026498388,0.10343064452945876,0.2194099744453346,0.35751833612217854,9,200,22.22222222222222,80.21637405584141,662.0,"{""T1036 - Defense Evasion: Masquerading"": 200, ""T1498.001 - Impact: Direct Network Flood"": 9, ""T1498.002 - Impact: Reflection/Amplification Attack"": 200, ""T1571 - Defense Evasion: Non-Standard Port"": 200, ""T1583.005 - Resource Development: Acquire Botnet"": 200, ""T1584.005 - Resource Development: Build/Compromise Botnet"": 10, ""T1590 - Reconnaissance: Gather Victim Network Information"": 199, ""T1595 - Reconnaissance: Active Scanning"": 119, ""TA0011 - Command-and-Control"": 63}",8079200,1155
exploration_bonus_c0.5,exploration_bonus_loo_fragility,"{""c"": 0.5}",707,1798,1753,0.0,0.22470484448919714,0.10282013170083151,0.21987138712593557,0.3602157968474639,199,200,1.0050251256281406,0.41573970964154905,0.0,"{""T1036 - Defense Evasion: Masquerading"": 200, ""T1498.001 - Impact: Direct Network Flood"": 200, ""T1498.002 - Impact: Reflection/Amplification Attack"": 200, ""T1571 - Defense Evasion: Non-Standard Port"": 200, ""T1583.005 - Resource Development: Acquire Botnet"": 200, ""T1584.005 - Resource Development: Build/Compromise Botnet"": 199, ""T1590 - Reconnaissance: Gather Victim Network Information"": 199, ""T1595 - Reconnaissance: Active Scanning"": 200, ""TA0011 - Command-and-Control"": 200}",8079798,1753
exploration_bonus_c1.0,exploration_bonus_loo_fragility,"{""c"": 1.0}",707,45,0,5.4674219001275806e-05,0.22619738818562604,0.11555407151368915,0.2232357563567069,0.34630779435424336,5,5,1.0,0.0,0.0,"{""T1036 - Defense Evasion: Masquerading"": 5, ""T1498.001 - Impact: Direct Network Flood"": 5, ""T1498.002 - Impact: Reflection/Amplification Attack"": 5, ""T1571 - Defense Evasion: Non-Standard Port"": 5, ""T1583.005 - Resource Development: Acquire Botnet"": 5, ""T1584.005 - Resource Development: Build/Compromise Botnet"": 5, ""T1590 - Reconnaissance: Gather Victim Network Information"": 5, ""T1595 - Reconnaissance: Active Scanning"": 5, ""TA0011 - Command-and-Control"": 5}",8078045,0
exploration_bonus_c1.0,exploration_bonus_loo_fragility,"{""c"": 1.0}",707,90,45,2.5516586669495784e-05,0.22896076746928642,0.11175090251143546,0.22498887357286887,0.36046869823345,5,50,10.0,14.142135623730951,80.0,"{""T1036 - Defense Evasion: Masquerading"": 5, ""T1498.001 - Impact: Direct Network Flood"": 5, ""T1498.002 - Impact: Reflection/Amplification Attack"": 5, ""T1571 - Defense Evasion: Non-Standard Port"": 50, ""T1583.005 - Resource Development: Acquire Botnet"": 5, ""T1584.005 - Resource Development: Build/Compromise Botnet"": 5, ""T1590 - Reconnaissance: Gather Victim Network Information"": 5, ""T1595 - Reconnaissance: Active Scanning"": 5, ""TA0011 - Command-and-Control"": 5}",8078090,45
exploration_bonus_c1.0,exploration_bonus_loo_fragility,"{""c"": 1.0}",707,180,135,1.0020034621198871e-05,0.2277499274104223,0.10646951551207924,0.2233389202813646,0.3632052617898849,5,95,19.0,27.5519710930291,166.0,"{""T1036 - Defense Evasion: Masquerading"": 10, ""T1498.001 - Impact: Direct Network Flood"": 6, ""T1498.002 - Impact: Reflection/Amplification Attack"": 5, ""T1571 - Defense Evasion: Non-Standard Port"": 95, ""T1583.005 - Resource Development: Acquire Botnet"": 6, ""T1584.005 - Resource Development: Build/Compromise Botnet"": 5, ""T1590 - Reconnaissance: Gather Victim Network Information"": 5, ""T1595 - Reconnaissance: Active Scanning"": 22, ""TA0011 - Command-and-Control"": 26}",8078180,135
exploration_bonus_c1.0,exploration_bonus_loo_fragility,"{""c"": 1.0}",707,360,315,1.7949181260608515e-06,0.22562092883188334,0.10415616945008002,0.22116685025178312,0.3615002178388366,5,95,19.0,34.599293505953426,270.0,"{""T1036 - Defense Evasion: Masquerading"": 57, ""T1498.001 - Impact: Direct Network Flood"": 8, ""T1498.002 - Impact: Reflection/Amplification Attack"": 5, ""T1571 - Defense Evasion: Non-Standard Port"": 95, ""T1583.005 - Resource Development: Acquire Botnet"": 7, ""T1584.005 - Resource Development: Build/Compromise Botnet"": 8, ""T1590 - Reconnaissance: Gather Victim Network Information"": 95, ""T1595 - Reconnaissance: Active Scanning"": 37, ""TA0011 - Command-and-Control"": 48}",8078360,315
exploration_bonus_c1.0,exploration_bonus_loo_fragility,"{""c"": 1.0}",707,720,675,7.804165632112267e-07,0.22497160762102744,0.10324430855218658,0.22067881756475483,0.35908771503626064,14,185,13.214285714285714,61.773780845922005,472.0,"{""T1036 - Defense Evasion: Masquerading"": 100, ""T1498.001 - Impact: Direct Network Flood"": 31, ""T1498.002 - Impact: Reflection/Amplification Attack"": 23, ""T1571 - Defense Evasion: Non-Standard Port"": 185, ""T1583.005 - Resource Development: Acquire Botnet"": 87, ""T1584.005 - Resource Development: Build/Compromise Botnet"": 14, ""T1590 - Reconnaissance: Gather Victim Network Information"": 184, ""T1595 - Reconnaissance: Active Scanning"": 48, ""TA0011 - Command-and-Control"": 48}",8078720,675
exploration_bonus_c1.0,exploration_bonus_loo_fragility,"{""c"": 1.0}",707,1200,1155,3.2406641686761243e-06,0.22457153194717294,0.10524958470500972,0.21957806942453628,0.35903527901230325,31,200,6.451612903225806,62.02508453126937,468.0,"{""T1036 - Defense Evasion: Masquerading"": 100, ""T1498.001 - Impact: Direct Network Flood"": 200, ""T1498.002 - Impact: Reflection/Amplification Attack"": 31, ""T1571 - Defense Evasion: Non-Standard Port"": 185, ""T1583.005 - Resource Development: Acquire Botnet"": 200, ""T1584.005 - Resource Development: Build/Compromise Botnet"": 39, ""T1590 - Reconnaissance: Gather Victim Network Information"": 184, ""T1595 - Reconnaissance: Active Scanning"": 130, ""TA0011 - Command-and-Control"": 131}",8079200,1155
exploration_bonus_c1.0,exploration_bonus_loo_fragility,"{""c"": 1.0}",707,1798,1753,0.0,0.22470484448919714,0.10282013170083151,0.21987138712593557,0.3602157968474639,199,200,1.0050251256281406,0.41573970964154905,0.0,"{""T1036 - Defense Evasion: Masquerading"": 200, ""T1498.001 - Impact: Direct Network Flood"": 200, ""T1498.002 - Impact: Reflection/Amplification Attack"": 200, ""T1571 - Defense Evasion: Non-Standard Port"": 200, ""T1583.005 - Resource Development: Acquire Botnet"": 200, ""T1584.005 - Resource Development: Build/Compromise Botnet"": 199, ""T1590 - Reconnaissance: Gather Victim Network Information"": 199, ""T1595 - Reconnaissance: Active Scanning"": 200, ""TA0011 - Command-and-Control"": 200}",8079798,1753
uniform_step_balanced,uniform_step_balanced,{},808,45,0,1.6500642142373114e-05,0.22743198878202475,0.10895993253734539,0.22330272950390673,0.3585746003014424,5,5,1.0,0.0,0.0,"{""T1036 - Defense Evasion: Masquerading"": 5, ""T1498.001 - Impact: Direct Network Flood"": 5, ""T1498.002 - Impact: Reflection/Amplification Attack"": 5, ""T1571 - Defense Evasion: Non-Standard Port"": 5, ""T1583.005 - Resource Development: Acquire Botnet"": 5, ""T1584.005 - Resource Development: Build/Compromise Botnet"": 5, ""T1590 - Reconnaissance: Gather Victim Network Information"": 5, ""T1595 - Reconnaissance: Active Scanning"": 5, ""TA0011 - Command-and-Control"": 5}",9088045,0
uniform_step_balanced,uniform_step_balanced,{},808,90,45,1.4754483460421532e-05,0.22713731495807646,0.1006391230531662,0.22279944201249618,0.3662339263529915,10,10,1.0,0.0,0.0,"{""T1036 - Defense Evasion: Masquerading"": 10, ""T1498.001 - Impact: Direct Network Flood"": 10, ""T1498.002 - Impact: Reflection/Amplification Attack"": 10, ""T1571 - Defense Evasion: Non-Standard Port"": 10, ""T1583.005 - Resource Development: Acquire Botnet"": 10, ""T1584.005 - Resource Development: Build/Compromise Botnet"": 10, ""T1590 - Reconnaissance: Gather Victim Network Information"": 10, ""T1595 - Reconnaissance: Active Scanning"": 10, ""TA0011 - Command-and-Control"": 10}",9088090,45
uniform_step_balanced,uniform_step_balanced,{},808,180,135,9.117234552360576e-06,0.22645383792322654,0.1022239129103004,0.221634069690176,0.3637974104695616,20,20,1.0,0.0,0.0,"{""T1036 - Defense Evasion: Masquerading"": 20, ""T1498.001 - Impact: Direct Network Flood"": 20, ""T1498.002 - Impact: Reflection/Amplification Attack"": 20, ""T1571 - Defense Evasion: Non-Standard Port"": 20, ""T1583.005 - Resource Development: Acquire Botnet"": 20, ""T1584.005 - Resource Development: Build/Compromise Botnet"": 20, ""T1590 - Reconnaissance: Gather Victim Network Information"": 20, ""T1595 - Reconnaissance: Active Scanning"": 20, ""TA0011 - Command-and-Control"": 20}",9088180,135
uniform_step_balanced,uniform_step_balanced,{},808,360,315,1.8001339626116197e-05,0.22570663369855898,0.10046975167887046,0.22084181416945903,0.3646166895923172,40,40,1.0,0.0,0.0,"{""T1036 - Defense Evasion: Masquerading"": 40, ""T1498.001 - Impact: Direct Network Flood"": 40, ""T1498.002 - Impact: Reflection/Amplification Attack"": 40, ""T1571 - Defense Evasion: Non-Standard Port"": 40, ""T1583.005 - Resource Development: Acquire Botnet"": 40, ""T1584.005 - Resource Development: Build/Compromise Botnet"": 40, ""T1590 - Reconnaissance: Gather Victim Network Information"": 40, ""T1595 - Reconnaissance: Active Scanning"": 40, ""TA0011 - Command-and-Control"": 40}",9088360,315
uniform_step_balanced,uniform_step_balanced,{},808,720,675,7.611539338847182e-06,0.22583671513977382,0.10069210602975084,0.2212367288104662,0.362654677870154,80,80,1.0,0.0,0.0,"{""T1036 - Defense Evasion: Masquerading"": 80, ""T1498.001 - Impact: Direct Network Flood"": 80, ""T1498.002 - Impact: Reflection/Amplification Attack"": 80, ""T1571 - Defense Evasion: Non-Standard Port"": 80, ""T1583.005 - Resource Development: Acquire Botnet"": 80, ""T1584.005 - Resource Development: Build/Compromise Botnet"": 80, ""T1590 - Reconnaissance: Gather Victim Network Information"": 80, ""T1595 - Reconnaissance: Active Scanning"": 80, ""TA0011 - Command-and-Control"": 80}",9088720,675
uniform_step_balanced,uniform_step_balanced,{},808,1200,1155,3.590303670925098e-06,0.2261687515112615,0.1020438643443349,0.22173485421116956,0.3620300930105457,133,134,1.0075187969924813,0.4714045207910317,0.0,"{""T1036 - Defense Evasion: Masquerading"": 134, ""T1498.001 - Impact: Direct Network Flood"": 133, ""T1498.002 - Impact: Reflection/Amplification Attack"": 133, ""T1571 - Defense Evasion: Non-Standard Port"": 133, ""T1583.005 - Resource Development: Acquire Botnet"": 134, ""T1584.005 - Resource Development: Build/Compromise Botnet"": 133, ""T1590 - Reconnaissance: Gather Victim Network Information"": 133, ""T1595 - Reconnaissance: Active Scanning"": 133, ""TA0011 - Command-and-Control"": 134}",9089200,1155
uniform_step_balanced,uniform_step_balanced,{},808,1798,1753,0.0,0.22470484448919714,0.10282013170083151,0.21987138712593557,0.3602157968474639,199,200,1.0050251256281406,0.41573970964154905,0.0,"{""T1036 - Defense Evasion: Masquerading"": 200, ""T1498.001 - Impact: Direct Network Flood"": 200, ""T1498.002 - Impact: Reflection/Amplification Attack"": 200, ""T1571 - Defense Evasion: Non-Standard Port"": 200, ""T1583.005 - Resource Development: Acquire Botnet"": 200, ""T1584.005 - Resource Development: Build/Compromise Botnet"": 199, ""T1590 - Reconnaissance: Gather Victim Network Information"": 199, ""T1595 - Reconnaissance: Active Scanning"": 200, ""TA0011 - Command-and-Control"": 200}",9089798,1753
greedy_loo_fragility,greedy_loo_fragility,{},808,45,0,1.6500642142373114e-05,0.22743198878202475,0.10895993253734539,0.22330272950390673,0.3585746003014424,5,5,1.0,0.0,0.0,"{""T1036 - Defense Evasion: Masquerading"": 5, ""T1498.001 - Impact: Direct Network Flood"": 5, ""T1498.002 - Impact: Reflection/Amplification Attack"": 5, ""T1571 - Defense Evasion: Non-Standard Port"": 5, ""T1583.005 - Resource Development: Acquire Botnet"": 5, ""T1584.005 - Resource Development: Build/Compromise Botnet"": 5, ""T1590 - Reconnaissance: Gather Victim Network Information"": 5, ""T1595 - Reconnaissance: Active Scanning"": 5, ""TA0011 - Command-and-Control"": 5}",9088045,0
greedy_loo_fragility,greedy_loo_fragility,{},808,90,45,2.942522110398418e-05,0.22977563123381448,0.11052811725771859,0.22416245399490398,0.3691965732590879,5,50,10.0,14.142135623730951,80.0,"{""T1036 - Defense Evasion: Masquerading"": 5, ""T1498.001 - Impact: Direct Network Flood"": 5, ""T1498.002 - Impact: Reflection/Amplification Attack"": 5, ""T1571 - Defense Evasion: Non-Standard Port"": 50, ""T1583.005 - Resource Development: Acquire Botnet"": 5, ""T1584.005 - Resource Development: Build/Compromise Botnet"": 5, ""T1590 - Reconnaissance: Gather Victim Network Information"": 5, ""T1595 - Reconnaissance: Active Scanning"": 5, ""TA0011 - Command-and-Control"": 5}",9088090,45
greedy_loo_fragility,greedy_loo_fragility,{},808,180,135,1.2831503297816126e-05,0.22816986283709284,0.108477331624665,0.22355072991708347,0.3622369767658675,5,95,19.0,30.0,210.0,"{""T1036 - Defense Evasion: Masquerading"": 5, ""T1498.001 - Impact: Direct Network Flood"": 5, ""T1498.002 - Impact: Reflection/Amplification Attack"": 5, ""T1571 - Defense Evasion: Non-Standard Port"": 95, ""T1583.005 - Resource Development: Acquire Botnet"": 5, ""T1584.005 - Resource Development: Build/Compromise Botnet"": 5, ""T1590 - Reconnaissance: Gather Victim Network Information"": 5, ""T1595 - Reconnaissance: Active Scanning"": 5, ""TA0011 - Command-and-Control"": 50}",9088180,135
greedy_loo_fragility,greedy_loo_fragility,{},808,360,315,5.491744203048382e-06,0.22664871888270774,0.10520819089714932,0.2213885137841842,0.36280549722410377,5,95,19.0,41.23105625617661,350.0,"{""T1036 - Defense Evasion: Masquerading"": 5, ""T1498.001 - Impact: Direct Network Flood"": 5, ""T1498.002 - Impact: Reflection/Amplification Attack"": 5, ""T1571 - Defense Evasion: Non-Standard Port"": 95, ""T1583.005 - Resource Development: Acquire Botnet"": 95, ""T1584.005 - Resource Development: Build/Compromise Botnet"": 5, ""T1590 - Reconnaissance: Gather Victim Network Information"": 5, ""T1595 - Reconnaissance: Active Scanning"": 50, ""TA0011 - Command-and-Control"": 95}",9088360,315
greedy_loo_fragility,greedy_loo_fragility,{},808,720,675,2.990328312912989e-06,0.22624741248973837,0.10579981233598493,0.22106061731429533,0.3612265718901698,5,200,40.0,61.644140029689765,450.0,"{""T1036 - Defense Evasion: Masquerading"": 5, ""T1498.001 - Impact: Direct Network Flood"": 5, ""T1498.002 - Impact: Reflection/Amplification Attack"": 125, ""T1571 - Defense Evasion: Non-Standard Port"": 95, ""T1583.005 - Resource Development: Acquire Botnet"": 200, ""T1584.005 - Resource Development: Build/Compromise Botnet"": 5, ""T1590 - Reconnaissance: Gather Victim Network Information"": 95, ""T1595 - Reconnaissance: Active Scanning"": 95, ""TA0011 - Command-and-Control"": 95}",9088720,675
greedy_loo_fragility,greedy_loo_fragility,{},808,1200,1155,6.503923325368783e-06,0.22596480852478115,0.10797867709697588,0.22121193768789146,0.3587278510451616,5,200,40.0,75.47037682281558,588.0,"{""T1036 - Defense Evasion: Masquerading"": 5, ""T1498.001 - Impact: Direct Network Flood"": 156, ""T1498.002 - Impact: Reflection/Amplification Attack"": 200, ""T1571 - Defense Evasion: Non-Standard Port"": 185, ""T1583.005 - Resource Development: Acquire Botnet"": 200, ""T1584.005 - Resource Development: Build/Compromise Botnet"": 5, ""T1590 - Reconnaissance: Gather Victim Network Information"": 199, ""T1595 - Reconnaissance: Active Scanning"": 95, ""TA0011 - Command-and-Control"": 155}",9089200,1155
greedy_loo_fragility,greedy_loo_fragility,{},808,1798,1753,0.0,0.22470484448919714,0.10282013170083151,0.21987138712593557,0.3602157968474639,199,200,1.0050251256281406,0.41573970964154905,0.0,"{""T1036 - Defense Evasion: Masquerading"": 200, ""T1498.001 - Impact: Direct Network Flood"": 200, ""T1498.002 - Impact: Reflection/Amplification Attack"": 200, ""T1571 - Defense Evasion: Non-Standard Port"": 200, ""T1583.005 - Resource Development: Acquire Botnet"": 200, ""T1584.005 - Resource Development: Build/Compromise Botnet"": 199, ""T1590 - Reconnaissance: Gather Victim Network Information"": 199, ""T1595 - Reconnaissance: Active Scanning"": 200, ""TA0011 - Command-and-Control"": 200}",9089798,1753
epsilon_greedy_eps0.2,epsilon_greedy_loo_fragility,"{""epsilon"": 0.2}",808,45,0,1.6500642142373114e-05,0.22743198878202475,0.10895993253734539,0.22330272950390673,0.3585746003014424,5,5,1.0,0.0,0.0,"{""T1036 - Defense Evasion: Masquerading"": 5, ""T1498.001 - Impact: Direct Network Flood"": 5, ""T1498.002 - Impact: Reflection/Amplification Attack"": 5, ""T1571 - Defense Evasion: Non-Standard Port"": 5, ""T1583.005 - Resource Development: Acquire Botnet"": 5, ""T1584.005 - Resource Development: Build/Compromise Botnet"": 5, ""T1590 - Reconnaissance: Gather Victim Network Information"": 5, ""T1595 - Reconnaissance: Active Scanning"": 5, ""TA0011 - Command-and-Control"": 5}",9088045,0
epsilon_greedy_eps0.2,epsilon_greedy_loo_fragility,"{""epsilon"": 0.2}",808,90,45,1.1265370291835177e-05,0.22655890649808288,0.10145129100123974,0.22178057907431098,0.3690455077970906,6,36,6.0,9.201449161228174,52.0,"{""T1036 - Defense Evasion: Masquerading"": 7, ""T1498.001 - Impact: Direct Network Flood"": 7, ""T1498.002 - Impact: Reflection/Amplification Attack"": 7, ""T1571 - Defense Evasion: Non-Standard Port"": 36, ""T1583.005 - Resource Development: Acquire Botnet"": 6, ""T1584.005 - Resource Development: Build/Compromise Botnet"": 6, ""T1590 - Reconnaissance: Gather Victim Network Information"": 7, ""T1595 - Reconnaissance: Active Scanning"": 7, ""TA0011 - Command-and-Control"": 7}",9088090,45
epsilon_greedy_eps0.2,epsilon_greedy_loo_fragility,"{""epsilon"": 0.2}",808,180,135,1.4011773631827916e-06,0.2250050881737975,0.10198395503252365,0.21995975925602484,0.3611642311768884,8,75,9.375,22.34576768279249,158.0,"{""T1036 - Defense Evasion: Masquerading"": 9, ""T1498.001 - Impact: Direct Network Flood"": 44, ""T1498.002 - Impact: Reflection/Amplification Attack"": 8, ""T1571 - Defense Evasion: Non-Standard Port"": 75, ""T1583.005 - Resource Development: Acquire Botnet"": 9, ""T1584.005 - Resource Development: Build/Compromise Botnet"": 9, ""T1590 - Reconnaissance: Gather Victim Network Information"": 8, ""T1595 - Reconnaissance: Active Scanning"": 9, ""TA0011 - Command-and-Control"": 9}",9088180,135
epsilon_greedy_eps0.2,epsilon_greedy_loo_fragility,"{""epsilon"": 0.2}",808,360,315,3.831688054961833e-06,0.2245562858179244,0.10250259810153134,0.21920393579601893,0.36004149151282855,13,156,12.0,45.73595716477111,314.0,"{""T1036 - Defense Evasion: Masquerading"": 14, ""T1498.001 - Impact: Direct Network Flood"": 156, ""T1498.002 - Impact: Reflection/Amplification Attack"": 14, ""T1571 - Defense Evasion: Non-Standard Port"": 75, ""T1583.005 - Resource Development: Acquire Botnet"": 46, ""T1584.005 - Resource Development: Build/Compromise Botnet"": 14, ""T1590 - Reconnaissance: Gather Victim Network Information"": 14, ""T1595 - Reconnaissance: Active Scanning"": 14, ""TA0011 - Command-and-Control"": 13}",9088360,315
epsilon_greedy_eps0.2,epsilon_greedy_loo_fragility,"{""epsilon"": 0.2}",808,720,675,6.6820070732390415e-06,0.2263935359871271,0.10406677134406621,0.22164369523792113,0.3622795031410447,28,200,7.142857142857143,56.085252567458014,410.0,"{""T1036 - Defense Evasion: Masquerading"": 95, ""T1498.001 - Impact: Direct Network Flood"": 200, ""T1498.002 - Impact: Reflection/Amplification Attack"": 92, ""T1571 - Defense Evasion: Non-Standard Port"": 135, ""T1583.005 - Resource Development: Acquire Botnet"": 83, ""T1584.005 - Resource Development: Build/Compromise Botnet"": 29, ""T1590 - Reconnaissance: Gather Victim Network Information"": 29, ""T1595 - Reconnaissance: Active Scanning"": 28, ""TA0011 - Command-and-Control"": 29}",9088720,675
epsilon_greedy_eps0.2,epsilon_greedy_loo_fragility,"{""epsilon"": 0.2}",808,1200,1155,1.7491660790552304e-06,0.2250939551722655,0.10135124219295948,0.22080995811227966,0.3603907871755751,64,200,3.125,58.15305475878097,492.0,"{""T1036 - Defense Evasion: Masquerading"": 165, ""T1498.001 - Impact: Direct Network Flood"": 200, ""T1498.002 - Impact: Reflection/Amplification Attack"": 92, ""T1571 - Defense Evasion: Non-Standard Port"": 200, ""T1583.005 - Resource Development: Acquire Botnet"": 149, ""T1584.005 - Resource Development: Build/Compromise Botnet"": 65, ""T1590 - Reconnaissance: Gather Victim Network Information"": 64, ""T1595 - Reconnaissance: Active Scanning"": 200, ""TA0011 - Command-and-Control"": 65}",9089200,1155
epsilon_greedy_eps0.2,epsilon_greedy_loo_fragility,"{""epsilon"": 0.2}",808,1798,1753,0.0,0.22470484448919714,0.10282013170083151,0.21987138712593557,0.3602157968474639,199,200,1.0050251256281406,0.41573970964154905,0.0,"{""T1036 - Defense Evasion: Masquerading"": 200, ""T1498.001 - Impact: Direct Network Flood"": 200, ""T1498.002 - Impact: Reflection/Amplification Attack"": 200, ""T1571 - Defense Evasion: Non-Standard Port"": 200, ""T1583.005 - Resource Development: Acquire Botnet"": 200, ""T1584.005 - Resource Development: Build/Compromise Botnet"": 199, ""T1590 - Reconnaissance: Gather Victim Network Information"": 199, ""T1595 - Reconnaissance: Active Scanning"": 200, ""TA0011 - Command-and-Control"": 200}",9089798,1753
exploration_bonus_c0.25,exploration_bonus_loo_fragility,"{""c"": 0.25}",808,45,0,1.6500642142373114e-05,0.22743198878202475,0.10895993253734539,0.22330272950390673,0.3585746003014424,5,5,1.0,0.0,0.0,"{""T1036 - Defense Evasion: Masquerading"": 5, ""T1498.001 - Impact: Direct Network Flood"": 5, ""T1498.002 - Impact: Reflection/Amplification Attack"": 5, ""T1571 - Defense Evasion: Non-Standard Port"": 5, ""T1583.005 - Resource Development: Acquire Botnet"": 5, ""T1584.005 - Resource Development: Build/Compromise Botnet"": 5, ""T1590 - Reconnaissance: Gather Victim Network Information"": 5, ""T1595 - Reconnaissance: Active Scanning"": 5, ""TA0011 - Command-and-Control"": 5}",9088045,0
exploration_bonus_c0.25,exploration_bonus_loo_fragility,"{""c"": 0.25}",808,90,45,2.942522110398418e-05,0.22977563123381448,0.11052811725771859,0.22416245399490398,0.3691965732590879,5,50,10.0,14.142135623730951,80.0,"{""T1036 - Defense Evasion: Masquerading"": 5, ""T1498.001 - Impact: Direct Network Flood"": 5, ""T1498.002 - Impact: Reflection/Amplification Attack"": 5, ""T1571 - Defense Evasion: Non-Standard Port"": 50, ""T1583.005 - Resource Development: Acquire Botnet"": 5, ""T1584.005 - Resource Development: Build/Compromise Botnet"": 5, ""T1590 - Reconnaissance: Gather Victim Network Information"": 5, ""T1595 - Reconnaissance: Active Scanning"": 5, ""TA0011 - Command-and-Control"": 5}",9088090,45
exploration_bonus_c0.25,exploration_bonus_loo_fragility,"{""c"": 0.25}",808,180,135,1.2831503297816126e-05,0.22816986283709284,0.108477331624665,0.22355072991708347,0.3622369767658675,5,95,19.0,30.0,210.0,"{""T1036 - Defense Evasion: Masquerading"": 5, ""T1498.001 - Impact: Direct Network Flood"": 5, ""T1498.002 - Impact: Reflection/Amplification Attack"": 5, ""T1571 - Defense Evasion: Non-Standard Port"": 95, ""T1583.005 - Resource Development: Acquire Botnet"": 5, ""T1584.005 - Resource Development: Build/Compromise Botnet"": 5, ""T1590 - Reconnaissance: Gather Victim Network Information"": 5, ""T1595 - Reconnaissance: Active Scanning"": 5, ""TA0011 - Command-and-Control"": 50}",9088180,135
exploration_bonus_c0.25,exploration_bonus_loo_fragility,"{""c"": 0.25}",808,360,315,4.285980052787698e-06,0.22649963559287226,0.10566931687175325,0.22158135037809967,0.3615495611108802,5,127,25.4,47.295759734767856,394.0,"{""T1036 - Defense Evasion: Masquerading"": 5, ""T1498.001 - Impact: Direct Network Flood"": 5, ""T1498.002 - Impact: Reflection/Amplification Attack"": 6, ""T1571 - Defense Evasion: Non-Standard Port"": 95, ""T1583.005 - Resource Development: Acquire Botnet"": 127, ""T1584.005 - Resource Development: Build/Compromise Botnet"": 5, ""T1590 - Reconnaissance: Gather Victim Network Information"": 11, ""T1595 - Reconnaissance: Active Scanning"": 11, ""TA0011 - Command-and-Control"": 95}",9088360,315
exploration_bonus_c0.25,exploration_bonus_loo_fragility,"{""c"": 0.25}",808,720,675,3.540298441712278e-06,0.22569479657549277,0.10007400802961033,0.22127825692058029,0.3626450163147888,5,200,40.0,70.93815773067568,574.0,"{""T1036 - Defense Evasion: Masquerading"": 134, ""T1498.001 - Impact: Direct Network Flood"": 5, ""T1498.002 - Impact: Reflection/Amplification Attack"": 163, ""T1571 - Defense Evasion: Non-Standard Port"": 95, ""T1583.005 - Resource Development: Acquire Botnet"": 200, ""T1584.005 - Resource Development: Build/Compromise Botnet"": 5, ""T1590 - Reconnaissance: Gather Victim Network Information"": 12, ""T1595 - Reconnaissance: Active Scanning"": 11, ""TA0011 - Command-and-Control"": 95}",9088720,675
exploration_bonus_c0.25,exploration_bonus_loo_fragility,"{""c"": 0.25}",808,1200,1155,1.8487615839640352e-06,0.22540246759769053,0.10223083290306069,0.221141487537969,0.36137903083986284,5,200,40.0,85.20302550705318,716.0,"{""T1036 - Defense Evasion: Masquerading"": 196, ""T1498.001 - Impact: Direct Network Flood"": 200, ""T1498.002 - Impact: Reflection/Amplification Attack"": 200, ""T1571 - Defense Evasion: Non-Standard Port"": 170, ""T1583.005 - Resource Development: Acquire Botnet"": 200, ""T1584.005 - Resource Development: Build/Compromise Botnet"": 5, ""T1590 - Reconnaissance: Gather Victim Network Information"": 25, ""T1595 - Reconnaissance: Active Scanning"": 11, ""TA0011 - Command-and-Control"": 193}",9089200,1155
exploration_bonus_c0.25,exploration_bonus_loo_fragility,"{""c"": 0.25}",808,1798,1753,0.0,0.22470484448919714,0.10282013170083151,0.21987138712593557,0.3602157968474639,199,200,1.0050251256281406,0.41573970964154905,0.0,"{""T1036 - Defense Evasion: Masquerading"": 200, ""T1498.001 - Impact: Direct Network Flood"": 200, ""T1498.002 - Impact: Reflection/Amplification Attack"": 200, ""T1571 - Defense Evasion: Non-Standard Port"": 200, ""T1583.005 - Resource Development: Acquire Botnet"": 200, ""T1584.005 - Resource Development: Build/Compromise Botnet"": 199, ""T1590 - Reconnaissance: Gather Victim Network Information"": 199, ""T1595 - Reconnaissance: Active Scanning"": 200, ""TA0011 - Command-and-Control"": 200}",9089798,1753
exploration_bonus_c0.5,exploration_bonus_loo_fragility,"{""c"": 0.5}",808,45,0,1.6500642142373114e-05,0.22743198878202475,0.10895993253734539,0.22330272950390673,0.3585746003014424,5,5,1.0,0.0,0.0,"{""T1036 - Defense Evasion: Masquerading"": 5, ""T1498.001 - Impact: Direct Network Flood"": 5, ""T1498.002 - Impact: Reflection/Amplification Attack"": 5, ""T1571 - Defense Evasion: Non-Standard Port"": 5, ""T1583.005 - Resource Development: Acquire Botnet"": 5, ""T1584.005 - Resource Development: Build/Compromise Botnet"": 5, ""T1590 - Reconnaissance: Gather Victim Network Information"": 5, ""T1595 - Reconnaissance: Active Scanning"": 5, ""TA0011 - Command-and-Control"": 5}",9088045,0
exploration_bonus_c0.5,exploration_bonus_loo_fragility,"{""c"": 0.5}",808,90,45,2.942522110398418e-05,0.22977563123381448,0.11052811725771859,0.22416245399490398,0.3691965732590879,5,50,10.0,14.142135623730951,80.0,"{""T1036 - Defense Evasion: Masquerading"": 5, ""T1498.001 - Impact: Direct Network Flood"": 5, ""T1498.002 - Impact: Reflection/Amplification Attack"": 5, ""T1571 - Defense Evasion: Non-Standard Port"": 50, ""T1583.005 - Resource Development: Acquire Botnet"": 5, ""T1584.005 - Resource Development: Build/Compromise Botnet"": 5, ""T1590 - Reconnaissance: Gather Victim Network Information"": 5, ""T1595 - Reconnaissance: Active Scanning"": 5, ""TA0011 - Command-and-Control"": 5}",9088090,45
exploration_bonus_c0.5,exploration_bonus_loo_fragility,"{""c"": 0.5}",808,180,135,1.2831503297816126e-05,0.22816986283709284,0.108477331624665,0.22355072991708347,0.3622369767658675,5,95,19.0,30.0,210.0,"{""T1036 - Defense Evasion: Masquerading"": 5, ""T1498.001 - Impact: Direct Network Flood"": 5, ""T1498.002 - Impact: Reflection/Amplification Attack"": 5, ""T1571 - Defense Evasion: Non-Standard Port"": 95, ""T1583.005 - Resource Development: Acquire Botnet"": 5, ""T1584.005 - Resource Development: Build/Compromise Botnet"": 5, ""T1590 - Reconnaissance: Gather Victim Network Information"": 5, ""T1595 - Reconnaissance: Active Scanning"": 5, ""TA0011 - Command-and-Control"": 50}",9088180,135
exploration_bonus_c0.5,exploration_bonus_loo_fragility,"{""c"": 0.5}",808,360,315,5.873710565469786e-06,0.22430133304493338,0.09965577016545747,0.22000795800716053,0.36364002925512173,5,95,19.0,35.424410918022176,290.0,"{""T1036 - Defense Evasion: Masquerading"": 6, ""T1498.001 - Impact: Direct Network Flood"": 5, ""T1498.002 - Impact: Reflection/Amplification Attack"": 48, ""T1571 - Defense Evasion: Non-Standard Port"": 95, ""T1583.005 - Resource Development: Acquire Botnet"": 67, ""T1584.005 - Resource Development: Build/Compromise Botnet"": 5, ""T1590 - Reconnaissance: Gather Victim Network Information"": 18, ""T1595 - Reconnaissance: Active Scanning"": 21, ""TA0011 - Command-and-Control"": 95}",9088360,315
exploration_bonus_c0.5,exploration_bonus_loo_fragility,"{""c"": 0.5}",808,720,675,1.5356199889168342e-06,0.22482350290497838,0.10363233008795833,0.21998534478089388,0.36147079394450465,5,200,40.0,74.03002393923998,582.0,"{""T1036 - Defense Evasion: Masquerading"": 12, ""T1498.001 - Impact: Direct Network Flood"": 5, ""T1498.002 - Impact: Reflection/Amplification Attack"": 200, ""T1571 - Defense Evasion: Non-Standard Port"": 116, ""T1583.005 - Resource Development: Acquire Botnet"": 200, ""T1584.005 - Resource Development: Build/Compromise Botnet"": 7, ""T1590 - Reconnaissance: Gather Victim Network Information"": 25, ""T1595 - Reconnaissance: Active Scanning"": 60, ""TA0011 - Command-and-Control"": 95}",9088720,675
exploration_bonus_c0.5,exploration_bonus_loo_fragility,"{""c"": 0.5}",808,1200,1155,1.868423630110502e-06,0.22545019910368083,0.10329561130776817,0.2213699285813247,0.3604871830971531,5,200,40.0,67.67405542582605,530.0,"{""T1036 - Defense Evasion: Masquerading"": 44, ""T1498.001 - Impact: Direct Network Flood"": 5, ""T1498.002 - Impact: Reflection/Amplification Attack"": 200, ""T1571 - Defense Evasion: Non-Standard Port"": 116, ""T1583.005 - Resource Development: Acquire Botnet"": 200, ""T1584.005 - Resource Development: Build/Compromise Botnet"": 199, ""T1590 - Reconnaissance: Gather Victim Network Information"": 164, ""T1595 - Reconnaissance: Active Scanning"": 102, ""TA0011 - Command-and-Control"": 170}",9089200,1155
exploration_bonus_c0.5,exploration_bonus_loo_fragility,"{""c"": 0.5}",808,1798,1753,0.0,0.22470484448919714,0.10282013170083151,0.21987138712593557,0.3602157968474639,199,200,1.0050251256281406,0.41573970964154905,0.0,"{""T1036 - Defense Evasion: Masquerading"": 200, ""T1498.001 - Impact: Direct Network Flood"": 200, ""T1498.002 - Impact: Reflection/Amplification Attack"": 200, ""T1571 - Defense Evasion: Non-Standard Port"": 200, ""T1583.005 - Resource Development: Acquire Botnet"": 200, ""T1584.005 - Resource Development: Build/Compromise Botnet"": 199, ""T1590 - Reconnaissance: Gather Victim Network Information"": 199, ""T1595 - Reconnaissance: Active Scanning"": 200, ""TA0011 - Command-and-Control"": 200}",9089798,1753
exploration_bonus_c1.0,exploration_bonus_loo_fragility,"{""c"": 1.0}",808,45,0,1.6500642142373114e-05,0.22743198878202475,0.10895993253734539,0.22330272950390673,0.3585746003014424,5,5,1.0,0.0,0.0,"{""T1036 - Defense Evasion: Masquerading"": 5, ""T1498.001 - Impact: Direct Network Flood"": 5, ""T1498.002 - Impact: Reflection/Amplification Attack"": 5, ""T1571 - Defense Evasion: Non-Standard Port"": 5, ""T1583.005 - Resource Development: Acquire Botnet"": 5, ""T1584.005 - Resource Development: Build/Compromise Botnet"": 5, ""T1590 - Reconnaissance: Gather Victim Network Information"": 5, ""T1595 - Reconnaissance: Active Scanning"": 5, ""TA0011 - Command-and-Control"": 5}",9088045,0
exploration_bonus_c1.0,exploration_bonus_loo_fragility,"{""c"": 1.0}",808,90,45,2.942522110398418e-05,0.22977563123381448,0.11052811725771859,0.22416245399490398,0.3691965732590879,5,50,10.0,14.142135623730951,80.0,"{""T1036 - Defense Evasion: Masquerading"": 5, ""T1498.001 - Impact: Direct Network Flood"": 5, ""T1498.002 - Impact: Reflection/Amplification Attack"": 5, ""T1571 - Defense Evasion: Non-Standard Port"": 50, ""T1583.005 - Resource Development: Acquire Botnet"": 5, ""T1584.005 - Resource Development: Build/Compromise Botnet"": 5, ""T1590 - Reconnaissance: Gather Victim Network Information"": 5, ""T1595 - Reconnaissance: Active Scanning"": 5, ""TA0011 - Command-and-Control"": 5}",9088090,45
exploration_bonus_c1.0,exploration_bonus_loo_fragility,"{""c"": 1.0}",808,180,135,1.2831503297816126e-05,0.22816986283709284,0.108477331624665,0.22355072991708347,0.3622369767658675,5,95,19.0,30.0,210.0,"{""T1036 - Defense Evasion: Masquerading"": 5, ""T1498.001 - Impact: Direct Network Flood"": 5, ""T1498.002 - Impact: Reflection/Amplification Attack"": 5, ""T1571 - Defense Evasion: Non-Standard Port"": 95, ""T1583.005 - Resource Development: Acquire Botnet"": 5, ""T1584.005 - Resource Development: Build/Compromise Botnet"": 5, ""T1590 - Reconnaissance: Gather Victim Network Information"": 5, ""T1595 - Reconnaissance: Active Scanning"": 5, ""TA0011 - Command-and-Control"": 50}",9088180,135
exploration_bonus_c1.0,exploration_bonus_loo_fragility,"{""c"": 1.0}",808,360,315,7.722611387997378e-06,0.22317584742528965,0.10022656246109628,0.21828446123063588,0.3616322410530498,5,95,19.0,34.62818376858814,278.0,"{""T1036 - Defense Evasion: Masquerading"": 11, ""T1498.001 - Impact: Direct Network Flood"": 5, ""T1498.002 - Impact: Reflection/Amplification Attack"": 64, ""T1571 - Defense Evasion: Non-Standard Port"": 95, ""T1583.005 - Resource Development: Acquire Botnet"": 45, ""T1584.005 - Resource Development: Build/Compromise Botnet"": 5, ""T1590 - Reconnaissance: Gather Victim Network Information"": 15, ""T1595 - Reconnaissance: Active Scanning"": 25, ""TA0011 - Command-and-Control"": 95}",9088360,315
exploration_bonus_c1.0,exploration_bonus_loo_fragility,"{""c"": 1.0}",808,720,675,2.370078517325038e-06,0.2253151236618058,0.101510087468362,0.22043611696372445,0.3641820871945409,8,200,25.0,69.12950809089335,554.0,"{""T1036 - Defense Evasion: Masquerading"": 14, ""T1498.001 - Impact: Direct Network Flood"": 14, ""T1498.002 - Impact: Reflection/Amplification Attack"": 200, ""T1571 - Defense Evasion: Non-Standard Port"": 174, ""T1583.005 - Resource Development: Acquire Botnet"": 128, ""T1584.005 - Resource Development: Build/Compromise Botnet"": 8, ""T1590 - Reconnaissance: Gather Victim Network Information"": 62, ""T1595 - Reconnaissance: Active Scanning"": 25, ""TA0011 - Command-and-Control"": 95}",9088720,675
exploration_bonus_c1.0,exploration_bonus_loo_fragility,"{""c"": 1.0}",808,1200,1155,3.913718086149662e-06,0.22591558496266434,0.10202208016866315,0.2211883471254639,0.3616359418616051,14,200,14.285714285714286,65.98653061210464,528.0,"{""T1036 - Defense Evasion: Masquerading"": 121, ""T1498.001 - Impact: Direct Network Flood"": 14, ""T1498.002 - Impact: Reflection/Amplification Attack"": 200, ""T1571 - Defense Evasion: Non-Standard Port"": 200, ""T1583.005 - Resource Development: Acquire Botnet"": 200, ""T1584.005 - Resource Development: Build/Compromise Botnet"": 199, ""T1590 - Reconnaissance: Gather Victim Network Information"": 62, ""T1595 - Reconnaissance: Active Scanning"": 109, ""TA0011 - Command-and-Control"": 95}",9089200,1155
exploration_bonus_c1.0,exploration_bonus_loo_fragility,"{""c"": 1.0}",808,1798,1753,0.0,0.22470484448919714,0.10282013170083151,0.21987138712593557,0.3602157968474639,199,200,1.0050251256281406,0.41573970964154905,0.0,"{""T1036 - Defense Evasion: Masquerading"": 200, ""T1498.001 - Impact: Direct Network Flood"": 200, ""T1498.002 - Impact: Reflection/Amplification Attack"": 200, ""T1571 - Defense Evasion: Non-Standard Port"": 200, ""T1583.005 - Resource Development: Acquire Botnet"": 200, ""T1584.005 - Resource Development: Build/Compromise Botnet"": 199, ""T1590 - Reconnaissance: Gather Victim Network Information"": 199, ""T1595 - Reconnaissance: Active Scanning"": 200, ""TA0011 - Command-and-Control"": 200}",9089798,1753
uniform_step_balanced,uniform_step_balanced,{},909,45,0,2.5361642045548363e-05,0.22813037244985934,0.11659910877905756,0.2217788828094046,0.36057187400650775,5,5,1.0,0.0,0.0,"{""T1036 - Defense Evasion: Masquerading"": 5, ""T1498.001 - Impact: Direct Network Flood"": 5, ""T1498.002 - Impact: Reflection/Amplification Attack"": 5, ""T1571 - Defense Evasion: Non-Standard Port"": 5, ""T1583.005 - Resource Development: Acquire Botnet"": 5, ""T1584.005 - Resource Development: Build/Compromise Botnet"": 5, ""T1590 - Reconnaissance: Gather Victim Network Information"": 5, ""T1595 - Reconnaissance: Active Scanning"": 5, ""TA0011 - Command-and-Control"": 5}",10098045,0
uniform_step_balanced,uniform_step_balanced,{},909,90,45,1.297541174885011e-05,0.2234504052411804,0.1078553887265576,0.2173191110330101,0.3569912882292247,10,10,1.0,0.0,0.0,"{""T1036 - Defense Evasion: Masquerading"": 10, ""T1498.001 - Impact: Direct Network Flood"": 10, ""T1498.002 - Impact: Reflection/Amplification Attack"": 10, ""T1571 - Defense Evasion: Non-Standard Port"": 10, ""T1583.005 - Resource Development: Acquire Botnet"": 10, ""T1584.005 - Resource Development: Build/Compromise Botnet"": 10, ""T1590 - Reconnaissance: Gather Victim Network Information"": 10, ""T1595 - Reconnaissance: Active Scanning"": 10, ""TA0011 - Command-and-Control"": 10}",10098090,45
uniform_step_balanced,uniform_step_balanced,{},909,180,135,1.8748235835216858e-05,0.22252912688200976,0.10126619267797003,0.21652992585992817,0.3678633159479301,20,20,1.0,0.0,0.0,"{""T1036 - Defense Evasion: Masquerading"": 20, ""T1498.001 - Impact: Direct Network Flood"": 20, ""T1498.002 - Impact: Reflection/Amplification Attack"": 20, ""T1571 - Defense Evasion: Non-Standard Port"": 20, ""T1583.005 - Resource Development: Acquire Botnet"": 20, ""T1584.005 - Resource Development: Build/Compromise Botnet"": 20, ""T1590 - Reconnaissance: Gather Victim Network Information"": 20, ""T1595 - Reconnaissance: Active Scanning"": 20, ""TA0011 - Command-and-Control"": 20}",10098180,135
uniform_step_balanced,uniform_step_balanced,{},909,360,315,3.99806415739245e-06,0.22363079541422348,0.10235757560150678,0.21873853620106587,0.3600694698621183,40,40,1.0,0.0,0.0,"{""T1036 - Defense Evasion: Masquerading"": 40, ""T1498.001 - Impact: Direct Network Flood"": 40, ""T1498.002 - Impact: Reflection/Amplification Attack"": 40, ""T1571 - Defense Evasion: Non-Standard Port"": 40, ""T1583.005 - Resource Development: Acquire Botnet"": 40, ""T1584.005 - Resource Development: Build/Compromise Botnet"": 40, ""T1590 - Reconnaissance: Gather Victim Network Information"": 40, ""T1595 - Reconnaissance: Active Scanning"": 40, ""TA0011 - Command-and-Control"": 40}",10098360,315
uniform_step_balanced,uniform_step_balanced,{},909,720,675,3.4720527939271414e-06,0.2233376384617517,0.10274771727894193,0.21786996377462753,0.3610875290626385,80,80,1.0,0.0,0.0,"{""T1036 - Defense Evasion: Masquerading"": 80, ""T1498.001 - Impact: Direct Network Flood"": 80, ""T1498.002 - Impact: Reflection/Amplification Attack"": 80, ""T1571 - Defense Evasion: Non-Standard Port"": 80, ""T1583.005 - Resource Development: Acquire Botnet"": 80, ""T1584.005 - Resource Development: Build/Compromise Botnet"": 80, ""T1590 - Reconnaissance: Gather Victim Network Information"": 80, ""T1595 - Reconnaissance: Active Scanning"": 80, ""TA0011 - Command-and-Control"": 80}",10098720,675
uniform_step_balanced,uniform_step_balanced,{},909,1200,1155,3.701029375974964e-06,0.22316872644865252,0.10207470902420843,0.21902687948694793,0.3570559058136008,133,134,1.0075187969924813,0.4714045207910317,0.0,"{""T1036 - Defense Evasion: Masquerading"": 133, ""T1498.001 - Impact: Direct Network Flood"": 133, ""T1498.002 - Impact: Reflection/Amplification Attack"": 134, ""T1571 - Defense Evasion: Non-Standard Port"": 133, ""T1583.005 - Resource Development: Acquire Botnet"": 133, ""T1584.005 - Resource Development: Build/Compromise Botnet"": 134, ""T1590 - Reconnaissance: Gather Victim Network Information"": 133, ""T1595 - Reconnaissance: Active Scanning"": 134, ""TA0011 - Command-and-Control"": 133}",10099200,1155
uniform_step_balanced,uniform_step_balanced,{},909,1798,1753,0.0,0.22470484448919714,0.10282013170083151,0.21987138712593557,0.3602157968474639,199,200,1.0050251256281406,0.41573970964154905,0.0,"{""T1036 - Defense Evasion: Masquerading"": 200, ""T1498.001 - Impact: Direct Network Flood"": 200, ""T1498.002 - Impact: Reflection/Amplification Attack"": 200, ""T1571 - Defense Evasion: Non-Standard Port"": 200, ""T1583.005 - Resource Development: Acquire Botnet"": 200, ""T1584.005 - Resource Development: Build/Compromise Botnet"": 199, ""T1590 - Reconnaissance: Gather Victim Network Information"": 199, ""T1595 - Reconnaissance: Active Scanning"": 200, ""TA0011 - Command-and-Control"": 200}",10099798,1753
greedy_loo_fragility,greedy_loo_fragility,{},909,45,0,2.5361642045548363e-05,0.22813037244985934,0.11659910877905756,0.2217788828094046,0.36057187400650775,5,5,1.0,0.0,0.0,"{""T1036 - Defense Evasion: Masquerading"": 5, ""T1498.001 - Impact: Direct Network Flood"": 5, ""T1498.002 - Impact: Reflection/Amplification Attack"": 5, ""T1571 - Defense Evasion: Non-Standard Port"": 5, ""T1583.005 - Resource Development: Acquire Botnet"": 5, ""T1584.005 - Resource Development: Build/Compromise Botnet"": 5, ""T1590 - Reconnaissance: Gather Victim Network Information"": 5, ""T1595 - Reconnaissance: Active Scanning"": 5, ""TA0011 - Command-and-Control"": 5}",10098045,0
greedy_loo_fragility,greedy_loo_fragility,{},909,90,45,3.296311263496833e-06,0.22472620991692693,0.10090144811231984,0.21994260434867452,0.36221044115665113,5,50,10.0,14.142135623730951,80.0,"{""T1036 - Defense Evasion: Masquerading"": 5, ""T1498.001 - Impact: Direct Network Flood"": 5, ""T1498.002 - Impact: Reflection/Amplification Attack"": 5, ""T1571 - Defense Evasion: Non-Standard Port"": 50, ""T1583.005 - Resource Development: Acquire Botnet"": 5, ""T1584.005 - Resource Development: Build/Compromise Botnet"": 5, ""T1590 - Reconnaissance: Gather Victim Network Information"": 5, ""T1595 - Reconnaissance: Active Scanning"": 5, ""TA0011 - Command-and-Control"": 5}",10098090,45
greedy_loo_fragility,greedy_loo_fragility,{},909,180,135,1.6955686157424854e-05,0.22133720652301236,0.1029710889129738,0.21618850861461028,0.3540602483682834,5,95,19.0,30.0,210.0,"{""T1036 - Defense Evasion: Masquerading"": 5, ""T1498.001 - Impact: Direct Network Flood"": 5, ""T1498.002 - Impact: Reflection/Amplification Attack"": 5, ""T1571 - Defense Evasion: Non-Standard Port"": 95, ""T1583.005 - Resource Development: Acquire Botnet"": 5, ""T1584.005 - Resource Development: Build/Compromise Botnet"": 5, ""T1590 - Reconnaissance: Gather Victim Network Information"": 5, ""T1595 - Reconnaissance: Active Scanning"": 5, ""TA0011 - Command-and-Control"": 50}",10098180,135
greedy_loo_fragility,greedy_loo_fragility,{},909,360,315,1.0904831457389513e-05,0.22344428733429617,0.10283185585991317,0.2182177953964838,0.3591180324231766,5,95,19.0,41.23105625617661,350.0,"{""T1036 - Defense Evasion: Masquerading"": 95, ""T1498.001 - Impact: Direct Network Flood"": 5, ""T1498.002 - Impact: Reflection/Amplification Attack"": 5, ""T1571 - Defense Evasion: Non-Standard Port"": 95, ""T1583.005 - Resource Development: Acquire Botnet"": 5, ""T1584.005 - Resource Development: Build/Compromise Botnet"": 50, ""T1590 - Reconnaissance: Gather Victim Network Information"": 5, ""T1595 - Reconnaissance: Active Scanning"": 5, ""TA0011 - Command-and-Control"": 95}",10098360,315
greedy_loo_fragility,greedy_loo_fragility,{},909,720,675,5.24014287810315e-06,0.2249994660817431,0.10757386534588359,0.21951034390657304,0.3634410502997211,5,199,39.8,74.72319288919309,600.0,"{""T1036 - Defense Evasion: Masquerading"": 185, ""T1498.001 - Impact: Direct Network Flood"": 5, ""T1498.002 - Impact: Reflection/Amplification Attack"": 5, ""T1571 - Defense Evasion: Non-Standard Port"": 95, ""T1583.005 - Resource Development: Acquire Botnet"": 126, ""T1584.005 - Resource Development: Build/Compromise Botnet"": 199, ""T1590 - Reconnaissance: Gather Victim Network Information"": 5, ""T1595 - Reconnaissance: Active Scanning"": 5, ""TA0011 - Command-and-Control"": 95}",10098720,675
greedy_loo_fragility,greedy_loo_fragility,{},909,1200,1155,6.9032494288719895e-06,0.22308204228642184,0.10326221919192807,0.2184140278355009,0.3576070332380032,5,200,40.0,80.20252143445644,662.0,"{""T1036 - Defense Evasion: Masquerading"": 200, ""T1498.001 - Impact: Direct Network Flood"": 5, ""T1498.002 - Impact: Reflection/Amplification Attack"": 5, ""T1571 - Defense Evasion: Non-Standard Port"": 95, ""T1583.005 - Resource Development: Acquire Botnet"": 200, ""T1584.005 - Resource Development: Build/Compromise Botnet"": 199, ""T1590 - Reconnaissance: Gather Victim Network Information"": 96, ""T1595 - Reconnaissance: Active Scanning"": 200, ""TA0011 - Command-and-Control"": 200}",10099200,1155
greedy_loo_fragility,greedy_loo_fragility,{},909,1798,1753,0.0,0.22470484448919714,0.10282013170083151,0.21987138712593557,0.3602157968474639,199,200,1.0050251256281406,0.41573970964154905,0.0,"{""T1036 - Defense Evasion: Masquerading"": 200, ""T1498.001 - Impact: Direct Network Flood"": 200, ""T1498.002 - Impact: Reflection/Amplification Attack"": 200, ""T1571 - Defense Evasion: Non-Standard Port"": 200, ""T1583.005 - Resource Development: Acquire Botnet"": 200, ""T1584.005 - Resource Development: Build/Compromise Botnet"": 199, ""T1590 - Reconnaissance: Gather Victim Network Information"": 199, ""T1595 - Reconnaissance: Active Scanning"": 200, ""TA0011 - Command-and-Control"": 200}",10099798,1753
epsilon_greedy_eps0.2,epsilon_greedy_loo_fragility,"{""epsilon"": 0.2}",909,45,0,2.5361642045548363e-05,0.22813037244985934,0.11659910877905756,0.2217788828094046,0.36057187400650775,5,5,1.0,0.0,0.0,"{""T1036 - Defense Evasion: Masquerading"": 5, ""T1498.001 - Impact: Direct Network Flood"": 5, ""T1498.002 - Impact: Reflection/Amplification Attack"": 5, ""T1571 - Defense Evasion: Non-Standard Port"": 5, ""T1583.005 - Resource Development: Acquire Botnet"": 5, ""T1584.005 - Resource Development: Build/Compromise Botnet"": 5, ""T1590 - Reconnaissance: Gather Victim Network Information"": 5, ""T1595 - Reconnaissance: Active Scanning"": 5, ""TA0011 - Command-and-Control"": 5}",10098045,0
epsilon_greedy_eps0.2,epsilon_greedy_loo_fragility,"{""epsilon"": 0.2}",909,90,45,9.364439196509043e-06,0.22411804023703044,0.10595138876605001,0.21891759781677358,0.35947004518839926,6,39,6.5,10.263202878893768,58.0,"{""T1036 - Defense Evasion: Masquerading"": 6, ""T1498.001 - Impact: Direct Network Flood"": 6, ""T1498.002 - Impact: Reflection/Amplification Attack"": 6, ""T1571 - Defense Evasion: Non-Standard Port"": 39, ""T1583.005 - Resource Development: Acquire Botnet"": 7, ""T1584.005 - Resource Development: Build/Compromise Botnet"": 6, ""T1590 - Reconnaissance: Gather Victim Network Information"": 6, ""T1595 - Reconnaissance: Active Scanning"": 7, ""TA0011 - Command-and-Control"": 7}",10098090,45
epsilon_greedy_eps0.2,epsilon_greedy_loo_fragility,"{""epsilon"": 0.2}",909,180,135,2.6969114062246863e-05,0.2221084837720965,0.10944454736395384,0.21699549743274932,0.35159538646536564,8,74,9.25,22.568414506414342,162.0,"{""T1036 - Defense Evasion: Masquerading"": 9, ""T1498.001 - Impact: Direct Network Flood"": 9, ""T1498.002 - Impact: Reflection/Amplification Attack"": 8, ""T1571 - Defense Evasion: Non-Standard Port"": 74, ""T1583.005 - Resource Development: Acquire Botnet"": 47, ""T1584.005 - Resource Development: Build/Compromise Botnet"": 9, ""T1590 - Reconnaissance: Gather Victim Network Information"": 8, ""T1595 - Reconnaissance: Active Scanning"": 8, ""TA0011 - Command-and-Control"": 8}",10098180,135
epsilon_greedy_eps0.2,epsilon_greedy_loo_fragility,"{""epsilon"": 0.2}",909,360,315,1.7244205796997224e-05,0.22101509863823762,0.1026190784359073,0.21593967147576415,0.35557014416697114,13,158,12.153846153846153,46.44231786731675,320.0,"{""T1036 - Defense Evasion: Masquerading"": 14, ""T1498.001 - Impact: Direct Network Flood"": 13, ""T1498.002 - Impact: Reflection/Amplification Attack"": 13, ""T1571 - Defense Evasion: Non-Standard Port"": 74, ""T1583.005 - Resource Development: Acquire Botnet"": 158, ""T1584.005 - Resource Development: Build/Compromise Botnet"": 13, ""T1590 - Reconnaissance: Gather Victim Network Information"": 13, ""T1595 - Reconnaissance: Active Scanning"": 48, ""TA0011 - Command-and-Control"": 14}",10098360,315
epsilon_greedy_eps0.2,epsilon_greedy_loo_fragility,"{""epsilon"": 0.2}",909,720,675,1.5223441027331129e-06,0.22469368819924213,0.10632882802186372,0.2193641773049036,0.35926015308654624,28,158,5.642857142857143,54.74790711372749,454.0,"{""T1036 - Defense Evasion: Masquerading"": 91, ""T1498.001 - Impact: Direct Network Flood"": 61, ""T1498.002 - Impact: Reflection/Amplification Attack"": 28, ""T1571 - Defense Evasion: Non-Standard Port"": 143, ""T1583.005 - Resource Development: Acquire Botnet"": 158, ""T1584.005 - Resource Development: Build/Compromise Botnet"": 28, ""T1590 - Reconnaissance: Gather Victim Network Information"": 28, ""T1595 - Reconnaissance: Active Scanning"": 155, ""TA0011 - Command-and-Control"": 28}",10098720,675
epsilon_greedy_eps0.2,epsilon_greedy_loo_fragility,"{""epsilon"": 0.2}",909,1200,1155,6.728420643140851e-06,0.2224745182215684,0.09889743373756998,0.21840592891759514,0.3576896547668875,59,200,3.389830508474576,51.70213836110757,408.0,"{""T1036 - Defense Evasion: Masquerading"": 91, ""T1498.001 - Impact: Direct Network Flood"": 200, ""T1498.002 - Impact: Reflection/Amplification Attack"": 59, ""T1571 - Defense Evasion: Non-Standard Port"": 143, ""T1583.005 - Resource Development: Acquire Botnet"": 158, ""T1584.005 - Resource Development: Build/Compromise Botnet"": 59, ""T1590 - Reconnaissance: Gather Victim Network Information"": 119, ""T1595 - Reconnaissance: Active Scanning"": 200, ""TA0011 - Command-and-Control"": 171}",10099200,1155
epsilon_greedy_eps0.2,epsilon_greedy_loo_fragility,"{""epsilon"": 0.2}",909,1798,1753,0.0,0.22470484448919714,0.10282013170083151,0.21987138712593557,0.3602157968474639,199,200,1.0050251256281406,0.41573970964154905,0.0,"{""T1036 - Defense Evasion: Masquerading"": 200, ""T1498.001 - Impact: Direct Network Flood"": 200, ""T1498.002 - Impact: Reflection/Amplification Attack"": 200, ""T1571 - Defense Evasion: Non-Standard Port"": 200, ""T1583.005 - Resource Development: Acquire Botnet"": 200, ""T1584.005 - Resource Development: Build/Compromise Botnet"": 199, ""T1590 - Reconnaissance: Gather Victim Network Information"": 199, ""T1595 - Reconnaissance: Active Scanning"": 200, ""TA0011 - Command-and-Control"": 200}",10099798,1753
exploration_bonus_c0.25,exploration_bonus_loo_fragility,"{""c"": 0.25}",909,45,0,2.5361642045548363e-05,0.22813037244985934,0.11659910877905756,0.2217788828094046,0.36057187400650775,5,5,1.0,0.0,0.0,"{""T1036 - Defense Evasion: Masquerading"": 5, ""T1498.001 - Impact: Direct Network Flood"": 5, ""T1498.002 - Impact: Reflection/Amplification Attack"": 5, ""T1571 - Defense Evasion: Non-Standard Port"": 5, ""T1583.005 - Resource Development: Acquire Botnet"": 5, ""T1584.005 - Resource Development: Build/Compromise Botnet"": 5, ""T1590 - Reconnaissance: Gather Victim Network Information"": 5, ""T1595 - Reconnaissance: Active Scanning"": 5, ""TA0011 - Command-and-Control"": 5}",10098045,0
exploration_bonus_c0.25,exploration_bonus_loo_fragility,"{""c"": 0.25}",909,90,45,3.296311263496833e-06,0.22472620991692693,0.10090144811231984,0.21994260434867452,0.36221044115665113,5,50,10.0,14.142135623730951,80.0,"{""T1036 - Defense Evasion: Masquerading"": 5, ""T1498.001 - Impact: Direct Network Flood"": 5, ""T1498.002 - Impact: Reflection/Amplification Attack"": 5, ""T1571 - Defense Evasion: Non-Standard Port"": 50, ""T1583.005 - Resource Development: Acquire Botnet"": 5, ""T1584.005 - Resource Development: Build/Compromise Botnet"": 5, ""T1590 - Reconnaissance: Gather Victim Network Information"": 5, ""T1595 - Reconnaissance: Active Scanning"": 5, ""TA0011 - Command-and-Control"": 5}",10098090,45
exploration_bonus_c0.25,exploration_bonus_loo_fragility,"{""c"": 0.25}",909,180,135,2.0580536012689152e-05,0.22194734095054514,0.10725531184488427,0.21699491259054504,0.3498178579909756,5,95,19.0,29.5296461204668,204.0,"{""T1036 - Defense Evasion: Masquerading"": 8, ""T1498.001 - Impact: Direct Network Flood"": 5, ""T1498.002 - Impact: Reflection/Amplification Attack"": 5, ""T1571 - Defense Evasion: Non-Standard Port"": 95, ""T1583.005 - Resource Development: Acquire Botnet"": 5, ""T1584.005 - Resource Development: Build/Compromise Botnet"": 5, ""T1590 - Reconnaissance: Gather Victim Network Information"": 5, ""T1595 - Reconnaissance: Active Scanning"": 5, ""TA0011 - Command-and-Control"": 47}",10098180,135
exploration_bonus_c0.25,exploration_bonus_loo_fragility,"{""c"": 0.25}",909,360,315,6.310298485537084e-06,0.22282991405133135,0.10452211320460618,0.21802790226913615,0.35641607894566685,5,106,21.2,42.27423696663384,352.0,"{""T1036 - Defense Evasion: Masquerading"": 9, ""T1498.001 - Impact: Direct Network Flood"": 5, ""T1498.002 - Impact: Reflection/Amplification Attack"": 5, ""T1571 - Defense Evasion: Non-Standard Port"": 95, ""T1583.005 - Resource Development: Acquire Botnet"": 95, ""T1584.005 - Resource Development: Build/Compromise Botnet"": 9, ""T1590 - Reconnaissance: Gather Victim Network Information"": 31, ""T1595 - Reconnaissance: Active Scanning"": 5, ""TA0011 - Command-and-Control"": 106}",10098360,315
exploration_bonus_c0.25,exploration_bonus_loo_fragility,"{""c"": 0.25}",909,720,675,7.31543953642821e-06,0.2227208536249662,0.10413483509599762,0.21763359742956206,0.3561901762226435,10,182,18.2,55.60175856531478,424.0,"{""T1036 - Defense Evasion: Masquerading"": 10, ""T1498.001 - Impact: Direct Network Flood"": 95, ""T1498.002 - Impact: Reflection/Amplification Attack"": 95, ""T1571 - Defense Evasion: Non-Standard Port"": 182, ""T1583.005 - Resource Development: Acquire Botnet"": 95, ""T1584.005 - Resource Development: Build/Compromise Botnet"": 10, ""T1590 - Reconnaissance: Gather Victim Network Information"": 36, ""T1595 - Reconnaissance: Active Scanning"": 52, ""TA0011 - Command-and-Control"": 145}",10098720,675
exploration_bonus_c0.25,exploration_bonus_loo_fragility,"{""c"": 0.25}",909,1200,1155,2.0400415123089723e-05,0.22126118044641335,0.10165591818951886,0.21709899799734467,0.351188901952671,10,200,20.0,65.11869504561992,544.0,"{""T1036 - Defense Evasion: Masquerading"": 10, ""T1498.001 - Impact: Direct Network Flood"": 185, ""T1498.002 - Impact: Reflection/Amplification Attack"": 95, ""T1571 - Defense Evasion: Non-Standard Port"": 182, ""T1583.005 - Resource Development: Acquire Botnet"": 200, ""T1584.005 - Resource Development: Build/Compromise Botnet"": 179, ""T1590 - Reconnaissance: Gather Victim Network Information"": 77, ""T1595 - Reconnaissance: Active Scanning"": 78, ""TA0011 - Command-and-Control"": 194}",10099200,1155
exploration_bonus_c0.25,exploration_bonus_loo_fragility,"{""c"": 0.25}",909,1798,1753,0.0,0.22470484448919714,0.10282013170083151,0.21987138712593557,0.3602157968474639,199,200,1.0050251256281406,0.41573970964154905,0.0,"{""T1036 - Defense Evasion: Masquerading"": 200, ""T1498.001 - Impact: Direct Network Flood"": 200, ""T1498.002 - Impact: Reflection/Amplification Attack"": 200, ""T1571 - Defense Evasion: Non-Standard Port"": 200, ""T1583.005 - Resource Development: Acquire Botnet"": 200, ""T1584.005 - Resource Development: Build/Compromise Botnet"": 199, ""T1590 - Reconnaissance: Gather Victim Network Information"": 199, ""T1595 - Reconnaissance: Active Scanning"": 200, ""TA0011 - Command-and-Control"": 200}",10099798,1753
exploration_bonus_c0.5,exploration_bonus_loo_fragility,"{""c"": 0.5}",909,45,0,2.5361642045548363e-05,0.22813037244985934,0.11659910877905756,0.2217788828094046,0.36057187400650775,5,5,1.0,0.0,0.0,"{""T1036 - Defense Evasion: Masquerading"": 5, ""T1498.001 - Impact: Direct Network Flood"": 5, ""T1498.002 - Impact: Reflection/Amplification Attack"": 5, ""T1571 - Defense Evasion: Non-Standard Port"": 5, ""T1583.005 - Resource Development: Acquire Botnet"": 5, ""T1584.005 - Resource Development: Build/Compromise Botnet"": 5, ""T1590 - Reconnaissance: Gather Victim Network Information"": 5, ""T1595 - Reconnaissance: Active Scanning"": 5, ""TA0011 - Command-and-Control"": 5}",10098045,0
exploration_bonus_c0.5,exploration_bonus_loo_fragility,"{""c"": 0.5}",909,90,45,3.296311263496833e-06,0.22472620991692693,0.10090144811231984,0.21994260434867452,0.36221044115665113,5,50,10.0,14.142135623730951,80.0,"{""T1036 - Defense Evasion: Masquerading"": 5, ""T1498.001 - Impact: Direct Network Flood"": 5, ""T1498.002 - Impact: Reflection/Amplification Attack"": 5, ""T1571 - Defense Evasion: Non-Standard Port"": 50, ""T1583.005 - Resource Development: Acquire Botnet"": 5, ""T1584.005 - Resource Development: Build/Compromise Botnet"": 5, ""T1590 - Reconnaissance: Gather Victim Network Information"": 5, ""T1595 - Reconnaissance: Active Scanning"": 5, ""TA0011 - Command-and-Control"": 5}",10098090,45
exploration_bonus_c0.5,exploration_bonus_loo_fragility,"{""c"": 0.5}",909,180,135,2.4630310831795493e-05,0.2210625127878884,0.10340220894372645,0.21642433285014262,0.35178077248978445,5,95,19.0,28.63952203201412,190.0,"{""T1036 - Defense Evasion: Masquerading"": 14, ""T1498.001 - Impact: Direct Network Flood"": 6, ""T1498.002 - Impact: Reflection/Amplification Attack"": 5, ""T1571 - Defense Evasion: Non-Standard Port"": 95, ""T1583.005 - Resource Development: Acquire Botnet"": 5, ""T1584.005 - Resource Development: Build/Compromise Botnet"": 5, ""T1590 - Reconnaissance: Gather Victim Network Information"": 5, ""T1595 - Reconnaissance: Active Scanning"": 5, ""TA0011 - Command-and-Control"": 40}",10098180,135
exploration_bonus_c0.5,exploration_bonus_loo_fragility,"{""c"": 0.5}",909,360,315,1.2856903735297825e-05,0.22151623002648071,0.10126464845392717,0.2163275077021868,0.35621122934886434,5,95,19.0,36.67272677193351,302.0,"{""T1036 - Defense Evasion: Masquerading"": 20, ""T1498.001 - Impact: Direct Network Flood"": 44, ""T1498.002 - Impact: Reflection/Amplification Attack"": 5, ""T1571 - Defense Evasion: Non-Standard Port"": 95, ""T1583.005 - Resource Development: Acquire Botnet"": 9, ""T1584.005 - Resource Development: Build/Compromise Botnet"": 9, ""T1590 - Reconnaissance: Gather Victim Network Information"": 94, ""T1595 - Reconnaissance: Active Scanning"": 6, ""TA0011 - Command-and-Control"": 78}",10098360,315
exploration_bonus_c0.5,exploration_bonus_loo_fragility,"{""c"": 0.5}",909,720,675,9.318907597824286e-06,0.22191881803859081,0.1017154247482414,0.21646870661714157,0.3578818644873141,5,200,40.0,58.70642592122641,418.0,"{""T1036 - Defense Evasion: Masquerading"": 70, ""T1498.001 - Impact: Direct Network Flood"": 106, ""T1498.002 - Impact: Reflection/Amplification Attack"": 5, ""T1571 - Defense Evasion: Non-Standard Port"": 95, ""T1583.005 - Resource Development: Acquire Botnet"": 200, ""T1584.005 - Resource Development: Build/Compromise Botnet"": 30, ""T1590 - Reconnaissance: Gather Victim Network Information"": 128, ""T1595 - Reconnaissance: Active Scanning"": 8, ""TA0011 - Command-and-Control"": 78}",10098720,675
exploration_bonus_c0.5,exploration_bonus_loo_fragility,"{""c"": 0.5}",909,1200,1155,9.588476055988567e-06,0.2224163994458633,0.10292804169902535,0.2176548000592999,0.35629841023330966,5,200,40.0,70.22503510540636,538.0,"{""T1036 - Defense Evasion: Masquerading"": 131, ""T1498.001 - Impact: Direct Network Flood"": 155, ""T1498.002 - Impact: Reflection/Amplification Attack"": 5, ""T1571 - Defense Evasion: Non-Standard Port"": 95, ""T1583.005 - Resource Development: Acquire Botnet"": 200, ""T1584.005 - Resource Development: Build/Compromise Botnet"": 32, ""T1590 - Reconnaissance: Gather Victim Network Information"": 182, ""T1595 - Reconnaissance: Active Scanning"": 200, ""TA0011 - Command-and-Control"": 200}",10099200,1155
exploration_bonus_c0.5,exploration_bonus_loo_fragility,"{""c"": 0.5}",909,1798,1753,0.0,0.22470484448919714,0.10282013170083151,0.21987138712593557,0.3602157968474639,199,200,1.0050251256281406,0.41573970964154905,0.0,"{""T1036 - Defense Evasion: Masquerading"": 200, ""T1498.001 - Impact: Direct Network Flood"": 200, ""T1498.002 - Impact: Reflection/Amplification Attack"": 200, ""T1571 - Defense Evasion: Non-Standard Port"": 200, ""T1583.005 - Resource Development: Acquire Botnet"": 200, ""T1584.005 - Resource Development: Build/Compromise Botnet"": 199, ""T1590 - Reconnaissance: Gather Victim Network Information"": 199, ""T1595 - Reconnaissance: Active Scanning"": 200, ""TA0011 - Command-and-Control"": 200}",10099798,1753
exploration_bonus_c1.0,exploration_bonus_loo_fragility,"{""c"": 1.0}",909,45,0,2.5361642045548363e-05,0.22813037244985934,0.11659910877905756,0.2217788828094046,0.36057187400650775,5,5,1.0,0.0,0.0,"{""T1036 - Defense Evasion: Masquerading"": 5, ""T1498.001 - Impact: Direct Network Flood"": 5, ""T1498.002 - Impact: Reflection/Amplification Attack"": 5, ""T1571 - Defense Evasion: Non-Standard Port"": 5, ""T1583.005 - Resource Development: Acquire Botnet"": 5, ""T1584.005 - Resource Development: Build/Compromise Botnet"": 5, ""T1590 - Reconnaissance: Gather Victim Network Information"": 5, ""T1595 - Reconnaissance: Active Scanning"": 5, ""TA0011 - Command-and-Control"": 5}",10098045,0
exploration_bonus_c1.0,exploration_bonus_loo_fragility,"{""c"": 1.0}",909,90,45,3.296311263496833e-06,0.22472620991692693,0.10090144811231984,0.21994260434867452,0.36221044115665113,5,50,10.0,14.142135623730951,80.0,"{""T1036 - Defense Evasion: Masquerading"": 5, ""T1498.001 - Impact: Direct Network Flood"": 5, ""T1498.002 - Impact: Reflection/Amplification Attack"": 5, ""T1571 - Defense Evasion: Non-Standard Port"": 50, ""T1583.005 - Resource Development: Acquire Botnet"": 5, ""T1584.005 - Resource Development: Build/Compromise Botnet"": 5, ""T1590 - Reconnaissance: Gather Victim Network Information"": 5, ""T1595 - Reconnaissance: Active Scanning"": 5, ""TA0011 - Command-and-Control"": 5}",10098090,45
exploration_bonus_c1.0,exploration_bonus_loo_fragility,"{""c"": 1.0}",909,180,135,2.6968752612650803e-05,0.2213287423368359,0.10496877830215912,0.2164625181805775,0.3521559436384938,5,95,19.0,27.884683171152503,174.0,"{""T1036 - Defense Evasion: Masquerading"": 18, ""T1498.001 - Impact: Direct Network Flood"": 10, ""T1498.002 - Impact: Reflection/Amplification Attack"": 5, ""T1571 - Defense Evasion: Non-Standard Port"": 95, ""T1583.005 - Resource Development: Acquire Botnet"": 5, ""T1584.005 - Resource Development: Build/Compromise Botnet"": 5, ""T1590 - Reconnaissance: Gather Victim Network Information"": 5, ""T1595 - Reconnaissance: Active Scanning"": 5, ""TA0011 - Command-and-Control"": 32}",10098180,135
exploration_bonus_c1.0,exploration_bonus_loo_fragility,"{""c"": 1.0}",909,360,315,3.6582313740075594e-06,0.22293807289363704,0.10282861754649876,0.21815705506206728,0.3583257611387623,5,95,19.0,30.858098162754978,248.0,"{""T1036 - Defense Evasion: Masquerading"": 32, ""T1498.001 - Impact: Direct Network Flood"": 17, ""T1498.002 - Impact: Reflection/Amplification Attack"": 5, ""T1571 - Defense Evasion: Non-Standard Port"": 95, ""T1583.005 - Resource Development: Acquire Botnet"": 11, ""T1584.005 - Resource Development: Build/Compromise Botnet"": 68, ""T1590 - Reconnaissance: Gather Victim Network Information"": 46, ""T1595 - Reconnaissance: Active Scanning"": 11, ""TA0011 - Command-and-Control"": 75}",10098360,315
exploration_bonus_c1.0,exploration_bonus_loo_fragility,"{""c"": 1.0}",909,720,675,6.188690586148748e-06,0.2225472112877823,0.09903394419823681,0.2171702893172771,0.358893932482701,7,200,28.571428571428573,60.249481325568276,426.0,"{""T1036 - Defense Evasion: Masquerading"": 67, ""T1498.001 - Impact: Direct Network Flood"": 154, ""T1498.002 - Impact: Reflection/Amplification Attack"": 7, ""T1571 - Defense Evasion: Non-Standard Port"": 200, ""T1583.005 - Resource Development: Acquire Botnet"": 17, ""T1584.005 - Resource Development: Build/Compromise Botnet"": 99, ""T1590 - Reconnaissance: Gather Victim Network Information"": 75, ""T1595 - Reconnaissance: Active Scanning"": 26, ""TA0011 - Command-and-Control"": 75}",10098720,675
exploration_bonus_c1.0,exploration_bonus_loo_fragility,"{""c"": 1.0}",909,1200,1155,2.0205439846441523e-06,0.2235130365837721,0.10180014300669103,0.21875882609884903,0.35912307440818714,11,200,18.181818181818183,65.63027756556674,512.0,"{""T1036 - Defense Evasion: Masquerading"": 170, ""T1498.001 - Impact: Direct Network Flood"": 154, ""T1498.002 - Impact: Reflection/Amplification Attack"": 11, ""T1571 - Defense Evasion: Non-Standard Port"": 200, ""T1583.005 - Resource Development: Acquire Botnet"": 48, ""T1584.005 - Resource Development: Build/Compromise Botnet"": 99, ""T1590 - Reconnaissance: Gather Victim Network Information"": 118, ""T1595 - Reconnaissance: Active Scanning"": 200, ""TA0011 - Command-and-Control"": 200}",10099200,1155
exploration_bonus_c1.0,exploration_bonus_loo_fragility,"{""c"": 1.0}",909,1798,1753,0.0,0.22470484448919714,0.10282013170083151,0.21987138712593557,0.3602157968474639,199,200,1.0050251256281406,0.41573970964154905,0.0,"{""T1036 - Defense Evasion: Masquerading"": 200, ""T1498.001 - Impact: Direct Network Flood"": 200, ""T1498.002 - Impact: Reflection/Amplification Attack"": 200, ""T1571 - Defense Evasion: Non-Standard Port"": 200, ""T1583.005 - Resource Development: Acquire Botnet"": 200, ""T1584.005 - Resource Development: Build/Compromise Botnet"": 199, ""T1590 - Reconnaissance: Gather Victim Network Information"": 199, ""T1595 - Reconnaissance: Active Scanning"": 200, ""TA0011 - Command-and-Control"": 200}",10099798,1753
uniform_step_balanced,uniform_step_balanced,{},1010,45,0,2.785453143444077e-05,0.2234324552290365,0.1034805841239454,0.21727557083788235,0.3639697523002786,5,5,1.0,0.0,0.0,"{""T1036 - Defense Evasion: Masquerading"": 5, ""T1498.001 - Impact: Direct Network Flood"": 5, ""T1498.002 - Impact: Reflection/Amplification Attack"": 5, ""T1571 - Defense Evasion: Non-Standard Port"": 5, ""T1583.005 - Resource Development: Acquire Botnet"": 5, ""T1584.005 - Resource Development: Build/Compromise Botnet"": 5, ""T1590 - Reconnaissance: Gather Victim Network Information"": 5, ""T1595 - Reconnaissance: Active Scanning"": 5, ""TA0011 - Command-and-Control"": 5}",11108045,0
uniform_step_balanced,uniform_step_balanced,{},1010,90,45,2.543745814710761e-05,0.2212455112714773,0.10294946131458495,0.21531403956413975,0.35512582153422184,10,10,1.0,0.0,0.0,"{""T1036 - Defense Evasion: Masquerading"": 10, ""T1498.001 - Impact: Direct Network Flood"": 10, ""T1498.002 - Impact: Reflection/Amplification Attack"": 10, ""T1571 - Defense Evasion: Non-Standard Port"": 10, ""T1583.005 - Resource Development: Acquire Botnet"": 10, ""T1584.005 - Resource Development: Build/Compromise Botnet"": 10, ""T1590 - Reconnaissance: Gather Victim Network Information"": 10, ""T1595 - Reconnaissance: Active Scanning"": 10, ""TA0011 - Command-and-Control"": 10}",11108090,45
uniform_step_balanced,uniform_step_balanced,{},1010,180,135,4.352548885283851e-07,0.22451313292847438,0.10466047557584503,0.21999857465187667,0.3595866605811361,20,20,1.0,0.0,0.0,"{""T1036 - Defense Evasion: Masquerading"": 20, ""T1498.001 - Impact: Direct Network Flood"": 20, ""T1498.002 - Impact: Reflection/Amplification Attack"": 20, ""T1571 - Defense Evasion: Non-Standard Port"": 20, ""T1583.005 - Resource Development: Acquire Botnet"": 20, ""T1584.005 - Resource Development: Build/Compromise Botnet"": 20, ""T1590 - Reconnaissance: Gather Victim Network Information"": 20, ""T1595 - Reconnaissance: Active Scanning"": 20, ""TA0011 - Command-and-Control"": 20}",11108180,135
uniform_step_balanced,uniform_step_balanced,{},1010,360,315,9.94441482353322e-06,0.22426449297929266,0.10406615853739064,0.2202315460330116,0.35582878094688203,40,40,1.0,0.0,0.0,"{""T1036 - Defense Evasion: Masquerading"": 40, ""T1498.001 - Impact: Direct Network Flood"": 40, ""T1498.002 - Impact: Reflection/Amplification Attack"": 40, ""T1571 - Defense Evasion: Non-Standard Port"": 40, ""T1583.005 - Resource Development: Acquire Botnet"": 40, ""T1584.005 - Resource Development: Build/Compromise Botnet"": 40, ""T1590 - Reconnaissance: Gather Victim Network Information"": 40, ""T1595 - Reconnaissance: Active Scanning"": 40, ""TA0011 - Command-and-Control"": 40}",11108360,315
uniform_step_balanced,uniform_step_balanced,{},1010,720,675,4.6412618037148445e-06,0.2252145969519058,0.1057894143865603,0.22074634931082723,0.3564067955937774,80,80,1.0,0.0,0.0,"{""T1036 - Defense Evasion: Masquerading"": 80, ""T1498.001 - Impact: Direct Network Flood"": 80, ""T1498.002 - Impact: Reflection/Amplification Attack"": 80, ""T1571 - Defense Evasion: Non-Standard Port"": 80, ""T1583.005 - Resource Development: Acquire Botnet"": 80, ""T1584.005 - Resource Development: Build/Compromise Botnet"": 80, ""T1590 - Reconnaissance: Gather Victim Network Information"": 80, ""T1595 - Reconnaissance: Active Scanning"": 80, ""TA0011 - Command-and-Control"": 80}",11108720,675
uniform_step_balanced,uniform_step_balanced,{},1010,1200,1155,9.55199074291996e-07,0.22513574652591414,0.1050473518679072,0.22072257767813686,0.3588389724187576,133,134,1.0075187969924813,0.4714045207910317,0.0,"{""T1036 - Defense Evasion: Masquerading"": 133, ""T1498.001 - Impact: Direct Network Flood"": 133, ""T1498.002 - Impact: Reflection/Amplification Attack"": 133, ""T1571 - Defense Evasion: Non-Standard Port"": 133, ""T1583.005 - Resource Development: Acquire Botnet"": 133, ""T1584.005 - Resource Development: Build/Compromise Botnet"": 133, ""T1590 - Reconnaissance: Gather Victim Network Information"": 134, ""T1595 - Reconnaissance: Active Scanning"": 134, ""TA0011 - Command-and-Control"": 134}",11109200,1155
uniform_step_balanced,uniform_step_balanced,{},1010,1798,1753,0.0,0.22470484448919714,0.10282013170083151,0.21987138712593557,0.3602157968474639,199,200,1.0050251256281406,0.41573970964154905,0.0,"{""T1036 - Defense Evasion: Masquerading"": 200, ""T1498.001 - Impact: Direct Network Flood"": 200, ""T1498.002 - Impact: Reflection/Amplification Attack"": 200, ""T1571 - Defense Evasion: Non-Standard Port"": 200, ""T1583.005 - Resource Development: Acquire Botnet"": 200, ""T1584.005 - Resource Development: Build/Compromise Botnet"": 199, ""T1590 - Reconnaissance: Gather Victim Network Information"": 199, ""T1595 - Reconnaissance: Active Scanning"": 200, ""TA0011 - Command-and-Control"": 200}",11109798,1753
greedy_loo_fragility,greedy_loo_fragility,{},1010,45,0,2.785453143444077e-05,0.2234324552290365,0.1034805841239454,0.21727557083788235,0.3639697523002786,5,5,1.0,0.0,0.0,"{""T1036 - Defense Evasion: Masquerading"": 5, ""T1498.001 - Impact: Direct Network Flood"": 5, ""T1498.002 - Impact: Reflection/Amplification Attack"": 5, ""T1571 - Defense Evasion: Non-Standard Port"": 5, ""T1583.005 - Resource Development: Acquire Botnet"": 5, ""T1584.005 - Resource Development: Build/Compromise Botnet"": 5, ""T1590 - Reconnaissance: Gather Victim Network Information"": 5, ""T1595 - Reconnaissance: Active Scanning"": 5, ""TA0011 - Command-and-Control"": 5}",11108045,0
greedy_loo_fragility,greedy_loo_fragility,{},1010,90,45,7.362943908155137e-06,0.22430409704295443,0.10498351713414238,0.21918158786687836,0.3605066855654983,5,50,10.0,14.142135623730951,80.0,"{""T1036 - Defense Evasion: Masquerading"": 5, ""T1498.001 - Impact: Direct Network Flood"": 5, ""T1498.002 - Impact: Reflection/Amplification Attack"": 5, ""T1571 - Defense Evasion: Non-Standard Port"": 50, ""T1583.005 - Resource Development: Acquire Botnet"": 5, ""T1584.005 - Resource Development: Build/Compromise Botnet"": 5, ""T1590 - Reconnaissance: Gather Victim Network Information"": 5, ""T1595 - Reconnaissance: Active Scanning"": 5, ""TA0011 - Command-and-Control"": 5}",11108090,45
greedy_loo_fragility,greedy_loo_fragility,{},1010,180,135,8.855002111752478e-06,0.22278023812563041,0.10383484071923565,0.21878415493948583,0.3536295566109459,5,95,19.0,30.0,210.0,"{""T1036 - Defense Evasion: Masquerading"": 5, ""T1498.001 - Impact: Direct Network Flood"": 5, ""T1498.002 - Impact: Reflection/Amplification Attack"": 5, ""T1571 - Defense Evasion: Non-Standard Port"": 95, ""T1583.005 - Resource Development: Acquire Botnet"": 5, ""T1584.005 - Resource Development: Build/Compromise Botnet"": 5, ""T1590 - Reconnaissance: Gather Victim Network Information"": 5, ""T1595 - Reconnaissance: Active Scanning"": 5, ""TA0011 - Command-and-Control"": 50}",11108180,135
greedy_loo_fragility,greedy_loo_fragility,{},1010,360,315,3.1677943662502636e-06,0.22380989841790006,0.1025544785321285,0.21931274885128932,0.357167489022555,5,95,19.0,41.23105625617661,350.0,"{""T1036 - Defense Evasion: Masquerading"": 5, ""T1498.001 - Impact: Direct Network Flood"": 5, ""T1498.002 - Impact: Reflection/Amplification Attack"": 5, ""T1571 - Defense Evasion: Non-Standard Port"": 95, ""T1583.005 - Resource Development: Acquire Botnet"": 50, ""T1584.005 - Resource Development: Build/Compromise Botnet"": 5, ""T1590 - Reconnaissance: Gather Victim Network Information"": 5, ""T1595 - Reconnaissance: Active Scanning"": 95, ""TA0011 - Command-and-Control"": 95}",11108360,315
greedy_loo_fragility,greedy_loo_fragility,{},1010,720,675,2.992876941050571e-06,0.22383609166346077,0.10362533006448359,0.21995463932877884,0.35729694090770925,5,200,40.0,82.76472678623425,690.0,"{""T1036 - Defense Evasion: Masquerading"": 35, ""T1498.001 - Impact: Direct Network Flood"": 5, ""T1498.002 - Impact: Reflection/Amplification Attack"": 5, ""T1571 - Defense Evasion: Non-Standard Port"": 170, ""T1583.005 - Resource Development: Acquire Botnet"": 200, ""T1584.005 - Resource Development: Build/Compromise Botnet"": 5, ""T1590 - Reconnaissance: Gather Victim Network Information"": 5, ""T1595 - Reconnaissance: Active Scanning"": 95, ""TA0011 - Command-and-Control"": 200}",11108720,675
greedy_loo_fragility,greedy_loo_fragility,{},1010,1200,1155,6.754538037828114e-06,0.22411774088943165,0.1014798451545976,0.21907544668208817,0.36033068484425523,5,200,40.0,77.06562859739167,602.0,"{""T1036 - Defense Evasion: Masquerading"": 126, ""T1498.001 - Impact: Direct Network Flood"": 5, ""T1498.002 - Impact: Reflection/Amplification Attack"": 95, ""T1571 - Defense Evasion: Non-Standard Port"": 170, ""T1583.005 - Resource Development: Acquire Botnet"": 200, ""T1584.005 - Resource Development: Build/Compromise Botnet"": 199, ""T1590 - Reconnaissance: Gather Victim Network Information"": 5, ""T1595 - Reconnaissance: Active Scanning"": 200, ""TA0011 - Command-and-Control"": 200}",11109200,1155
greedy_loo_fragility,greedy_loo_fragility,{},1010,1798,1753,0.0,0.22470484448919714,0.10282013170083151,0.21987138712593557,0.3602157968474639,199,200,1.0050251256281406,0.41573970964154905,0.0,"{""T1036 - Defense Evasion: Masquerading"": 200, ""T1498.001 - Impact: Direct Network Flood"": 200, ""T1498.002 - Impact: Reflection/Amplification Attack"": 200, ""T1571 - Defense Evasion: Non-Standard Port"": 200, ""T1583.005 - Resource Development: Acquire Botnet"": 200, ""T1584.005 - Resource Development: Build/Compromise Botnet"": 199, ""T1590 - Reconnaissance: Gather Victim Network Information"": 199, ""T1595 - Reconnaissance: Active Scanning"": 200, ""TA0011 - Command-and-Control"": 200}",11109798,1753
epsilon_greedy_eps0.2,epsilon_greedy_loo_fragility,"{""epsilon"": 0.2}",1010,45,0,2.785453143444077e-05,0.2234324552290365,0.1034805841239454,0.21727557083788235,0.3639697523002786,5,5,1.0,0.0,0.0,"{""T1036 - Defense Evasion: Masquerading"": 5, ""T1498.001 - Impact: Direct Network Flood"": 5, ""T1498.002 - Impact: Reflection/Amplification Attack"": 5, ""T1571 - Defense Evasion: Non-Standard Port"": 5, ""T1583.005 - Resource Development: Acquire Botnet"": 5, ""T1584.005 - Resource Development: Build/Compromise Botnet"": 5, ""T1590 - Reconnaissance: Gather Victim Network Information"": 5, ""T1595 - Reconnaissance: Active Scanning"": 5, ""TA0011 - Command-and-Control"": 5}",11108045,0
epsilon_greedy_eps0.2,epsilon_greedy_loo_fragility,"{""epsilon"": 0.2}",1010,90,45,3.2883314557666934e-06,0.22515379469040125,0.10552963214511069,0.22004537416515146,0.3595191465052565,6,39,6.5,10.263202878893768,58.0,"{""T1036 - Defense Evasion: Masquerading"": 6, ""T1498.001 - Impact: Direct Network Flood"": 7, ""T1498.002 - Impact: Reflection/Amplification Attack"": 7, ""T1571 - Defense Evasion: Non-Standard Port"": 39, ""T1583.005 - Resource Development: Acquire Botnet"": 7, ""T1584.005 - Resource Development: Build/Compromise Botnet"": 6, ""T1590 - Reconnaissance: Gather Victim Network Information"": 6, ""T1595 - Reconnaissance: Active Scanning"": 6, ""TA0011 - Command-and-Control"": 6}",11108090,45
epsilon_greedy_eps0.2,epsilon_greedy_loo_fragility,"{""epsilon"": 0.2}",1010,180,135,9.043230732948435e-06,0.22295495433104726,0.10189031762873628,0.21796197928563377,0.361007984487931,8,75,9.375,22.34576768279249,158.0,"{""T1036 - Defense Evasion: Masquerading"": 9, ""T1498.001 - Impact: Direct Network Flood"": 9, ""T1498.002 - Impact: Reflection/Amplification Attack"": 8, ""T1571 - Defense Evasion: Non-Standard Port"": 75, ""T1583.005 - Resource Development: Acquire Botnet"": 9, ""T1584.005 - Resource Development: Build/Compromise Botnet"": 9, ""T1590 - Reconnaissance: Gather Victim Network Information"": 9, ""T1595 - Reconnaissance: Active Scanning"": 44, ""TA0011 - Command-and-Control"": 8}",11108180,135
epsilon_greedy_eps0.2,epsilon_greedy_loo_fragility,"{""epsilon"": 0.2}",1010,360,315,7.248712339539475e-06,0.2258765919637441,0.10081806100050325,0.2205441079257941,0.36513370313601917,12,148,12.333333333333334,45.17127897729313,328.0,"{""T1036 - Defense Evasion: Masquerading"": 50, ""T1498.001 - Impact: Direct Network Flood"": 13, ""T1498.002 - Impact: Reflection/Amplification Attack"": 12, ""T1571 - Defense Evasion: Non-Standard Port"": 148, ""T1583.005 - Resource Development: Acquire Botnet"": 12, ""T1584.005 - Resource Development: Build/Compromise Botnet"": 13, ""T1590 - Reconnaissance: Gather Victim Network Information"": 13, ""T1595 - Reconnaissance: Active Scanning"": 86, ""TA0011 - Command-and-Control"": 13}",11108360,315
epsilon_greedy_eps0.2,epsilon_greedy_loo_fragility,"{""epsilon"": 0.2}",1010,720,675,2.040453435575474e-06,0.2247038872437016,0.1049070384516911,0.22022429163257876,0.35789641481145285,29,191,6.586206896551724,54.98686711893628,402.0,"{""T1036 - Defense Evasion: Masquerading"": 191, ""T1498.001 - Impact: Direct Network Flood"": 89, ""T1498.002 - Impact: Reflection/Amplification Attack"": 30, ""T1571 - Defense Evasion: Non-Standard Port"": 148, ""T1583.005 - Resource Development: Acquire Botnet"": 30, ""T1584.005 - Resource Development: Build/Compromise Botnet"": 29, ""T1590 - Reconnaissance: Gather Victim Network Information"": 30, ""T1595 - Reconnaissance: Active Scanning"": 86, ""TA0011 - Command-and-Control"": 87}",11108720,675
epsilon_greedy_eps0.2,epsilon_greedy_loo_fragility,"{""epsilon"": 0.2}",1010,1200,1155,1.4480550367373796e-06,0.22503113401375985,0.10167141627861051,0.22065330831320062,0.3606188869378216,68,200,2.9411764705882355,53.65113646927197,446.0,"{""T1036 - Defense Evasion: Masquerading"": 200, ""T1498.001 - Impact: Direct Network Flood"": 200, ""T1498.002 - Impact: Reflection/Amplification Attack"": 119, ""T1571 - Defense Evasion: Non-Standard Port"": 200, ""T1583.005 - Resource Development: Acquire Botnet"": 68, ""T1584.005 - Resource Development: Build/Compromise Botnet"": 100, ""T1590 - Reconnaissance: Gather Victim Network Information"": 69, ""T1595 - Reconnaissance: Active Scanning"": 86, ""TA0011 - Command-and-Control"": 158}",11109200,1155
epsilon_greedy_eps0.2,epsilon_greedy_loo_fragility,"{""epsilon"": 0.2}",1010,1798,1753,0.0,0.22470484448919714,0.10282013170083151,0.21987138712593557,0.3602157968474639,199,200,1.0050251256281406,0.41573970964154905,0.0,"{""T1036 - Defense Evasion: Masquerading"": 200, ""T1498.001 - Impact: Direct Network Flood"": 200, ""T1498.002 - Impact: Reflection/Amplification Attack"": 200, ""T1571 - Defense Evasion: Non-Standard Port"": 200, ""T1583.005 - Resource Development: Acquire Botnet"": 200, ""T1584.005 - Resource Development: Build/Compromise Botnet"": 199, ""T1590 - Reconnaissance: Gather Victim Network Information"": 199, ""T1595 - Reconnaissance: Active Scanning"": 200, ""TA0011 - Command-and-Control"": 200}",11109798,1753
exploration_bonus_c0.25,exploration_bonus_loo_fragility,"{""c"": 0.25}",1010,45,0,2.785453143444077e-05,0.2234324552290365,0.1034805841239454,0.21727557083788235,0.3639697523002786,5,5,1.0,0.0,0.0,"{""T1036 - Defense Evasion: Masquerading"": 5, ""T1498.001 - Impact: Direct Network Flood"": 5, ""T1498.002 - Impact: Reflection/Amplification Attack"": 5, ""T1571 - Defense Evasion: Non-Standard Port"": 5, ""T1583.005 - Resource Development: Acquire Botnet"": 5, ""T1584.005 - Resource Development: Build/Compromise Botnet"": 5, ""T1590 - Reconnaissance: Gather Victim Network Information"": 5, ""T1595 - Reconnaissance: Active Scanning"": 5, ""TA0011 - Command-and-Control"": 5}",11108045,0
exploration_bonus_c0.25,exploration_bonus_loo_fragility,"{""c"": 0.25}",1010,90,45,7.362943908155137e-06,0.22430409704295443,0.10498351713414238,0.21918158786687836,0.3605066855654983,5,50,10.0,14.142135623730951,80.0,"{""T1036 - Defense Evasion: Masquerading"": 5, ""T1498.001 - Impact: Direct Network Flood"": 5, ""T1498.002 - Impact: Reflection/Amplification Attack"": 5, ""T1571 - Defense Evasion: Non-Standard Port"": 50, ""T1583.005 - Resource Development: Acquire Botnet"": 5, ""T1584.005 - Resource Development: Build/Compromise Botnet"": 5, ""T1590 - Reconnaissance: Gather Victim Network Information"": 5, ""T1595 - Reconnaissance: Active Scanning"": 5, ""TA0011 - Command-and-Control"": 5}",11108090,45
exploration_bonus_c0.25,exploration_bonus_loo_fragility,"{""c"": 0.25}",1010,180,135,8.855002111752478e-06,0.22278023812563041,0.10383484071923565,0.21878415493948583,0.3536295566109459,5,95,19.0,30.0,210.0,"{""T1036 - Defense Evasion: Masquerading"": 5, ""T1498.001 - Impact: Direct Network Flood"": 5, ""T1498.002 - Impact: Reflection/Amplification Attack"": 5, ""T1571 - Defense Evasion: Non-Standard Port"": 95, ""T1583.005 - Resource Development: Acquire Botnet"": 5, ""T1584.005 - Resource Development: Build/Compromise Botnet"": 5, ""T1590 - Reconnaissance: Gather Victim Network Information"": 5, ""T1595 - Reconnaissance: Active Scanning"": 5, ""TA0011 - Command-and-Control"": 50}",11108180,135
exploration_bonus_c0.25,exploration_bonus_loo_fragility,"{""c"": 0.25}",1010,360,315,3.3302699215764573e-06,0.2236020999217677,0.10176717297353227,0.21944557184410507,0.35794961063943764,5,140,28.0,49.54010720842479,404.0,"{""T1036 - Defense Evasion: Masquerading"": 5, ""T1498.001 - Impact: Direct Network Flood"": 5, ""T1498.002 - Impact: Reflection/Amplification Attack"": 5, ""T1571 - Defense Evasion: Non-Standard Port"": 95, ""T1583.005 - Resource Development: Acquire Botnet"": 13, ""T1584.005 - Resource Development: Build/Compromise Botnet"": 5, ""T1590 - Reconnaissance: Gather Victim Network Information"": 5, ""T1595 - Reconnaissance: Active Scanning"": 87, ""TA0011 - Command-and-Control"": 140}",11108360,315
exploration_bonus_c0.25,exploration_bonus_loo_fragility,"{""c"": 0.25}",1010,720,675,4.17741926894463e-06,0.22496779475177844,0.10227933725375771,0.22084079740973925,0.3589497862186018,5,189,37.8,70.5754127787354,566.0,"{""T1036 - Defense Evasion: Masquerading"": 14, ""T1498.001 - Impact: Direct Network Flood"": 95, ""T1498.002 - Impact: Reflection/Amplification Attack"": 5, ""T1571 - Defense Evasion: Non-Standard Port"": 189, ""T1583.005 - Resource Development: Acquire Botnet"": 13, ""T1584.005 - Resource Development: Build/Compromise Botnet"": 93, ""T1590 - Reconnaissance: Gather Victim Network Information"": 5, ""T1595 - Reconnaissance: Active Scanning"": 123, ""TA0011 - Command-and-Control"": 183}",11108720,675
exploration_bonus_c0.25,exploration_bonus_loo_fragility,"{""c"": 0.25}",1010,1200,1155,3.2516682465962006e-06,0.22437549403636717,0.10024411145465642,0.2198278754236465,0.36005087203336367,6,200,33.333333333333336,87.86100133481041,742.0,"{""T1036 - Defense Evasion: Masquerading"": 200, ""T1498.001 - Impact: Direct Network Flood"": 200, ""T1498.002 - Impact: Reflection/Amplification Attack"": 9, ""T1571 - Defense Evasion: Non-Standard Port"": 190, ""T1583.005 - Resource Development: Acquire Botnet"": 13, ""T1584.005 - Resource Development: Build/Compromise Botnet"": 199, ""T1590 - Reconnaissance: Gather Victim Network Information"": 6, ""T1595 - Reconnaissance: Active Scanning"": 200, ""TA0011 - Command-and-Control"": 183}",11109200,1155
exploration_bonus_c0.25,exploration_bonus_loo_fragility,"{""c"": 0.25}",1010,1798,1753,0.0,0.22470484448919714,0.10282013170083151,0.21987138712593557,0.3602157968474639,199,200,1.0050251256281406,0.41573970964154905,0.0,"{""T1036 - Defense Evasion: Masquerading"": 200, ""T1498.001 - Impact: Direct Network Flood"": 200, ""T1498.002 - Impact: Reflection/Amplification Attack"": 200, ""T1571 - Defense Evasion: Non-Standard Port"": 200, ""T1583.005 - Resource Development: Acquire Botnet"": 200, ""T1584.005 - Resource Development: Build/Compromise Botnet"": 199, ""T1590 - Reconnaissance: Gather Victim Network Information"": 199, ""T1595 - Reconnaissance: Active Scanning"": 200, ""TA0011 - Command-and-Control"": 200}",11109798,1753
exploration_bonus_c0.5,exploration_bonus_loo_fragility,"{""c"": 0.5}",1010,45,0,2.785453143444077e-05,0.2234324552290365,0.1034805841239454,0.21727557083788235,0.3639697523002786,5,5,1.0,0.0,0.0,"{""T1036 - Defense Evasion: Masquerading"": 5, ""T1498.001 - Impact: Direct Network Flood"": 5, ""T1498.002 - Impact: Reflection/Amplification Attack"": 5, ""T1571 - Defense Evasion: Non-Standard Port"": 5, ""T1583.005 - Resource Development: Acquire Botnet"": 5, ""T1584.005 - Resource Development: Build/Compromise Botnet"": 5, ""T1590 - Reconnaissance: Gather Victim Network Information"": 5, ""T1595 - Reconnaissance: Active Scanning"": 5, ""TA0011 - Command-and-Control"": 5}",11108045,0
exploration_bonus_c0.5,exploration_bonus_loo_fragility,"{""c"": 0.5}",1010,90,45,7.362943908155137e-06,0.22430409704295443,0.10498351713414238,0.21918158786687836,0.3605066855654983,5,50,10.0,14.142135623730951,80.0,"{""T1036 - Defense Evasion: Masquerading"": 5, ""T1498.001 - Impact: Direct Network Flood"": 5, ""T1498.002 - Impact: Reflection/Amplification Attack"": 5, ""T1571 - Defense Evasion: Non-Standard Port"": 50, ""T1583.005 - Resource Development: Acquire Botnet"": 5, ""T1584.005 - Resource Development: Build/Compromise Botnet"": 5, ""T1590 - Reconnaissance: Gather Victim Network Information"": 5, ""T1595 - Reconnaissance: Active Scanning"": 5, ""TA0011 - Command-and-Control"": 5}",11108090,45
exploration_bonus_c0.5,exploration_bonus_loo_fragility,"{""c"": 0.5}",1010,180,135,8.855002111752478e-06,0.22278023812563041,0.10383484071923565,0.21878415493948583,0.3536295566109459,5,95,19.0,30.0,210.0,"{""T1036 - Defense Evasion: Masquerading"": 5, ""T1498.001 - Impact: Direct Network Flood"": 5, ""T1498.002 - Impact: Reflection/Amplification Attack"": 5, ""T1571 - Defense Evasion: Non-Standard Port"": 95, ""T1583.005 - Resource Development: Acquire Botnet"": 5, ""T1584.005 - Resource Development: Build/Compromise Botnet"": 5, ""T1590 - Reconnaissance: Gather Victim Network Information"": 5, ""T1595 - Reconnaissance: Active Scanning"": 5, ""TA0011 - Command-and-Control"": 50}",11108180,135
exploration_bonus_c0.5,exploration_bonus_loo_fragility,"{""c"": 0.5}",1010,360,315,2.3282077376071282e-06,0.2244962665225964,0.10191270441344073,0.2197982818853126,0.35961259513266464,5,128,25.6,46.147107770211946,380.0,"{""T1036 - Defense Evasion: Masquerading"": 5, ""T1498.001 - Impact: Direct Network Flood"": 8, ""T1498.002 - Impact: Reflection/Amplification Attack"": 5, ""T1571 - Defense Evasion: Non-Standard Port"": 95, ""T1583.005 - Resource Development: Acquire Botnet"": 87, ""T1584.005 - Resource Development: Build/Compromise Botnet"": 7, ""T1590 - Reconnaissance: Gather Victim Network Information"": 5, ""T1595 - Reconnaissance: Active Scanning"": 20, ""TA0011 - Command-and-Control"": 128}",11108360,315
exploration_bonus_c0.5,exploration_bonus_loo_fragility,"{""c"": 0.5}",1010,720,675,2.1503465729308104e-06,0.22425463205124987,0.10093469573644183,0.21965577090687244,0.3602077552016102,5,187,37.4,71.5588336033132,592.0,"{""T1036 - Defense Evasion: Masquerading"": 5, ""T1498.001 - Impact: Direct Network Flood"": 14, ""T1498.002 - Impact: Reflection/Amplification Attack"": 39, ""T1571 - Defense Evasion: Non-Standard Port"": 180, ""T1583.005 - Resource Development: Acquire Botnet"": 187, ""T1584.005 - Resource Development: Build/Compromise Botnet"": 42, ""T1590 - Reconnaissance: Gather Victim Network Information"": 61, ""T1595 - Reconnaissance: Active Scanning"": 23, ""TA0011 - Command-and-Control"": 169}",11108720,675
exploration_bonus_c0.5,exploration_bonus_loo_fragility,"{""c"": 0.5}",1010,1200,1155,6.167705610162086e-06,0.22414816375121677,0.09986591557360065,0.21992292307328581,0.3630574364672692,5,200,40.0,76.47802879839993,626.0,"{""T1036 - Defense Evasion: Masquerading"": 5, ""T1498.001 - Impact: Direct Network Flood"": 153, ""T1498.002 - Impact: Reflection/Amplification Attack"": 39, ""T1571 - Defense Evasion: Non-Standard Port"": 200, ""T1583.005 - Resource Development: Acquire Botnet"": 200, ""T1584.005 - Resource Development: Build/Compromise Botnet"": 42, ""T1590 - Reconnaissance: Gather Victim Network Information"": 161, ""T1595 - Reconnaissance: Active Scanning"": 200, ""TA0011 - Command-and-Control"": 200}",11109200,1155
exploration_bonus_c0.5,exploration_bonus_loo_fragility,"{""c"": 0.5}",1010,1798,1753,0.0,0.22470484448919714,0.10282013170083151,0.21987138712593557,0.3602157968474639,199,200,1.0050251256281406,0.41573970964154905,0.0,"{""T1036 - Defense Evasion: Masquerading"": 200, ""T1498.001 - Impact: Direct Network Flood"": 200, ""T1498.002 - Impact: Reflection/Amplification Attack"": 200, ""T1571 - Defense Evasion: Non-Standard Port"": 200, ""T1583.005 - Resource Development: Acquire Botnet"": 200, ""T1584.005 - Resource Development: Build/Compromise Botnet"": 199, ""T1590 - Reconnaissance: Gather Victim Network Information"": 199, ""T1595 - Reconnaissance: Active Scanning"": 200, ""TA0011 - Command-and-Control"": 200}",11109798,1753
exploration_bonus_c1.0,exploration_bonus_loo_fragility,"{""c"": 1.0}",1010,45,0,2.785453143444077e-05,0.2234324552290365,0.1034805841239454,0.21727557083788235,0.3639697523002786,5,5,1.0,0.0,0.0,"{""T1036 - Defense Evasion: Masquerading"": 5, ""T1498.001 - Impact: Direct Network Flood"": 5, ""T1498.002 - Impact: Reflection/Amplification Attack"": 5, ""T1571 - Defense Evasion: Non-Standard Port"": 5, ""T1583.005 - Resource Development: Acquire Botnet"": 5, ""T1584.005 - Resource Development: Build/Compromise Botnet"": 5, ""T1590 - Reconnaissance: Gather Victim Network Information"": 5, ""T1595 - Reconnaissance: Active Scanning"": 5, ""TA0011 - Command-and-Control"": 5}",11108045,0
exploration_bonus_c1.0,exploration_bonus_loo_fragility,"{""c"": 1.0}",1010,90,45,7.362943908155137e-06,0.22430409704295443,0.10498351713414238,0.21918158786687836,0.3605066855654983,5,50,10.0,14.142135623730951,80.0,"{""T1036 - Defense Evasion: Masquerading"": 5, ""T1498.001 - Impact: Direct Network Flood"": 5, ""T1498.002 - Impact: Reflection/Amplification Attack"": 5, ""T1571 - Defense Evasion: Non-Standard Port"": 50, ""T1583.005 - Resource Development: Acquire Botnet"": 5, ""T1584.005 - Resource Development: Build/Compromise Botnet"": 5, ""T1590 - Reconnaissance: Gather Victim Network Information"": 5, ""T1595 - Reconnaissance: Active Scanning"": 5, ""TA0011 - Command-and-Control"": 5}",11108090,45
exploration_bonus_c1.0,exploration_bonus_loo_fragility,"{""c"": 1.0}",1010,180,135,7.3342732254412525e-06,0.2227505857635835,0.10478770988799081,0.2181210269547959,0.35472319503812005,5,95,19.0,28.554042329122744,190.0,"{""T1036 - Defense Evasion: Masquerading"": 5, ""T1498.001 - Impact: Direct Network Flood"": 5, ""T1498.002 - Impact: Reflection/Amplification Attack"": 7, ""T1571 - Defense Evasion: Non-Standard Port"": 95, ""T1583.005 - Resource Development: Acquire Botnet"": 8, ""T1584.005 - Resource Development: Build/Compromise Botnet"": 5, ""T1590 - Reconnaissance: Gather Victim Network Information"": 5, ""T1595 - Reconnaissance: Active Scanning"": 10, ""TA0011 - Command-and-Control"": 40}",11108180,135
exploration_bonus_c1.0,exploration_bonus_loo_fragility,"{""c"": 1.0}",1010,360,315,1.0202942272683221e-05,0.22609262584046955,0.10784333459092467,0.22145730645962441,0.3587180533909458,8,127,15.875,37.464056848605644,272.0,"{""T1036 - Defense Evasion: Masquerading"": 16, ""T1498.001 - Impact: Direct Network Flood"": 15, ""T1498.002 - Impact: Reflection/Amplification Attack"": 10, ""T1571 - Defense Evasion: Non-Standard Port"": 127, ""T1583.005 - Resource Development: Acquire Botnet"": 22, ""T1584.005 - Resource Development: Build/Compromise Botnet"": 8, ""T1590 - Reconnaissance: Gather Victim Network Information"": 51, ""T1595 - Reconnaissance: Active Scanning"": 33, ""TA0011 - Command-and-Control"": 78}",11108360,315
exploration_bonus_c1.0,exploration_bonus_loo_fragility,"{""c"": 1.0}",1010,720,675,4.325315693845029e-06,0.22605326970087813,0.10679276492134726,0.22188045804460071,0.3581924308138964,11,174,15.818181818181818,59.30898376768528,462.0,"{""T1036 - Defense Evasion: Masquerading"": 33, ""T1498.001 - Impact: Direct Network Flood"": 174, ""T1498.002 - Impact: Reflection/Amplification Attack"": 11, ""T1571 - Defense Evasion: Non-Standard Port"": 127, ""T1583.005 - Resource Development: Acquire Botnet"": 22, ""T1584.005 - Resource Development: Build/Compromise Botnet"": 25, ""T1590 - Reconnaissance: Gather Victim Network Information"": 165, ""T1595 - Reconnaissance: Active Scanning"": 85, ""TA0011 - Command-and-Control"": 78}",11108720,675
exploration_bonus_c1.0,exploration_bonus_loo_fragility,"{""c"": 1.0}",1010,1200,1155,2.462295580045263e-06,0.22571068308722547,0.10576216663539831,0.22052867013230648,0.36158075587397404,11,200,18.181818181818183,69.61321713582845,542.0,"{""T1036 - Defense Evasion: Masquerading"": 200, ""T1498.001 - Impact: Direct Network Flood"": 200, ""T1498.002 - Impact: Reflection/Amplification Attack"": 11, ""T1571 - Defense Evasion: Non-Standard Port"": 140, ""T1583.005 - Resource Development: Acquire Botnet"": 114, ""T1584.005 - Resource Development: Build/Compromise Botnet"": 36, ""T1590 - Reconnaissance: Gather Victim Network Information"": 199, ""T1595 - Reconnaissance: Active Scanning"": 200, ""TA0011 - Command-and-Control"": 100}",11109200,1155
exploration_bonus_c1.0,exploration_bonus_loo_fragility,"{""c"": 1.0}",1010,1798,1753,0.0,0.22470484448919714,0.10282013170083151,0.21987138712593557,0.3602157968474639,199,200,1.0050251256281406,0.41573970964154905,0.0,"{""T1036 - Defense Evasion: Masquerading"": 200, ""T1498.001 - Impact: Direct Network Flood"": 200, ""T1498.002 - Impact: Reflection/Amplification Attack"": 200, ""T1571 - Defense Evasion: Non-Standard Port"": 200, ""T1583.005 - Resource Development: Acquire Botnet"": 200, ""T1584.005 - Resource Development: Build/Compromise Botnet"": 199, ""T1590 - Reconnaissance: Gather Victim Network Information"": 199, ""T1595 - Reconnaissance: Active Scanning"": 200, ""TA0011 - Command-and-Control"": 200}",11109798,1753
