policy_name,base_policy_name,reveal_seed,recomputation_index,revealed_count_at_recomputation,runtime_seconds,total_loo_terms_available,total_loo_terms_used,max_loo_terms_per_step,loo_subsampled,top_fragile_step,top_fragility,policy_kwargs
greedy_loo_fragility,greedy_loo_fragility,101,1,45,0.7032029579859227,45,45,20,False,T1571 - Defense Evasion: Non-Standard Port,0.00013575569833673576,{}
greedy_loo_fragility,greedy_loo_fragility,101,2,135,0.9435485419817269,135,60,20,True,T1498.001 - Impact: Direct Network Flood,6.028392008585122e-05,{}
greedy_loo_fragility,greedy_loo_fragility,101,3,225,1.3461343749950174,225,75,20,True,T1036 - Defense Evasion: Masquerading,5.502939095145649e-05,{}
greedy_loo_fragility,greedy_loo_fragility,101,4,315,2.2243518750183284,315,90,20,True,T1595 - Reconnaissance: Active Scanning,5.248711253314407e-05,{}
greedy_loo_fragility,greedy_loo_fragility,101,5,405,2.0680240000074264,405,105,20,True,T1571 - Defense Evasion: Non-Standard Port,5.046279817217095e-05,{}
greedy_loo_fragility,greedy_loo_fragility,101,6,495,2.2584643750160467,495,105,20,True,T1571 - Defense Evasion: Non-Standard Port,6.056559275307478e-05,{}
greedy_loo_fragility,greedy_loo_fragility,101,7,585,2.508089375012787,585,120,20,True,T1498.002 - Impact: Reflection/Amplification Attack,8.841022402728719e-05,{}
greedy_loo_fragility,greedy_loo_fragility,101,8,675,2.3099173750088084,675,135,20,True,T1583.005 - Resource Development: Acquire Botnet,0.00010213085395175043,{}
greedy_loo_fragility,greedy_loo_fragility,101,9,765,2.26062987500336,765,150,20,True,T1583.005 - Resource Development: Acquire Botnet,0.0001045015849688128,{}
greedy_loo_fragility,greedy_loo_fragility,101,10,855,2.492847209010506,855,150,20,True,T1583.005 - Resource Development: Acquire Botnet,9.754790570293132e-05,{}
greedy_loo_fragility,greedy_loo_fragility,101,11,945,2.8266938750166446,945,150,20,True,T1583.005 - Resource Development: Acquire Botnet,9.199097090648454e-05,{}
greedy_loo_fragility,greedy_loo_fragility,101,12,1035,2.3576751250075176,1035,150,20,True,T1595 - Reconnaissance: Active Scanning,9.06731218282414e-05,{}
greedy_loo_fragility,greedy_loo_fragility,101,13,1125,2.3200380000052974,1125,150,20,True,TA0011 - Command-and-Control,0.00014844200302544875,{}
greedy_loo_fragility,greedy_loo_fragility,101,14,1215,2.5514797079958953,1215,165,20,True,T1036 - Defense Evasion: Masquerading,7.064583718568076e-05,{}
greedy_loo_fragility,greedy_loo_fragility,101,15,1305,2.555196208995767,1305,165,20,True,T1583.005 - Resource Development: Acquire Botnet,5.559611234526764e-05,{}
greedy_loo_fragility,greedy_loo_fragility,101,16,1395,3.2278064579877537,1395,165,20,True,T1583.005 - Resource Development: Acquire Botnet,6.63988647883639e-05,{}
greedy_loo_fragility,greedy_loo_fragility,101,17,1485,2.6544093749835156,1485,165,20,True,T1498.002 - Impact: Reflection/Amplification Attack,6.549598436989204e-05,{}
greedy_loo_fragility,greedy_loo_fragility,101,18,1575,2.9911445410107262,1575,165,20,True,T1583.005 - Resource Development: Acquire Botnet,6.826411481638972e-05,{}
greedy_loo_fragility,greedy_loo_fragility,101,19,1665,3.002703833015403,1665,180,20,True,T1583.005 - Resource Development: Acquire Botnet,7.311436110993332e-05,{}
greedy_loo_fragility,greedy_loo_fragility,101,20,1755,2.948967875010567,1755,180,20,True,T1583.005 - Resource Development: Acquire Botnet,7.581160705703724e-05,{}
epsilon_greedy_eps0.2,epsilon_greedy_loo_fragility,101,1,45,0.662580790987704,45,45,20,False,T1571 - Defense Evasion: Non-Standard Port,0.00013575569833673576,"{""epsilon"": 0.2}"
epsilon_greedy_eps0.2,epsilon_greedy_loo_fragility,101,2,135,1.1641829580185004,135,76,20,True,T1584.005 - Resource Development: Build/Compromise Botnet,6.800830491919565e-05,"{""epsilon"": 0.2}"
epsilon_greedy_eps0.2,epsilon_greedy_loo_fragility,101,3,225,1.7377463330049068,225,108,20,True,T1583.005 - Resource Development: Acquire Botnet,6.236810680845128e-05,"{""epsilon"": 0.2}"
epsilon_greedy_eps0.2,epsilon_greedy_loo_fragility,101,4,315,2.1414412500162143,315,140,20,True,T1583.005 - Resource Development: Acquire Botnet,8.346115056746538e-05,"{""epsilon"": 0.2}"
epsilon_greedy_eps0.2,epsilon_greedy_loo_fragility,101,5,405,2.4016942089947406,405,159,20,True,T1498.001 - Impact: Direct Network Flood,5.752171745379661e-05,"{""epsilon"": 0.2}"
epsilon_greedy_eps0.2,epsilon_greedy_loo_fragility,101,6,495,2.7367698329908308,495,180,20,True,T1583.005 - Resource Development: Acquire Botnet,5.7472144765140286e-05,"{""epsilon"": 0.2}"
epsilon_greedy_eps0.2,epsilon_greedy_loo_fragility,101,7,585,2.7599052919831593,585,180,20,True,TA0011 - Command-and-Control,5.193615661203635e-05,"{""epsilon"": 0.2}"
epsilon_greedy_eps0.2,epsilon_greedy_loo_fragility,101,8,675,2.8238581249897834,675,180,20,True,T1498.001 - Impact: Direct Network Flood,6.809336064180196e-05,"{""epsilon"": 0.2}"
epsilon_greedy_eps0.2,epsilon_greedy_loo_fragility,101,9,765,2.806093791994499,765,180,20,True,T1498.001 - Impact: Direct Network Flood,4.951428265970266e-05,"{""epsilon"": 0.2}"
epsilon_greedy_eps0.2,epsilon_greedy_loo_fragility,101,10,855,2.8319830409891438,855,180,20,True,T1590 - Reconnaissance: Gather Victim Network Information,5.188989433875078e-05,"{""epsilon"": 0.2}"
epsilon_greedy_eps0.2,epsilon_greedy_loo_fragility,101,11,945,2.817937166983029,945,180,20,True,T1498.001 - Impact: Direct Network Flood,5.176068985300619e-05,"{""epsilon"": 0.2}"
epsilon_greedy_eps0.2,epsilon_greedy_loo_fragility,101,12,1035,2.8411124580015894,1035,180,20,True,T1036 - Defense Evasion: Masquerading,4.7706652008438505e-05,"{""epsilon"": 0.2}"
epsilon_greedy_eps0.2,epsilon_greedy_loo_fragility,101,13,1125,2.9007192089920864,1125,180,20,True,T1498.001 - Impact: Direct Network Flood,4.539618956461574e-05,"{""epsilon"": 0.2}"
epsilon_greedy_eps0.2,epsilon_greedy_loo_fragility,101,14,1215,3.0472474999842234,1215,180,20,True,T1498.001 - Impact: Direct Network Flood,5.3389108611681016e-05,"{""epsilon"": 0.2}"
epsilon_greedy_eps0.2,epsilon_greedy_loo_fragility,101,15,1305,3.038306417001877,1305,180,20,True,T1498.002 - Impact: Reflection/Amplification Attack,6.0195756048384355e-05,"{""epsilon"": 0.2}"
epsilon_greedy_eps0.2,epsilon_greedy_loo_fragility,101,16,1395,2.955614875012543,1395,180,20,True,T1498.001 - Impact: Direct Network Flood,7.40346389433225e-05,"{""epsilon"": 0.2}"
epsilon_greedy_eps0.2,epsilon_greedy_loo_fragility,101,17,1485,3.0196393330115825,1485,180,20,True,T1583.005 - Resource Development: Acquire Botnet,0.00010186651174572826,"{""epsilon"": 0.2}"
epsilon_greedy_eps0.2,epsilon_greedy_loo_fragility,101,18,1575,3.0045283749932423,1575,180,20,True,T1036 - Defense Evasion: Masquerading,8.1515691129939e-05,"{""epsilon"": 0.2}"
epsilon_greedy_eps0.2,epsilon_greedy_loo_fragility,101,19,1665,3.021490334009286,1665,180,20,True,T1036 - Defense Evasion: Masquerading,8.355725384743213e-05,"{""epsilon"": 0.2}"
epsilon_greedy_eps0.2,epsilon_greedy_loo_fragility,101,20,1755,3.048966499976814,1755,180,20,True,T1036 - Defense Evasion: Masquerading,8.354316473635739e-05,"{""epsilon"": 0.2}"
exploration_bonus_c0.25,exploration_bonus_loo_fragility,101,1,45,0.6945319169899449,45,45,20,False,T1571 - Defense Evasion: Non-Standard Port,0.00013575569833673576,"{""c"": 0.25}"
exploration_bonus_c0.25,exploration_bonus_loo_fragility,101,2,135,0.9404825829842594,135,60,20,True,T1498.001 - Impact: Direct Network Flood,6.028392008585122e-05,"{""c"": 0.25}"
exploration_bonus_c0.25,exploration_bonus_loo_fragility,101,3,225,1.3510374579927884,225,75,20,True,T1036 - Defense Evasion: Masquerading,5.502939095145649e-05,"{""c"": 0.25}"
exploration_bonus_c0.25,exploration_bonus_loo_fragility,101,4,315,1.5842781250248663,315,100,20,True,T1498.002 - Impact: Reflection/Amplification Attack,9.996226547211065e-05,"{""c"": 0.25}"
exploration_bonus_c0.25,exploration_bonus_loo_fragility,101,5,405,1.9102651249850169,405,115,20,True,T1584.005 - Resource Development: Build/Compromise Botnet,8.743393657849475e-05,"{""c"": 0.25}"
exploration_bonus_c0.25,exploration_bonus_loo_fragility,101,6,495,2.295612499990966,495,137,20,True,T1595 - Reconnaissance: Active Scanning,8.306940447633016e-05,"{""c"": 0.25}"
exploration_bonus_c0.25,exploration_bonus_loo_fragility,101,7,585,2.509883999999147,585,157,20,True,T1583.005 - Resource Development: Acquire Botnet,7.956521343973014e-05,"{""c"": 0.25}"
exploration_bonus_c0.25,exploration_bonus_loo_fragility,101,8,675,2.487513125000987,675,157,20,True,T1583.005 - Resource Development: Acquire Botnet,8.269799171616452e-05,"{""c"": 0.25}"
exploration_bonus_c0.25,exploration_bonus_loo_fragility,101,9,765,2.5142646660096943,765,157,20,True,T1583.005 - Resource Development: Acquire Botnet,9.231243918325147e-05,"{""c"": 0.25}"
exploration_bonus_c0.25,exploration_bonus_loo_fragility,101,10,855,2.529696875018999,855,157,20,True,T1583.005 - Resource Development: Acquire Botnet,9.281498974206484e-05,"{""c"": 0.25}"
exploration_bonus_c0.25,exploration_bonus_loo_fragility,101,11,945,2.544169458007673,945,157,20,True,T1595 - Reconnaissance: Active Scanning,9.118253533185026e-05,"{""c"": 0.25}"
exploration_bonus_c0.25,exploration_bonus_loo_fragility,101,12,1035,2.582767541985959,1035,157,20,True,T1595 - Reconnaissance: Active Scanning,9.70578085137612e-05,"{""c"": 0.25}"
exploration_bonus_c0.25,exploration_bonus_loo_fragility,101,13,1125,2.580210541986162,1125,157,20,True,T1590 - Reconnaissance: Gather Victim Network Information,5.806404301337767e-05,"{""c"": 0.25}"
exploration_bonus_c0.25,exploration_bonus_loo_fragility,101,14,1215,3.4295291659946088,1215,172,20,True,T1036 - Defense Evasion: Masquerading,5.201409252426401e-05,"{""c"": 0.25}"
exploration_bonus_c0.25,exploration_bonus_loo_fragility,101,15,1305,2.9132847920118365,1305,172,20,True,T1036 - Defense Evasion: Masquerading,6.648139188114834e-05,"{""c"": 0.25}"
exploration_bonus_c0.25,exploration_bonus_loo_fragility,101,16,1395,3.3421280000184197,1395,180,20,True,T1036 - Defense Evasion: Masquerading,6.777134603848876e-05,"{""c"": 0.25}"
exploration_bonus_c0.25,exploration_bonus_loo_fragility,101,17,1485,3.1832660420041066,1485,180,20,True,T1036 - Defense Evasion: Masquerading,7.617842680008284e-05,"{""c"": 0.25}"
exploration_bonus_c0.25,exploration_bonus_loo_fragility,101,18,1575,3.070112874993356,1575,180,20,True,T1036 - Defense Evasion: Masquerading,6.564989753387912e-05,"{""c"": 0.25}"
exploration_bonus_c0.25,exploration_bonus_loo_fragility,101,19,1665,3.7068821669963654,1665,180,20,True,TA0011 - Command-and-Control,6.888713690836882e-05,"{""c"": 0.25}"
exploration_bonus_c0.25,exploration_bonus_loo_fragility,101,20,1755,3.228936666972004,1755,180,20,True,T1583.005 - Resource Development: Acquire Botnet,7.259718194567243e-05,"{""c"": 0.25}"
exploration_bonus_c0.5,exploration_bonus_loo_fragility,101,1,45,1.4490424999967217,45,45,20,False,T1571 - Defense Evasion: Non-Standard Port,0.00013575569833673576,"{""c"": 0.5}"
exploration_bonus_c0.5,exploration_bonus_loo_fragility,101,2,135,1.8730852919979952,135,60,20,True,T1498.001 - Impact: Direct Network Flood,6.028392008585122e-05,"{""c"": 0.5}"
exploration_bonus_c0.5,exploration_bonus_loo_fragility,101,3,225,1.4715752080082893,225,86,20,True,T1571 - Defense Evasion: Non-Standard Port,5.128990088338867e-05,"{""c"": 0.5}"
exploration_bonus_c0.5,exploration_bonus_loo_fragility,101,4,315,2.582378124992829,315,96,20,True,T1595 - Reconnaissance: Active Scanning,5.001783642314267e-05,"{""c"": 0.5}"
exploration_bonus_c0.5,exploration_bonus_loo_fragility,101,5,405,1.8384648750070482,405,104,20,True,T1590 - Reconnaissance: Gather Victim Network Information,5.886747574460127e-05,"{""c"": 0.5}"
exploration_bonus_c0.5,exploration_bonus_loo_fragility,101,6,495,2.059899250016315,495,116,20,True,T1498.001 - Impact: Direct Network Flood,5.083118225775758e-05,"{""c"": 0.5}"
exploration_bonus_c0.5,exploration_bonus_loo_fragility,101,7,585,2.166529541980708,585,118,20,True,T1583.005 - Resource Development: Acquire Botnet,5.8257434573496513e-05,"{""c"": 0.5}"
exploration_bonus_c0.5,exploration_bonus_loo_fragility,101,8,675,3.3414445410016924,675,150,20,True,T1583.005 - Resource Development: Acquire Botnet,5.2896447830015465e-05,"{""c"": 0.5}"
exploration_bonus_c0.5,exploration_bonus_loo_fragility,101,9,765,2.8990484579990152,765,150,20,True,T1590 - Reconnaissance: Gather Victim Network Information,4.981419498996288e-05,"{""c"": 0.5}"
exploration_bonus_c0.5,exploration_bonus_loo_fragility,101,10,855,2.8436616249964572,855,150,20,True,T1590 - Reconnaissance: Gather Victim Network Information,5.353778366163214e-05,"{""c"": 0.5}"
exploration_bonus_c0.5,exploration_bonus_loo_fragility,101,11,945,3.126723249995848,945,155,20,True,T1498.001 - Impact: Direct Network Flood,5.366814855723344e-05,"{""c"": 0.5}"
exploration_bonus_c0.5,exploration_bonus_loo_fragility,101,12,1035,3.2548950419877656,1035,160,20,True,T1595 - Reconnaissance: Active Scanning,5.821658417550761e-05,"{""c"": 0.5}"
exploration_bonus_c0.5,exploration_bonus_loo_fragility,101,13,1125,2.8612479169969447,1125,160,20,True,T1498.002 - Impact: Reflection/Amplification Attack,6.811564062524368e-05,"{""c"": 0.5}"
exploration_bonus_c0.5,exploration_bonus_loo_fragility,101,14,1215,3.435370083025191,1215,160,20,True,T1595 - Reconnaissance: Active Scanning,7.389899752893001e-05,"{""c"": 0.5}"
exploration_bonus_c0.5,exploration_bonus_loo_fragility,101,15,1305,3.628430707991356,1305,160,20,True,T1498.002 - Impact: Reflection/Amplification Attack,6.619028511024372e-05,"{""c"": 0.5}"
exploration_bonus_c0.5,exploration_bonus_loo_fragility,101,16,1395,3.1747557079943363,1395,167,20,True,T1590 - Reconnaissance: Gather Victim Network Information,6.146699808825848e-05,"{""c"": 0.5}"
exploration_bonus_c0.5,exploration_bonus_loo_fragility,101,17,1485,3.3496025839995127,1485,180,20,True,T1590 - Reconnaissance: Gather Victim Network Information,5.4145074018261644e-05,"{""c"": 0.5}"
exploration_bonus_c0.5,exploration_bonus_loo_fragility,101,18,1575,3.4981348750006873,1575,180,20,True,T1036 - Defense Evasion: Masquerading,7.839366086073271e-05,"{""c"": 0.5}"
exploration_bonus_c0.5,exploration_bonus_loo_fragility,101,19,1665,3.1714045419939794,1665,180,20,True,T1036 - Defense Evasion: Masquerading,5.289200689912687e-05,"{""c"": 0.5}"
exploration_bonus_c0.5,exploration_bonus_loo_fragility,101,20,1755,3.3488585419836454,1755,180,20,True,T1595 - Reconnaissance: Active Scanning,0.00013666193577545864,"{""c"": 0.5}"
exploration_bonus_c1.0,exploration_bonus_loo_fragility,101,1,45,0.7768628750054631,45,45,20,False,T1571 - Defense Evasion: Non-Standard Port,0.00013575569833673576,"{""c"": 1.0}"
exploration_bonus_c1.0,exploration_bonus_loo_fragility,101,2,135,0.9771193750202656,135,60,20,True,T1498.001 - Impact: Direct Network Flood,6.028392008585122e-05,"{""c"": 1.0}"
exploration_bonus_c1.0,exploration_bonus_loo_fragility,101,3,225,2.048861916002352,225,111,20,True,T1584.005 - Resource Development: Build/Compromise Botnet,4.396765845734842e-05,"{""c"": 1.0}"
exploration_bonus_c1.0,exploration_bonus_loo_fragility,101,4,315,4.211902999988524,315,152,20,True,T1583.005 - Resource Development: Acquire Botnet,4.3564601652362464e-05,"{""c"": 1.0}"
exploration_bonus_c1.0,exploration_bonus_loo_fragility,101,5,405,4.056380333000561,405,152,20,True,T1498.002 - Impact: Reflection/Amplification Attack,4.064607432506228e-05,"{""c"": 1.0}"
exploration_bonus_c1.0,exploration_bonus_loo_fragility,101,6,495,2.815575415996136,495,158,20,True,T1583.005 - Resource Development: Acquire Botnet,4.891931320737719e-05,"{""c"": 1.0}"
exploration_bonus_c1.0,exploration_bonus_loo_fragility,101,7,585,2.856267667026259,585,161,20,True,T1583.005 - Resource Development: Acquire Botnet,5.669040864572008e-05,"{""c"": 1.0}"
exploration_bonus_c1.0,exploration_bonus_loo_fragility,101,8,675,3.6918102499912493,675,172,20,True,T1583.005 - Resource Development: Acquire Botnet,5.803523535777074e-05,"{""c"": 1.0}"
exploration_bonus_c1.0,exploration_bonus_loo_fragility,101,9,765,7.311348083021585,765,172,20,True,T1571 - Defense Evasion: Non-Standard Port,8.024659837263865e-05,"{""c"": 1.0}"
exploration_bonus_c1.0,exploration_bonus_loo_fragility,101,10,855,4.124241624987917,855,180,20,True,T1583.005 - Resource Development: Acquire Botnet,9.887630815072504e-05,"{""c"": 1.0}"
exploration_bonus_c1.0,exploration_bonus_loo_fragility,101,11,945,3.2138264999957755,945,180,20,True,T1583.005 - Resource Development: Acquire Botnet,8.791313943592206e-05,"{""c"": 1.0}"
exploration_bonus_c1.0,exploration_bonus_loo_fragility,101,12,1035,3.3271863329864573,1035,180,20,True,T1498.002 - Impact: Reflection/Amplification Attack,9.214905450208178e-05,"{""c"": 1.0}"
exploration_bonus_c1.0,exploration_bonus_loo_fragility,101,13,1125,3.1559030409844127,1125,180,20,True,T1584.005 - Resource Development: Build/Compromise Botnet,5.843844251699272e-05,"{""c"": 1.0}"
exploration_bonus_c1.0,exploration_bonus_loo_fragility,101,14,1215,3.134660209005233,1215,180,20,True,T1584.005 - Resource Development: Build/Compromise Botnet,5.857985742900889e-05,"{""c"": 1.0}"
exploration_bonus_c1.0,exploration_bonus_loo_fragility,101,15,1305,3.712544667010661,1305,180,20,True,T1595 - Reconnaissance: Active Scanning,0.0001162062964426392,"{""c"": 1.0}"
exploration_bonus_c1.0,exploration_bonus_loo_fragility,101,16,1395,3.4282688749954104,1395,180,20,True,T1595 - Reconnaissance: Active Scanning,0.00015870961762127648,"{""c"": 1.0}"
exploration_bonus_c1.0,exploration_bonus_loo_fragility,101,17,1485,3.8959843749762513,1485,180,20,True,T1036 - Defense Evasion: Masquerading,6.778203554031442e-05,"{""c"": 1.0}"
exploration_bonus_c1.0,exploration_bonus_loo_fragility,101,18,1575,3.734306208003545,1575,180,20,True,T1036 - Defense Evasion: Masquerading,5.676549590459408e-05,"{""c"": 1.0}"
exploration_bonus_c1.0,exploration_bonus_loo_fragility,101,19,1665,4.948019500006922,1665,180,20,True,T1583.005 - Resource Development: Acquire Botnet,7.238972108584929e-05,"{""c"": 1.0}"
exploration_bonus_c1.0,exploration_bonus_loo_fragility,101,20,1755,4.847774584020954,1755,180,20,True,T1583.005 - Resource Development: Acquire Botnet,7.581160705703724e-05,"{""c"": 1.0}"
greedy_loo_fragility,greedy_loo_fragility,202,1,45,0.9934660409926437,45,45,20,False,T1571 - Defense Evasion: Non-Standard Port,9.61928340644492e-05,{}
greedy_loo_fragility,greedy_loo_fragility,202,2,135,1.1801400829863269,135,60,20,True,T1595 - Reconnaissance: Active Scanning,5.498230661104184e-05,{}
greedy_loo_fragility,greedy_loo_fragility,202,3,225,1.3184306249895599,225,75,20,True,TA0011 - Command-and-Control,5.3505815683595277e-05,{}
greedy_loo_fragility,greedy_loo_fragility,202,4,315,1.542937249992974,315,90,20,True,T1590 - Reconnaissance: Gather Victim Network Information,5.08348941167776e-05,{}
greedy_loo_fragility,greedy_loo_fragility,202,5,405,1.8166923749959096,405,105,20,True,T1036 - Defense Evasion: Masquerading,4.775260747990442e-05,{}
greedy_loo_fragility,greedy_loo_fragility,202,6,495,1.9967105840041768,495,120,20,True,T1498.002 - Impact: Reflection/Amplification Attack,4.67131192337772e-05,{}
greedy_loo_fragility,greedy_loo_fragility,202,7,585,2.2444410839816555,585,135,20,True,T1498.002 - Impact: Reflection/Amplification Attack,3.9870246506498105e-05,{}
greedy_loo_fragility,greedy_loo_fragility,202,8,675,2.3967437499959487,675,135,20,True,T1498.002 - Impact: Reflection/Amplification Attack,3.810143849310663e-05,{}
greedy_loo_fragility,greedy_loo_fragility,202,9,765,2.5367371249885764,765,135,20,True,T1583.005 - Resource Development: Acquire Botnet,6.025832296412065e-05,{}
greedy_loo_fragility,greedy_loo_fragility,202,10,855,2.5844000420183875,855,150,20,True,T1036 - Defense Evasion: Masquerading,5.3875657230805106e-05,{}
greedy_loo_fragility,greedy_loo_fragility,202,11,945,3.393449416005751,945,150,20,True,T1590 - Reconnaissance: Gather Victim Network Information,6.204543344776064e-05,{}
greedy_loo_fragility,greedy_loo_fragility,202,12,1035,2.641116292012157,1035,150,20,True,T1590 - Reconnaissance: Gather Victim Network Information,7.049428067872769e-05,{}
greedy_loo_fragility,greedy_loo_fragility,202,13,1125,2.581658208015142,1125,150,20,True,T1590 - Reconnaissance: Gather Victim Network Information,7.110227348008256e-05,{}
greedy_loo_fragility,greedy_loo_fragility,202,14,1215,2.589895458018873,1215,150,20,True,T1498.001 - Impact: Direct Network Flood,8.55677588959416e-05,{}
greedy_loo_fragility,greedy_loo_fragility,202,15,1305,3.038380416983273,1305,165,20,True,T1595 - Reconnaissance: Active Scanning,7.459194852662582e-05,{}
greedy_loo_fragility,greedy_loo_fragility,202,16,1395,2.8775185419945046,1395,165,20,True,T1595 - Reconnaissance: Active Scanning,7.169661856793593e-05,{}
greedy_loo_fragility,greedy_loo_fragility,202,17,1485,3.046518750023097,1485,165,20,True,T1595 - Reconnaissance: Active Scanning,6.803452908520056e-05,{}
greedy_loo_fragility,greedy_loo_fragility,202,18,1575,2.937573750008596,1575,165,20,True,T1595 - Reconnaissance: Active Scanning,6.0776119292388646e-05,{}
greedy_loo_fragility,greedy_loo_fragility,202,19,1665,3.2130616669892333,1665,180,20,True,T1036 - Defense Evasion: Masquerading,7.890842523969395e-05,{}
greedy_loo_fragility,greedy_loo_fragility,202,20,1755,3.281953333003912,1755,180,20,True,T1036 - Defense Evasion: Masquerading,8.267814748517256e-05,{}
epsilon_greedy_eps0.2,epsilon_greedy_loo_fragility,202,1,45,0.7167341249878518,45,45,20,False,T1571 - Defense Evasion: Non-Standard Port,9.61928340644492e-05,"{""epsilon"": 0.2}"
epsilon_greedy_eps0.2,epsilon_greedy_loo_fragility,202,2,135,1.3024378329864703,135,80,20,True,T1036 - Defense Evasion: Masquerading,0.00010409654274268394,"{""epsilon"": 0.2}"
epsilon_greedy_eps0.2,epsilon_greedy_loo_fragility,202,3,225,1.6565552910033148,225,103,20,True,T1571 - Defense Evasion: Non-Standard Port,0.00010368548085946993,"{""epsilon"": 0.2}"
epsilon_greedy_eps0.2,epsilon_greedy_loo_fragility,202,4,315,1.9450864999962505,315,121,20,True,T1583.005 - Resource Development: Acquire Botnet,5.186230010849743e-05,"{""epsilon"": 0.2}"
epsilon_greedy_eps0.2,epsilon_greedy_loo_fragility,202,5,405,2.4493408339913003,405,149,20,True,T1571 - Defense Evasion: Non-Standard Port,4.02606247634297e-05,"{""epsilon"": 0.2}"
epsilon_greedy_eps0.2,epsilon_greedy_loo_fragility,202,6,495,3.231751749990508,495,169,20,True,T1595 - Reconnaissance: Active Scanning,9.457053807763223e-05,"{""epsilon"": 0.2}"
epsilon_greedy_eps0.2,epsilon_greedy_loo_fragility,202,7,585,3.0182370410184376,585,180,20,True,T1498.002 - Impact: Reflection/Amplification Attack,7.824649116417514e-05,"{""epsilon"": 0.2}"
epsilon_greedy_eps0.2,epsilon_greedy_loo_fragility,202,8,675,3.0973880829988047,675,180,20,True,T1595 - Reconnaissance: Active Scanning,8.26408735335966e-05,"{""epsilon"": 0.2}"
epsilon_greedy_eps0.2,epsilon_greedy_loo_fragility,202,9,765,3.226818583003478,765,180,20,True,TA0011 - Command-and-Control,0.00014038365227205869,"{""epsilon"": 0.2}"
epsilon_greedy_eps0.2,epsilon_greedy_loo_fragility,202,10,855,3.4383251249964815,855,180,20,True,T1595 - Reconnaissance: Active Scanning,0.00014941234564705592,"{""epsilon"": 0.2}"
epsilon_greedy_eps0.2,epsilon_greedy_loo_fragility,202,11,945,3.430005790985888,945,180,20,True,TA0011 - Command-and-Control,8.937767115765295e-05,"{""epsilon"": 0.2}"
epsilon_greedy_eps0.2,epsilon_greedy_loo_fragility,202,12,1035,3.5795437500055414,1035,180,20,True,T1036 - Defense Evasion: Masquerading,6.71752253200247e-05,"{""epsilon"": 0.2}"
epsilon_greedy_eps0.2,epsilon_greedy_loo_fragility,202,13,1125,3.447649540990824,1125,180,20,True,T1595 - Reconnaissance: Active Scanning,0.00010936001017721108,"{""epsilon"": 0.2}"
epsilon_greedy_eps0.2,epsilon_greedy_loo_fragility,202,14,1215,3.5476283750031143,1215,180,20,True,T1036 - Defense Evasion: Masquerading,8.87621743536392e-05,"{""epsilon"": 0.2}"
epsilon_greedy_eps0.2,epsilon_greedy_loo_fragility,202,15,1305,3.505198917002417,1305,180,20,True,T1036 - Defense Evasion: Masquerading,8.465156573808093e-05,"{""epsilon"": 0.2}"
epsilon_greedy_eps0.2,epsilon_greedy_loo_fragility,202,16,1395,3.4819447089976165,1395,180,20,True,T1036 - Defense Evasion: Masquerading,6.256464473535655e-05,"{""epsilon"": 0.2}"
epsilon_greedy_eps0.2,epsilon_greedy_loo_fragility,202,17,1485,3.541391459002625,1485,180,20,True,T1036 - Defense Evasion: Masquerading,7.33305488365636e-05,"{""epsilon"": 0.2}"
epsilon_greedy_eps0.2,epsilon_greedy_loo_fragility,202,18,1575,3.6260469580010977,1575,180,20,True,T1036 - Defense Evasion: Masquerading,9.778105978612507e-05,"{""epsilon"": 0.2}"
epsilon_greedy_eps0.2,epsilon_greedy_loo_fragility,202,19,1665,3.540172832988901,1665,180,20,True,T1595 - Reconnaissance: Active Scanning,8.413848645933848e-05,"{""epsilon"": 0.2}"
epsilon_greedy_eps0.2,epsilon_greedy_loo_fragility,202,20,1755,3.689292374998331,1755,180,20,True,T1036 - Defense Evasion: Masquerading,8.25927299045919e-05,"{""epsilon"": 0.2}"
exploration_bonus_c0.25,exploration_bonus_loo_fragility,202,1,45,0.7995522090059239,45,45,20,False,T1571 - Defense Evasion: Non-Standard Port,9.61928340644492e-05,"{""c"": 0.25}"
exploration_bonus_c0.25,exploration_bonus_loo_fragility,202,2,135,1.108585249981843,135,60,20,True,T1595 - Reconnaissance: Active Scanning,5.498230661104184e-05,"{""c"": 0.25}"
exploration_bonus_c0.25,exploration_bonus_loo_fragility,202,3,225,1.7430240829999093,225,95,20,True,T1583.005 - Resource Development: Acquire Botnet,5.896671900241126e-05,"{""c"": 0.25}"
exploration_bonus_c0.25,exploration_bonus_loo_fragility,202,4,315,2.0954579999961425,315,115,20,True,T1590 - Reconnaissance: Gather Victim Network Information,6.298422498073813e-05,"{""c"": 0.25}"
exploration_bonus_c0.25,exploration_bonus_loo_fragility,202,5,405,2.3257930419931654,405,125,20,True,T1590 - Reconnaissance: Gather Victim Network Information,6.068659344364787e-05,"{""c"": 0.25}"
exploration_bonus_c0.25,exploration_bonus_loo_fragility,202,6,495,2.3294742910075,495,125,20,True,T1590 - Reconnaissance: Gather Victim Network Information,5.7594206904957724e-05,"{""c"": 0.25}"
exploration_bonus_c0.25,exploration_bonus_loo_fragility,202,7,585,2.242141750000883,585,125,20,True,T1583.005 - Resource Development: Acquire Botnet,5.986662233021026e-05,"{""c"": 0.25}"
exploration_bonus_c0.25,exploration_bonus_loo_fragility,202,8,675,2.0646667499968316,675,127,20,True,T1583.005 - Resource Development: Acquire Botnet,5.7927022598620955e-05,"{""c"": 0.25}"
exploration_bonus_c0.25,exploration_bonus_loo_fragility,202,9,765,2.754515332984738,765,140,20,True,T1498.001 - Impact: Direct Network Flood,7.933946385796286e-05,"{""c"": 0.25}"
exploration_bonus_c0.25,exploration_bonus_loo_fragility,202,10,855,3.0445144579862244,855,140,20,True,T1498.001 - Impact: Direct Network Flood,5.9368174950043545e-05,"{""c"": 0.25}"
exploration_bonus_c0.25,exploration_bonus_loo_fragility,202,11,945,3.5656822500168346,945,146,20,True,T1583.005 - Resource Development: Acquire Botnet,5.923444557548504e-05,"{""c"": 0.25}"
exploration_bonus_c0.25,exploration_bonus_loo_fragility,202,12,1035,3.610241624992341,1035,154,20,True,T1583.005 - Resource Development: Acquire Botnet,6.13527433064019e-05,"{""c"": 0.25}"
exploration_bonus_c0.25,exploration_bonus_loo_fragility,202,13,1125,3.4007535419950727,1125,154,20,True,T1583.005 - Resource Development: Acquire Botnet,5.994732576456572e-05,"{""c"": 0.25}"
exploration_bonus_c0.25,exploration_bonus_loo_fragility,202,14,1215,3.5350803330074996,1215,169,20,True,T1584.005 - Resource Development: Build/Compromise Botnet,5.008614250280078e-05,"{""c"": 0.25}"
exploration_bonus_c0.25,exploration_bonus_loo_fragility,202,15,1305,4.007019207987469,1305,180,20,True,T1036 - Defense Evasion: Masquerading,4.519272438579947e-05,"{""c"": 0.25}"
exploration_bonus_c0.25,exploration_bonus_loo_fragility,202,16,1395,5.126573666988406,1395,180,20,True,T1498.001 - Impact: Direct Network Flood,4.8547439694418077e-05,"{""c"": 0.25}"
exploration_bonus_c0.25,exploration_bonus_loo_fragility,202,17,1485,4.038676875003148,1485,180,20,True,T1583.005 - Resource Development: Acquire Botnet,4.9610507735249014e-05,"{""c"": 0.25}"
exploration_bonus_c0.25,exploration_bonus_loo_fragility,202,18,1575,4.360420874989359,1575,180,20,True,T1036 - Defense Evasion: Masquerading,5.7503745185483796e-05,"{""c"": 0.25}"
exploration_bonus_c0.25,exploration_bonus_loo_fragility,202,19,1665,4.641638208006043,1665,180,20,True,T1595 - Reconnaissance: Active Scanning,8.980976751039437e-05,"{""c"": 0.25}"
exploration_bonus_c0.25,exploration_bonus_loo_fragility,202,20,1755,3.8566642919904552,1755,180,20,True,T1595 - Reconnaissance: Active Scanning,9.457475679200247e-05,"{""c"": 0.25}"
exploration_bonus_c0.5,exploration_bonus_loo_fragility,202,1,45,0.9207407080102712,45,45,20,False,T1571 - Defense Evasion: Non-Standard Port,9.61928340644492e-05,"{""c"": 0.5}"
exploration_bonus_c0.5,exploration_bonus_loo_fragility,202,2,135,1.139676499995403,135,60,20,True,T1595 - Reconnaissance: Active Scanning,5.498230661104184e-05,"{""c"": 0.5}"
exploration_bonus_c0.5,exploration_bonus_loo_fragility,202,3,225,2.129037333012093,225,108,20,True,T1590 - Reconnaissance: Gather Victim Network Information,5.452937196661601e-05,"{""c"": 0.5}"
exploration_bonus_c0.5,exploration_bonus_loo_fragility,202,4,315,2.5722502499993425,315,121,20,True,T1498.002 - Impact: Reflection/Amplification Attack,4.4793359953967176e-05,"{""c"": 0.5}"
exploration_bonus_c0.5,exploration_bonus_loo_fragility,202,5,405,2.922981916985009,405,138,20,True,T1498.002 - Impact: Reflection/Amplification Attack,4.485179989563417e-05,"{""c"": 0.5}"
exploration_bonus_c0.5,exploration_bonus_loo_fragility,202,6,495,2.768015707988525,495,149,20,True,T1498.002 - Impact: Reflection/Amplification Attack,4.306902713411174e-05,"{""c"": 0.5}"
exploration_bonus_c0.5,exploration_bonus_loo_fragility,202,7,585,2.858986667008139,585,151,20,True,T1498.002 - Impact: Reflection/Amplification Attack,4.8199561410715765e-05,"{""c"": 0.5}"
exploration_bonus_c0.5,exploration_bonus_loo_fragility,202,8,675,3.1568150829989463,675,152,20,True,T1590 - Reconnaissance: Gather Victim Network Information,0.000137197295653792,"{""c"": 0.5}"
exploration_bonus_c0.5,exploration_bonus_loo_fragility,202,9,765,3.1651832910138182,765,152,20,True,T1590 - Reconnaissance: Gather Victim Network Information,0.0001318957398947828,"{""c"": 0.5}"
exploration_bonus_c0.5,exploration_bonus_loo_fragility,202,10,855,3.038692208006978,855,157,20,True,T1583.005 - Resource Development: Acquire Botnet,7.247132573094056e-05,"{""c"": 0.5}"
exploration_bonus_c0.5,exploration_bonus_loo_fragility,202,11,945,3.4772597090050112,945,171,20,True,T1583.005 - Resource Development: Acquire Botnet,7.674493290504282e-05,"{""c"": 0.5}"
exploration_bonus_c0.5,exploration_bonus_loo_fragility,202,12,1035,5.3810465410060715,1035,171,20,True,T1583.005 - Resource Development: Acquire Botnet,7.139688934455008e-05,"{""c"": 0.5}"
exploration_bonus_c0.5,exploration_bonus_loo_fragility,202,13,1125,5.709323207993293,1125,171,20,True,T1583.005 - Resource Development: Acquire Botnet,7.18333618798986e-05,"{""c"": 0.5}"
exploration_bonus_c0.5,exploration_bonus_loo_fragility,202,14,1215,3.869588292000117,1215,171,20,True,T1583.005 - Resource Development: Acquire Botnet,7.105717615024853e-05,"{""c"": 0.5}"
exploration_bonus_c0.5,exploration_bonus_loo_fragility,202,15,1305,4.81709412499913,1305,171,20,True,T1583.005 - Resource Development: Acquire Botnet,7.713228869994927e-05,"{""c"": 0.5}"
exploration_bonus_c0.5,exploration_bonus_loo_fragility,202,16,1395,4.160587791993748,1395,171,20,True,T1590 - Reconnaissance: Gather Victim Network Information,5.3065300742988585e-05,"{""c"": 0.5}"
exploration_bonus_c0.5,exploration_bonus_loo_fragility,202,17,1485,3.8329657920112368,1485,171,20,True,T1583.005 - Resource Development: Acquire Botnet,8.237632524704268e-05,"{""c"": 0.5}"
exploration_bonus_c0.5,exploration_bonus_loo_fragility,202,18,1575,3.9371517499967013,1575,171,20,True,T1595 - Reconnaissance: Active Scanning,0.00013592277118031177,"{""c"": 0.5}"
exploration_bonus_c0.5,exploration_bonus_loo_fragility,202,19,1665,4.150975875003496,1665,180,20,True,T1595 - Reconnaissance: Active Scanning,9.491000855392434e-05,"{""c"": 0.5}"
exploration_bonus_c0.5,exploration_bonus_loo_fragility,202,20,1755,4.5490538330050185,1755,180,20,True,T1036 - Defense Evasion: Masquerading,9.378755313850585e-05,"{""c"": 0.5}"
exploration_bonus_c1.0,exploration_bonus_loo_fragility,202,1,45,0.9833447080163751,45,45,20,False,T1571 - Defense Evasion: Non-Standard Port,9.61928340644492e-05,"{""c"": 1.0}"
exploration_bonus_c1.0,exploration_bonus_loo_fragility,202,2,135,1.2504685409949161,135,60,20,True,T1595 - Reconnaissance: Active Scanning,5.498230661104184e-05,"{""c"": 1.0}"
exploration_bonus_c1.0,exploration_bonus_loo_fragility,202,3,225,2.943757500004722,225,127,20,True,T1590 - Reconnaissance: Gather Victim Network Information,4.211357156948286e-05,"{""c"": 1.0}"
exploration_bonus_c1.0,exploration_bonus_loo_fragility,202,4,315,4.161616541998228,315,167,20,True,T1583.005 - Resource Development: Acquire Botnet,5.290127943441993e-05,"{""c"": 1.0}"
exploration_bonus_c1.0,exploration_bonus_loo_fragility,202,5,405,3.56993466700078,405,173,20,True,T1583.005 - Resource Development: Acquire Botnet,4.659539418751638e-05,"{""c"": 1.0}"
exploration_bonus_c1.0,exploration_bonus_loo_fragility,202,6,495,3.782701916003134,495,180,20,True,T1498.001 - Impact: Direct Network Flood,4.671920878514904e-05,"{""c"": 1.0}"
exploration_bonus_c1.0,exploration_bonus_loo_fragility,202,7,585,3.7224509999796283,585,180,20,True,T1498.001 - Impact: Direct Network Flood,4.638877787154886e-05,"{""c"": 1.0}"
exploration_bonus_c1.0,exploration_bonus_loo_fragility,202,8,675,3.9326459170260932,675,180,20,True,T1571 - Defense Evasion: Non-Standard Port,4.803187871591315e-05,"{""c"": 1.0}"
exploration_bonus_c1.0,exploration_bonus_loo_fragility,202,9,765,3.7470640419924166,765,180,20,True,T1498.002 - Impact: Reflection/Amplification Attack,7.55633818776212e-05,"{""c"": 1.0}"
exploration_bonus_c1.0,exploration_bonus_loo_fragility,202,10,855,4.205308083008276,855,180,20,True,T1036 - Defense Evasion: Masquerading,7.74882069207132e-05,"{""c"": 1.0}"
exploration_bonus_c1.0,exploration_bonus_loo_fragility,202,11,945,3.676360334007768,945,180,20,True,T1590 - Reconnaissance: Gather Victim Network Information,8.81700246243684e-05,"{""c"": 1.0}"
exploration_bonus_c1.0,exploration_bonus_loo_fragility,202,12,1035,4.017547457973706,1035,180,20,True,T1590 - Reconnaissance: Gather Victim Network Information,8.693829422576776e-05,"{""c"": 1.0}"
exploration_bonus_c1.0,exploration_bonus_loo_fragility,202,13,1125,3.9780603330000304,1125,180,20,True,T1590 - Reconnaissance: Gather Victim Network Information,7.892172805732858e-05,"{""c"": 1.0}"
exploration_bonus_c1.0,exploration_bonus_loo_fragility,202,14,1215,6.273884750000434,1215,180,20,True,T1590 - Reconnaissance: Gather Victim Network Information,7.779226943299279e-05,"{""c"": 1.0}"
exploration_bonus_c1.0,exploration_bonus_loo_fragility,202,15,1305,4.052923041017493,1305,180,20,True,T1498.002 - Impact: Reflection/Amplification Attack,7.973815059729317e-05,"{""c"": 1.0}"
exploration_bonus_c1.0,exploration_bonus_loo_fragility,202,16,1395,4.334809666994261,1395,180,20,True,T1595 - Reconnaissance: Active Scanning,0.0001164206373296827,"{""c"": 1.0}"
exploration_bonus_c1.0,exploration_bonus_loo_fragility,202,17,1485,5.184370667004259,1485,180,20,True,T1595 - Reconnaissance: Active Scanning,0.00015008685961774435,"{""c"": 1.0}"
exploration_bonus_c1.0,exploration_bonus_loo_fragility,202,18,1575,5.713759041012963,1575,180,20,True,T1595 - Reconnaissance: Active Scanning,9.483427592574802e-05,"{""c"": 1.0}"
exploration_bonus_c1.0,exploration_bonus_loo_fragility,202,19,1665,4.655057124997256,1665,180,20,True,T1595 - Reconnaissance: Active Scanning,8.980976751039437e-05,"{""c"": 1.0}"
exploration_bonus_c1.0,exploration_bonus_loo_fragility,202,20,1755,4.666297999996459,1755,180,20,True,T1595 - Reconnaissance: Active Scanning,9.457475679200247e-05,"{""c"": 1.0}"
greedy_loo_fragility,greedy_loo_fragility,303,1,45,0.7936082079831976,45,45,20,False,T1571 - Defense Evasion: Non-Standard Port,0.00014669627092157164,{}
greedy_loo_fragility,greedy_loo_fragility,303,2,135,1.8511762499983888,135,60,20,True,T1590 - Reconnaissance: Gather Victim Network Information,6.893129179220469e-05,{}
greedy_loo_fragility,greedy_loo_fragility,303,3,225,3.520098374981899,225,75,20,True,T1036 - Defense Evasion: Masquerading,6.87839011767636e-05,{}
greedy_loo_fragility,greedy_loo_fragility,303,4,315,2.2797575409931596,315,90,20,True,T1595 - Reconnaissance: Active Scanning,5.490632647720087e-05,{}
greedy_loo_fragility,greedy_loo_fragility,303,5,405,2.712930374982534,405,105,20,True,T1571 - Defense Evasion: Non-Standard Port,5.527066186612322e-05,{}
greedy_loo_fragility,greedy_loo_fragility,303,6,495,2.6413894580036867,495,105,20,True,TA0011 - Command-and-Control,6.905260789008361e-05,{}
greedy_loo_fragility,greedy_loo_fragility,303,7,585,5.201506791985594,585,120,20,True,T1583.005 - Resource Development: Acquire Botnet,5.693107680592312e-05,{}
greedy_loo_fragility,greedy_loo_fragility,303,8,675,3.70006812500651,675,135,20,True,T1498.001 - Impact: Direct Network Flood,5.0914895066617294e-05,{}
greedy_loo_fragility,greedy_loo_fragility,303,9,765,3.4294051670003682,765,150,20,True,T1583.005 - Resource Development: Acquire Botnet,4.574745560004269e-05,{}
greedy_loo_fragility,greedy_loo_fragility,303,10,855,3.414977041014936,855,150,20,True,T1571 - Defense Evasion: Non-Standard Port,4.5721334831487885e-05,{}
greedy_loo_fragility,greedy_loo_fragility,303,11,945,4.422975207999116,945,150,20,True,T1498.002 - Impact: Reflection/Amplification Attack,6.669536932670794e-05,{}
greedy_loo_fragility,greedy_loo_fragility,303,12,1035,3.862834458006546,1035,165,20,True,T1583.005 - Resource Development: Acquire Botnet,5.45353156085318e-05,{}
greedy_loo_fragility,greedy_loo_fragility,303,13,1125,4.301667624997208,1125,165,20,True,T1583.005 - Resource Development: Acquire Botnet,6.256166160712354e-05,{}
greedy_loo_fragility,greedy_loo_fragility,303,14,1215,4.012664791982388,1215,180,20,True,T1583.005 - Resource Development: Acquire Botnet,7.986954827402135e-05,{}
greedy_loo_fragility,greedy_loo_fragility,303,15,1305,3.9475584169849753,1305,180,20,True,T1583.005 - Resource Development: Acquire Botnet,8.227267177530617e-05,{}
greedy_loo_fragility,greedy_loo_fragility,303,16,1395,5.137471833004383,1395,180,20,True,T1583.005 - Resource Development: Acquire Botnet,7.932337242269129e-05,{}
greedy_loo_fragility,greedy_loo_fragility,303,17,1485,4.351171999995131,1485,180,20,True,T1583.005 - Resource Development: Acquire Botnet,8.661139883762051e-05,{}
greedy_loo_fragility,greedy_loo_fragility,303,18,1575,4.399433999991743,1575,180,20,True,T1583.005 - Resource Development: Acquire Botnet,8.656134577454771e-05,{}
greedy_loo_fragility,greedy_loo_fragility,303,19,1665,4.275176166993333,1665,180,20,True,T1583.005 - Resource Development: Acquire Botnet,7.671051892385002e-05,{}
greedy_loo_fragility,greedy_loo_fragility,303,20,1755,4.010482791985851,1755,180,20,True,T1498.002 - Impact: Reflection/Amplification Attack,6.988435458004444e-05,{}
epsilon_greedy_eps0.2,epsilon_greedy_loo_fragility,303,1,45,0.9158969580021221,45,45,20,False,T1571 - Defense Evasion: Non-Standard Port,0.00014669627092157164,"{""epsilon"": 0.2}"
epsilon_greedy_eps0.2,epsilon_greedy_loo_fragility,303,2,135,1.5294024589820765,135,76,20,True,TA0011 - Command-and-Control,7.591311106739587e-05,"{""epsilon"": 0.2}"
epsilon_greedy_eps0.2,epsilon_greedy_loo_fragility,303,3,225,2.1829173330042977,225,103,20,True,T1571 - Defense Evasion: Non-Standard Port,7.145901887740525e-05,"{""epsilon"": 0.2}"
epsilon_greedy_eps0.2,epsilon_greedy_loo_fragility,303,4,315,2.5988340830081142,315,121,20,True,T1595 - Reconnaissance: Active Scanning,0.00015748291576293995,"{""epsilon"": 0.2}"
epsilon_greedy_eps0.2,epsilon_greedy_loo_fragility,303,5,405,3.064778291998664,405,147,20,True,T1498.002 - Impact: Reflection/Amplification Attack,9.805197123408917e-05,"{""epsilon"": 0.2}"
epsilon_greedy_eps0.2,epsilon_greedy_loo_fragility,303,6,495,3.7988265409949236,495,175,20,True,T1498.002 - Impact: Reflection/Amplification Attack,0.00012689838543579414,"{""epsilon"": 0.2}"
epsilon_greedy_eps0.2,epsilon_greedy_loo_fragility,303,7,585,4.17704841599334,585,180,20,True,T1595 - Reconnaissance: Active Scanning,9.898597504167726e-05,"{""epsilon"": 0.2}"
epsilon_greedy_eps0.2,epsilon_greedy_loo_fragility,303,8,675,3.9768144999979995,675,180,20,True,T1595 - Reconnaissance: Active Scanning,0.00011566728465614272,"{""epsilon"": 0.2}"
epsilon_greedy_eps0.2,epsilon_greedy_loo_fragility,303,9,765,3.753430415992625,765,180,20,True,T1498.001 - Impact: Direct Network Flood,0.00010971141155433439,"{""epsilon"": 0.2}"
epsilon_greedy_eps0.2,epsilon_greedy_loo_fragility,303,10,855,3.7280965829850174,855,180,20,True,T1595 - Reconnaissance: Active Scanning,0.00010865040959289883,"{""epsilon"": 0.2}"
epsilon_greedy_eps0.2,epsilon_greedy_loo_fragility,303,11,945,4.53262383301626,945,180,20,True,T1595 - Reconnaissance: Active Scanning,0.00012046099955961315,"{""epsilon"": 0.2}"
epsilon_greedy_eps0.2,epsilon_greedy_loo_fragility,303,12,1035,5.638991832995089,1035,180,20,True,T1498.002 - Impact: Reflection/Amplification Attack,0.00015435419108109408,"{""epsilon"": 0.2}"
epsilon_greedy_eps0.2,epsilon_greedy_loo_fragility,303,13,1125,10.182222083007218,1125,180,20,True,T1595 - Reconnaissance: Active Scanning,0.00010918377379502931,"{""epsilon"": 0.2}"
epsilon_greedy_eps0.2,epsilon_greedy_loo_fragility,303,14,1215,4.627799250010867,1215,180,20,True,T1595 - Reconnaissance: Active Scanning,0.00011866710915429835,"{""epsilon"": 0.2}"
epsilon_greedy_eps0.2,epsilon_greedy_loo_fragility,303,15,1305,4.732214458985254,1305,180,20,True,T1595 - Reconnaissance: Active Scanning,9.830262461743656e-05,"{""epsilon"": 0.2}"
epsilon_greedy_eps0.2,epsilon_greedy_loo_fragility,303,16,1395,5.499409792013466,1395,180,20,True,T1498.001 - Impact: Direct Network Flood,0.00010032851048120397,"{""epsilon"": 0.2}"
epsilon_greedy_eps0.2,epsilon_greedy_loo_fragility,303,17,1485,6.1816482080030255,1485,180,20,True,T1595 - Reconnaissance: Active Scanning,6.872486716259305e-05,"{""epsilon"": 0.2}"
epsilon_greedy_eps0.2,epsilon_greedy_loo_fragility,303,18,1575,4.936224124976434,1575,180,20,True,T1595 - Reconnaissance: Active Scanning,6.562808463891675e-05,"{""epsilon"": 0.2}"
epsilon_greedy_eps0.2,epsilon_greedy_loo_fragility,303,19,1665,4.597082917025546,1665,180,20,True,T1498.002 - Impact: Reflection/Amplification Attack,6.644025747693816e-05,"{""epsilon"": 0.2}"
epsilon_greedy_eps0.2,epsilon_greedy_loo_fragility,303,20,1755,4.411155208013952,1755,180,20,True,T1498.002 - Impact: Reflection/Amplification Attack,7.612907471712263e-05,"{""epsilon"": 0.2}"
exploration_bonus_c0.25,exploration_bonus_loo_fragility,303,1,45,1.0579562080092728,45,45,20,False,T1571 - Defense Evasion: Non-Standard Port,0.00014669627092157164,"{""c"": 0.25}"
exploration_bonus_c0.25,exploration_bonus_loo_fragility,303,2,135,1.7188271659833845,135,60,20,True,T1590 - Reconnaissance: Gather Victim Network Information,6.893129179220469e-05,"{""c"": 0.25}"
exploration_bonus_c0.25,exploration_bonus_loo_fragility,303,3,225,1.8675547919992823,225,90,20,True,T1595 - Reconnaissance: Active Scanning,5.627834834514739e-05,"{""c"": 0.25}"
exploration_bonus_c0.25,exploration_bonus_loo_fragility,303,4,315,2.9774703749862965,315,105,20,True,T1571 - Defense Evasion: Non-Standard Port,5.0645722171489134e-05,"{""c"": 0.25}"
exploration_bonus_c0.25,exploration_bonus_loo_fragility,303,5,405,2.3881234159925953,405,110,20,True,T1584.005 - Resource Development: Build/Compromise Botnet,0.00016113775654435066,"{""c"": 0.25}"
exploration_bonus_c0.25,exploration_bonus_loo_fragility,303,6,495,2.999719040992204,495,143,20,True,T1583.005 - Resource Development: Acquire Botnet,7.895372087276513e-05,"{""c"": 0.25}"
exploration_bonus_c0.25,exploration_bonus_loo_fragility,303,7,585,3.2170871660055127,585,153,20,True,T1583.005 - Resource Development: Acquire Botnet,7.640330357811758e-05,"{""c"": 0.25}"
exploration_bonus_c0.25,exploration_bonus_loo_fragility,303,8,675,3.338443999993615,675,153,20,True,T1583.005 - Resource Development: Acquire Botnet,7.540791394033643e-05,"{""c"": 0.25}"
exploration_bonus_c0.25,exploration_bonus_loo_fragility,303,9,765,4.775171249988489,765,168,20,True,T1583.005 - Resource Development: Acquire Botnet,8.374995481657848e-05,"{""c"": 0.25}"
exploration_bonus_c0.25,exploration_bonus_loo_fragility,303,10,855,3.9091337499849033,855,168,20,True,T1583.005 - Resource Development: Acquire Botnet,7.790532809868823e-05,"{""c"": 0.25}"
exploration_bonus_c0.25,exploration_bonus_loo_fragility,303,11,945,3.7353988340182696,945,168,20,True,T1595 - Reconnaissance: Active Scanning,7.313964864719861e-05,"{""c"": 0.25}"
exploration_bonus_c0.25,exploration_bonus_loo_fragility,303,12,1035,5.018958917004056,1035,168,20,True,T1583.005 - Resource Development: Acquire Botnet,7.054064749151608e-05,"{""c"": 0.25}"
exploration_bonus_c0.25,exploration_bonus_loo_fragility,303,13,1125,4.59645341601572,1125,168,20,True,T1583.005 - Resource Development: Acquire Botnet,6.329438702698391e-05,"{""c"": 0.25}"
exploration_bonus_c0.25,exploration_bonus_loo_fragility,303,14,1215,3.756223750009667,1215,168,20,True,T1595 - Reconnaissance: Active Scanning,6.196797838207653e-05,"{""c"": 0.25}"
exploration_bonus_c0.25,exploration_bonus_loo_fragility,303,15,1305,3.893847833009204,1305,168,20,True,T1583.005 - Resource Development: Acquire Botnet,8.194510961461341e-05,"{""c"": 0.25}"
exploration_bonus_c0.25,exploration_bonus_loo_fragility,303,16,1395,3.641037833993323,1395,168,20,True,T1583.005 - Resource Development: Acquire Botnet,8.260790783310527e-05,"{""c"": 0.25}"
exploration_bonus_c0.25,exploration_bonus_loo_fragility,303,17,1485,4.07044087498798,1485,179,20,True,T1498.001 - Impact: Direct Network Flood,9.365630681184307e-05,"{""c"": 0.25}"
exploration_bonus_c0.25,exploration_bonus_loo_fragility,303,18,1575,3.8988082079740707,1575,179,20,True,T1571 - Defense Evasion: Non-Standard Port,7.019479233307351e-05,"{""c"": 0.25}"
exploration_bonus_c0.25,exploration_bonus_loo_fragility,303,19,1665,3.98607958300272,1665,180,20,True,T1571 - Defense Evasion: Non-Standard Port,9.373474001510633e-05,"{""c"": 0.25}"
exploration_bonus_c0.25,exploration_bonus_loo_fragility,303,20,1755,3.9920024999883026,1755,180,20,True,T1498.002 - Impact: Reflection/Amplification Attack,7.612907471712263e-05,"{""c"": 0.25}"
exploration_bonus_c0.5,exploration_bonus_loo_fragility,303,1,45,0.8902599999855738,45,45,20,False,T1571 - Defense Evasion: Non-Standard Port,0.00014669627092157164,"{""c"": 0.5}"
exploration_bonus_c0.5,exploration_bonus_loo_fragility,303,2,135,1.2396007500065025,135,60,20,True,T1590 - Reconnaissance: Gather Victim Network Information,6.893129179220469e-05,"{""c"": 0.5}"
exploration_bonus_c0.5,exploration_bonus_loo_fragility,303,3,225,2.04802629200276,225,91,20,True,T1036 - Defense Evasion: Masquerading,4.727630911441919e-05,"{""c"": 0.5}"
exploration_bonus_c0.5,exploration_bonus_loo_fragility,303,4,315,2.675815042020986,315,132,20,True,T1571 - Defense Evasion: Non-Standard Port,5.736462202480528e-05,"{""c"": 0.5}"
exploration_bonus_c0.5,exploration_bonus_loo_fragility,303,5,405,2.7666141249937937,405,141,20,True,TA0011 - Command-and-Control,8.148122593347538e-05,"{""c"": 0.5}"
exploration_bonus_c0.5,exploration_bonus_loo_fragility,303,6,495,3.1394140830088872,495,157,20,True,T1583.005 - Resource Development: Acquire Botnet,4.9483394638612276e-05,"{""c"": 0.5}"
exploration_bonus_c0.5,exploration_bonus_loo_fragility,303,7,585,3.5247489169996697,585,176,20,True,T1590 - Reconnaissance: Gather Victim Network Information,4.8120952401760105e-05,"{""c"": 0.5}"
exploration_bonus_c0.5,exploration_bonus_loo_fragility,303,8,675,3.5886504170193803,675,178,20,True,T1583.005 - Resource Development: Acquire Botnet,5.5387652123822394e-05,"{""c"": 0.5}"
exploration_bonus_c0.5,exploration_bonus_loo_fragility,303,9,765,3.6830902499787044,765,180,20,True,T1583.005 - Resource Development: Acquire Botnet,5.380740916821637e-05,"{""c"": 0.5}"
exploration_bonus_c0.5,exploration_bonus_loo_fragility,303,10,855,3.776590583991492,855,180,20,True,T1583.005 - Resource Development: Acquire Botnet,4.908298031789678e-05,"{""c"": 0.5}"
exploration_bonus_c0.5,exploration_bonus_loo_fragility,303,11,945,4.4936455419810954,945,180,20,True,T1583.005 - Resource Development: Acquire Botnet,5.8950659615083436e-05,"{""c"": 0.5}"
exploration_bonus_c0.5,exploration_bonus_loo_fragility,303,12,1035,3.941294000018388,1035,180,20,True,T1590 - Reconnaissance: Gather Victim Network Information,5.206056289969531e-05,"{""c"": 0.5}"
exploration_bonus_c0.5,exploration_bonus_loo_fragility,303,13,1125,3.728629290999379,1125,180,20,True,T1583.005 - Resource Development: Acquire Botnet,5.381576968083732e-05,"{""c"": 0.5}"
exploration_bonus_c0.5,exploration_bonus_loo_fragility,303,14,1215,3.763218958978541,1215,180,20,True,T1590 - Reconnaissance: Gather Victim Network Information,8.648058424492036e-05,"{""c"": 0.5}"
exploration_bonus_c0.5,exploration_bonus_loo_fragility,303,15,1305,3.9512149170041084,1305,180,20,True,T1583.005 - Resource Development: Acquire Botnet,6.588926157894433e-05,"{""c"": 0.5}"
exploration_bonus_c0.5,exploration_bonus_loo_fragility,303,16,1395,3.8324109580134973,1395,180,20,True,T1583.005 - Resource Development: Acquire Botnet,6.667602997386327e-05,"{""c"": 0.5}"
exploration_bonus_c0.5,exploration_bonus_loo_fragility,303,17,1485,4.105317124980502,1485,180,20,True,T1590 - Reconnaissance: Gather Victim Network Information,6.484443564204456e-05,"{""c"": 0.5}"
exploration_bonus_c0.5,exploration_bonus_loo_fragility,303,18,1575,3.996950458997162,1575,180,20,True,T1590 - Reconnaissance: Gather Victim Network Information,6.59262438288656e-05,"{""c"": 0.5}"
exploration_bonus_c0.5,exploration_bonus_loo_fragility,303,19,1665,3.9311472499975935,1665,180,20,True,T1590 - Reconnaissance: Gather Victim Network Information,6.875219665038578e-05,"{""c"": 0.5}"
exploration_bonus_c0.5,exploration_bonus_loo_fragility,303,20,1755,3.8851832499785814,1755,180,20,True,T1583.005 - Resource Development: Acquire Botnet,6.9655392181439e-05,"{""c"": 0.5}"
exploration_bonus_c1.0,exploration_bonus_loo_fragility,303,1,45,0.8689484579954296,45,45,20,False,T1571 - Defense Evasion: Non-Standard Port,0.00014669627092157164,"{""c"": 1.0}"
exploration_bonus_c1.0,exploration_bonus_loo_fragility,303,2,135,1.1563772909867112,135,60,20,True,T1590 - Reconnaissance: Gather Victim Network Information,6.893129179220469e-05,"{""c"": 1.0}"
exploration_bonus_c1.0,exploration_bonus_loo_fragility,303,3,225,1.8675523749843705,225,97,20,True,T1036 - Defense Evasion: Masquerading,4.60962667776042e-05,"{""c"": 1.0}"
exploration_bonus_c1.0,exploration_bonus_loo_fragility,303,4,315,2.2168377499911003,315,109,20,True,T1584.005 - Resource Development: Build/Compromise Botnet,7.646330297742886e-05,"{""c"": 1.0}"
exploration_bonus_c1.0,exploration_bonus_loo_fragility,303,5,405,2.7974861669936217,405,142,20,True,T1571 - Defense Evasion: Non-Standard Port,6.607354370416274e-05,"{""c"": 1.0}"
exploration_bonus_c1.0,exploration_bonus_loo_fragility,303,6,495,3.1080456670024432,495,150,20,True,T1036 - Defense Evasion: Masquerading,7.026450945774599e-05,"{""c"": 1.0}"
exploration_bonus_c1.0,exploration_bonus_loo_fragility,303,7,585,3.4222167920088395,585,169,20,True,T1036 - Defense Evasion: Masquerading,6.837478871425751e-05,"{""c"": 1.0}"
exploration_bonus_c1.0,exploration_bonus_loo_fragility,303,8,675,3.8449960830039345,675,176,20,True,T1036 - Defense Evasion: Masquerading,6.696149597103734e-05,"{""c"": 1.0}"
exploration_bonus_c1.0,exploration_bonus_loo_fragility,303,9,765,3.788557124993531,765,176,20,True,T1036 - Defense Evasion: Masquerading,6.457536162018455e-05,"{""c"": 1.0}"
exploration_bonus_c1.0,exploration_bonus_loo_fragility,303,10,855,4.121545000001788,855,176,20,True,T1036 - Defense Evasion: Masquerading,6.689059463365103e-05,"{""c"": 1.0}"
exploration_bonus_c1.0,exploration_bonus_loo_fragility,303,11,945,3.8562867090222426,945,180,20,True,T1036 - Defense Evasion: Masquerading,6.309708267407955e-05,"{""c"": 1.0}"
exploration_bonus_c1.0,exploration_bonus_loo_fragility,303,12,1035,3.8799172079889104,1035,180,20,True,T1036 - Defense Evasion: Masquerading,6.617908188605603e-05,"{""c"": 1.0}"
exploration_bonus_c1.0,exploration_bonus_loo_fragility,303,13,1125,4.080275249987608,1125,180,20,True,T1571 - Defense Evasion: Non-Standard Port,8.792504758596152e-05,"{""c"": 1.0}"
exploration_bonus_c1.0,exploration_bonus_loo_fragility,303,14,1215,4.276667708996683,1215,180,20,True,T1571 - Defense Evasion: Non-Standard Port,9.188896485906326e-05,"{""c"": 1.0}"
exploration_bonus_c1.0,exploration_bonus_loo_fragility,303,15,1305,3.928919500001939,1305,180,20,True,T1571 - Defense Evasion: Non-Standard Port,8.826224317864206e-05,"{""c"": 1.0}"
exploration_bonus_c1.0,exploration_bonus_loo_fragility,303,16,1395,3.933102582988795,1395,180,20,True,T1571 - Defense Evasion: Non-Standard Port,7.336880382092477e-05,"{""c"": 1.0}"
exploration_bonus_c1.0,exploration_bonus_loo_fragility,303,17,1485,4.01036991699948,1485,180,20,True,T1571 - Defense Evasion: Non-Standard Port,9.374497245390665e-05,"{""c"": 1.0}"
exploration_bonus_c1.0,exploration_bonus_loo_fragility,303,18,1575,3.9849314999883063,1575,180,20,True,T1571 - Defense Evasion: Non-Standard Port,9.306890741950377e-05,"{""c"": 1.0}"
exploration_bonus_c1.0,exploration_bonus_loo_fragility,303,19,1665,5.979527749994304,1665,180,20,True,T1571 - Defense Evasion: Non-Standard Port,9.373474001510633e-05,"{""c"": 1.0}"
exploration_bonus_c1.0,exploration_bonus_loo_fragility,303,20,1755,4.101820292009506,1755,180,20,True,T1498.002 - Impact: Reflection/Amplification Attack,7.612907471712263e-05,"{""c"": 1.0}"
greedy_loo_fragility,greedy_loo_fragility,404,1,45,0.9249475419928785,45,45,20,False,T1571 - Defense Evasion: Non-Standard Port,8.990825378487204e-05,{}
greedy_loo_fragility,greedy_loo_fragility,404,2,135,1.2549684999976307,135,60,20,True,T1036 - Defense Evasion: Masquerading,5.931957451185469e-05,{}
greedy_loo_fragility,greedy_loo_fragility,404,3,225,2.225532625016058,225,75,20,True,T1036 - Defense Evasion: Masquerading,4.577358527293108e-05,{}
greedy_loo_fragility,greedy_loo_fragility,404,4,315,1.5329697499983013,315,75,20,True,T1498.001 - Impact: Direct Network Flood,6.273183250606068e-05,{}
greedy_loo_fragility,greedy_loo_fragility,404,5,405,1.7787498749967199,405,90,20,True,TA0011 - Command-and-Control,6.158174305826317e-05,{}
greedy_loo_fragility,greedy_loo_fragility,404,6,495,2.1224815839959774,495,105,20,True,T1498.002 - Impact: Reflection/Amplification Attack,5.341249860779503e-05,{}
greedy_loo_fragility,greedy_loo_fragility,404,7,585,2.3987217909889296,585,120,20,True,T1498.002 - Impact: Reflection/Amplification Attack,6.052659427424819e-05,{}
greedy_loo_fragility,greedy_loo_fragility,404,8,675,2.3705061670043506,675,120,20,True,T1498.002 - Impact: Reflection/Amplification Attack,5.30739539072055e-05,{}
greedy_loo_fragility,greedy_loo_fragility,404,9,765,2.429015250003431,765,120,20,True,T1498.001 - Impact: Direct Network Flood,4.731921482693474e-05,{}
greedy_loo_fragility,greedy_loo_fragility,404,10,855,2.430064707994461,855,120,20,True,T1498.001 - Impact: Direct Network Flood,4.534253885418081e-05,{}
greedy_loo_fragility,greedy_loo_fragility,404,11,945,2.739533374988241,945,135,20,True,T1498.001 - Impact: Direct Network Flood,5.226461208756748e-05,{}
greedy_loo_fragility,greedy_loo_fragility,404,12,1035,3.141617875022348,1035,135,20,True,T1498.001 - Impact: Direct Network Flood,5.266560300573016e-05,{}
greedy_loo_fragility,greedy_loo_fragility,404,13,1125,3.202489167015301,1125,135,20,True,T1498.001 - Impact: Direct Network Flood,5.8972218423332336e-05,{}
greedy_loo_fragility,greedy_loo_fragility,404,14,1215,3.2333044170227367,1215,150,20,True,T1498.001 - Impact: Direct Network Flood,6.128888162917202e-05,{}
greedy_loo_fragility,greedy_loo_fragility,404,15,1305,3.1353310830018017,1305,150,20,True,T1498.001 - Impact: Direct Network Flood,6.271617821180047e-05,{}
greedy_loo_fragility,greedy_loo_fragility,404,16,1395,3.9659417920047417,1395,165,20,True,T1498.001 - Impact: Direct Network Flood,6.279262103717193e-05,{}
greedy_loo_fragility,greedy_loo_fragility,404,17,1485,3.564587416010909,1485,165,20,True,T1498.001 - Impact: Direct Network Flood,7.367318178709644e-05,{}
greedy_loo_fragility,greedy_loo_fragility,404,18,1575,3.5162436250247993,1575,165,20,True,T1498.001 - Impact: Direct Network Flood,6.959904879371524e-05,{}
greedy_loo_fragility,greedy_loo_fragility,404,19,1665,4.415284707996761,1665,180,20,True,T1036 - Defense Evasion: Masquerading,5.818774128987349e-05,{}
greedy_loo_fragility,greedy_loo_fragility,404,20,1755,4.478727083973354,1755,180,20,True,T1584.005 - Resource Development: Build/Compromise Botnet,5.885487754047987e-05,{}
epsilon_greedy_eps0.2,epsilon_greedy_loo_fragility,404,1,45,1.0289075000036974,45,45,20,False,T1571 - Defense Evasion: Non-Standard Port,8.990825378487204e-05,"{""epsilon"": 0.2}"
epsilon_greedy_eps0.2,epsilon_greedy_loo_fragility,404,2,135,2.424257457983913,135,82,20,True,T1498.002 - Impact: Reflection/Amplification Attack,8.191503940559164e-05,"{""epsilon"": 0.2}"
epsilon_greedy_eps0.2,epsilon_greedy_loo_fragility,404,3,225,2.560838540986879,225,110,20,True,T1498.002 - Impact: Reflection/Amplification Attack,7.582745616205788e-05,"{""epsilon"": 0.2}"
epsilon_greedy_eps0.2,epsilon_greedy_loo_fragility,404,4,315,2.683817374985665,315,125,20,True,T1036 - Defense Evasion: Masquerading,7.317727496694417e-05,"{""epsilon"": 0.2}"
epsilon_greedy_eps0.2,epsilon_greedy_loo_fragility,404,5,405,3.001022375014145,405,150,20,True,T1571 - Defense Evasion: Non-Standard Port,6.941767116435389e-05,"{""epsilon"": 0.2}"
epsilon_greedy_eps0.2,epsilon_greedy_loo_fragility,404,6,495,3.430069750000257,495,172,20,True,T1583.005 - Resource Development: Acquire Botnet,5.5808125430756186e-05,"{""epsilon"": 0.2}"
epsilon_greedy_eps0.2,epsilon_greedy_loo_fragility,404,7,585,3.942760417005047,585,180,20,True,T1583.005 - Resource Development: Acquire Botnet,5.79756453665598e-05,"{""epsilon"": 0.2}"
epsilon_greedy_eps0.2,epsilon_greedy_loo_fragility,404,8,675,4.2278387090191245,675,180,20,True,T1583.005 - Resource Development: Acquire Botnet,5.866300135922474e-05,"{""epsilon"": 0.2}"
epsilon_greedy_eps0.2,epsilon_greedy_loo_fragility,404,9,765,3.881577791995369,765,180,20,True,T1583.005 - Resource Development: Acquire Botnet,6.690110017779082e-05,"{""epsilon"": 0.2}"
epsilon_greedy_eps0.2,epsilon_greedy_loo_fragility,404,10,855,3.8384736249863636,855,180,20,True,T1583.005 - Resource Development: Acquire Botnet,5.22770435790025e-05,"{""epsilon"": 0.2}"
epsilon_greedy_eps0.2,epsilon_greedy_loo_fragility,404,11,945,4.092543584003579,945,180,20,True,T1498.002 - Impact: Reflection/Amplification Attack,5.273947999477448e-05,"{""epsilon"": 0.2}"
epsilon_greedy_eps0.2,epsilon_greedy_loo_fragility,404,12,1035,4.218532166996738,1035,180,20,True,T1498.001 - Impact: Direct Network Flood,6.199661418046469e-05,"{""epsilon"": 0.2}"
epsilon_greedy_eps0.2,epsilon_greedy_loo_fragility,404,13,1125,3.8276690839848015,1125,180,20,True,T1036 - Defense Evasion: Masquerading,5.329127177068948e-05,"{""epsilon"": 0.2}"
epsilon_greedy_eps0.2,epsilon_greedy_loo_fragility,404,14,1215,3.903629791981075,1215,180,20,True,T1590 - Reconnaissance: Gather Victim Network Information,5.369177914440655e-05,"{""epsilon"": 0.2}"
epsilon_greedy_eps0.2,epsilon_greedy_loo_fragility,404,15,1305,3.988959041016642,1305,180,20,True,T1036 - Defense Evasion: Masquerading,6.319431430553755e-05,"{""epsilon"": 0.2}"
epsilon_greedy_eps0.2,epsilon_greedy_loo_fragility,404,16,1395,3.8197282499750145,1395,180,20,True,T1036 - Defense Evasion: Masquerading,6.542125550485878e-05,"{""epsilon"": 0.2}"
epsilon_greedy_eps0.2,epsilon_greedy_loo_fragility,404,17,1485,3.8319077499909326,1485,180,20,True,T1036 - Defense Evasion: Masquerading,6.615830863858368e-05,"{""epsilon"": 0.2}"
epsilon_greedy_eps0.2,epsilon_greedy_loo_fragility,404,18,1575,3.8551825000031386,1575,180,20,True,T1583.005 - Resource Development: Acquire Botnet,7.739896598597495e-05,"{""epsilon"": 0.2}"
epsilon_greedy_eps0.2,epsilon_greedy_loo_fragility,404,19,1665,3.9037897499802057,1665,180,20,True,T1036 - Defense Evasion: Masquerading,6.373500232525091e-05,"{""epsilon"": 0.2}"
epsilon_greedy_eps0.2,epsilon_greedy_loo_fragility,404,20,1755,3.8860277909843717,1755,180,20,True,T1036 - Defense Evasion: Masquerading,6.368576840947407e-05,"{""epsilon"": 0.2}"
exploration_bonus_c0.25,exploration_bonus_loo_fragility,404,1,45,0.8785078749933746,45,45,20,False,T1571 - Defense Evasion: Non-Standard Port,8.990825378487204e-05,"{""c"": 0.25}"
exploration_bonus_c0.25,exploration_bonus_loo_fragility,404,2,135,1.1809167500177864,135,60,20,True,T1036 - Defense Evasion: Masquerading,5.931957451185469e-05,"{""c"": 0.25}"
exploration_bonus_c0.25,exploration_bonus_loo_fragility,404,3,225,1.699101874983171,225,84,20,True,T1498.001 - Impact: Direct Network Flood,5.9134039671367686e-05,"{""c"": 0.25}"
exploration_bonus_c0.25,exploration_bonus_loo_fragility,404,4,315,1.8023930829949677,315,90,20,True,T1498.001 - Impact: Direct Network Flood,6.426491217728329e-05,"{""c"": 0.25}"
exploration_bonus_c0.25,exploration_bonus_loo_fragility,404,5,405,1.7962313329917379,405,90,20,True,T1498.001 - Impact: Direct Network Flood,6.0529741937705605e-05,"{""c"": 0.25}"
exploration_bonus_c0.25,exploration_bonus_loo_fragility,404,6,495,1.8855326250195503,495,90,20,True,T1036 - Defense Evasion: Masquerading,5.763789812451842e-05,"{""c"": 0.25}"
exploration_bonus_c0.25,exploration_bonus_loo_fragility,404,7,585,2.197907583002234,585,111,20,True,T1498.001 - Impact: Direct Network Flood,5.647834170257822e-05,"{""c"": 0.25}"
exploration_bonus_c0.25,exploration_bonus_loo_fragility,404,8,675,2.968848250020528,675,141,20,True,T1498.001 - Impact: Direct Network Flood,5.7063926330804285e-05,"{""c"": 0.25}"
exploration_bonus_c0.25,exploration_bonus_loo_fragility,404,9,765,2.915712290996453,765,141,20,True,T1498.001 - Impact: Direct Network Flood,5.658420962333952e-05,"{""c"": 0.25}"
exploration_bonus_c0.25,exploration_bonus_loo_fragility,404,10,855,3.15771179200965,855,150,20,True,T1498.001 - Impact: Direct Network Flood,5.565294182375892e-05,"{""c"": 0.25}"
exploration_bonus_c0.25,exploration_bonus_loo_fragility,404,11,945,3.0263695000030566,945,150,20,True,T1583.005 - Resource Development: Acquire Botnet,5.241855888966462e-05,"{""c"": 0.25}"
exploration_bonus_c0.25,exploration_bonus_loo_fragility,404,12,1035,3.79465799999889,1035,150,20,True,T1498.002 - Impact: Reflection/Amplification Attack,5.11315616201842e-05,"{""c"": 0.25}"
exploration_bonus_c0.25,exploration_bonus_loo_fragility,404,13,1125,3.2740132080216426,1125,150,20,True,T1498.002 - Impact: Reflection/Amplification Attack,5.176775318451559e-05,"{""c"": 0.25}"
exploration_bonus_c0.25,exploration_bonus_loo_fragility,404,14,1215,3.357923875009874,1215,165,20,True,T1498.002 - Impact: Reflection/Amplification Attack,5.125306649420464e-05,"{""c"": 0.25}"
exploration_bonus_c0.25,exploration_bonus_loo_fragility,404,15,1305,3.79163249998237,1305,165,20,True,T1498.002 - Impact: Reflection/Amplification Attack,5.2533258593796644e-05,"{""c"": 0.25}"
exploration_bonus_c0.25,exploration_bonus_loo_fragility,404,16,1395,3.6712008750182576,1395,165,20,True,T1583.005 - Resource Development: Acquire Botnet,5.6083802480539726e-05,"{""c"": 0.25}"
exploration_bonus_c0.25,exploration_bonus_loo_fragility,404,17,1485,3.6244415840192232,1485,165,20,True,T1583.005 - Resource Development: Acquire Botnet,5.772427773068733e-05,"{""c"": 0.25}"
exploration_bonus_c0.25,exploration_bonus_loo_fragility,404,18,1575,3.5381323749898,1575,165,20,True,T1583.005 - Resource Development: Acquire Botnet,5.960396139075494e-05,"{""c"": 0.25}"
exploration_bonus_c0.25,exploration_bonus_loo_fragility,404,19,1665,4.262738833000185,1665,180,20,True,T1036 - Defense Evasion: Masquerading,5.851090043533409e-05,"{""c"": 0.25}"
exploration_bonus_c0.25,exploration_bonus_loo_fragility,404,20,1755,4.03901166599826,1755,180,20,True,T1036 - Defense Evasion: Masquerading,5.671041740230023e-05,"{""c"": 0.25}"
exploration_bonus_c0.5,exploration_bonus_loo_fragility,404,1,45,0.8995399580162484,45,45,20,False,T1571 - Defense Evasion: Non-Standard Port,8.990825378487204e-05,"{""c"": 0.5}"
exploration_bonus_c0.5,exploration_bonus_loo_fragility,404,2,135,1.2999458329868503,135,60,20,True,T1036 - Defense Evasion: Masquerading,5.931957451185469e-05,"{""c"": 0.5}"
exploration_bonus_c0.5,exploration_bonus_loo_fragility,404,3,225,1.9824422500096262,225,93,20,True,TA0011 - Command-and-Control,5.4528036615964686e-05,"{""c"": 0.5}"
exploration_bonus_c0.5,exploration_bonus_loo_fragility,404,4,315,2.718409166991478,315,120,20,True,T1498.002 - Impact: Reflection/Amplification Attack,5.189233886229045e-05,"{""c"": 0.5}"
exploration_bonus_c0.5,exploration_bonus_loo_fragility,404,5,405,2.9944827079889365,405,149,20,True,T1036 - Defense Evasion: Masquerading,5.8617008660283893e-05,"{""c"": 0.5}"
exploration_bonus_c0.5,exploration_bonus_loo_fragility,404,6,495,2.9030070840090048,495,149,20,True,T1036 - Defense Evasion: Masquerading,5.6826977827772204e-05,"{""c"": 0.5}"
exploration_bonus_c0.5,exploration_bonus_loo_fragility,404,7,585,3.241844874981325,585,151,20,True,T1036 - Defense Evasion: Masquerading,4.708129098868451e-05,"{""c"": 0.5}"
exploration_bonus_c0.5,exploration_bonus_loo_fragility,404,8,675,3.1771299169922713,675,151,20,True,T1498.001 - Impact: Direct Network Flood,5.1700254089921314e-05,"{""c"": 0.5}"
exploration_bonus_c0.5,exploration_bonus_loo_fragility,404,9,765,3.0298440830083564,765,151,20,True,T1036 - Defense Evasion: Masquerading,4.768867663456264e-05,"{""c"": 0.5}"
exploration_bonus_c0.5,exploration_bonus_loo_fragility,404,10,855,3.1406456250115298,855,151,20,True,T1036 - Defense Evasion: Masquerading,4.7128953603785184e-05,"{""c"": 0.5}"
exploration_bonus_c0.5,exploration_bonus_loo_fragility,404,11,945,3.496164874988608,945,164,20,True,T1036 - Defense Evasion: Masquerading,5.840837962699086e-05,"{""c"": 0.5}"
exploration_bonus_c0.5,exploration_bonus_loo_fragility,404,12,1035,3.7812204170040786,1035,179,20,True,TA0011 - Command-and-Control,4.6341424338176754e-05,"{""c"": 0.5}"
exploration_bonus_c0.5,exploration_bonus_loo_fragility,404,13,1125,5.3914170829812065,1125,179,20,True,T1036 - Defense Evasion: Masquerading,5.85256600510432e-05,"{""c"": 0.5}"
exploration_bonus_c0.5,exploration_bonus_loo_fragility,404,14,1215,4.525591041019652,1215,179,20,True,T1036 - Defense Evasion: Masquerading,5.9168103433606074e-05,"{""c"": 0.5}"
exploration_bonus_c0.5,exploration_bonus_loo_fragility,404,15,1305,5.510586791991955,1305,179,20,True,T1036 - Defense Evasion: Masquerading,5.0565541909888106e-05,"{""c"": 0.5}"
exploration_bonus_c0.5,exploration_bonus_loo_fragility,404,16,1395,3.991742209007498,1395,179,20,True,T1036 - Defense Evasion: Masquerading,4.911225973495982e-05,"{""c"": 0.5}"
exploration_bonus_c0.5,exploration_bonus_loo_fragility,404,17,1485,3.9826039999898057,1485,180,20,True,T1036 - Defense Evasion: Masquerading,5.1574167983438565e-05,"{""c"": 0.5}"
exploration_bonus_c0.5,exploration_bonus_loo_fragility,404,18,1575,5.275628083996708,1575,180,20,True,T1036 - Defense Evasion: Masquerading,5.064596433335677e-05,"{""c"": 0.5}"
exploration_bonus_c0.5,exploration_bonus_loo_fragility,404,19,1665,4.225525333022233,1665,180,20,True,T1036 - Defense Evasion: Masquerading,5.309391417599776e-05,"{""c"": 0.5}"
exploration_bonus_c0.5,exploration_bonus_loo_fragility,404,20,1755,3.8565758330223616,1755,180,20,True,T1036 - Defense Evasion: Masquerading,5.39619394853615e-05,"{""c"": 0.5}"
exploration_bonus_c1.0,exploration_bonus_loo_fragility,404,1,45,0.9164442500041332,45,45,20,False,T1571 - Defense Evasion: Non-Standard Port,8.990825378487204e-05,"{""c"": 1.0}"
exploration_bonus_c1.0,exploration_bonus_loo_fragility,404,2,135,1.1586357909836806,135,60,20,True,T1036 - Defense Evasion: Masquerading,5.931957451185469e-05,"{""c"": 1.0}"
exploration_bonus_c1.0,exploration_bonus_loo_fragility,404,3,225,2.149132999998983,225,112,20,True,TA0011 - Command-and-Control,5.804730523433465e-05,"{""c"": 1.0}"
exploration_bonus_c1.0,exploration_bonus_loo_fragility,404,4,315,2.4335980000032578,315,124,20,True,T1498.002 - Impact: Reflection/Amplification Attack,6.471779525905446e-05,"{""c"": 1.0}"
exploration_bonus_c1.0,exploration_bonus_loo_fragility,404,5,405,2.580187291983748,405,134,20,True,T1498.002 - Impact: Reflection/Amplification Attack,7.055479410701315e-05,"{""c"": 1.0}"
exploration_bonus_c1.0,exploration_bonus_loo_fragility,404,6,495,2.352551333984593,495,136,20,True,T1498.002 - Impact: Reflection/Amplification Attack,5.720110007076365e-05,"{""c"": 1.0}"
exploration_bonus_c1.0,exploration_bonus_loo_fragility,404,7,585,2.6175837079936173,585,148,20,True,T1498.002 - Impact: Reflection/Amplification Attack,5.993874212209515e-05,"{""c"": 1.0}"
exploration_bonus_c1.0,exploration_bonus_loo_fragility,404,8,675,2.678427583014127,675,153,20,True,T1498.002 - Impact: Reflection/Amplification Attack,6.381038643821151e-05,"{""c"": 1.0}"
exploration_bonus_c1.0,exploration_bonus_loo_fragility,404,9,765,2.9994914580020122,765,153,20,True,T1498.001 - Impact: Direct Network Flood,6.682480273332336e-05,"{""c"": 1.0}"
exploration_bonus_c1.0,exploration_bonus_loo_fragility,404,10,855,3.3015075830044225,855,154,20,True,T1498.002 - Impact: Reflection/Amplification Attack,6.874583237319055e-05,"{""c"": 1.0}"
exploration_bonus_c1.0,exploration_bonus_loo_fragility,404,11,945,3.3130318750045262,945,157,20,True,T1498.001 - Impact: Direct Network Flood,6.379427964389194e-05,"{""c"": 1.0}"
exploration_bonus_c1.0,exploration_bonus_loo_fragility,404,12,1035,3.662101833993802,1035,169,20,True,T1498.001 - Impact: Direct Network Flood,6.481224946652966e-05,"{""c"": 1.0}"
exploration_bonus_c1.0,exploration_bonus_loo_fragility,404,13,1125,3.6431116250169,1125,171,20,True,T1498.001 - Impact: Direct Network Flood,5.1274755306515795e-05,"{""c"": 1.0}"
exploration_bonus_c1.0,exploration_bonus_loo_fragility,404,14,1215,3.8107842089957558,1215,171,20,True,T1590 - Reconnaissance: Gather Victim Network Information,6.136917564295503e-05,"{""c"": 1.0}"
exploration_bonus_c1.0,exploration_bonus_loo_fragility,404,15,1305,3.8164699169865344,1305,180,20,True,T1590 - Reconnaissance: Gather Victim Network Information,5.996134568698019e-05,"{""c"": 1.0}"
exploration_bonus_c1.0,exploration_bonus_loo_fragility,404,16,1395,4.572499958012486,1395,180,20,True,T1590 - Reconnaissance: Gather Victim Network Information,5.9763085894732215e-05,"{""c"": 1.0}"
exploration_bonus_c1.0,exploration_bonus_loo_fragility,404,17,1485,3.783565457997611,1485,180,20,True,T1590 - Reconnaissance: Gather Victim Network Information,6.155368943220726e-05,"{""c"": 1.0}"
exploration_bonus_c1.0,exploration_bonus_loo_fragility,404,18,1575,4.073514207993867,1575,180,20,True,T1036 - Defense Evasion: Masquerading,5.109435055528857e-05,"{""c"": 1.0}"
exploration_bonus_c1.0,exploration_bonus_loo_fragility,404,19,1665,3.9947510420170147,1665,180,20,True,T1595 - Reconnaissance: Active Scanning,5.165782559002567e-05,"{""c"": 1.0}"
exploration_bonus_c1.0,exploration_bonus_loo_fragility,404,20,1755,4.141715167002985,1755,180,20,True,T1036 - Defense Evasion: Masquerading,6.036897811405142e-05,"{""c"": 1.0}"
greedy_loo_fragility,greedy_loo_fragility,505,1,45,0.8407772089994978,45,45,20,False,T1571 - Defense Evasion: Non-Standard Port,6.850081732996277e-05,{}
greedy_loo_fragility,greedy_loo_fragility,505,2,135,1.179326499986928,135,60,20,True,T1595 - Reconnaissance: Active Scanning,5.452074572592715e-05,{}
greedy_loo_fragility,greedy_loo_fragility,505,3,225,1.4146042499924079,225,75,20,True,T1036 - Defense Evasion: Masquerading,5.214584995937698e-05,{}
greedy_loo_fragility,greedy_loo_fragility,505,4,315,2.0325649170263205,315,90,20,True,T1036 - Defense Evasion: Masquerading,4.531412628297262e-05,{}
greedy_loo_fragility,greedy_loo_fragility,505,5,405,1.690987000009045,405,90,20,True,T1498.002 - Impact: Reflection/Amplification Attack,5.372382321092601e-05,{}
greedy_loo_fragility,greedy_loo_fragility,505,6,495,2.098612250003498,495,105,20,True,TA0011 - Command-and-Control,6.104778149211225e-05,{}
greedy_loo_fragility,greedy_loo_fragility,505,7,585,2.364167624997208,585,120,20,True,T1498.001 - Impact: Direct Network Flood,4.9357806796886943e-05,{}
greedy_loo_fragility,greedy_loo_fragility,505,8,675,3.2476119579805527,675,135,20,True,T1584.005 - Resource Development: Build/Compromise Botnet,4.749203881082871e-05,{}
greedy_loo_fragility,greedy_loo_fragility,505,9,765,4.458167916018283,765,150,20,True,T1583.005 - Resource Development: Acquire Botnet,4.4576347937049135e-05,{}
greedy_loo_fragility,greedy_loo_fragility,505,10,855,3.68231808298151,855,165,20,True,T1583.005 - Resource Development: Acquire Botnet,4.7665969814317285e-05,{}
greedy_loo_fragility,greedy_loo_fragility,505,11,945,4.567969333002111,945,165,20,True,T1583.005 - Resource Development: Acquire Botnet,4.776093191719121e-05,{}
greedy_loo_fragility,greedy_loo_fragility,505,12,1035,4.245367665978847,1035,165,20,True,T1583.005 - Resource Development: Acquire Botnet,4.602962953289205e-05,{}
greedy_loo_fragility,greedy_loo_fragility,505,13,1125,3.922967249993235,1125,165,20,True,T1583.005 - Resource Development: Acquire Botnet,4.7062809049609795e-05,{}
greedy_loo_fragility,greedy_loo_fragility,505,14,1215,3.446041957999114,1215,165,20,True,T1583.005 - Resource Development: Acquire Botnet,7.703158760452714e-05,{}
greedy_loo_fragility,greedy_loo_fragility,505,15,1305,4.836447667010361,1305,165,20,True,T1583.005 - Resource Development: Acquire Botnet,7.803209747366842e-05,{}
greedy_loo_fragility,greedy_loo_fragility,505,16,1395,3.3944737080018967,1395,165,20,True,T1583.005 - Resource Development: Acquire Botnet,0.00010787998533115207,{}
greedy_loo_fragility,greedy_loo_fragility,505,17,1485,3.3828897920029704,1485,165,20,True,T1036 - Defense Evasion: Masquerading,7.934628840505165e-05,{}
greedy_loo_fragility,greedy_loo_fragility,505,18,1575,3.373175666987663,1575,165,20,True,T1036 - Defense Evasion: Masquerading,7.922415700696964e-05,{}
greedy_loo_fragility,greedy_loo_fragility,505,19,1665,3.8620076249935664,1665,180,20,True,T1036 - Defense Evasion: Masquerading,5.438043270316209e-05,{}
greedy_loo_fragility,greedy_loo_fragility,505,20,1755,4.071921124996152,1755,180,20,True,T1036 - Defense Evasion: Masquerading,5.391126403381987e-05,{}
epsilon_greedy_eps0.2,epsilon_greedy_loo_fragility,505,1,45,0.8788602919958066,45,45,20,False,T1571 - Defense Evasion: Non-Standard Port,6.850081732996277e-05,"{""epsilon"": 0.2}"
epsilon_greedy_eps0.2,epsilon_greedy_loo_fragility,505,2,135,1.7856721250282135,135,75,20,True,T1595 - Reconnaissance: Active Scanning,4.889302789703349e-05,"{""epsilon"": 0.2}"
epsilon_greedy_eps0.2,epsilon_greedy_loo_fragility,505,3,225,1.4397646670113318,225,102,20,True,TA0011 - Command-and-Control,6.42111644120957e-05,"{""epsilon"": 0.2}"
epsilon_greedy_eps0.2,epsilon_greedy_loo_fragility,505,4,315,3.164125957991928,315,138,20,True,T1498.002 - Impact: Reflection/Amplification Attack,4.24851226143178e-05,"{""epsilon"": 0.2}"
epsilon_greedy_eps0.2,epsilon_greedy_loo_fragility,505,5,405,2.869757332984591,405,165,20,True,T1498.002 - Impact: Reflection/Amplification Attack,5.8272268982323665e-05,"{""epsilon"": 0.2}"
epsilon_greedy_eps0.2,epsilon_greedy_loo_fragility,505,6,495,3.6172825829999056,495,180,20,True,T1590 - Reconnaissance: Gather Victim Network Information,4.409630000640342e-05,"{""epsilon"": 0.2}"
epsilon_greedy_eps0.2,epsilon_greedy_loo_fragility,505,7,585,3.383479999989504,585,180,20,True,T1583.005 - Resource Development: Acquire Botnet,4.8260312915285557e-05,"{""epsilon"": 0.2}"
epsilon_greedy_eps0.2,epsilon_greedy_loo_fragility,505,8,675,2.537590291991364,675,180,20,True,T1036 - Defense Evasion: Masquerading,4.033452643407105e-05,"{""epsilon"": 0.2}"
epsilon_greedy_eps0.2,epsilon_greedy_loo_fragility,505,9,765,2.459304957999848,765,180,20,True,T1583.005 - Resource Development: Acquire Botnet,7.364389236669932e-05,"{""epsilon"": 0.2}"
epsilon_greedy_eps0.2,epsilon_greedy_loo_fragility,505,10,855,2.4027866249962244,855,180,20,True,T1583.005 - Resource Development: Acquire Botnet,7.88164122074216e-05,"{""epsilon"": 0.2}"
epsilon_greedy_eps0.2,epsilon_greedy_loo_fragility,505,11,945,2.5310830830130726,945,180,20,True,T1583.005 - Resource Development: Acquire Botnet,8.113507543099481e-05,"{""epsilon"": 0.2}"
epsilon_greedy_eps0.2,epsilon_greedy_loo_fragility,505,12,1035,2.52533541698358,1035,180,20,True,T1590 - Reconnaissance: Gather Victim Network Information,4.929713636066625e-05,"{""epsilon"": 0.2}"
epsilon_greedy_eps0.2,epsilon_greedy_loo_fragility,505,13,1125,2.575224166997941,1125,180,20,True,T1590 - Reconnaissance: Gather Victim Network Information,7.021501887200734e-05,"{""epsilon"": 0.2}"
epsilon_greedy_eps0.2,epsilon_greedy_loo_fragility,505,14,1215,2.459665166999912,1215,180,20,True,T1595 - Reconnaissance: Active Scanning,5.9856984717091414e-05,"{""epsilon"": 0.2}"
epsilon_greedy_eps0.2,epsilon_greedy_loo_fragility,505,15,1305,2.670125458011171,1305,180,20,True,T1584.005 - Resource Development: Build/Compromise Botnet,5.067517798604421e-05,"{""epsilon"": 0.2}"
epsilon_greedy_eps0.2,epsilon_greedy_loo_fragility,505,16,1395,3.0986418749962468,1395,180,20,True,T1595 - Reconnaissance: Active Scanning,9.862177167294412e-05,"{""epsilon"": 0.2}"
epsilon_greedy_eps0.2,epsilon_greedy_loo_fragility,505,17,1485,2.5809109160036314,1485,180,20,True,T1571 - Defense Evasion: Non-Standard Port,5.845324889083797e-05,"{""epsilon"": 0.2}"
epsilon_greedy_eps0.2,epsilon_greedy_loo_fragility,505,18,1575,2.5222273750114255,1575,180,20,True,T1036 - Defense Evasion: Masquerading,7.340273112454201e-05,"{""epsilon"": 0.2}"
epsilon_greedy_eps0.2,epsilon_greedy_loo_fragility,505,19,1665,2.5156518750009127,1665,180,20,True,T1498.001 - Impact: Direct Network Flood,7.79860440841361e-05,"{""epsilon"": 0.2}"
epsilon_greedy_eps0.2,epsilon_greedy_loo_fragility,505,20,1755,2.603189416025998,1755,180,20,True,T1595 - Reconnaissance: Active Scanning,9.581393634573653e-05,"{""epsilon"": 0.2}"
exploration_bonus_c0.25,exploration_bonus_loo_fragility,505,1,45,0.5599643329915125,45,45,20,False,T1571 - Defense Evasion: Non-Standard Port,6.850081732996277e-05,"{""c"": 0.25}"
exploration_bonus_c0.25,exploration_bonus_loo_fragility,505,2,135,0.8173053749778774,135,60,20,True,T1595 - Reconnaissance: Active Scanning,5.452074572592715e-05,"{""c"": 0.25}"
exploration_bonus_c0.25,exploration_bonus_loo_fragility,505,3,225,0.9506361669918988,225,76,20,True,T1498.001 - Impact: Direct Network Flood,4.6827877861240844e-05,"{""c"": 0.25}"
exploration_bonus_c0.25,exploration_bonus_loo_fragility,505,4,315,1.2909297079895623,315,100,20,True,T1498.001 - Impact: Direct Network Flood,4.7867435259467446e-05,"{""c"": 0.25}"
exploration_bonus_c0.25,exploration_bonus_loo_fragility,505,5,405,1.2579777089995332,405,100,20,True,T1498.001 - Impact: Direct Network Flood,4.986946513208398e-05,"{""c"": 0.25}"
exploration_bonus_c0.25,exploration_bonus_loo_fragility,505,6,495,1.6259345000144094,495,126,20,True,T1583.005 - Resource Development: Acquire Botnet,4.681486150438055e-05,"{""c"": 0.25}"
exploration_bonus_c0.25,exploration_bonus_loo_fragility,505,7,585,1.6360472079832107,585,126,20,True,T1498.001 - Impact: Direct Network Flood,5.15762557574804e-05,"{""c"": 0.25}"
exploration_bonus_c0.25,exploration_bonus_loo_fragility,505,8,675,1.7869927920110058,675,127,20,True,T1583.005 - Resource Development: Acquire Botnet,4.410785601728842e-05,"{""c"": 0.25}"
exploration_bonus_c0.25,exploration_bonus_loo_fragility,505,9,765,1.72054529201705,765,131,20,True,T1583.005 - Resource Development: Acquire Botnet,4.3434818781246055e-05,"{""c"": 0.25}"
exploration_bonus_c0.25,exploration_bonus_loo_fragility,505,10,855,1.8707390000054147,855,131,20,True,T1583.005 - Resource Development: Acquire Botnet,4.3657478680395715e-05,"{""c"": 0.25}"
exploration_bonus_c0.25,exploration_bonus_loo_fragility,505,11,945,1.9078931669937447,945,140,20,True,T1583.005 - Resource Development: Acquire Botnet,4.50773636213629e-05,"{""c"": 0.25}"
exploration_bonus_c0.25,exploration_bonus_loo_fragility,505,12,1035,2.45297437501722,1035,152,20,True,T1583.005 - Resource Development: Acquire Botnet,4.4781406021274595e-05,"{""c"": 0.25}"
exploration_bonus_c0.25,exploration_bonus_loo_fragility,505,13,1125,2.0866127499903087,1125,152,20,True,T1583.005 - Resource Development: Acquire Botnet,5.032631092209215e-05,"{""c"": 0.25}"
exploration_bonus_c0.25,exploration_bonus_loo_fragility,505,14,1215,2.0324707919789944,1215,152,20,True,T1583.005 - Resource Development: Acquire Botnet,4.524528978387175e-05,"{""c"": 0.25}"
exploration_bonus_c0.25,exploration_bonus_loo_fragility,505,15,1305,2.1144445409881882,1305,152,20,True,T1595 - Reconnaissance: Active Scanning,7.675447092341518e-05,"{""c"": 0.25}"
exploration_bonus_c0.25,exploration_bonus_loo_fragility,505,16,1395,2.0925036249973346,1395,152,20,True,TA0011 - Command-and-Control,0.00011280061469793734,"{""c"": 0.25}"
exploration_bonus_c0.25,exploration_bonus_loo_fragility,505,17,1485,3.295445333002135,1485,167,20,True,T1036 - Defense Evasion: Masquerading,9.305125520360471e-05,"{""c"": 0.25}"
exploration_bonus_c0.25,exploration_bonus_loo_fragility,505,18,1575,2.659946541010868,1575,180,20,True,T1036 - Defense Evasion: Masquerading,7.856942646832017e-05,"{""c"": 0.25}"
exploration_bonus_c0.25,exploration_bonus_loo_fragility,505,19,1665,2.699506500008283,1665,180,20,True,T1036 - Defense Evasion: Masquerading,8.184057004132183e-05,"{""c"": 0.25}"
exploration_bonus_c0.25,exploration_bonus_loo_fragility,505,20,1755,2.6351581659982912,1755,180,20,True,T1036 - Defense Evasion: Masquerading,8.147527808588726e-05,"{""c"": 0.25}"
exploration_bonus_c0.5,exploration_bonus_loo_fragility,505,1,45,0.5832154999952763,45,45,20,False,T1571 - Defense Evasion: Non-Standard Port,6.850081732996277e-05,"{""c"": 0.5}"
exploration_bonus_c0.5,exploration_bonus_loo_fragility,505,2,135,0.7488392909872346,135,60,20,True,T1595 - Reconnaissance: Active Scanning,5.452074572592715e-05,"{""c"": 0.5}"
exploration_bonus_c0.5,exploration_bonus_loo_fragility,505,3,225,1.1079512919823173,225,85,20,True,T1595 - Reconnaissance: Active Scanning,5.952828111590494e-05,"{""c"": 0.5}"
exploration_bonus_c0.5,exploration_bonus_loo_fragility,505,4,315,1.5248554999998305,315,118,20,True,T1590 - Reconnaissance: Gather Victim Network Information,5.8690877550250805e-05,"{""c"": 0.5}"
exploration_bonus_c0.5,exploration_bonus_loo_fragility,505,5,405,2.275141916994471,405,162,20,True,T1584.005 - Resource Development: Build/Compromise Botnet,5.7697355892451766e-05,"{""c"": 0.5}"
exploration_bonus_c0.5,exploration_bonus_loo_fragility,505,6,495,2.2878860409837216,495,173,20,True,T1036 - Defense Evasion: Masquerading,5.5095745384817705e-05,"{""c"": 0.5}"
exploration_bonus_c0.5,exploration_bonus_loo_fragility,505,7,585,2.2830710410198662,585,173,20,True,TA0011 - Command-and-Control,4.02969230403514e-05,"{""c"": 0.5}"
exploration_bonus_c0.5,exploration_bonus_loo_fragility,505,8,675,2.265764666022733,675,173,20,True,T1584.005 - Resource Development: Build/Compromise Botnet,6.192473254183031e-05,"{""c"": 0.5}"
exploration_bonus_c0.5,exploration_bonus_loo_fragility,505,9,765,2.297198834014125,765,175,20,True,T1584.005 - Resource Development: Build/Compromise Botnet,6.466458174175431e-05,"{""c"": 0.5}"
exploration_bonus_c0.5,exploration_bonus_loo_fragility,505,10,855,2.3223404999880586,855,175,20,True,T1584.005 - Resource Development: Build/Compromise Botnet,5.926226749634963e-05,"{""c"": 0.5}"
exploration_bonus_c0.5,exploration_bonus_loo_fragility,505,11,945,2.337140999996336,945,175,20,True,T1584.005 - Resource Development: Build/Compromise Botnet,7.079883423422274e-05,"{""c"": 0.5}"
exploration_bonus_c0.5,exploration_bonus_loo_fragility,505,12,1035,2.4520165830035694,1035,175,20,True,T1498.002 - Impact: Reflection/Amplification Attack,7.394660803884684e-05,"{""c"": 0.5}"
exploration_bonus_c0.5,exploration_bonus_loo_fragility,505,13,1125,3.090971333993366,1125,180,20,True,T1498.001 - Impact: Direct Network Flood,0.00011174302989699616,"{""c"": 0.5}"
exploration_bonus_c0.5,exploration_bonus_loo_fragility,505,14,1215,2.5441768750024494,1215,180,20,True,T1584.005 - Resource Development: Build/Compromise Botnet,0.00013775515546678624,"{""c"": 0.5}"
exploration_bonus_c0.5,exploration_bonus_loo_fragility,505,15,1305,2.6138539999956265,1305,180,20,True,T1498.002 - Impact: Reflection/Amplification Attack,6.240073159294444e-05,"{""c"": 0.5}"
exploration_bonus_c0.5,exploration_bonus_loo_fragility,505,16,1395,2.63129312498495,1395,180,20,True,T1036 - Defense Evasion: Masquerading,0.0001056371019257649,"{""c"": 0.5}"
exploration_bonus_c0.5,exploration_bonus_loo_fragility,505,17,1485,2.65585966600338,1485,180,20,True,T1036 - Defense Evasion: Masquerading,9.583491092262851e-05,"{""c"": 0.5}"
exploration_bonus_c0.5,exploration_bonus_loo_fragility,505,18,1575,2.5550037090142723,1575,180,20,True,T1036 - Defense Evasion: Masquerading,9.812891247850009e-05,"{""c"": 0.5}"
exploration_bonus_c0.5,exploration_bonus_loo_fragility,505,19,1665,3.9136850829818286,1665,180,20,True,T1583.005 - Resource Development: Acquire Botnet,6.931161322153147e-05,"{""c"": 0.5}"
exploration_bonus_c0.5,exploration_bonus_loo_fragility,505,20,1755,4.941989165992709,1755,180,20,True,T1036 - Defense Evasion: Masquerading,5.391126403381987e-05,"{""c"": 0.5}"
exploration_bonus_c1.0,exploration_bonus_loo_fragility,505,1,45,1.230506541003706,45,45,20,False,T1571 - Defense Evasion: Non-Standard Port,6.850081732996277e-05,"{""c"": 1.0}"
exploration_bonus_c1.0,exploration_bonus_loo_fragility,505,2,135,0.9527227500220761,135,60,20,True,T1595 - Reconnaissance: Active Scanning,5.452074572592715e-05,"{""c"": 1.0}"
exploration_bonus_c1.0,exploration_bonus_loo_fragility,505,3,225,1.3740541659935843,225,96,20,True,T1036 - Defense Evasion: Masquerading,4.2933095500983664e-05,"{""c"": 1.0}"
exploration_bonus_c1.0,exploration_bonus_loo_fragility,505,4,315,1.4518828339932952,315,112,20,True,T1583.005 - Resource Development: Acquire Botnet,7.328501729504363e-05,"{""c"": 1.0}"
exploration_bonus_c1.0,exploration_bonus_loo_fragility,505,5,405,1.715314999979455,405,133,20,True,T1595 - Reconnaissance: Active Scanning,6.759446234204185e-05,"{""c"": 1.0}"
exploration_bonus_c1.0,exploration_bonus_loo_fragility,505,6,495,1.8880188329785597,495,146,20,True,T1595 - Reconnaissance: Active Scanning,6.553891848082016e-05,"{""c"": 1.0}"
exploration_bonus_c1.0,exploration_bonus_loo_fragility,505,7,585,2.0536753330088686,585,152,20,True,T1595 - Reconnaissance: Active Scanning,6.505847993731267e-05,"{""c"": 1.0}"
exploration_bonus_c1.0,exploration_bonus_loo_fragility,505,8,675,2.2776003750041127,675,156,20,True,T1595 - Reconnaissance: Active Scanning,6.747858458383034e-05,"{""c"": 1.0}"
exploration_bonus_c1.0,exploration_bonus_loo_fragility,505,9,765,2.3766095000028145,765,173,20,True,T1036 - Defense Evasion: Masquerading,5.1347351965975606e-05,"{""c"": 1.0}"
exploration_bonus_c1.0,exploration_bonus_loo_fragility,505,10,855,3.025845500000287,855,176,20,True,T1583.005 - Resource Development: Acquire Botnet,6.849958215229739e-05,"{""c"": 1.0}"
exploration_bonus_c1.0,exploration_bonus_loo_fragility,505,11,945,2.7076846249983646,945,176,20,True,T1498.002 - Impact: Reflection/Amplification Attack,4.777149510868716e-05,"{""c"": 1.0}"
exploration_bonus_c1.0,exploration_bonus_loo_fragility,505,12,1035,2.9020087080134545,1035,180,20,True,T1498.002 - Impact: Reflection/Amplification Attack,5.526569824353063e-05,"{""c"": 1.0}"
exploration_bonus_c1.0,exploration_bonus_loo_fragility,505,13,1125,3.336094124999363,1125,180,20,True,T1498.002 - Impact: Reflection/Amplification Attack,4.6229850874546494e-05,"{""c"": 1.0}"
exploration_bonus_c1.0,exploration_bonus_loo_fragility,505,14,1215,3.532236458006082,1215,180,20,True,T1498.002 - Impact: Reflection/Amplification Attack,4.4274349838405406e-05,"{""c"": 1.0}"
exploration_bonus_c1.0,exploration_bonus_loo_fragility,505,15,1305,3.221299791999627,1305,180,20,True,T1498.002 - Impact: Reflection/Amplification Attack,4.792222115524539e-05,"{""c"": 1.0}"
exploration_bonus_c1.0,exploration_bonus_loo_fragility,505,16,1395,3.438123416999588,1395,180,20,True,T1498.002 - Impact: Reflection/Amplification Attack,5.943031081583574e-05,"{""c"": 1.0}"
exploration_bonus_c1.0,exploration_bonus_loo_fragility,505,17,1485,3.345241625007475,1485,180,20,True,T1590 - Reconnaissance: Gather Victim Network Information,4.520225495944418e-05,"{""c"": 1.0}"
exploration_bonus_c1.0,exploration_bonus_loo_fragility,505,18,1575,3.271590541000478,1575,180,20,True,T1036 - Defense Evasion: Masquerading,7.765588225338762e-05,"{""c"": 1.0}"
exploration_bonus_c1.0,exploration_bonus_loo_fragility,505,19,1665,3.425150916998973,1665,180,20,True,T1036 - Defense Evasion: Masquerading,7.022298338589518e-05,"{""c"": 1.0}"
exploration_bonus_c1.0,exploration_bonus_loo_fragility,505,20,1755,2.8250830420001876,1755,180,20,True,T1583.005 - Resource Development: Acquire Botnet,6.627184979920746e-05,"{""c"": 1.0}"
greedy_loo_fragility,greedy_loo_fragility,606,1,45,0.6668845000094734,45,45,20,False,T1571 - Defense Evasion: Non-Standard Port,8.835820787272657e-05,{}
greedy_loo_fragility,greedy_loo_fragility,606,2,135,1.1542500409996137,135,60,20,True,TA0011 - Command-and-Control,7.537851081898555e-05,{}
greedy_loo_fragility,greedy_loo_fragility,606,3,225,1.1625992499757558,225,75,20,True,T1590 - Reconnaissance: Gather Victim Network Information,7.658899051919349e-05,{}
greedy_loo_fragility,greedy_loo_fragility,606,4,315,1.1952616249909624,315,90,20,True,T1583.005 - Resource Development: Acquire Botnet,7.17298355195748e-05,{}
greedy_loo_fragility,greedy_loo_fragility,606,5,405,1.6699474999913946,405,105,20,True,T1036 - Defense Evasion: Masquerading,7.184515403306574e-05,{}
greedy_loo_fragility,greedy_loo_fragility,606,6,495,2.418550749978749,495,120,20,True,T1583.005 - Resource Development: Acquire Botnet,8.516524887494215e-05,{}
greedy_loo_fragility,greedy_loo_fragility,606,7,585,1.6887370409967843,585,120,20,True,T1583.005 - Resource Development: Acquire Botnet,8.676469088596618e-05,{}
greedy_loo_fragility,greedy_loo_fragility,606,8,675,1.6262142920168117,675,120,20,True,T1590 - Reconnaissance: Gather Victim Network Information,5.718880479503864e-05,{}
greedy_loo_fragility,greedy_loo_fragility,606,9,765,1.7314399999741,765,120,20,True,T1590 - Reconnaissance: Gather Victim Network Information,5.645791375194591e-05,{}
greedy_loo_fragility,greedy_loo_fragility,606,10,855,2.295516249985667,855,120,20,True,T1498.001 - Impact: Direct Network Flood,0.00011144326995947908,{}
greedy_loo_fragility,greedy_loo_fragility,606,11,945,2.1219200839987025,945,135,20,True,T1498.001 - Impact: Direct Network Flood,9.095777168693641e-05,{}
greedy_loo_fragility,greedy_loo_fragility,606,12,1035,2.0487261670059524,1035,135,20,True,T1498.001 - Impact: Direct Network Flood,8.597595183343259e-05,{}
greedy_loo_fragility,greedy_loo_fragility,606,13,1125,2.3734816249925643,1125,150,20,True,T1498.001 - Impact: Direct Network Flood,9.320311238632785e-05,{}
greedy_loo_fragility,greedy_loo_fragility,606,14,1215,2.135347292001825,1215,150,20,True,T1498.001 - Impact: Direct Network Flood,9.168763568288519e-05,{}
greedy_loo_fragility,greedy_loo_fragility,606,15,1305,2.405571332987165,1305,165,20,True,T1498.001 - Impact: Direct Network Flood,9.368726247727693e-05,{}
greedy_loo_fragility,greedy_loo_fragility,606,16,1395,2.630912124994211,1395,180,20,True,T1498.001 - Impact: Direct Network Flood,8.958734691780844e-05,{}
greedy_loo_fragility,greedy_loo_fragility,606,17,1485,2.678006625006674,1485,180,20,True,T1498.001 - Impact: Direct Network Flood,9.465945617075646e-05,{}
greedy_loo_fragility,greedy_loo_fragility,606,18,1575,2.6506179160205647,1575,180,20,True,T1498.001 - Impact: Direct Network Flood,9.254984219027884e-05,{}
greedy_loo_fragility,greedy_loo_fragility,606,19,1665,2.6069505409977864,1665,180,20,True,T1595 - Reconnaissance: Active Scanning,7.499728193688699e-05,{}
greedy_loo_fragility,greedy_loo_fragility,606,20,1755,2.6827282499871217,1755,180,20,True,T1595 - Reconnaissance: Active Scanning,7.336120866558223e-05,{}
epsilon_greedy_eps0.2,epsilon_greedy_loo_fragility,606,1,45,0.5931832919886801,45,45,20,False,T1571 - Defense Evasion: Non-Standard Port,8.835820787272657e-05,"{""epsilon"": 0.2}"
epsilon_greedy_eps0.2,epsilon_greedy_loo_fragility,606,2,135,0.9910884169803467,135,78,20,True,T1595 - Reconnaissance: Active Scanning,7.328015899099407e-05,"{""epsilon"": 0.2}"
epsilon_greedy_eps0.2,epsilon_greedy_loo_fragility,606,3,225,1.5101984159846324,225,111,20,True,T1595 - Reconnaissance: Active Scanning,5.2017134425434e-05,"{""epsilon"": 0.2}"
epsilon_greedy_eps0.2,epsilon_greedy_loo_fragility,606,4,315,1.949158333009109,315,138,20,True,T1595 - Reconnaissance: Active Scanning,6.28773716738126e-05,"{""epsilon"": 0.2}"
epsilon_greedy_eps0.2,epsilon_greedy_loo_fragility,606,5,405,2.1710456250002608,405,153,20,True,T1583.005 - Resource Development: Acquire Botnet,5.996437359157426e-05,"{""epsilon"": 0.2}"
epsilon_greedy_eps0.2,epsilon_greedy_loo_fragility,606,6,495,2.5058199579943903,495,180,20,True,T1583.005 - Resource Development: Acquire Botnet,4.442992387917754e-05,"{""epsilon"": 0.2}"
epsilon_greedy_eps0.2,epsilon_greedy_loo_fragility,606,7,585,2.4543840420083143,585,180,20,True,T1498.002 - Impact: Reflection/Amplification Attack,5.7183758317734254e-05,"{""epsilon"": 0.2}"
epsilon_greedy_eps0.2,epsilon_greedy_loo_fragility,606,8,675,2.6966967089974787,675,180,20,True,T1583.005 - Resource Development: Acquire Botnet,4.567425092409083e-05,"{""epsilon"": 0.2}"
epsilon_greedy_eps0.2,epsilon_greedy_loo_fragility,606,9,765,2.757237374986289,765,180,20,True,T1583.005 - Resource Development: Acquire Botnet,6.168205047809635e-05,"{""epsilon"": 0.2}"
epsilon_greedy_eps0.2,epsilon_greedy_loo_fragility,606,10,855,3.196142458007671,855,180,20,True,T1583.005 - Resource Development: Acquire Botnet,5.4569683175901964e-05,"{""epsilon"": 0.2}"
epsilon_greedy_eps0.2,epsilon_greedy_loo_fragility,606,11,945,3.072226167016197,945,180,20,True,T1571 - Defense Evasion: Non-Standard Port,5.827632198980129e-05,"{""epsilon"": 0.2}"
epsilon_greedy_eps0.2,epsilon_greedy_loo_fragility,606,12,1035,2.504275916988263,1035,180,20,True,T1498.001 - Impact: Direct Network Flood,7.285328423811831e-05,"{""epsilon"": 0.2}"
epsilon_greedy_eps0.2,epsilon_greedy_loo_fragility,606,13,1125,2.5474954590026755,1125,180,20,True,T1595 - Reconnaissance: Active Scanning,0.00011867026042451848,"{""epsilon"": 0.2}"
epsilon_greedy_eps0.2,epsilon_greedy_loo_fragility,606,14,1215,2.4572999170050025,1215,180,20,True,T1571 - Defense Evasion: Non-Standard Port,8.41675959374407e-05,"{""epsilon"": 0.2}"
epsilon_greedy_eps0.2,epsilon_greedy_loo_fragility,606,15,1305,2.8985702919890173,1305,180,20,True,T1595 - Reconnaissance: Active Scanning,7.760753819625127e-05,"{""epsilon"": 0.2}"
epsilon_greedy_eps0.2,epsilon_greedy_loo_fragility,606,16,1395,2.627727458020672,1395,180,20,True,T1595 - Reconnaissance: Active Scanning,0.000122322088460972,"{""epsilon"": 0.2}"
epsilon_greedy_eps0.2,epsilon_greedy_loo_fragility,606,17,1485,2.5428431250038557,1485,180,20,True,T1595 - Reconnaissance: Active Scanning,9.808794544121154e-05,"{""epsilon"": 0.2}"
epsilon_greedy_eps0.2,epsilon_greedy_loo_fragility,606,18,1575,2.625143332988955,1575,180,20,True,T1595 - Reconnaissance: Active Scanning,9.836618961822959e-05,"{""epsilon"": 0.2}"
epsilon_greedy_eps0.2,epsilon_greedy_loo_fragility,606,19,1665,2.7116535830136854,1665,180,20,True,T1595 - Reconnaissance: Active Scanning,7.398516846159885e-05,"{""epsilon"": 0.2}"
epsilon_greedy_eps0.2,epsilon_greedy_loo_fragility,606,20,1755,3.2228959159983788,1755,180,20,True,T1595 - Reconnaissance: Active Scanning,8.207253675444145e-05,"{""epsilon"": 0.2}"
exploration_bonus_c0.25,exploration_bonus_loo_fragility,606,1,45,0.6765821250155568,45,45,20,False,T1571 - Defense Evasion: Non-Standard Port,8.835820787272657e-05,"{""c"": 0.25}"
exploration_bonus_c0.25,exploration_bonus_loo_fragility,606,2,135,0.8004744999925606,135,60,20,True,TA0011 - Command-and-Control,7.537851081898555e-05,"{""c"": 0.25}"
exploration_bonus_c0.25,exploration_bonus_loo_fragility,606,3,225,1.192976666992763,225,90,20,True,T1590 - Reconnaissance: Gather Victim Network Information,0.0001329332208481473,"{""c"": 0.25}"
exploration_bonus_c0.25,exploration_bonus_loo_fragility,606,4,315,1.4180089579895139,315,105,20,True,T1590 - Reconnaissance: Gather Victim Network Information,8.92671432947102e-05,"{""c"": 0.25}"
exploration_bonus_c0.25,exploration_bonus_loo_fragility,606,5,405,1.448412833007751,405,105,20,True,T1590 - Reconnaissance: Gather Victim Network Information,8.724598712530574e-05,"{""c"": 0.25}"
exploration_bonus_c0.25,exploration_bonus_loo_fragility,606,6,495,1.5056478330225218,495,114,20,True,T1498.001 - Impact: Direct Network Flood,6.637617019241018e-05,"{""c"": 0.25}"
exploration_bonus_c0.25,exploration_bonus_loo_fragility,606,7,585,1.8286480420210864,585,129,20,True,T1498.001 - Impact: Direct Network Flood,5.379262509399699e-05,"{""c"": 0.25}"
exploration_bonus_c0.25,exploration_bonus_loo_fragility,606,8,675,1.9403281669947319,675,129,20,True,T1498.001 - Impact: Direct Network Flood,5.4261704679495705e-05,"{""c"": 0.25}"
exploration_bonus_c0.25,exploration_bonus_loo_fragility,606,9,765,1.9611166669928934,765,142,20,True,T1498.002 - Impact: Reflection/Amplification Attack,0.00012583270684477706,"{""c"": 0.25}"
exploration_bonus_c0.25,exploration_bonus_loo_fragility,606,10,855,2.1806464169931132,855,157,20,True,T1571 - Defense Evasion: Non-Standard Port,0.00010647269565684783,"{""c"": 0.25}"
exploration_bonus_c0.25,exploration_bonus_loo_fragility,606,11,945,2.260720874997787,945,163,20,True,T1571 - Defense Evasion: Non-Standard Port,8.269733129140244e-05,"{""c"": 0.25}"
exploration_bonus_c0.25,exploration_bonus_loo_fragility,606,12,1035,2.344535249983892,1035,169,20,True,T1571 - Defense Evasion: Non-Standard Port,8.070894080796593e-05,"{""c"": 0.25}"
exploration_bonus_c0.25,exploration_bonus_loo_fragility,606,13,1125,2.391907542012632,1125,169,20,True,T1571 - Defense Evasion: Non-Standard Port,7.9378999786324e-05,"{""c"": 0.25}"
exploration_bonus_c0.25,exploration_bonus_loo_fragility,606,14,1215,2.3625072080176324,1215,169,20,True,T1595 - Reconnaissance: Active Scanning,7.81371264736657e-05,"{""c"": 0.25}"
exploration_bonus_c0.25,exploration_bonus_loo_fragility,606,15,1305,2.2935052090033423,1305,169,20,True,T1498.001 - Impact: Direct Network Flood,7.897774460619974e-05,"{""c"": 0.25}"
exploration_bonus_c0.25,exploration_bonus_loo_fragility,606,16,1395,2.2760998330195434,1395,169,20,True,T1498.001 - Impact: Direct Network Flood,8.38778487059174e-05,"{""c"": 0.25}"
exploration_bonus_c0.25,exploration_bonus_loo_fragility,606,17,1485,2.3208624999970198,1485,169,20,True,T1498.001 - Impact: Direct Network Flood,8.393132232831526e-05,"{""c"": 0.25}"
exploration_bonus_c0.25,exploration_bonus_loo_fragility,606,18,1575,2.482802709011594,1575,169,20,True,T1595 - Reconnaissance: Active Scanning,8.311194563462774e-05,"{""c"": 0.25}"
exploration_bonus_c0.25,exploration_bonus_loo_fragility,606,19,1665,2.7159337909833994,1665,180,20,True,T1595 - Reconnaissance: Active Scanning,8.798407753809131e-05,"{""c"": 0.25}"
exploration_bonus_c0.25,exploration_bonus_loo_fragility,606,20,1755,3.7741265000076964,1755,180,20,True,T1595 - Reconnaissance: Active Scanning,8.573957285778801e-05,"{""c"": 0.25}"
exploration_bonus_c0.5,exploration_bonus_loo_fragility,606,1,45,0.9198550419823732,45,45,20,False,T1571 - Defense Evasion: Non-Standard Port,8.835820787272657e-05,"{""c"": 0.5}"
exploration_bonus_c0.5,exploration_bonus_loo_fragility,606,2,135,1.2153759170032572,135,60,20,True,TA0011 - Command-and-Control,7.537851081898555e-05,"{""c"": 0.5}"
exploration_bonus_c0.5,exploration_bonus_loo_fragility,606,3,225,1.2730421249871142,225,92,20,True,T1590 - Reconnaissance: Gather Victim Network Information,9.250471313293715e-05,"{""c"": 0.5}"
exploration_bonus_c0.5,exploration_bonus_loo_fragility,606,4,315,1.4129330829891842,315,105,20,True,T1571 - Defense Evasion: Non-Standard Port,8.263054287376341e-05,"{""c"": 0.5}"
exploration_bonus_c0.5,exploration_bonus_loo_fragility,606,5,405,1.676392916997429,405,125,20,True,T1595 - Reconnaissance: Active Scanning,6.109947134222989e-05,"{""c"": 0.5}"
exploration_bonus_c0.5,exploration_bonus_loo_fragility,606,6,495,1.9508123330015223,495,140,20,True,T1571 - Defense Evasion: Non-Standard Port,4.9433350675371194e-05,"{""c"": 0.5}"
exploration_bonus_c0.5,exploration_bonus_loo_fragility,606,7,585,1.8588348329940345,585,140,20,True,T1571 - Defense Evasion: Non-Standard Port,6.410028890772533e-05,"{""c"": 0.5}"
exploration_bonus_c0.5,exploration_bonus_loo_fragility,606,8,675,2.049830625008326,675,151,20,True,T1571 - Defense Evasion: Non-Standard Port,9.529449243437732e-05,"{""c"": 0.5}"
exploration_bonus_c0.5,exploration_bonus_loo_fragility,606,9,765,2.3102277079888154,765,166,20,True,T1571 - Defense Evasion: Non-Standard Port,9.582021292164517e-05,"{""c"": 0.5}"
exploration_bonus_c0.5,exploration_bonus_loo_fragility,606,10,855,2.2114788749895524,855,166,20,True,T1595 - Reconnaissance: Active Scanning,9.04628113862917e-05,"{""c"": 0.5}"
exploration_bonus_c0.5,exploration_bonus_loo_fragility,606,11,945,2.3934949999966193,945,166,20,True,T1595 - Reconnaissance: Active Scanning,0.00011222483727180831,"{""c"": 0.5}"
exploration_bonus_c0.5,exploration_bonus_loo_fragility,606,12,1035,2.5847722920007072,1035,166,20,True,T1595 - Reconnaissance: Active Scanning,8.978842640653224e-05,"{""c"": 0.5}"
exploration_bonus_c0.5,exploration_bonus_loo_fragility,606,13,1125,2.4435134580126032,1125,166,20,True,T1595 - Reconnaissance: Active Scanning,8.93030822230955e-05,"{""c"": 0.5}"
exploration_bonus_c0.5,exploration_bonus_loo_fragility,606,14,1215,2.287121165980352,1215,169,20,True,T1595 - Reconnaissance: Active Scanning,8.912545674784244e-05,"{""c"": 0.5}"
exploration_bonus_c0.5,exploration_bonus_loo_fragility,606,15,1305,2.347638208011631,1305,169,20,True,T1595 - Reconnaissance: Active Scanning,8.816310699206843e-05,"{""c"": 0.5}"
exploration_bonus_c0.5,exploration_bonus_loo_fragility,606,16,1395,2.3476605830073822,1395,169,20,True,T1595 - Reconnaissance: Active Scanning,9.643063013169198e-05,"{""c"": 0.5}"
exploration_bonus_c0.5,exploration_bonus_loo_fragility,606,17,1485,4.724531874991953,1485,169,20,True,T1595 - Reconnaissance: Active Scanning,7.613781335499905e-05,"{""c"": 0.5}"
exploration_bonus_c0.5,exploration_bonus_loo_fragility,606,18,1575,4.998977582989028,1575,169,20,True,T1595 - Reconnaissance: Active Scanning,8.311194563462774e-05,"{""c"": 0.5}"
exploration_bonus_c0.5,exploration_bonus_loo_fragility,606,19,1665,4.394383834005566,1665,180,20,True,T1595 - Reconnaissance: Active Scanning,8.798407753809131e-05,"{""c"": 0.5}"
exploration_bonus_c0.5,exploration_bonus_loo_fragility,606,20,1755,3.2118365420028567,1755,180,20,True,T1595 - Reconnaissance: Active Scanning,8.573957285778801e-05,"{""c"": 0.5}"
exploration_bonus_c1.0,exploration_bonus_loo_fragility,606,1,45,0.856863583001541,45,45,20,False,T1571 - Defense Evasion: Non-Standard Port,8.835820787272657e-05,"{""c"": 1.0}"
exploration_bonus_c1.0,exploration_bonus_loo_fragility,606,2,135,0.7979632079950534,135,60,20,True,TA0011 - Command-and-Control,7.537851081898555e-05,"{""c"": 1.0}"
exploration_bonus_c1.0,exploration_bonus_loo_fragility,606,3,225,1.4908718330261763,225,110,20,True,T1036 - Defense Evasion: Masquerading,7.819730500863533e-05,"{""c"": 1.0}"
exploration_bonus_c1.0,exploration_bonus_loo_fragility,606,4,315,2.1640182500123046,315,158,20,True,T1498.001 - Impact: Direct Network Flood,9.353959755696525e-05,"{""c"": 1.0}"
exploration_bonus_c1.0,exploration_bonus_loo_fragility,606,5,405,2.2696295409987215,405,166,20,True,T1498.001 - Impact: Direct Network Flood,9.071584479220886e-05,"{""c"": 1.0}"
exploration_bonus_c1.0,exploration_bonus_loo_fragility,606,6,495,2.2990860829886515,495,173,20,True,T1583.005 - Resource Development: Acquire Botnet,9.484253080907796e-05,"{""c"": 1.0}"
exploration_bonus_c1.0,exploration_bonus_loo_fragility,606,7,585,2.498053500021342,585,180,20,True,T1583.005 - Resource Development: Acquire Botnet,0.00010695709870047492,"{""c"": 1.0}"
exploration_bonus_c1.0,exploration_bonus_loo_fragility,606,8,675,2.7099011249956675,675,180,20,True,T1583.005 - Resource Development: Acquire Botnet,0.00010203354111909119,"{""c"": 1.0}"
exploration_bonus_c1.0,exploration_bonus_loo_fragility,606,9,765,3.0152692499978,765,180,20,True,T1583.005 - Resource Development: Acquire Botnet,9.380179226409742e-05,"{""c"": 1.0}"
exploration_bonus_c1.0,exploration_bonus_loo_fragility,606,10,855,4.0775693749892525,855,180,20,True,T1498.001 - Impact: Direct Network Flood,0.00011723142316477997,"{""c"": 1.0}"
exploration_bonus_c1.0,exploration_bonus_loo_fragility,606,11,945,4.111360333015909,945,180,20,True,T1583.005 - Resource Development: Acquire Botnet,8.711199856953382e-05,"{""c"": 1.0}"
exploration_bonus_c1.0,exploration_bonus_loo_fragility,606,12,1035,3.3188045840070117,1035,180,20,True,T1583.005 - Resource Development: Acquire Botnet,7.32562148657512e-05,"{""c"": 1.0}"
exploration_bonus_c1.0,exploration_bonus_loo_fragility,606,13,1125,2.822329750022618,1125,180,20,True,T1583.005 - Resource Development: Acquire Botnet,6.478210880998076e-05,"{""c"": 1.0}"
exploration_bonus_c1.0,exploration_bonus_loo_fragility,606,14,1215,3.399888624990126,1215,180,20,True,T1583.005 - Resource Development: Acquire Botnet,4.5905771222589936e-05,"{""c"": 1.0}"
exploration_bonus_c1.0,exploration_bonus_loo_fragility,606,15,1305,4.0972448750108015,1305,180,20,True,T1583.005 - Resource Development: Acquire Botnet,5.6181689384678035e-05,"{""c"": 1.0}"
exploration_bonus_c1.0,exploration_bonus_loo_fragility,606,16,1395,2.8373741249961313,1395,180,20,True,T1583.005 - Resource Development: Acquire Botnet,5.288562973022717e-05,"{""c"": 1.0}"
exploration_bonus_c1.0,exploration_bonus_loo_fragility,606,17,1485,3.1448190409864765,1485,180,20,True,T1590 - Reconnaissance: Gather Victim Network Information,4.5776557536382205e-05,"{""c"": 1.0}"
exploration_bonus_c1.0,exploration_bonus_loo_fragility,606,18,1575,3.475563833984779,1575,180,20,True,T1498.002 - Impact: Reflection/Amplification Attack,4.5206434521880134e-05,"{""c"": 1.0}"
exploration_bonus_c1.0,exploration_bonus_loo_fragility,606,19,1665,4.078437458025292,1665,180,20,True,T1498.002 - Impact: Reflection/Amplification Attack,4.450402870099497e-05,"{""c"": 1.0}"
exploration_bonus_c1.0,exploration_bonus_loo_fragility,606,20,1755,4.68724633398233,1755,180,20,True,T1571 - Defense Evasion: Non-Standard Port,9.779203143286406e-05,"{""c"": 1.0}"
greedy_loo_fragility,greedy_loo_fragility,707,1,45,0.9961514169990551,45,45,20,False,T1571 - Defense Evasion: Non-Standard Port,7.12120447483933e-05,{}
greedy_loo_fragility,greedy_loo_fragility,707,2,135,1.2683169999800157,135,60,20,True,TA0011 - Command-and-Control,4.9762234044888215e-05,{}
greedy_loo_fragility,greedy_loo_fragility,707,3,225,1.5492972919892054,225,75,20,True,T1571 - Defense Evasion: Non-Standard Port,4.5793110937221554e-05,{}
greedy_loo_fragility,greedy_loo_fragility,707,4,315,1.434774290974019,315,75,20,True,T1498.002 - Impact: Reflection/Amplification Attack,8.58512863988034e-05,{}
greedy_loo_fragility,greedy_loo_fragility,707,5,405,1.2481317920028232,405,90,20,True,T1584.005 - Resource Development: Build/Compromise Botnet,7.239515525921828e-05,{}
greedy_loo_fragility,greedy_loo_fragility,707,6,495,1.761575750017073,495,105,20,True,T1590 - Reconnaissance: Gather Victim Network Information,7.51652017338801e-05,{}
greedy_loo_fragility,greedy_loo_fragility,707,7,585,2.5059854580031242,585,120,20,True,T1498.001 - Impact: Direct Network Flood,7.413649157938593e-05,{}
greedy_loo_fragility,greedy_loo_fragility,707,8,675,1.9872533330053557,675,135,20,True,T1498.001 - Impact: Direct Network Flood,8.26230832094388e-05,{}
greedy_loo_fragility,greedy_loo_fragility,707,9,765,1.8632790830160957,765,135,20,True,T1498.001 - Impact: Direct Network Flood,7.956486344561217e-05,{}
greedy_loo_fragility,greedy_loo_fragility,707,10,855,5.050126958027249,855,135,20,True,T1498.001 - Impact: Direct Network Flood,8.057062696771311e-05,{}
greedy_loo_fragility,greedy_loo_fragility,707,11,945,1.9246311250026338,945,135,20,True,T1498.001 - Impact: Direct Network Flood,8.56897225578041e-05,{}
greedy_loo_fragility,greedy_loo_fragility,707,12,1035,2.967921292001847,1035,135,20,True,T1498.001 - Impact: Direct Network Flood,8.387874253443041e-05,{}
greedy_loo_fragility,greedy_loo_fragility,707,13,1125,2.159338249999564,1125,135,20,True,T1498.001 - Impact: Direct Network Flood,0.00011510034467436547,{}
greedy_loo_fragility,greedy_loo_fragility,707,14,1215,2.545386374986265,1215,150,20,True,T1498.001 - Impact: Direct Network Flood,0.00011356929726577605,{}
greedy_loo_fragility,greedy_loo_fragility,707,15,1305,3.26196591698681,1305,150,20,True,T1498.001 - Impact: Direct Network Flood,0.00011314043323706255,{}
greedy_loo_fragility,greedy_loo_fragility,707,16,1395,2.4135111670184415,1395,165,20,True,T1498.001 - Impact: Direct Network Flood,0.00012531382169649372,{}
greedy_loo_fragility,greedy_loo_fragility,707,17,1485,2.3561373749980703,1485,165,20,True,T1498.001 - Impact: Direct Network Flood,0.00012869618025944908,{}
greedy_loo_fragility,greedy_loo_fragility,707,18,1575,2.3100288749847095,1575,165,20,True,T1036 - Defense Evasion: Masquerading,5.622555400649939e-05,{}
greedy_loo_fragility,greedy_loo_fragility,707,19,1665,3.1436190830136184,1665,180,20,True,T1590 - Reconnaissance: Gather Victim Network Information,5.2803899100547014e-05,{}
greedy_loo_fragility,greedy_loo_fragility,707,20,1755,3.534095958020771,1755,180,20,True,T1583.005 - Resource Development: Acquire Botnet,5.434283675587299e-05,{}
epsilon_greedy_eps0.2,epsilon_greedy_loo_fragility,707,1,45,0.8770244999905117,45,45,20,False,T1571 - Defense Evasion: Non-Standard Port,7.12120447483933e-05,"{""epsilon"": 0.2}"
epsilon_greedy_eps0.2,epsilon_greedy_loo_fragility,707,2,135,1.0267972500005271,135,78,20,True,T1583.005 - Resource Development: Acquire Botnet,6.18722225082588e-05,"{""epsilon"": 0.2}"
epsilon_greedy_eps0.2,epsilon_greedy_loo_fragility,707,3,225,1.370546916994499,225,106,20,True,T1590 - Reconnaissance: Gather Victim Network Information,0.00013363131331988658,"{""epsilon"": 0.2}"
epsilon_greedy_eps0.2,epsilon_greedy_loo_fragility,707,4,315,2.6918982499919366,315,140,20,True,T1036 - Defense Evasion: Masquerading,5.258554677048392e-05,"{""epsilon"": 0.2}"
epsilon_greedy_eps0.2,epsilon_greedy_loo_fragility,707,5,405,2.9963595000153873,405,160,20,True,T1595 - Reconnaissance: Active Scanning,5.0362482337839405e-05,"{""epsilon"": 0.2}"
epsilon_greedy_eps0.2,epsilon_greedy_loo_fragility,707,6,495,2.6241314169892576,495,180,20,True,T1595 - Reconnaissance: Active Scanning,7.715505913235985e-05,"{""epsilon"": 0.2}"
epsilon_greedy_eps0.2,epsilon_greedy_loo_fragility,707,7,585,3.1734709170123097,585,180,20,True,T1583.005 - Resource Development: Acquire Botnet,4.762242831581693e-05,"{""epsilon"": 0.2}"
epsilon_greedy_eps0.2,epsilon_greedy_loo_fragility,707,8,675,2.851479458011454,675,180,20,True,T1583.005 - Resource Development: Acquire Botnet,5.010030716708033e-05,"{""epsilon"": 0.2}"
epsilon_greedy_eps0.2,epsilon_greedy_loo_fragility,707,9,765,4.211793125024997,765,180,20,True,T1583.005 - Resource Development: Acquire Botnet,4.6975125490152303e-05,"{""epsilon"": 0.2}"
epsilon_greedy_eps0.2,epsilon_greedy_loo_fragility,707,10,855,3.8389228750020266,855,180,20,True,T1498.002 - Impact: Reflection/Amplification Attack,4.354168078189648e-05,"{""epsilon"": 0.2}"
epsilon_greedy_eps0.2,epsilon_greedy_loo_fragility,707,11,945,4.189458000008017,945,180,20,True,TA0011 - Command-and-Control,6.892741277913635e-05,"{""epsilon"": 0.2}"
epsilon_greedy_eps0.2,epsilon_greedy_loo_fragility,707,12,1035,4.117570666014217,1035,180,20,True,T1036 - Defense Evasion: Masquerading,7.181618247075868e-05,"{""epsilon"": 0.2}"
epsilon_greedy_eps0.2,epsilon_greedy_loo_fragility,707,13,1125,3.959897417022148,1125,180,20,True,T1583.005 - Resource Development: Acquire Botnet,5.4562546983909925e-05,"{""epsilon"": 0.2}"
epsilon_greedy_eps0.2,epsilon_greedy_loo_fragility,707,14,1215,5.337984917016001,1215,180,20,True,T1583.005 - Resource Development: Acquire Botnet,5.7221153900543595e-05,"{""epsilon"": 0.2}"
epsilon_greedy_eps0.2,epsilon_greedy_loo_fragility,707,15,1305,4.27157908299705,1305,180,20,True,T1571 - Defense Evasion: Non-Standard Port,5.729289258080332e-05,"{""epsilon"": 0.2}"
epsilon_greedy_eps0.2,epsilon_greedy_loo_fragility,707,16,1395,3.8842996250023134,1395,180,20,True,T1583.005 - Resource Development: Acquire Botnet,5.1500136080165316e-05,"{""epsilon"": 0.2}"
epsilon_greedy_eps0.2,epsilon_greedy_loo_fragility,707,17,1485,3.814916458009975,1485,180,20,True,T1571 - Defense Evasion: Non-Standard Port,5.917722929085928e-05,"{""epsilon"": 0.2}"
epsilon_greedy_eps0.2,epsilon_greedy_loo_fragility,707,18,1575,3.8250070000067353,1575,180,20,True,T1498.002 - Impact: Reflection/Amplification Attack,4.746672822875386e-05,"{""epsilon"": 0.2}"
epsilon_greedy_eps0.2,epsilon_greedy_loo_fragility,707,19,1665,2.638908332999563,1665,180,20,True,T1583.005 - Resource Development: Acquire Botnet,4.7183464487054165e-05,"{""epsilon"": 0.2}"
epsilon_greedy_eps0.2,epsilon_greedy_loo_fragility,707,20,1755,3.72703962502419,1755,180,20,True,T1583.005 - Resource Development: Acquire Botnet,5.0418569884129244e-05,"{""epsilon"": 0.2}"
exploration_bonus_c0.25,exploration_bonus_loo_fragility,707,1,45,0.9169740830257069,45,45,20,False,T1571 - Defense Evasion: Non-Standard Port,7.12120447483933e-05,"{""c"": 0.25}"
exploration_bonus_c0.25,exploration_bonus_loo_fragility,707,2,135,1.2060737499850802,135,60,20,True,TA0011 - Command-and-Control,4.9762234044888215e-05,"{""c"": 0.25}"
exploration_bonus_c0.25,exploration_bonus_loo_fragility,707,3,225,1.2024901660042815,225,90,20,True,T1571 - Defense Evasion: Non-Standard Port,7.142096919019219e-05,"{""c"": 0.25}"
exploration_bonus_c0.25,exploration_bonus_loo_fragility,707,4,315,1.250091624999186,315,90,20,True,T1498.001 - Impact: Direct Network Flood,0.00016852957271062401,"{""c"": 0.25}"
exploration_bonus_c0.25,exploration_bonus_loo_fragility,707,5,405,1.3663887080037966,405,105,20,True,T1498.001 - Impact: Direct Network Flood,0.00017052401937361003,"{""c"": 0.25}"
exploration_bonus_c0.25,exploration_bonus_loo_fragility,707,6,495,1.3640580000064801,495,105,20,True,T1498.001 - Impact: Direct Network Flood,0.0001683839419747339,"{""c"": 0.25}"
exploration_bonus_c0.25,exploration_bonus_loo_fragility,707,7,585,1.7788212499872316,585,135,20,True,T1498.001 - Impact: Direct Network Flood,0.00017109092219879372,"{""c"": 0.25}"
exploration_bonus_c0.25,exploration_bonus_loo_fragility,707,8,675,1.7747442919935565,675,135,20,True,T1498.001 - Impact: Direct Network Flood,0.00016073202516077452,"{""c"": 0.25}"
exploration_bonus_c0.25,exploration_bonus_loo_fragility,707,9,765,2.1999851670116186,765,135,20,True,T1498.001 - Impact: Direct Network Flood,0.00017033014311566497,"{""c"": 0.25}"
exploration_bonus_c0.25,exploration_bonus_loo_fragility,707,10,855,2.1991989169910084,855,135,20,True,T1498.001 - Impact: Direct Network Flood,7.147308549669272e-05,"{""c"": 0.25}"
exploration_bonus_c0.25,exploration_bonus_loo_fragility,707,11,945,2.0850548330054153,945,150,20,True,T1498.001 - Impact: Direct Network Flood,9.648349806737169e-05,"{""c"": 0.25}"
exploration_bonus_c0.25,exploration_bonus_loo_fragility,707,12,1035,2.1742509999894537,1035,158,20,True,T1498.001 - Impact: Direct Network Flood,0.0001160787935015213,"{""c"": 0.25}"
exploration_bonus_c0.25,exploration_bonus_loo_fragility,707,13,1125,2.160644207993755,1125,158,20,True,T1498.001 - Impact: Direct Network Flood,0.00014405672550541965,"{""c"": 0.25}"
exploration_bonus_c0.25,exploration_bonus_loo_fragility,707,14,1215,2.539531000016723,1215,158,20,True,T1498.001 - Impact: Direct Network Flood,0.00014518806281297184,"{""c"": 0.25}"
exploration_bonus_c0.25,exploration_bonus_loo_fragility,707,15,1305,2.409892415977083,1305,167,20,True,T1498.001 - Impact: Direct Network Flood,0.00013949814164905842,"{""c"": 0.25}"
exploration_bonus_c0.25,exploration_bonus_loo_fragility,707,16,1395,2.3224746249907184,1395,167,20,True,T1498.001 - Impact: Direct Network Flood,0.00013962590983723338,"{""c"": 0.25}"
exploration_bonus_c0.25,exploration_bonus_loo_fragility,707,17,1485,2.3987104579864535,1485,167,20,True,T1590 - Reconnaissance: Gather Victim Network Information,5.5226813580216844e-05,"{""c"": 0.25}"
exploration_bonus_c0.25,exploration_bonus_loo_fragility,707,18,1575,3.311020749999443,1575,167,20,True,T1498.002 - Impact: Reflection/Amplification Attack,5.4952499293674654e-05,"{""c"": 0.25}"
exploration_bonus_c0.25,exploration_bonus_loo_fragility,707,19,1665,2.5719920409901533,1665,180,20,True,T1584.005 - Resource Development: Build/Compromise Botnet,7.573294259036455e-05,"{""c"": 0.25}"
exploration_bonus_c0.25,exploration_bonus_loo_fragility,707,20,1755,2.5649659580085427,1755,180,20,True,T1036 - Defense Evasion: Masquerading,6.603014504023018e-05,"{""c"": 0.25}"
exploration_bonus_c0.5,exploration_bonus_loo_fragility,707,1,45,0.5921617920103017,45,45,20,False,T1571 - Defense Evasion: Non-Standard Port,7.12120447483933e-05,"{""c"": 0.5}"
exploration_bonus_c0.5,exploration_bonus_loo_fragility,707,2,135,0.7651358339935541,135,60,20,True,TA0011 - Command-and-Control,4.9762234044888215e-05,"{""c"": 0.5}"
exploration_bonus_c0.5,exploration_bonus_loo_fragility,707,3,225,1.1642870419891551,225,92,20,True,T1583.005 - Resource Development: Acquire Botnet,4.809261951353236e-05,"{""c"": 0.5}"
exploration_bonus_c0.5,exploration_bonus_loo_fragility,707,4,315,1.3622463750070892,315,107,20,True,T1571 - Defense Evasion: Non-Standard Port,4.616244934787068e-05,"{""c"": 0.5}"
exploration_bonus_c0.5,exploration_bonus_loo_fragility,707,5,405,1.525257708010031,405,120,20,True,T1571 - Defense Evasion: Non-Standard Port,7.849285851672267e-05,"{""c"": 0.5}"
exploration_bonus_c0.5,exploration_bonus_loo_fragility,707,6,495,1.6760844580130652,495,132,20,True,T1590 - Reconnaissance: Gather Victim Network Information,5.89739924833972e-05,"{""c"": 0.5}"
exploration_bonus_c0.5,exploration_bonus_loo_fragility,707,7,585,1.8916349170031026,585,144,20,True,T1498.002 - Impact: Reflection/Amplification Attack,5.3748130383409575e-05,"{""c"": 0.5}"
exploration_bonus_c0.5,exploration_bonus_loo_fragility,707,8,675,2.0474567920027766,675,155,20,True,T1498.002 - Impact: Reflection/Amplification Attack,5.7960469120756585e-05,"{""c"": 0.5}"
exploration_bonus_c0.5,exploration_bonus_loo_fragility,707,9,765,2.0361564999911934,765,155,20,True,T1498.002 - Impact: Reflection/Amplification Attack,5.520821023566948e-05,"{""c"": 0.5}"
exploration_bonus_c0.5,exploration_bonus_loo_fragility,707,10,855,2.0691611250222195,855,159,20,True,T1036 - Defense Evasion: Masquerading,5.4810170853868534e-05,"{""c"": 0.5}"
exploration_bonus_c0.5,exploration_bonus_loo_fragility,707,11,945,2.073409750009887,945,159,20,True,T1036 - Defense Evasion: Masquerading,5.366481443554764e-05,"{""c"": 0.5}"
exploration_bonus_c0.5,exploration_bonus_loo_fragility,707,12,1035,2.2017069589928724,1035,159,20,True,T1590 - Reconnaissance: Gather Victim Network Information,4.9980124004864116e-05,"{""c"": 0.5}"
exploration_bonus_c0.5,exploration_bonus_loo_fragility,707,13,1125,3.9261257910111453,1125,159,20,True,T1583.005 - Resource Development: Acquire Botnet,5.334647300845725e-05,"{""c"": 0.5}"
exploration_bonus_c0.5,exploration_bonus_loo_fragility,707,14,1215,3.3163758750015404,1215,159,20,True,T1036 - Defense Evasion: Masquerading,5.28249741641838e-05,"{""c"": 0.5}"
exploration_bonus_c0.5,exploration_bonus_loo_fragility,707,15,1305,3.4865640829957556,1305,159,20,True,T1583.005 - Resource Development: Acquire Botnet,5.0738369530380065e-05,"{""c"": 0.5}"
exploration_bonus_c0.5,exploration_bonus_loo_fragility,707,16,1395,3.3650949170114473,1395,159,20,True,T1590 - Reconnaissance: Gather Victim Network Information,4.905404580234958e-05,"{""c"": 0.5}"
exploration_bonus_c0.5,exploration_bonus_loo_fragility,707,17,1485,4.725861667015124,1485,180,20,True,T1583.005 - Resource Development: Acquire Botnet,4.972051981424058e-05,"{""c"": 0.5}"
exploration_bonus_c0.5,exploration_bonus_loo_fragility,707,18,1575,4.364196083013667,1575,180,20,True,T1583.005 - Resource Development: Acquire Botnet,5.207893723304847e-05,"{""c"": 0.5}"
exploration_bonus_c0.5,exploration_bonus_loo_fragility,707,19,1665,4.156403417000547,1665,180,20,True,T1583.005 - Resource Development: Acquire Botnet,4.916320027095293e-05,"{""c"": 0.5}"
exploration_bonus_c0.5,exploration_bonus_loo_fragility,707,20,1755,4.096348209015559,1755,180,20,True,T1583.005 - Resource Development: Acquire Botnet,4.566199686102766e-05,"{""c"": 0.5}"
exploration_bonus_c1.0,exploration_bonus_loo_fragility,707,1,45,0.9209983339824248,45,45,20,False,T1571 - Defense Evasion: Non-Standard Port,7.12120447483933e-05,"{""c"": 1.0}"
exploration_bonus_c1.0,exploration_bonus_loo_fragility,707,2,135,1.2500395830138586,135,60,20,True,TA0011 - Command-and-Control,4.9762234044888215e-05,"{""c"": 1.0}"
exploration_bonus_c1.0,exploration_bonus_loo_fragility,707,3,225,2.1153895409952383,225,105,20,True,T1590 - Reconnaissance: Gather Victim Network Information,8.718782253961635e-05,"{""c"": 1.0}"
exploration_bonus_c1.0,exploration_bonus_loo_fragility,707,4,315,2.486465333000524,315,120,20,True,T1036 - Defense Evasion: Masquerading,6.245998783191417e-05,"{""c"": 1.0}"
exploration_bonus_c1.0,exploration_bonus_loo_fragility,707,5,405,2.6163508339959662,405,130,20,True,T1590 - Reconnaissance: Gather Victim Network Information,4.4246585622194655e-05,"{""c"": 1.0}"
exploration_bonus_c1.0,exploration_bonus_loo_fragility,707,6,495,3.001549957989482,495,131,20,True,T1571 - Defense Evasion: Non-Standard Port,5.1815394739789214e-05,"{""c"": 1.0}"
exploration_bonus_c1.0,exploration_bonus_loo_fragility,707,7,585,2.704123083007289,585,131,20,True,T1583.005 - Resource Development: Acquire Botnet,0.00011452785729247271,"{""c"": 1.0}"
exploration_bonus_c1.0,exploration_bonus_loo_fragility,707,8,675,3.184457374998601,675,163,20,True,T1583.005 - Resource Development: Acquire Botnet,9.625109929206407e-05,"{""c"": 1.0}"
exploration_bonus_c1.0,exploration_bonus_loo_fragility,707,9,765,3.5766556249873247,765,175,20,True,T1583.005 - Resource Development: Acquire Botnet,0.00010254361184933683,"{""c"": 1.0}"
exploration_bonus_c1.0,exploration_bonus_loo_fragility,707,10,855,3.6760704170155805,855,176,20,True,T1583.005 - Resource Development: Acquire Botnet,9.844067579504094e-05,"{""c"": 1.0}"
exploration_bonus_c1.0,exploration_bonus_loo_fragility,707,11,945,4.0699789999926,945,180,20,True,T1498.001 - Impact: Direct Network Flood,9.785071841605044e-05,"{""c"": 1.0}"
exploration_bonus_c1.0,exploration_bonus_loo_fragility,707,12,1035,3.812116707995301,1035,180,20,True,T1583.005 - Resource Development: Acquire Botnet,9.912585148198817e-05,"{""c"": 1.0}"
exploration_bonus_c1.0,exploration_bonus_loo_fragility,707,13,1125,3.8362095410120673,1125,180,20,True,T1498.001 - Impact: Direct Network Flood,0.0001875078043659519,"{""c"": 1.0}"
exploration_bonus_c1.0,exploration_bonus_loo_fragility,707,14,1215,4.273889292002423,1215,180,20,True,T1498.001 - Impact: Direct Network Flood,0.00017669485301936296,"{""c"": 1.0}"
exploration_bonus_c1.0,exploration_bonus_loo_fragility,707,15,1305,5.560313291993225,1305,180,20,True,T1583.005 - Resource Development: Acquire Botnet,0.00017480720720405206,"{""c"": 1.0}"
exploration_bonus_c1.0,exploration_bonus_loo_fragility,707,16,1395,4.547947957995348,1395,180,20,True,T1498.001 - Impact: Direct Network Flood,0.000124678697695537,"{""c"": 1.0}"
exploration_bonus_c1.0,exploration_bonus_loo_fragility,707,17,1485,3.7910027919861022,1485,180,20,True,T1583.005 - Resource Development: Acquire Botnet,0.00021685022898396594,"{""c"": 1.0}"
exploration_bonus_c1.0,exploration_bonus_loo_fragility,707,18,1575,4.115781040978618,1575,180,20,True,T1583.005 - Resource Development: Acquire Botnet,0.00019108235251758486,"{""c"": 1.0}"
exploration_bonus_c1.0,exploration_bonus_loo_fragility,707,19,1665,3.980492167000193,1665,180,20,True,T1590 - Reconnaissance: Gather Victim Network Information,5.860930393428659e-05,"{""c"": 1.0}"
exploration_bonus_c1.0,exploration_bonus_loo_fragility,707,20,1755,3.995187749998877,1755,180,20,True,T1583.005 - Resource Development: Acquire Botnet,5.2669831010460965e-05,"{""c"": 1.0}"
greedy_loo_fragility,greedy_loo_fragility,808,1,45,0.9537317919894122,45,45,20,False,T1571 - Defense Evasion: Non-Standard Port,0.00010219871101072744,{}
greedy_loo_fragility,greedy_loo_fragility,808,2,135,1.2026689999911468,135,60,20,True,TA0011 - Command-and-Control,6.241887793911001e-05,{}
greedy_loo_fragility,greedy_loo_fragility,808,3,225,1.529373541008681,225,75,20,True,T1583.005 - Resource Development: Acquire Botnet,7.455628681114391e-05,{}
greedy_loo_fragility,greedy_loo_fragility,808,4,315,2.1541594580048695,315,90,20,True,T1595 - Reconnaissance: Active Scanning,7.191713867082078e-05,{}
greedy_loo_fragility,greedy_loo_fragility,808,5,405,2.1846416250045877,405,105,20,True,T1590 - Reconnaissance: Gather Victim Network Information,6.16175185520434e-05,{}
greedy_loo_fragility,greedy_loo_fragility,808,6,495,2.5160604160046205,495,120,20,True,T1583.005 - Resource Development: Acquire Botnet,6.282714397941503e-05,{}
greedy_loo_fragility,greedy_loo_fragility,808,7,585,2.4886498329869937,585,120,20,True,T1583.005 - Resource Development: Acquire Botnet,6.284370085433798e-05,{}
greedy_loo_fragility,greedy_loo_fragility,808,8,675,2.7257995000109076,675,135,20,True,T1498.002 - Impact: Reflection/Amplification Attack,5.814000084427096e-05,{}
greedy_loo_fragility,greedy_loo_fragility,808,9,765,2.7790465829893947,765,135,20,True,T1498.002 - Impact: Reflection/Amplification Attack,5.3841163637391745e-05,{}
greedy_loo_fragility,greedy_loo_fragility,808,10,855,2.7692120000137947,855,135,20,True,T1498.001 - Impact: Direct Network Flood,6.328913908703476e-05,{}
greedy_loo_fragility,greedy_loo_fragility,808,11,945,3.120489708002424,945,150,20,True,T1571 - Defense Evasion: Non-Standard Port,6.30608912634083e-05,{}
greedy_loo_fragility,greedy_loo_fragility,808,12,1035,3.0895936250162777,1035,150,20,True,T1590 - Reconnaissance: Gather Victim Network Information,5.035569174198011e-05,{}
greedy_loo_fragility,greedy_loo_fragility,808,13,1125,3.2429938339919318,1125,150,20,True,T1590 - Reconnaissance: Gather Victim Network Information,5.39023021423469e-05,{}
greedy_loo_fragility,greedy_loo_fragility,808,14,1215,3.2273430829809513,1215,150,20,True,T1583.005 - Resource Development: Acquire Botnet,5.822628385734442e-05,{}
greedy_loo_fragility,greedy_loo_fragility,808,15,1305,3.1287866669881623,1305,150,20,True,T1571 - Defense Evasion: Non-Standard Port,0.00010963524832765189,{}
greedy_loo_fragility,greedy_loo_fragility,808,16,1395,3.5349637920153327,1395,150,20,True,T1571 - Defense Evasion: Non-Standard Port,0.00010495230210927838,{}
greedy_loo_fragility,greedy_loo_fragility,808,17,1485,3.539029332983773,1485,165,20,True,T1571 - Defense Evasion: Non-Standard Port,6.641012983510538e-05,{}
greedy_loo_fragility,greedy_loo_fragility,808,18,1575,3.6027942080108915,1575,165,20,True,T1595 - Reconnaissance: Active Scanning,7.533842109280382e-05,{}
greedy_loo_fragility,greedy_loo_fragility,808,19,1665,4.050719417020446,1665,180,20,True,T1595 - Reconnaissance: Active Scanning,7.058597582407008e-05,{}
greedy_loo_fragility,greedy_loo_fragility,808,20,1755,3.8903901670128107,1755,180,20,True,T1595 - Reconnaissance: Active Scanning,7.305040306231391e-05,{}
epsilon_greedy_eps0.2,epsilon_greedy_loo_fragility,808,1,45,0.8514047079952434,45,45,20,False,T1571 - Defense Evasion: Non-Standard Port,0.00010219871101072744,"{""epsilon"": 0.2}"
epsilon_greedy_eps0.2,epsilon_greedy_loo_fragility,808,2,135,1.520246625004802,135,80,20,True,T1498.001 - Impact: Direct Network Flood,0.00016696993936372395,"{""epsilon"": 0.2}"
epsilon_greedy_eps0.2,epsilon_greedy_loo_fragility,808,3,225,2.141935999999987,225,107,20,True,T1498.001 - Impact: Direct Network Flood,9.992191482296914e-05,"{""epsilon"": 0.2}"
epsilon_greedy_eps0.2,epsilon_greedy_loo_fragility,808,4,315,2.444493583025178,315,124,20,True,T1583.005 - Resource Development: Acquire Botnet,5.426989058997421e-05,"{""epsilon"": 0.2}"
epsilon_greedy_eps0.2,epsilon_greedy_loo_fragility,808,5,405,3.0237959579972085,405,151,20,True,T1498.001 - Impact: Direct Network Flood,9.579669511562155e-05,"{""epsilon"": 0.2}"
epsilon_greedy_eps0.2,epsilon_greedy_loo_fragility,808,6,495,4.696430083015002,495,171,20,True,T1036 - Defense Evasion: Masquerading,5.22460713063737e-05,"{""epsilon"": 0.2}"
epsilon_greedy_eps0.2,epsilon_greedy_loo_fragility,808,7,585,3.659376582974801,585,180,20,True,T1498.002 - Impact: Reflection/Amplification Attack,8.584628193880531e-05,"{""epsilon"": 0.2}"
epsilon_greedy_eps0.2,epsilon_greedy_loo_fragility,808,8,675,3.684543124982156,675,180,20,True,T1571 - Defense Evasion: Non-Standard Port,5.630387358005601e-05,"{""epsilon"": 0.2}"
epsilon_greedy_eps0.2,epsilon_greedy_loo_fragility,808,9,765,3.587671874993248,765,180,20,True,T1595 - Reconnaissance: Active Scanning,5.010419110891525e-05,"{""epsilon"": 0.2}"
epsilon_greedy_eps0.2,epsilon_greedy_loo_fragility,808,10,855,4.587674708018312,855,180,20,True,T1036 - Defense Evasion: Masquerading,5.1722685559862545e-05,"{""epsilon"": 0.2}"
epsilon_greedy_eps0.2,epsilon_greedy_loo_fragility,808,11,945,5.524779708997812,945,180,20,True,T1583.005 - Resource Development: Acquire Botnet,4.8541115692037745e-05,"{""epsilon"": 0.2}"
epsilon_greedy_eps0.2,epsilon_greedy_loo_fragility,808,12,1035,4.873466332996031,1035,180,20,True,T1595 - Reconnaissance: Active Scanning,5.509900994882457e-05,"{""epsilon"": 0.2}"
epsilon_greedy_eps0.2,epsilon_greedy_loo_fragility,808,13,1125,3.8299964159959927,1125,180,20,True,T1571 - Defense Evasion: Non-Standard Port,5.2478488754801884e-05,"{""epsilon"": 0.2}"
epsilon_greedy_eps0.2,epsilon_greedy_loo_fragility,808,14,1215,4.001032333995681,1215,180,20,True,T1583.005 - Resource Development: Acquire Botnet,8.424731162234111e-05,"{""epsilon"": 0.2}"
epsilon_greedy_eps0.2,epsilon_greedy_loo_fragility,808,15,1305,3.8090592499938793,1305,180,20,True,T1583.005 - Resource Development: Acquire Botnet,6.84083970793665e-05,"{""epsilon"": 0.2}"
epsilon_greedy_eps0.2,epsilon_greedy_loo_fragility,808,16,1395,3.7598363750148565,1395,180,20,True,T1583.005 - Resource Development: Acquire Botnet,5.6862487585337894e-05,"{""epsilon"": 0.2}"
epsilon_greedy_eps0.2,epsilon_greedy_loo_fragility,808,17,1485,4.026044875005027,1485,180,20,True,T1595 - Reconnaissance: Active Scanning,8.729911934602661e-05,"{""epsilon"": 0.2}"
epsilon_greedy_eps0.2,epsilon_greedy_loo_fragility,808,18,1575,3.877887542010285,1575,180,20,True,T1036 - Defense Evasion: Masquerading,8.508252529453874e-05,"{""epsilon"": 0.2}"
epsilon_greedy_eps0.2,epsilon_greedy_loo_fragility,808,19,1665,3.977794125006767,1665,180,20,True,T1036 - Defense Evasion: Masquerading,8.058233923587977e-05,"{""epsilon"": 0.2}"
epsilon_greedy_eps0.2,epsilon_greedy_loo_fragility,808,20,1755,4.162179750012001,1755,180,20,True,T1583.005 - Resource Development: Acquire Botnet,7.464228917866545e-05,"{""epsilon"": 0.2}"
exploration_bonus_c0.25,exploration_bonus_loo_fragility,808,1,45,0.8942923750146292,45,45,20,False,T1571 - Defense Evasion: Non-Standard Port,0.00010219871101072744,"{""c"": 0.25}"
exploration_bonus_c0.25,exploration_bonus_loo_fragility,808,2,135,1.1917462919955142,135,60,20,True,TA0011 - Command-and-Control,6.241887793911001e-05,"{""c"": 0.25}"
exploration_bonus_c0.25,exploration_bonus_loo_fragility,808,3,225,1.4721157499880064,225,75,20,True,T1583.005 - Resource Development: Acquire Botnet,7.455628681114391e-05,"{""c"": 0.25}"
exploration_bonus_c0.25,exploration_bonus_loo_fragility,808,4,315,1.8420201659901068,315,97,20,True,T1583.005 - Resource Development: Acquire Botnet,6.013788620325257e-05,"{""c"": 0.25}"
exploration_bonus_c0.25,exploration_bonus_loo_fragility,808,5,405,1.990495333011495,405,104,20,True,T1583.005 - Resource Development: Acquire Botnet,5.971667805526172e-05,"{""c"": 0.25}"
exploration_bonus_c0.25,exploration_bonus_loo_fragility,808,6,495,2.571884625009261,495,133,20,True,T1583.005 - Resource Development: Acquire Botnet,5.6636452432076806e-05,"{""c"": 0.25}"
exploration_bonus_c0.25,exploration_bonus_loo_fragility,808,7,585,3.2068303330161143,585,133,20,True,T1498.002 - Impact: Reflection/Amplification Attack,6.406506986567705e-05,"{""c"": 0.25}"
exploration_bonus_c0.25,exploration_bonus_loo_fragility,808,8,675,2.738534875010373,675,133,20,True,T1498.002 - Impact: Reflection/Amplification Attack,6.347655626732502e-05,"{""c"": 0.25}"
exploration_bonus_c0.25,exploration_bonus_loo_fragility,808,9,765,2.6392915830074344,765,133,20,True,T1498.001 - Impact: Direct Network Flood,6.322264902588823e-05,"{""c"": 0.25}"
exploration_bonus_c0.25,exploration_bonus_loo_fragility,808,10,855,3.0169083749933634,855,148,20,True,T1498.002 - Impact: Reflection/Amplification Attack,7.043624937588966e-05,"{""c"": 0.25}"
exploration_bonus_c0.25,exploration_bonus_loo_fragility,808,11,945,3.3571717500162777,945,156,20,True,T1498.002 - Impact: Reflection/Amplification Attack,6.734981460527177e-05,"{""c"": 0.25}"
exploration_bonus_c0.25,exploration_bonus_loo_fragility,808,12,1035,3.3062674579850864,1035,156,20,True,T1498.002 - Impact: Reflection/Amplification Attack,7.870769339893672e-05,"{""c"": 0.25}"
exploration_bonus_c0.25,exploration_bonus_loo_fragility,808,13,1125,3.357770583999809,1125,156,20,True,T1498.002 - Impact: Reflection/Amplification Attack,7.200245074425805e-05,"{""c"": 0.25}"
exploration_bonus_c0.25,exploration_bonus_loo_fragility,808,14,1215,3.3861141669913195,1215,156,20,True,T1583.005 - Resource Development: Acquire Botnet,6.749604557614136e-05,"{""c"": 0.25}"
exploration_bonus_c0.25,exploration_bonus_loo_fragility,808,15,1305,3.6642135830188636,1305,160,20,True,T1498.001 - Impact: Direct Network Flood,6.530887462848859e-05,"{""c"": 0.25}"
exploration_bonus_c0.25,exploration_bonus_loo_fragility,808,16,1395,3.994237417005934,1395,180,20,True,T1583.005 - Resource Development: Acquire Botnet,6.694026515284022e-05,"{""c"": 0.25}"
exploration_bonus_c0.25,exploration_bonus_loo_fragility,808,17,1485,4.001816083997255,1485,180,20,True,T1583.005 - Resource Development: Acquire Botnet,6.755010904578919e-05,"{""c"": 0.25}"
exploration_bonus_c0.25,exploration_bonus_loo_fragility,808,18,1575,4.032205625000643,1575,180,20,True,T1583.005 - Resource Development: Acquire Botnet,6.963863479437441e-05,"{""c"": 0.25}"
exploration_bonus_c0.25,exploration_bonus_loo_fragility,808,19,1665,4.130914000008488,1665,180,20,True,T1583.005 - Resource Development: Acquire Botnet,7.264353576775988e-05,"{""c"": 0.25}"
exploration_bonus_c0.25,exploration_bonus_loo_fragility,808,20,1755,3.8867809170042165,1755,180,20,True,T1583.005 - Resource Development: Acquire Botnet,7.041550598695356e-05,"{""c"": 0.25}"
exploration_bonus_c0.5,exploration_bonus_loo_fragility,808,1,45,0.9449214590131305,45,45,20,False,T1571 - Defense Evasion: Non-Standard Port,0.00010219871101072744,"{""c"": 0.5}"
exploration_bonus_c0.5,exploration_bonus_loo_fragility,808,2,135,1.1565841250121593,135,60,20,True,TA0011 - Command-and-Control,6.241887793911001e-05,"{""c"": 0.5}"
exploration_bonus_c0.5,exploration_bonus_loo_fragility,808,3,225,1.4439591670234222,225,75,20,True,T1583.005 - Resource Development: Acquire Botnet,7.455628681114391e-05,"{""c"": 0.5}"
exploration_bonus_c0.5,exploration_bonus_loo_fragility,808,4,315,2.2195648339984473,315,117,20,True,T1498.002 - Impact: Reflection/Amplification Attack,5.674785374539787e-05,"{""c"": 0.5}"
exploration_bonus_c0.5,exploration_bonus_loo_fragility,808,5,405,2.63271204099874,405,136,20,True,T1498.002 - Impact: Reflection/Amplification Attack,7.032925419958133e-05,"{""c"": 0.5}"
exploration_bonus_c0.5,exploration_bonus_loo_fragility,808,6,495,2.972347000002628,495,136,20,True,T1498.002 - Impact: Reflection/Amplification Attack,6.85174068940972e-05,"{""c"": 0.5}"
exploration_bonus_c0.5,exploration_bonus_loo_fragility,808,7,585,2.8600298750097863,585,136,20,True,T1583.005 - Resource Development: Acquire Botnet,6.752606579904814e-05,"{""c"": 0.5}"
exploration_bonus_c0.5,exploration_bonus_loo_fragility,808,8,675,2.7334713749878574,675,138,20,True,T1595 - Reconnaissance: Active Scanning,5.6030623277811175e-05,"{""c"": 0.5}"
exploration_bonus_c0.5,exploration_bonus_loo_fragility,808,9,765,3.132508374983445,765,147,20,True,T1583.005 - Resource Development: Acquire Botnet,5.759689451988302e-05,"{""c"": 0.5}"
exploration_bonus_c0.5,exploration_bonus_loo_fragility,808,10,855,3.5837062079808675,855,165,20,True,T1583.005 - Resource Development: Acquire Botnet,4.968245647493594e-05,"{""c"": 0.5}"
exploration_bonus_c0.5,exploration_bonus_loo_fragility,808,11,945,3.5099838339956477,945,165,20,True,T1583.005 - Resource Development: Acquire Botnet,4.831178349444136e-05,"{""c"": 0.5}"
exploration_bonus_c0.5,exploration_bonus_loo_fragility,808,12,1035,3.3443792090110946,1035,165,20,True,T1583.005 - Resource Development: Acquire Botnet,5.0751455027716416e-05,"{""c"": 0.5}"
exploration_bonus_c0.5,exploration_bonus_loo_fragility,808,13,1125,3.377010625001276,1125,165,20,True,T1583.005 - Resource Development: Acquire Botnet,4.961586354450465e-05,"{""c"": 0.5}"
exploration_bonus_c0.5,exploration_bonus_loo_fragility,808,14,1215,3.8515846249938477,1215,165,20,True,T1583.005 - Resource Development: Acquire Botnet,5.498156421600575e-05,"{""c"": 0.5}"
exploration_bonus_c0.5,exploration_bonus_loo_fragility,808,15,1305,3.840569957974367,1305,168,20,True,T1498.002 - Impact: Reflection/Amplification Attack,4.653936753443978e-05,"{""c"": 0.5}"
exploration_bonus_c0.5,exploration_bonus_loo_fragility,808,16,1395,4.619769249984529,1395,180,20,True,T1583.005 - Resource Development: Acquire Botnet,6.983746037703576e-05,"{""c"": 0.5}"
exploration_bonus_c0.5,exploration_bonus_loo_fragility,808,17,1485,3.913506791985128,1485,180,20,True,T1584.005 - Resource Development: Build/Compromise Botnet,6.568443239639316e-05,"{""c"": 0.5}"
exploration_bonus_c0.5,exploration_bonus_loo_fragility,808,18,1575,4.081149292003829,1575,180,20,True,T1498.001 - Impact: Direct Network Flood,0.00012524993248386944,"{""c"": 0.5}"
exploration_bonus_c0.5,exploration_bonus_loo_fragility,808,19,1665,3.981279125000583,1665,180,20,True,T1583.005 - Resource Development: Acquire Botnet,0.00011796401807624574,"{""c"": 0.5}"
exploration_bonus_c0.5,exploration_bonus_loo_fragility,808,20,1755,3.9016103750036564,1755,180,20,True,T1036 - Defense Evasion: Masquerading,9.734006051258382e-05,"{""c"": 0.5}"
exploration_bonus_c1.0,exploration_bonus_loo_fragility,808,1,45,0.880767458002083,45,45,20,False,T1571 - Defense Evasion: Non-Standard Port,0.00010219871101072744,"{""c"": 1.0}"
exploration_bonus_c1.0,exploration_bonus_loo_fragility,808,2,135,1.2087654579954688,135,60,20,True,TA0011 - Command-and-Control,6.241887793911001e-05,"{""c"": 1.0}"
exploration_bonus_c1.0,exploration_bonus_loo_fragility,808,3,225,1.4418004580074921,225,75,20,True,T1583.005 - Resource Development: Acquire Botnet,7.455628681114391e-05,"{""c"": 1.0}"
exploration_bonus_c1.0,exploration_bonus_loo_fragility,808,4,315,2.677238625008613,315,135,20,True,T1498.002 - Impact: Reflection/Amplification Attack,5.288779959035299e-05,"{""c"": 1.0}"
exploration_bonus_c1.0,exploration_bonus_loo_fragility,808,5,405,2.6653467919968534,405,136,20,True,T1498.002 - Impact: Reflection/Amplification Attack,5.4563746668911405e-05,"{""c"": 1.0}"
exploration_bonus_c1.0,exploration_bonus_loo_fragility,808,6,495,2.647866791987326,495,136,20,True,T1498.002 - Impact: Reflection/Amplification Attack,4.966033323874651e-05,"{""c"": 1.0}"
exploration_bonus_c1.0,exploration_bonus_loo_fragility,808,7,585,3.0757068330131005,585,142,20,True,T1498.002 - Impact: Reflection/Amplification Attack,6.109654329795465e-05,"{""c"": 1.0}"
exploration_bonus_c1.0,exploration_bonus_loo_fragility,808,8,675,3.656345916999271,675,153,20,True,T1498.002 - Impact: Reflection/Amplification Attack,7.4377465580696e-05,"{""c"": 1.0}"
exploration_bonus_c1.0,exploration_bonus_loo_fragility,808,9,765,3.294683417014312,765,164,20,True,T1498.002 - Impact: Reflection/Amplification Attack,7.57463450169834e-05,"{""c"": 1.0}"
exploration_bonus_c1.0,exploration_bonus_loo_fragility,808,10,855,3.529390499985311,855,174,20,True,T1583.005 - Resource Development: Acquire Botnet,7.586172275738504e-05,"{""c"": 1.0}"
exploration_bonus_c1.0,exploration_bonus_loo_fragility,808,11,945,3.549440834001871,945,174,20,True,T1583.005 - Resource Development: Acquire Botnet,7.696947335164705e-05,"{""c"": 1.0}"
exploration_bonus_c1.0,exploration_bonus_loo_fragility,808,12,1035,3.595456582988845,1035,174,20,True,T1583.005 - Resource Development: Acquire Botnet,9.673203955113557e-05,"{""c"": 1.0}"
exploration_bonus_c1.0,exploration_bonus_loo_fragility,808,13,1125,3.5940846250159666,1125,174,20,True,T1583.005 - Resource Development: Acquire Botnet,9.540253843860115e-05,"{""c"": 1.0}"
exploration_bonus_c1.0,exploration_bonus_loo_fragility,808,14,1215,3.7056662090180907,1215,174,20,True,T1583.005 - Resource Development: Acquire Botnet,9.309736134102463e-05,"{""c"": 1.0}"
exploration_bonus_c1.0,exploration_bonus_loo_fragility,808,15,1305,3.8014696250029374,1305,174,20,True,T1583.005 - Resource Development: Acquire Botnet,9.135523640416256e-05,"{""c"": 1.0}"
exploration_bonus_c1.0,exploration_bonus_loo_fragility,808,16,1395,3.880897750001168,1395,180,20,True,T1583.005 - Resource Development: Acquire Botnet,9.202272204451267e-05,"{""c"": 1.0}"
exploration_bonus_c1.0,exploration_bonus_loo_fragility,808,17,1485,3.867150792008033,1485,180,20,True,T1583.005 - Resource Development: Acquire Botnet,9.418493785162727e-05,"{""c"": 1.0}"
exploration_bonus_c1.0,exploration_bonus_loo_fragility,808,18,1575,3.9644320840016007,1575,180,20,True,T1583.005 - Resource Development: Acquire Botnet,9.167982186579611e-05,"{""c"": 1.0}"
exploration_bonus_c1.0,exploration_bonus_loo_fragility,808,19,1665,3.8900732079928275,1665,180,20,True,T1583.005 - Resource Development: Acquire Botnet,8.759976139796436e-05,"{""c"": 1.0}"
exploration_bonus_c1.0,exploration_bonus_loo_fragility,808,20,1755,3.934465166996233,1755,180,20,True,T1583.005 - Resource Development: Acquire Botnet,7.464228917866545e-05,"{""c"": 1.0}"
greedy_loo_fragility,greedy_loo_fragility,909,1,45,0.8804981249850243,45,45,20,False,T1571 - Defense Evasion: Non-Standard Port,0.00014097971827641643,{}
greedy_loo_fragility,greedy_loo_fragility,909,2,135,1.1637155420030467,135,60,20,True,TA0011 - Command-and-Control,5.992770891691917e-05,{}
greedy_loo_fragility,greedy_loo_fragility,909,3,225,1.4435241669998504,225,75,20,True,T1036 - Defense Evasion: Masquerading,6.256832411083007e-05,{}
greedy_loo_fragility,greedy_loo_fragility,909,4,315,1.7367297500022687,315,90,20,True,T1584.005 - Resource Development: Build/Compromise Botnet,5.7803848136012764e-05,{}
greedy_loo_fragility,greedy_loo_fragility,909,5,405,2.062805916997604,405,105,20,True,T1583.005 - Resource Development: Acquire Botnet,5.4821070077083536e-05,{}
greedy_loo_fragility,greedy_loo_fragility,909,6,495,2.3628176669881213,495,120,20,True,T1036 - Defense Evasion: Masquerading,5.409805637299393e-05,{}
greedy_loo_fragility,greedy_loo_fragility,909,7,585,2.3791248749766964,585,120,20,True,T1584.005 - Resource Development: Build/Compromise Botnet,5.192482461122234e-05,{}
greedy_loo_fragility,greedy_loo_fragility,909,8,675,2.984305084013613,675,120,20,True,T1584.005 - Resource Development: Build/Compromise Botnet,5.0768790662600915e-05,{}
greedy_loo_fragility,greedy_loo_fragility,909,9,765,2.4310267499822658,765,120,20,True,T1583.005 - Resource Development: Acquire Botnet,5.0734102014385816e-05,{}
greedy_loo_fragility,greedy_loo_fragility,909,10,855,2.431308125000214,855,120,20,True,T1583.005 - Resource Development: Acquire Botnet,4.696842792229851e-05,{}
greedy_loo_fragility,greedy_loo_fragility,909,11,945,2.7537536660092883,945,135,20,True,T1583.005 - Resource Development: Acquire Botnet,4.783940026136046e-05,{}
greedy_loo_fragility,greedy_loo_fragility,909,12,1035,3.180679541983409,1035,150,20,True,T1583.005 - Resource Development: Acquire Botnet,4.8215711058357375e-05,{}
greedy_loo_fragility,greedy_loo_fragility,909,13,1125,3.1294816250156146,1125,150,20,True,T1583.005 - Resource Development: Acquire Botnet,4.9377825928579284e-05,{}
greedy_loo_fragility,greedy_loo_fragility,909,14,1215,3.2707413340103813,1215,150,20,True,T1583.005 - Resource Development: Acquire Botnet,5.3695261668832266e-05,{}
greedy_loo_fragility,greedy_loo_fragility,909,15,1305,3.1622142499836627,1305,150,20,True,T1036 - Defense Evasion: Masquerading,6.208971055509548e-05,{}
greedy_loo_fragility,greedy_loo_fragility,909,16,1395,3.145043374999659,1395,150,20,True,T1498.001 - Impact: Direct Network Flood,0.00014992213263312598,{}
greedy_loo_fragility,greedy_loo_fragility,909,17,1485,3.4308825000189245,1485,165,20,True,T1595 - Reconnaissance: Active Scanning,0.00011847325761084463,{}
greedy_loo_fragility,greedy_loo_fragility,909,18,1575,3.651933041983284,1575,165,20,True,T1036 - Defense Evasion: Masquerading,0.00010960565411563043,{}
greedy_loo_fragility,greedy_loo_fragility,909,19,1665,3.834089666022919,1665,180,20,True,T1595 - Reconnaissance: Active Scanning,0.00012117092418989285,{}
greedy_loo_fragility,greedy_loo_fragility,909,20,1755,3.8048900419962592,1755,180,20,True,T1595 - Reconnaissance: Active Scanning,0.0001038794428085444,{}
epsilon_greedy_eps0.2,epsilon_greedy_loo_fragility,909,1,45,0.8491703750041779,45,45,20,False,T1571 - Defense Evasion: Non-Standard Port,0.00014097971827641643,"{""epsilon"": 0.2}"
epsilon_greedy_eps0.2,epsilon_greedy_loo_fragility,909,2,135,1.5285873329848982,135,81,20,True,T1583.005 - Resource Development: Acquire Botnet,5.711685870135846e-05,"{""epsilon"": 0.2}"
epsilon_greedy_eps0.2,epsilon_greedy_loo_fragility,909,3,225,2.1428455419954844,225,108,20,True,T1583.005 - Resource Development: Acquire Botnet,6.11213241900884e-05,"{""epsilon"": 0.2}"
epsilon_greedy_eps0.2,epsilon_greedy_loo_fragility,909,4,315,2.41286712497822,315,123,20,True,T1595 - Reconnaissance: Active Scanning,6.105886457101207e-05,"{""epsilon"": 0.2}"
epsilon_greedy_eps0.2,epsilon_greedy_loo_fragility,909,5,405,2.900090416020248,405,149,20,True,T1595 - Reconnaissance: Active Scanning,6.005233468874562e-05,"{""epsilon"": 0.2}"
epsilon_greedy_eps0.2,epsilon_greedy_loo_fragility,909,6,495,3.2782532080018427,495,168,20,True,T1036 - Defense Evasion: Masquerading,5.009408324327636e-05,"{""epsilon"": 0.2}"
epsilon_greedy_eps0.2,epsilon_greedy_loo_fragility,909,7,585,3.5331503749766853,585,180,20,True,T1571 - Defense Evasion: Non-Standard Port,5.212216848025644e-05,"{""epsilon"": 0.2}"
epsilon_greedy_eps0.2,epsilon_greedy_loo_fragility,909,8,675,3.5176392089924775,675,180,20,True,T1498.001 - Impact: Direct Network Flood,4.307251778885682e-05,"{""epsilon"": 0.2}"
epsilon_greedy_eps0.2,epsilon_greedy_loo_fragility,909,9,765,3.6183806250046473,765,180,20,True,T1595 - Reconnaissance: Active Scanning,7.138340678483111e-05,"{""epsilon"": 0.2}"
epsilon_greedy_eps0.2,epsilon_greedy_loo_fragility,909,10,855,3.58052275000955,855,180,20,True,T1498.001 - Impact: Direct Network Flood,6.67394461374302e-05,"{""epsilon"": 0.2}"
epsilon_greedy_eps0.2,epsilon_greedy_loo_fragility,909,11,945,4.2043303749815095,945,180,20,True,T1498.001 - Impact: Direct Network Flood,6.977434967711413e-05,"{""epsilon"": 0.2}"
epsilon_greedy_eps0.2,epsilon_greedy_loo_fragility,909,12,1035,3.730126000009477,1035,180,20,True,T1498.001 - Impact: Direct Network Flood,7.275799011118489e-05,"{""epsilon"": 0.2}"
epsilon_greedy_eps0.2,epsilon_greedy_loo_fragility,909,13,1125,3.770824499981245,1125,180,20,True,TA0011 - Command-and-Control,8.316110567593088e-05,"{""epsilon"": 0.2}"
epsilon_greedy_eps0.2,epsilon_greedy_loo_fragility,909,14,1215,4.312664875003975,1215,180,20,True,T1498.001 - Impact: Direct Network Flood,5.001732600255548e-05,"{""epsilon"": 0.2}"
epsilon_greedy_eps0.2,epsilon_greedy_loo_fragility,909,15,1305,3.7788556670129765,1305,180,20,True,TA0011 - Command-and-Control,6.854867925456113e-05,"{""epsilon"": 0.2}"
epsilon_greedy_eps0.2,epsilon_greedy_loo_fragility,909,16,1395,3.7343556249979883,1395,180,20,True,T1498.001 - Impact: Direct Network Flood,7.374387086298232e-05,"{""epsilon"": 0.2}"
epsilon_greedy_eps0.2,epsilon_greedy_loo_fragility,909,17,1485,3.804158707993338,1485,180,20,True,T1590 - Reconnaissance: Gather Victim Network Information,5.9350094140439265e-05,"{""epsilon"": 0.2}"
epsilon_greedy_eps0.2,epsilon_greedy_loo_fragility,909,18,1575,3.750017541984562,1575,180,20,True,T1036 - Defense Evasion: Masquerading,0.00010103923043711914,"{""epsilon"": 0.2}"
epsilon_greedy_eps0.2,epsilon_greedy_loo_fragility,909,19,1665,3.802070791978622,1665,180,20,True,T1595 - Reconnaissance: Active Scanning,0.00010544883680642161,"{""epsilon"": 0.2}"
epsilon_greedy_eps0.2,epsilon_greedy_loo_fragility,909,20,1755,3.8716555420251098,1755,180,20,True,T1595 - Reconnaissance: Active Scanning,0.0001038794428085444,"{""epsilon"": 0.2}"
exploration_bonus_c0.25,exploration_bonus_loo_fragility,909,1,45,0.8538778749934863,45,45,20,False,T1571 - Defense Evasion: Non-Standard Port,0.00014097971827641643,"{""c"": 0.25}"
exploration_bonus_c0.25,exploration_bonus_loo_fragility,909,2,135,1.1567350830009673,135,60,20,True,TA0011 - Command-and-Control,5.992770891691917e-05,"{""c"": 0.25}"
exploration_bonus_c0.25,exploration_bonus_loo_fragility,909,3,225,1.5105297500267625,225,79,20,True,T1583.005 - Resource Development: Acquire Botnet,5.113117278783167e-05,"{""c"": 0.25}"
exploration_bonus_c0.25,exploration_bonus_loo_fragility,909,4,315,1.784183458017651,315,94,20,True,TA0011 - Command-and-Control,4.7676461043140984e-05,"{""c"": 0.25}"
exploration_bonus_c0.25,exploration_bonus_loo_fragility,909,5,405,2.1685809589980636,405,114,20,True,T1498.001 - Impact: Direct Network Flood,5.4206714257035396e-05,"{""c"": 0.25}"
exploration_bonus_c0.25,exploration_bonus_loo_fragility,909,6,495,2.5356089579872787,495,129,20,True,T1571 - Defense Evasion: Non-Standard Port,4.637915410765942e-05,"{""c"": 0.25}"
exploration_bonus_c0.25,exploration_bonus_loo_fragility,909,7,585,2.632357459020568,585,132,20,True,T1498.002 - Impact: Reflection/Amplification Attack,0.0001356028860260416,"{""c"": 0.25}"
exploration_bonus_c0.25,exploration_bonus_loo_fragility,909,8,675,2.9113064169941936,675,147,20,True,T1583.005 - Resource Development: Acquire Botnet,0.00010014440342791744,"{""c"": 0.25}"
exploration_bonus_c0.25,exploration_bonus_loo_fragility,909,9,765,3.2948043750075158,765,160,20,True,T1583.005 - Resource Development: Acquire Botnet,9.863545207402198e-05,"{""c"": 0.25}"
exploration_bonus_c0.25,exploration_bonus_loo_fragility,909,10,855,3.2525865829957183,855,164,20,True,T1583.005 - Resource Development: Acquire Botnet,8.98129060249727e-05,"{""c"": 0.25}"
exploration_bonus_c0.25,exploration_bonus_loo_fragility,909,11,945,3.4292882500158157,945,170,20,True,T1583.005 - Resource Development: Acquire Botnet,9.605683824937691e-05,"{""c"": 0.25}"
exploration_bonus_c0.25,exploration_bonus_loo_fragility,909,12,1035,3.6403896670090035,1035,170,20,True,T1498.001 - Impact: Direct Network Flood,4.573690688991966e-05,"{""c"": 0.25}"
exploration_bonus_c0.25,exploration_bonus_loo_fragility,909,13,1125,4.365976458007935,1125,170,20,True,T1583.005 - Resource Development: Acquire Botnet,4.80710453154535e-05,"{""c"": 0.25}"
exploration_bonus_c0.25,exploration_bonus_loo_fragility,909,14,1215,3.4580125420179684,1215,170,20,True,T1583.005 - Resource Development: Acquire Botnet,4.803909639907574e-05,"{""c"": 0.25}"
exploration_bonus_c0.25,exploration_bonus_loo_fragility,909,15,1305,3.052689874981297,1305,170,20,True,T1583.005 - Resource Development: Acquire Botnet,4.503675148999314e-05,"{""c"": 0.25}"
exploration_bonus_c0.25,exploration_bonus_loo_fragility,909,16,1395,3.25263333300245,1395,180,20,True,T1595 - Reconnaissance: Active Scanning,5.2019502022105694e-05,"{""c"": 0.25}"
exploration_bonus_c0.25,exploration_bonus_loo_fragility,909,17,1485,3.3038296670129057,1485,180,20,True,T1595 - Reconnaissance: Active Scanning,0.00011095772349538496,"{""c"": 0.25}"
exploration_bonus_c0.25,exploration_bonus_loo_fragility,909,18,1575,3.2856563329987694,1575,180,20,True,T1595 - Reconnaissance: Active Scanning,9.579291447374858e-05,"{""c"": 0.25}"
exploration_bonus_c0.25,exploration_bonus_loo_fragility,909,19,1665,4.532613165996736,1665,180,20,True,T1595 - Reconnaissance: Active Scanning,9.572098158426303e-05,"{""c"": 0.25}"
exploration_bonus_c0.25,exploration_bonus_loo_fragility,909,20,1755,3.8872370409953874,1755,180,20,True,T1595 - Reconnaissance: Active Scanning,0.0001038794428085444,"{""c"": 0.25}"
exploration_bonus_c0.5,exploration_bonus_loo_fragility,909,1,45,0.8693890410067979,45,45,20,False,T1571 - Defense Evasion: Non-Standard Port,0.00014097971827641643,"{""c"": 0.5}"
exploration_bonus_c0.5,exploration_bonus_loo_fragility,909,2,135,1.1222954999830108,135,60,20,True,TA0011 - Command-and-Control,5.992770891691917e-05,"{""c"": 0.5}"
exploration_bonus_c0.5,exploration_bonus_loo_fragility,909,3,225,1.7460646250110585,225,92,20,True,T1590 - Reconnaissance: Gather Victim Network Information,5.073025729487649e-05,"{""c"": 0.5}"
exploration_bonus_c0.5,exploration_bonus_loo_fragility,909,4,315,2.087100749980891,315,108,20,True,T1590 - Reconnaissance: Gather Victim Network Information,4.804235201233538e-05,"{""c"": 0.5}"
exploration_bonus_c0.5,exploration_bonus_loo_fragility,909,5,405,2.4846126250049565,405,131,20,True,T1583.005 - Resource Development: Acquire Botnet,4.8182473146318044e-05,"{""c"": 0.5}"
exploration_bonus_c0.5,exploration_bonus_loo_fragility,909,6,495,2.8069596249843016,495,147,20,True,T1590 - Reconnaissance: Gather Victim Network Information,4.6383988197295063e-05,"{""c"": 0.5}"
exploration_bonus_c0.5,exploration_bonus_loo_fragility,909,7,585,3.0324916249956004,585,153,20,True,T1583.005 - Resource Development: Acquire Botnet,4.7321715054785345e-05,"{""c"": 0.5}"
exploration_bonus_c0.5,exploration_bonus_loo_fragility,909,8,675,3.0335800839820877,675,153,20,True,T1583.005 - Resource Development: Acquire Botnet,4.5715240999436335e-05,"{""c"": 0.5}"
exploration_bonus_c0.5,exploration_bonus_loo_fragility,909,9,765,3.126195415999973,765,153,20,True,TA0011 - Command-and-Control,5.090592983402905e-05,"{""c"": 0.5}"
exploration_bonus_c0.5,exploration_bonus_loo_fragility,909,10,855,3.1410097499901894,855,153,20,True,TA0011 - Command-and-Control,7.820441344714636e-05,"{""c"": 0.5}"
exploration_bonus_c0.5,exploration_bonus_loo_fragility,909,11,945,4.251536165975267,945,165,20,True,T1595 - Reconnaissance: Active Scanning,5.540991232406324e-05,"{""c"": 0.5}"
exploration_bonus_c0.5,exploration_bonus_loo_fragility,909,12,1035,5.293581957987044,1035,165,20,True,T1590 - Reconnaissance: Gather Victim Network Information,5.426118249312183e-05,"{""c"": 0.5}"
exploration_bonus_c0.5,exploration_bonus_loo_fragility,909,13,1125,3.576981958001852,1125,165,20,True,T1595 - Reconnaissance: Active Scanning,5.6583964611262974e-05,"{""c"": 0.5}"
exploration_bonus_c0.5,exploration_bonus_loo_fragility,909,14,1215,3.6740404999873135,1215,165,20,True,T1595 - Reconnaissance: Active Scanning,5.257546271261798e-05,"{""c"": 0.5}"
exploration_bonus_c0.5,exploration_bonus_loo_fragility,909,15,1305,3.400119125028141,1305,168,20,True,T1595 - Reconnaissance: Active Scanning,5.3052782520349604e-05,"{""c"": 0.5}"
exploration_bonus_c0.5,exploration_bonus_loo_fragility,909,16,1395,3.569401957996888,1395,168,20,True,T1584.005 - Resource Development: Build/Compromise Botnet,7.43473993478501e-05,"{""c"": 0.5}"
exploration_bonus_c0.5,exploration_bonus_loo_fragility,909,17,1485,4.052779416990234,1485,168,20,True,T1584.005 - Resource Development: Build/Compromise Botnet,7.393094615486342e-05,"{""c"": 0.5}"
exploration_bonus_c0.5,exploration_bonus_loo_fragility,909,18,1575,3.6350429160229396,1575,169,20,True,T1595 - Reconnaissance: Active Scanning,9.74335359585271e-05,"{""c"": 0.5}"
exploration_bonus_c0.5,exploration_bonus_loo_fragility,909,19,1665,4.206230458978098,1665,180,20,True,T1595 - Reconnaissance: Active Scanning,0.00012117092418989285,"{""c"": 0.5}"
exploration_bonus_c0.5,exploration_bonus_loo_fragility,909,20,1755,4.048530458996538,1755,180,20,True,T1595 - Reconnaissance: Active Scanning,0.0001038794428085444,"{""c"": 0.5}"
exploration_bonus_c1.0,exploration_bonus_loo_fragility,909,1,45,0.8744203340029344,45,45,20,False,T1571 - Defense Evasion: Non-Standard Port,0.00014097971827641643,"{""c"": 1.0}"
exploration_bonus_c1.0,exploration_bonus_loo_fragility,909,2,135,1.1275353330129292,135,60,20,True,TA0011 - Command-and-Control,5.992770891691917e-05,"{""c"": 1.0}"
exploration_bonus_c1.0,exploration_bonus_loo_fragility,909,3,225,1.8619202499976382,225,101,20,True,TA0011 - Command-and-Control,5.777409673325841e-05,"{""c"": 1.0}"
exploration_bonus_c1.0,exploration_bonus_loo_fragility,909,4,315,2.4949328749789856,315,131,20,True,T1584.005 - Resource Development: Build/Compromise Botnet,4.659447086581381e-05,"{""c"": 1.0}"
exploration_bonus_c1.0,exploration_bonus_loo_fragility,909,5,405,3.008442833001027,405,150,20,True,T1036 - Defense Evasion: Masquerading,4.698561909996083e-05,"{""c"": 1.0}"
exploration_bonus_c1.0,exploration_bonus_loo_fragility,909,6,495,3.3216604590124916,495,162,20,True,T1571 - Defense Evasion: Non-Standard Port,6.36513887918597e-05,"{""c"": 1.0}"
exploration_bonus_c1.0,exploration_bonus_loo_fragility,909,7,585,3.521877499995753,585,164,20,True,T1498.001 - Impact: Direct Network Flood,8.477716144975373e-05,"{""c"": 1.0}"
exploration_bonus_c1.0,exploration_bonus_loo_fragility,909,8,675,3.2260006660071667,675,164,20,True,T1571 - Defense Evasion: Non-Standard Port,8.4021850165856e-05,"{""c"": 1.0}"
exploration_bonus_c1.0,exploration_bonus_loo_fragility,909,9,765,3.892412749992218,765,164,20,True,TA0011 - Command-and-Control,8.4255902283279e-05,"{""c"": 1.0}"
exploration_bonus_c1.0,exploration_bonus_loo_fragility,909,10,855,3.2962358339864295,855,171,20,True,TA0011 - Command-and-Control,7.909477504070986e-05,"{""c"": 1.0}"
exploration_bonus_c1.0,exploration_bonus_loo_fragility,909,11,945,3.577079833019525,945,171,20,True,TA0011 - Command-and-Control,0.00010190493556724895,"{""c"": 1.0}"
exploration_bonus_c1.0,exploration_bonus_loo_fragility,909,12,1035,3.755662624986144,1035,171,20,True,T1595 - Reconnaissance: Active Scanning,0.00010445503547691233,"{""c"": 1.0}"
exploration_bonus_c1.0,exploration_bonus_loo_fragility,909,13,1125,3.424507999996422,1125,171,20,True,TA0011 - Command-and-Control,9.538391493853564e-05,"{""c"": 1.0}"
exploration_bonus_c1.0,exploration_bonus_loo_fragility,909,14,1215,3.4342769170179963,1215,171,20,True,TA0011 - Command-and-Control,7.827170639642738e-05,"{""c"": 1.0}"
exploration_bonus_c1.0,exploration_bonus_loo_fragility,909,15,1305,5.400256124994485,1305,179,20,True,T1036 - Defense Evasion: Masquerading,7.817004690485917e-05,"{""c"": 1.0}"
exploration_bonus_c1.0,exploration_bonus_loo_fragility,909,16,1395,4.750071082991781,1395,179,20,True,T1595 - Reconnaissance: Active Scanning,9.716805316949492e-05,"{""c"": 1.0}"
exploration_bonus_c1.0,exploration_bonus_loo_fragility,909,17,1485,3.7934313750010915,1485,180,20,True,T1595 - Reconnaissance: Active Scanning,0.00010021479289671695,"{""c"": 1.0}"
exploration_bonus_c1.0,exploration_bonus_loo_fragility,909,18,1575,3.932813499995973,1575,180,20,True,T1595 - Reconnaissance: Active Scanning,0.00010120314808380974,"{""c"": 1.0}"
exploration_bonus_c1.0,exploration_bonus_loo_fragility,909,19,1665,3.720137666008668,1665,180,20,True,T1595 - Reconnaissance: Active Scanning,9.62378959752218e-05,"{""c"": 1.0}"
exploration_bonus_c1.0,exploration_bonus_loo_fragility,909,20,1755,4.212229999975534,1755,180,20,True,T1595 - Reconnaissance: Active Scanning,0.0001038794428085444,"{""c"": 1.0}"
greedy_loo_fragility,greedy_loo_fragility,1010,1,45,0.8619279160047881,45,45,20,False,T1571 - Defense Evasion: Non-Standard Port,0.0001359471568731001,{}
greedy_loo_fragility,greedy_loo_fragility,1010,2,135,1.169678665988613,135,60,20,True,TA0011 - Command-and-Control,0.00011805575157170589,{}
greedy_loo_fragility,greedy_loo_fragility,1010,3,225,1.4067459999932908,225,75,20,True,T1595 - Reconnaissance: Active Scanning,0.00011778855188502628,{}
greedy_loo_fragility,greedy_loo_fragility,1010,4,315,2.3132710000209045,315,90,20,True,T1583.005 - Resource Development: Acquire Botnet,0.0001243134467556832,{}
greedy_loo_fragility,greedy_loo_fragility,1010,5,405,1.9993601250171196,405,105,20,True,TA0011 - Command-and-Control,0.0001235597224827013,{}
greedy_loo_fragility,greedy_loo_fragility,1010,6,495,2.1938782499928493,495,105,20,True,TA0011 - Command-and-Control,0.0001224399257437531,{}
greedy_loo_fragility,greedy_loo_fragility,1010,7,585,3.0107368329772726,585,105,20,True,T1583.005 - Resource Development: Acquire Botnet,7.873294371051703e-05,{}
greedy_loo_fragility,greedy_loo_fragility,1010,8,675,2.411663083010353,675,105,20,True,T1583.005 - Resource Development: Acquire Botnet,7.382486947908555e-05,{}
greedy_loo_fragility,greedy_loo_fragility,1010,9,765,2.483072832983453,765,120,20,True,T1583.005 - Resource Development: Acquire Botnet,7.24333390918411e-05,{}
greedy_loo_fragility,greedy_loo_fragility,1010,10,855,3.4032099999894854,855,135,20,True,T1583.005 - Resource Development: Acquire Botnet,6.95078572419304e-05,{}
greedy_loo_fragility,greedy_loo_fragility,1010,11,945,3.3936362089880276,945,150,20,True,T1583.005 - Resource Development: Acquire Botnet,6.862256220156939e-05,{}
greedy_loo_fragility,greedy_loo_fragility,1010,12,1035,4.019129416003125,1035,150,20,True,T1583.005 - Resource Development: Acquire Botnet,6.922499743645965e-05,{}
greedy_loo_fragility,greedy_loo_fragility,1010,13,1125,3.3191492920159362,1125,150,20,True,T1583.005 - Resource Development: Acquire Botnet,6.575255023588105e-05,{}
greedy_loo_fragility,greedy_loo_fragility,1010,14,1215,3.634526541980449,1215,150,20,True,T1584.005 - Resource Development: Build/Compromise Botnet,9.001109966891405e-05,{}
greedy_loo_fragility,greedy_loo_fragility,1010,15,1305,3.4228741669794545,1305,165,20,True,T1571 - Defense Evasion: Non-Standard Port,0.00010986009365634175,{}
greedy_loo_fragility,greedy_loo_fragility,1010,16,1395,3.727194042003248,1395,165,20,True,T1595 - Reconnaissance: Active Scanning,0.00010926115952527798,{}
greedy_loo_fragility,greedy_loo_fragility,1010,17,1485,5.312984667019919,1485,165,20,True,TA0011 - Command-and-Control,0.00011534532148426479,{}
greedy_loo_fragility,greedy_loo_fragility,1010,18,1575,4.340134124999167,1575,165,20,True,T1571 - Defense Evasion: Non-Standard Port,8.049560425791297e-05,{}
greedy_loo_fragility,greedy_loo_fragility,1010,19,1665,4.3846554170013405,1665,180,20,True,T1571 - Defense Evasion: Non-Standard Port,0.00011077016416198275,{}
greedy_loo_fragility,greedy_loo_fragility,1010,20,1755,4.794899915985297,1755,180,20,True,T1571 - Defense Evasion: Non-Standard Port,0.00010904067066920415,{}
epsilon_greedy_eps0.2,epsilon_greedy_loo_fragility,1010,1,45,0.942183582985308,45,45,20,False,T1571 - Defense Evasion: Non-Standard Port,0.0001359471568731001,"{""epsilon"": 0.2}"
epsilon_greedy_eps0.2,epsilon_greedy_loo_fragility,1010,2,135,2.695105582999531,135,80,20,True,T1595 - Reconnaissance: Active Scanning,5.643723249737369e-05,"{""epsilon"": 0.2}"
epsilon_greedy_eps0.2,epsilon_greedy_loo_fragility,1010,3,225,1.9864567919867113,225,104,20,True,T1571 - Defense Evasion: Non-Standard Port,5.6704755618175666e-05,"{""epsilon"": 0.2}"
epsilon_greedy_eps0.2,epsilon_greedy_loo_fragility,1010,4,315,2.3039189999981318,315,121,20,True,T1036 - Defense Evasion: Masquerading,5.5917850040308074e-05,"{""epsilon"": 0.2}"
epsilon_greedy_eps0.2,epsilon_greedy_loo_fragility,1010,5,405,2.7927224580198526,405,146,20,True,TA0011 - Command-and-Control,5.0924282718769276e-05,"{""epsilon"": 0.2}"
epsilon_greedy_eps0.2,epsilon_greedy_loo_fragility,1010,6,495,3.2102960830088705,495,169,20,True,T1036 - Defense Evasion: Masquerading,4.723040958121132e-05,"{""epsilon"": 0.2}"
epsilon_greedy_eps0.2,epsilon_greedy_loo_fragility,1010,7,585,3.5023080419923645,585,180,20,True,T1498.001 - Impact: Direct Network Flood,4.960798963656517e-05,"{""epsilon"": 0.2}"
epsilon_greedy_eps0.2,epsilon_greedy_loo_fragility,1010,8,675,3.60509812500095,675,180,20,True,T1036 - Defense Evasion: Masquerading,4.3350391696521636e-05,"{""epsilon"": 0.2}"
epsilon_greedy_eps0.2,epsilon_greedy_loo_fragility,1010,9,765,3.673925875016721,765,180,20,True,T1036 - Defense Evasion: Masquerading,4.985961284878955e-05,"{""epsilon"": 0.2}"
epsilon_greedy_eps0.2,epsilon_greedy_loo_fragility,1010,10,855,3.605241958022816,855,180,20,True,T1036 - Defense Evasion: Masquerading,4.406323296904187e-05,"{""epsilon"": 0.2}"
epsilon_greedy_eps0.2,epsilon_greedy_loo_fragility,1010,11,945,3.791995957988547,945,180,20,True,T1036 - Defense Evasion: Masquerading,4.941017690909556e-05,"{""epsilon"": 0.2}"
epsilon_greedy_eps0.2,epsilon_greedy_loo_fragility,1010,12,1035,3.7105799580167513,1035,180,20,True,T1571 - Defense Evasion: Non-Standard Port,0.00010798480680366828,"{""epsilon"": 0.2}"
epsilon_greedy_eps0.2,epsilon_greedy_loo_fragility,1010,13,1125,3.730062957998598,1125,180,20,True,T1571 - Defense Evasion: Non-Standard Port,0.00010147863635881309,"{""epsilon"": 0.2}"
epsilon_greedy_eps0.2,epsilon_greedy_loo_fragility,1010,14,1215,3.702129082987085,1215,180,20,True,T1571 - Defense Evasion: Non-Standard Port,0.00010604260101153211,"{""epsilon"": 0.2}"
epsilon_greedy_eps0.2,epsilon_greedy_loo_fragility,1010,15,1305,3.678770708007505,1305,180,20,True,T1571 - Defense Evasion: Non-Standard Port,0.00010321630025608769,"{""epsilon"": 0.2}"
epsilon_greedy_eps0.2,epsilon_greedy_loo_fragility,1010,16,1395,3.883585207979195,1395,180,20,True,T1571 - Defense Evasion: Non-Standard Port,0.0001012559533157242,"{""epsilon"": 0.2}"
epsilon_greedy_eps0.2,epsilon_greedy_loo_fragility,1010,17,1485,3.8162589159910567,1485,180,20,True,T1571 - Defense Evasion: Non-Standard Port,0.00010088260300394596,"{""epsilon"": 0.2}"
epsilon_greedy_eps0.2,epsilon_greedy_loo_fragility,1010,18,1575,4.07809945900226,1575,180,20,True,T1571 - Defense Evasion: Non-Standard Port,9.51774770011136e-05,"{""epsilon"": 0.2}"
epsilon_greedy_eps0.2,epsilon_greedy_loo_fragility,1010,19,1665,4.157125416997587,1665,180,20,True,T1571 - Defense Evasion: Non-Standard Port,9.82636198887851e-05,"{""epsilon"": 0.2}"
epsilon_greedy_eps0.2,epsilon_greedy_loo_fragility,1010,20,1755,4.04795091599226,1755,180,20,True,T1571 - Defense Evasion: Non-Standard Port,0.00010684003637333631,"{""epsilon"": 0.2}"
exploration_bonus_c0.25,exploration_bonus_loo_fragility,1010,1,45,0.9018959170207381,45,45,20,False,T1571 - Defense Evasion: Non-Standard Port,0.0001359471568731001,"{""c"": 0.25}"
exploration_bonus_c0.25,exploration_bonus_loo_fragility,1010,2,135,1.1300815830181818,135,60,20,True,TA0011 - Command-and-Control,0.00011805575157170589,"{""c"": 0.25}"
exploration_bonus_c0.25,exploration_bonus_loo_fragility,1010,3,225,1.3876381670124829,225,75,20,True,T1595 - Reconnaissance: Active Scanning,0.00011778855188502628,"{""c"": 0.25}"
exploration_bonus_c0.25,exploration_bonus_loo_fragility,1010,4,315,1.933683250012109,315,98,20,True,TA0011 - Command-and-Control,0.00011099485652095098,"{""c"": 0.25}"
exploration_bonus_c0.25,exploration_bonus_loo_fragility,1010,5,405,2.050137416983489,405,98,20,True,T1571 - Defense Evasion: Non-Standard Port,8.122632936298317e-05,"{""c"": 0.25}"
exploration_bonus_c0.25,exploration_bonus_loo_fragility,1010,6,495,2.463690958014922,495,113,20,True,T1571 - Defense Evasion: Non-Standard Port,6.573199124373344e-05,"{""c"": 0.25}"
exploration_bonus_c0.25,exploration_bonus_loo_fragility,1010,7,585,2.164162416011095,585,113,20,True,T1498.001 - Impact: Direct Network Flood,0.0001322882027527437,"{""c"": 0.25}"
exploration_bonus_c0.25,exploration_bonus_loo_fragility,1010,8,675,2.3981837079918478,675,128,20,True,T1595 - Reconnaissance: Active Scanning,0.00011575612108227049,"{""c"": 0.25}"
exploration_bonus_c0.25,exploration_bonus_loo_fragility,1010,9,765,2.6042526249948423,765,138,20,True,T1584.005 - Resource Development: Build/Compromise Botnet,7.890774533687639e-05,"{""c"": 0.25}"
exploration_bonus_c0.25,exploration_bonus_loo_fragility,1010,10,855,2.6816657909948844,855,138,20,True,T1584.005 - Resource Development: Build/Compromise Botnet,8.011623698230759e-05,"{""c"": 0.25}"
exploration_bonus_c0.25,exploration_bonus_loo_fragility,1010,11,945,2.8458344170066994,945,147,20,True,T1036 - Defense Evasion: Masquerading,8.867477736498441e-05,"{""c"": 0.25}"
exploration_bonus_c0.25,exploration_bonus_loo_fragility,1010,12,1035,2.8384497500082944,1035,147,20,True,T1595 - Reconnaissance: Active Scanning,8.182960917652904e-05,"{""c"": 0.25}"
exploration_bonus_c0.25,exploration_bonus_loo_fragility,1010,13,1125,3.0668108339887112,1125,147,20,True,T1584.005 - Resource Development: Build/Compromise Botnet,8.767506891348813e-05,"{""c"": 0.25}"
exploration_bonus_c0.25,exploration_bonus_loo_fragility,1010,14,1215,2.9210998339985963,1215,149,20,True,T1571 - Defense Evasion: Non-Standard Port,0.00011525624554203155,"{""c"": 0.25}"
exploration_bonus_c0.25,exploration_bonus_loo_fragility,1010,15,1305,3.4566173749917652,1305,167,20,True,T1571 - Defense Evasion: Non-Standard Port,9.499862499517715e-05,"{""c"": 0.25}"
exploration_bonus_c0.25,exploration_bonus_loo_fragility,1010,16,1395,3.8831549999886192,1395,173,20,True,T1571 - Defense Evasion: Non-Standard Port,9.538035948671592e-05,"{""c"": 0.25}"
exploration_bonus_c0.25,exploration_bonus_loo_fragility,1010,17,1485,3.7264923329930753,1485,180,20,True,T1571 - Defense Evasion: Non-Standard Port,9.998582047795505e-05,"{""c"": 0.25}"
exploration_bonus_c0.25,exploration_bonus_loo_fragility,1010,18,1575,3.7255883750040084,1575,180,20,True,T1571 - Defense Evasion: Non-Standard Port,9.754859996560279e-05,"{""c"": 0.25}"
exploration_bonus_c0.25,exploration_bonus_loo_fragility,1010,19,1665,3.8919138750061393,1665,180,20,True,T1571 - Defense Evasion: Non-Standard Port,9.018329929720876e-05,"{""c"": 0.25}"
exploration_bonus_c0.25,exploration_bonus_loo_fragility,1010,20,1755,4.097834665997652,1755,180,20,True,T1571 - Defense Evasion: Non-Standard Port,0.00011573736286871874,"{""c"": 0.25}"
exploration_bonus_c0.5,exploration_bonus_loo_fragility,1010,1,45,0.8452572090027388,45,45,20,False,T1571 - Defense Evasion: Non-Standard Port,0.0001359471568731001,"{""c"": 0.5}"
exploration_bonus_c0.5,exploration_bonus_loo_fragility,1010,2,135,1.1376684170099907,135,60,20,True,TA0011 - Command-and-Control,0.00011805575157170589,"{""c"": 0.5}"
exploration_bonus_c0.5,exploration_bonus_loo_fragility,1010,3,225,1.4420215419959277,225,76,20,True,T1583.005 - Resource Development: Acquire Botnet,0.00012858624513970517,"{""c"": 0.5}"
exploration_bonus_c0.5,exploration_bonus_loo_fragility,1010,4,315,1.896114959003171,315,99,20,True,TA0011 - Command-and-Control,0.00012378080276626954,"{""c"": 0.5}"
exploration_bonus_c0.5,exploration_bonus_loo_fragility,1010,5,405,2.108374666015152,405,111,20,True,T1571 - Defense Evasion: Non-Standard Port,7.553124601619956e-05,"{""c"": 0.5}"
exploration_bonus_c0.5,exploration_bonus_loo_fragility,1010,6,495,2.224592541984748,495,116,20,True,T1590 - Reconnaissance: Gather Victim Network Information,8.78861855187895e-05,"{""c"": 0.5}"
exploration_bonus_c0.5,exploration_bonus_loo_fragility,1010,7,585,2.8915523330215365,585,146,20,True,T1583.005 - Resource Development: Acquire Botnet,8.0969603161353e-05,"{""c"": 0.5}"
exploration_bonus_c0.5,exploration_bonus_loo_fragility,1010,8,675,3.1034681659948546,675,159,20,True,T1583.005 - Resource Development: Acquire Botnet,8.122711530653515e-05,"{""c"": 0.5}"
exploration_bonus_c0.5,exploration_bonus_loo_fragility,1010,9,765,3.3959440419857856,765,159,20,True,T1583.005 - Resource Development: Acquire Botnet,8.112745438276718e-05,"{""c"": 0.5}"
exploration_bonus_c0.5,exploration_bonus_loo_fragility,1010,10,855,3.170611875015311,855,159,20,True,TA0011 - Command-and-Control,0.00010218546621938531,"{""c"": 0.5}"
exploration_bonus_c0.5,exploration_bonus_loo_fragility,1010,11,945,3.2371261660009623,945,165,20,True,TA0011 - Command-and-Control,0.00010647141406781686,"{""c"": 0.5}"
exploration_bonus_c0.5,exploration_bonus_loo_fragility,1010,12,1035,3.771945084008621,1035,165,20,True,T1571 - Defense Evasion: Non-Standard Port,9.213669552436259e-05,"{""c"": 0.5}"
exploration_bonus_c0.5,exploration_bonus_loo_fragility,1010,13,1125,3.3846690420177765,1125,165,20,True,T1595 - Reconnaissance: Active Scanning,9.395230022370336e-05,"{""c"": 0.5}"
exploration_bonus_c0.5,exploration_bonus_loo_fragility,1010,14,1215,4.12931820799713,1215,165,20,True,T1571 - Defense Evasion: Non-Standard Port,9.0140561390943e-05,"{""c"": 0.5}"
exploration_bonus_c0.5,exploration_bonus_loo_fragility,1010,15,1305,3.85811970802024,1305,165,20,True,T1571 - Defense Evasion: Non-Standard Port,7.273775185673839e-05,"{""c"": 0.5}"
exploration_bonus_c0.5,exploration_bonus_loo_fragility,1010,16,1395,3.6625164999859408,1395,166,20,True,T1571 - Defense Evasion: Non-Standard Port,9.465114699927775e-05,"{""c"": 0.5}"
exploration_bonus_c0.5,exploration_bonus_loo_fragility,1010,17,1485,3.7762087079754565,1485,180,20,True,T1498.001 - Impact: Direct Network Flood,8.674712907978694e-05,"{""c"": 0.5}"
exploration_bonus_c0.5,exploration_bonus_loo_fragility,1010,18,1575,3.8765981670003384,1575,180,20,True,T1571 - Defense Evasion: Non-Standard Port,7.741682315480592e-05,"{""c"": 0.5}"
exploration_bonus_c0.5,exploration_bonus_loo_fragility,1010,19,1665,4.11647875001654,1665,180,20,True,T1571 - Defense Evasion: Non-Standard Port,0.0001080548993376693,"{""c"": 0.5}"
exploration_bonus_c0.5,exploration_bonus_loo_fragility,1010,20,1755,3.778319457982434,1755,180,20,True,T1571 - Defense Evasion: Non-Standard Port,0.00010684003637333631,"{""c"": 0.5}"
exploration_bonus_c1.0,exploration_bonus_loo_fragility,1010,1,45,0.8811382910062093,45,45,20,False,T1571 - Defense Evasion: Non-Standard Port,0.0001359471568731001,"{""c"": 1.0}"
exploration_bonus_c1.0,exploration_bonus_loo_fragility,1010,2,135,1.1360869159980211,135,60,20,True,TA0011 - Command-and-Control,0.00011805575157170589,"{""c"": 1.0}"
exploration_bonus_c1.0,exploration_bonus_loo_fragility,1010,3,225,1.7324292080011219,225,92,20,True,T1571 - Defense Evasion: Non-Standard Port,0.0001402683659503603,"{""c"": 1.0}"
exploration_bonus_c1.0,exploration_bonus_loo_fragility,1010,4,315,2.5340611249848735,315,135,20,True,T1590 - Reconnaissance: Gather Victim Network Information,0.00014794726578718965,"{""c"": 1.0}"
exploration_bonus_c1.0,exploration_bonus_loo_fragility,1010,5,405,2.9016177080047783,405,154,20,True,T1590 - Reconnaissance: Gather Victim Network Information,0.00015857934326952026,"{""c"": 1.0}"
exploration_bonus_c1.0,exploration_bonus_loo_fragility,1010,6,495,3.1032711250009015,495,162,20,True,T1590 - Reconnaissance: Gather Victim Network Information,0.00010739831931875508,"{""c"": 1.0}"
exploration_bonus_c1.0,exploration_bonus_loo_fragility,1010,7,585,3.7700997499923687,585,166,20,True,T1498.001 - Impact: Direct Network Flood,0.00010833656978867802,"{""c"": 1.0}"
exploration_bonus_c1.0,exploration_bonus_loo_fragility,1010,8,675,3.6756698339886498,675,171,20,True,T1498.001 - Impact: Direct Network Flood,9.199257731268276e-05,"{""c"": 1.0}"
exploration_bonus_c1.0,exploration_bonus_loo_fragility,1010,9,765,3.44636241599801,765,171,20,True,T1498.001 - Impact: Direct Network Flood,0.00017592514998464255,"{""c"": 1.0}"
exploration_bonus_c1.0,exploration_bonus_loo_fragility,1010,10,855,3.3194804169761483,855,171,20,True,T1498.001 - Impact: Direct Network Flood,9.77967516695213e-05,"{""c"": 1.0}"
exploration_bonus_c1.0,exploration_bonus_loo_fragility,1010,11,945,3.3590285000100266,945,171,20,True,T1498.001 - Impact: Direct Network Flood,0.00012264776945410043,"{""c"": 1.0}"
exploration_bonus_c1.0,exploration_bonus_loo_fragility,1010,12,1035,3.359849917003885,1035,171,20,True,T1498.001 - Impact: Direct Network Flood,0.00011573929753527787,"{""c"": 1.0}"
exploration_bonus_c1.0,exploration_bonus_loo_fragility,1010,13,1125,3.426218874985352,1125,171,20,True,T1036 - Defense Evasion: Masquerading,6.420816347099711e-05,"{""c"": 1.0}"
exploration_bonus_c1.0,exploration_bonus_loo_fragility,1010,14,1215,3.3820587499940302,1215,171,20,True,TA0011 - Command-and-Control,7.26228506004092e-05,"{""c"": 1.0}"
exploration_bonus_c1.0,exploration_bonus_loo_fragility,1010,15,1305,3.3805385419982485,1305,171,20,True,T1583.005 - Resource Development: Acquire Botnet,8.52594463454647e-05,"{""c"": 1.0}"
exploration_bonus_c1.0,exploration_bonus_loo_fragility,1010,16,1395,3.7558811659982894,1395,171,20,True,T1595 - Reconnaissance: Active Scanning,5.714900394929999e-05,"{""c"": 1.0}"
exploration_bonus_c1.0,exploration_bonus_loo_fragility,1010,17,1485,3.650712167000165,1485,180,20,True,T1595 - Reconnaissance: Active Scanning,5.285423287024923e-05,"{""c"": 1.0}"
exploration_bonus_c1.0,exploration_bonus_loo_fragility,1010,18,1575,3.6504831250058487,1575,180,20,True,T1571 - Defense Evasion: Non-Standard Port,9.812046043521184e-05,"{""c"": 1.0}"
exploration_bonus_c1.0,exploration_bonus_loo_fragility,1010,19,1665,3.7370550829800777,1665,180,20,True,T1571 - Defense Evasion: Non-Standard Port,0.00010305134353428339,"{""c"": 1.0}"
exploration_bonus_c1.0,exploration_bonus_loo_fragility,1010,20,1755,3.837043374980567,1755,180,20,True,T1571 - Defense Evasion: Non-Standard Port,0.00011573736286871874,"{""c"": 1.0}"
