policy_name,base_policy_name,reveal_seed,recomputation_index,revealed_count_at_recomputation,runtime_seconds,total_loo_terms_available,total_loo_terms_used,max_loo_terms_per_step,loo_subsampled,top_fragile_step,top_fragility,policy_kwargs
stochastic_normalized_fragility,stochastic_normalized_loo_fragility,101,1,45,0.7665624999208376,45,45,20,False,TA0011 - Command-and-Control,0.0007860003213127,{}
stochastic_normalized_fragility,stochastic_normalized_loo_fragility,101,2,55,0.9827759580221028,55,55,20,False,T1584.005 - Resource Development: Build/Compromise Botnet,0.0007391769050307,{}
stochastic_normalized_fragility,stochastic_normalized_loo_fragility,101,3,65,1.2185482080094516,65,65,20,False,T1498.002 - Impact: Reflection/Amplification Attack,0.0002949811796611,{}
stochastic_normalized_fragility,stochastic_normalized_loo_fragility,101,4,75,1.3864495418965816,75,75,20,False,T1498.002 - Impact: Reflection/Amplification Attack,0.000260216675378,{}
stochastic_normalized_fragility,stochastic_normalized_loo_fragility,101,5,85,1.6200913750799373,85,85,20,False,T1583.005 - Resource Development: Acquire Botnet,0.000343800744632,{}
stochastic_normalized_fragility,stochastic_normalized_loo_fragility,101,6,95,1.6694469589274377,95,95,20,False,T1583.005 - Resource Development: Acquire Botnet,0.0003944698834762,{}
stochastic_normalized_fragility,stochastic_normalized_loo_fragility,101,7,105,1.881145208957605,105,105,20,False,T1583.005 - Resource Development: Acquire Botnet,0.000300933263746,{}
stochastic_normalized_fragility,stochastic_normalized_loo_fragility,101,8,115,2.1760606250027195,115,115,20,False,T1583.005 - Resource Development: Acquire Botnet,0.0002892238508719,{}
stochastic_normalized_fragility,stochastic_normalized_loo_fragility,101,9,125,2.501323291915469,125,125,20,False,T1583.005 - Resource Development: Acquire Botnet,0.0002260979210059,{}
stochastic_normalized_fragility,stochastic_normalized_loo_fragility,101,10,135,2.397614917019382,135,135,20,False,T1036 - Defense Evasion: Masquerading,0.0001976772285666,{}
stochastic_normalized_fragility,stochastic_normalized_loo_fragility,101,11,145,2.8342988749500364,145,144,20,True,T1036 - Defense Evasion: Masquerading,0.0002203402015675,{}
stochastic_normalized_fragility,stochastic_normalized_loo_fragility,101,12,155,2.8911841670051217,155,153,20,True,T1590 - Reconnaissance: Gather Victim Network Information,0.0002567106084294,{}
stochastic_normalized_fragility,stochastic_normalized_loo_fragility,101,13,165,3.215573292109184,165,159,20,True,T1036 - Defense Evasion: Masquerading,0.0001978538618938,{}
stochastic_normalized_fragility,stochastic_normalized_loo_fragility,101,14,175,4.268929542042315,175,164,20,True,TA0011 - Command-and-Control,0.0002773578697147,{}
stochastic_normalized_fragility,stochastic_normalized_loo_fragility,101,15,185,3.292205541045405,185,165,20,True,T1590 - Reconnaissance: Gather Victim Network Information,0.0002537226674942,{}
stochastic_normalized_fragility,stochastic_normalized_loo_fragility,101,16,195,3.3120405409717932,195,170,20,True,T1036 - Defense Evasion: Masquerading,0.0001730828444036,{}
stochastic_normalized_fragility,stochastic_normalized_loo_fragility,101,17,205,3.267930957954377,205,176,20,True,TA0011 - Command-and-Control,0.0002752043982355,{}
stochastic_normalized_fragility,stochastic_normalized_loo_fragility,101,18,215,3.680694750044495,215,179,20,True,TA0011 - Command-and-Control,0.0002220244371721,{}
stochastic_normalized_fragility,stochastic_normalized_loo_fragility,101,19,225,3.507350958068855,225,180,20,True,TA0011 - Command-and-Control,0.0004348190831359,{}
stochastic_normalized_fragility,stochastic_normalized_loo_fragility,101,20,235,3.6105407919967543,235,180,20,True,T1036 - Defense Evasion: Masquerading,0.000514607263898,{}
stochastic_normalized_fragility,stochastic_normalized_loo_fragility,101,21,245,3.8142732499400154,245,180,20,True,TA0011 - Command-and-Control,0.0003109855101229,{}
stochastic_normalized_fragility,stochastic_normalized_loo_fragility,101,22,255,4.1087260839995,255,180,20,True,T1571 - Defense Evasion: Non-Standard Port,0.0002986918823155,{}
stochastic_normalized_fragility,stochastic_normalized_loo_fragility,101,23,265,4.33535062498413,265,180,20,True,T1036 - Defense Evasion: Masquerading,0.00037754813949,{}
stochastic_normalized_fragility,stochastic_normalized_loo_fragility,101,24,275,3.9722133750328794,275,180,20,True,T1571 - Defense Evasion: Non-Standard Port,0.0003683784645704,{}
stochastic_normalized_fragility,stochastic_normalized_loo_fragility,101,25,285,3.7143910829909146,285,180,20,True,T1036 - Defense Evasion: Masquerading,0.0004852752300185,{}
stochastic_normalized_fragility,stochastic_normalized_loo_fragility,101,26,295,4.282510625082068,295,180,20,True,T1036 - Defense Evasion: Masquerading,0.0004140454995258,{}
stochastic_normalized_fragility,stochastic_normalized_loo_fragility,101,27,305,4.095028833951801,305,180,20,True,T1590 - Reconnaissance: Gather Victim Network Information,0.0002933257225194,{}
stochastic_normalized_fragility,stochastic_normalized_loo_fragility,101,28,315,3.9150975421071057,315,180,20,True,T1590 - Reconnaissance: Gather Victim Network Information,0.0003943189330555,{}
stochastic_normalized_fragility,stochastic_normalized_loo_fragility,101,29,325,3.8895646660821512,325,180,20,True,T1583.005 - Resource Development: Acquire Botnet,0.0001829464432889,{}
stochastic_normalized_fragility,stochastic_normalized_loo_fragility,101,30,335,4.218184333993122,335,180,20,True,T1036 - Defense Evasion: Masquerading,0.000192449816372,{}
stochastic_normalized_fragility,stochastic_normalized_loo_fragility,101,31,345,4.566098541021347,345,180,20,True,T1583.005 - Resource Development: Acquire Botnet,0.0001783426759958,{}
stochastic_normalized_fragility,stochastic_normalized_loo_fragility,101,32,355,4.210620249970816,355,180,20,True,T1036 - Defense Evasion: Masquerading,0.0001727804446299,{}
stochastic_normalized_fragility,stochastic_normalized_loo_fragility,101,33,365,4.459987374953926,365,180,20,True,T1583.005 - Resource Development: Acquire Botnet,0.0002043961257307,{}
stochastic_normalized_fragility,stochastic_normalized_loo_fragility,101,34,375,4.369360083015636,375,180,20,True,T1036 - Defense Evasion: Masquerading,0.0002026325447923,{}
stochastic_normalized_fragility,stochastic_normalized_loo_fragility,101,35,385,4.627925083041191,385,180,20,True,T1583.005 - Resource Development: Acquire Botnet,0.0002516229767109,{}
stochastic_normalized_fragility,stochastic_normalized_loo_fragility,101,36,395,4.181960084009916,395,180,20,True,TA0011 - Command-and-Control,0.0002540135308984,{}
stochastic_normalized_fragility,stochastic_normalized_loo_fragility,101,37,405,4.554454208933748,405,180,20,True,T1036 - Defense Evasion: Masquerading,0.0003061028971763,{}
stochastic_normalized_fragility,stochastic_normalized_loo_fragility,101,38,415,4.409030459006317,415,180,20,True,T1036 - Defense Evasion: Masquerading,0.0003812583075156,{}
stochastic_normalized_fragility,stochastic_normalized_loo_fragility,101,39,425,4.8824179579969496,425,180,20,True,T1595 - Reconnaissance: Active Scanning,0.0002814372769441,{}
stochastic_normalized_fragility,stochastic_normalized_loo_fragility,101,40,435,4.3263390000211075,435,180,20,True,T1590 - Reconnaissance: Gather Victim Network Information,0.0003000770097626,{}
stochastic_normalized_fragility,stochastic_normalized_loo_fragility,101,41,445,4.578534999978729,445,180,20,True,T1498.001 - Impact: Direct Network Flood,0.0002191035583707,{}
stochastic_normalized_fragility,stochastic_normalized_loo_fragility,101,42,455,4.636520124971867,455,180,20,True,T1498.001 - Impact: Direct Network Flood,0.0001964520291108,{}
stochastic_normalized_fragility,stochastic_normalized_loo_fragility,101,43,465,4.863463208079338,465,180,20,True,T1498.002 - Impact: Reflection/Amplification Attack,0.000260761401848,{}
stochastic_normalized_fragility,stochastic_normalized_loo_fragility,101,44,475,5.160015792003833,475,180,20,True,T1498.002 - Impact: Reflection/Amplification Attack,0.0002762257213143,{}
stochastic_normalized_fragility,stochastic_normalized_loo_fragility,101,45,485,4.722254874999635,485,180,20,True,T1583.005 - Resource Development: Acquire Botnet,0.0003258709047273,{}
stochastic_normalized_fragility,stochastic_normalized_loo_fragility,101,46,495,4.755044709076174,495,180,20,True,T1590 - Reconnaissance: Gather Victim Network Information,0.0002803451653382,{}
stochastic_normalized_fragility,stochastic_normalized_loo_fragility,101,47,505,5.15405691601336,505,180,20,True,T1583.005 - Resource Development: Acquire Botnet,0.0002210696133894,{}
stochastic_normalized_fragility,stochastic_normalized_loo_fragility,101,48,515,4.7424277500249445,515,180,20,True,T1583.005 - Resource Development: Acquire Botnet,0.0002453324766333,{}
stochastic_normalized_fragility,stochastic_normalized_loo_fragility,101,49,525,4.685520041035488,525,180,20,True,T1583.005 - Resource Development: Acquire Botnet,0.0002882078877275,{}
stochastic_normalized_fragility,stochastic_normalized_loo_fragility,101,50,535,4.560590249951929,535,180,20,True,T1036 - Defense Evasion: Masquerading,0.0002622924129866,{}
stochastic_normalized_fragility,stochastic_normalized_loo_fragility,101,51,545,4.673722334089689,545,180,20,True,T1036 - Defense Evasion: Masquerading,0.0002195023734046,{}
stochastic_normalized_fragility,stochastic_normalized_loo_fragility,101,52,555,4.565761290956289,555,180,20,True,T1036 - Defense Evasion: Masquerading,0.0001820824722264,{}
stochastic_normalized_fragility,stochastic_normalized_loo_fragility,101,53,565,4.691664041951299,565,180,20,True,T1583.005 - Resource Development: Acquire Botnet,0.00025804889757,{}
stochastic_normalized_fragility,stochastic_normalized_loo_fragility,101,54,575,5.371430416009389,575,180,20,True,T1583.005 - Resource Development: Acquire Botnet,0.0002485827090758,{}
stochastic_normalized_fragility,stochastic_normalized_loo_fragility,101,55,585,4.736121500027366,585,180,20,True,T1036 - Defense Evasion: Masquerading,0.0003733329304631,{}
stochastic_normalized_fragility,stochastic_normalized_loo_fragility,101,56,595,4.695168667007238,595,180,20,True,T1583.005 - Resource Development: Acquire Botnet,0.0002222455059834,{}
stochastic_normalized_fragility,stochastic_normalized_loo_fragility,101,57,605,4.76697899994906,605,180,20,True,T1498.002 - Impact: Reflection/Amplification Attack,0.0001891696706441,{}
stochastic_normalized_fragility,stochastic_normalized_loo_fragility,101,58,615,4.6044510420178995,615,180,20,True,T1036 - Defense Evasion: Masquerading,0.0002049621738201,{}
stochastic_normalized_fragility,stochastic_normalized_loo_fragility,101,59,625,4.7290025419788435,625,180,20,True,T1583.005 - Resource Development: Acquire Botnet,0.0003001839561036,{}
stochastic_normalized_fragility,stochastic_normalized_loo_fragility,101,60,635,4.841909249895252,635,180,20,True,T1583.005 - Resource Development: Acquire Botnet,0.0002700389880588,{}
stochastic_normalized_fragility,stochastic_normalized_loo_fragility,101,61,645,5.162687000003643,645,180,20,True,T1583.005 - Resource Development: Acquire Botnet,0.0003708600604081,{}
stochastic_normalized_fragility,stochastic_normalized_loo_fragility,101,62,655,4.925813667010516,655,180,20,True,T1498.002 - Impact: Reflection/Amplification Attack,0.0004400967338311,{}
stochastic_normalized_fragility,stochastic_normalized_loo_fragility,101,63,665,5.110342375002801,665,180,20,True,T1590 - Reconnaissance: Gather Victim Network Information,0.000501867211096,{}
stochastic_normalized_fragility,stochastic_normalized_loo_fragility,101,64,675,4.8173479590332136,675,180,20,True,T1590 - Reconnaissance: Gather Victim Network Information,0.000425933797978,{}
stochastic_normalized_fragility,stochastic_normalized_loo_fragility,101,65,685,4.927478582947515,685,180,20,True,T1036 - Defense Evasion: Masquerading,0.000458349307069,{}
stochastic_normalized_fragility,stochastic_normalized_loo_fragility,101,66,695,4.845512375002727,695,180,20,True,T1036 - Defense Evasion: Masquerading,0.0003024883462725,{}
stochastic_normalized_fragility,stochastic_normalized_loo_fragility,101,67,705,5.110809625010006,705,180,20,True,T1036 - Defense Evasion: Masquerading,0.0003159427187638,{}
stochastic_normalized_fragility,stochastic_normalized_loo_fragility,101,68,715,5.650311375036836,715,180,20,True,T1036 - Defense Evasion: Masquerading,0.0003577172156707,{}
stochastic_normalized_fragility,stochastic_normalized_loo_fragility,101,69,725,4.619624208076857,725,180,20,True,T1036 - Defense Evasion: Masquerading,0.0003364103080318,{}
stochastic_normalized_fragility,stochastic_normalized_loo_fragility,101,70,735,4.6776743329828605,735,180,20,True,T1036 - Defense Evasion: Masquerading,0.0002157430918574,{}
stochastic_normalized_fragility,stochastic_normalized_loo_fragility,101,71,745,4.5856440840289,745,180,20,True,T1036 - Defense Evasion: Masquerading,0.0002382378223452,{}
stochastic_normalized_fragility,stochastic_normalized_loo_fragility,101,72,755,5.282120582996868,755,180,20,True,T1036 - Defense Evasion: Masquerading,0.0002648484306675,{}
stochastic_normalized_fragility,stochastic_normalized_loo_fragility,101,73,765,5.072939167032018,765,180,20,True,T1036 - Defense Evasion: Masquerading,0.0002569126759528,{}
stochastic_normalized_fragility,stochastic_normalized_loo_fragility,101,74,775,4.811861083959229,775,180,20,True,T1036 - Defense Evasion: Masquerading,0.000250565530098,{}
stochastic_normalized_fragility,stochastic_normalized_loo_fragility,101,75,785,5.6768186669796705,785,180,20,True,T1583.005 - Resource Development: Acquire Botnet,0.0003452952694532,{}
stochastic_normalized_fragility,stochastic_normalized_loo_fragility,101,76,795,5.080892874975689,795,180,20,True,T1583.005 - Resource Development: Acquire Botnet,0.0003692788040134,{}
stochastic_normalized_fragility,stochastic_normalized_loo_fragility,101,77,805,5.281363417045213,805,180,20,True,T1595 - Reconnaissance: Active Scanning,0.0003271614828825,{}
stochastic_normalized_fragility,stochastic_normalized_loo_fragility,101,78,815,4.832239459035918,815,180,20,True,T1595 - Reconnaissance: Active Scanning,0.0002764551420955,{}
stochastic_normalized_fragility,stochastic_normalized_loo_fragility,101,79,825,5.083974957931787,825,180,20,True,TA0011 - Command-and-Control,0.0002692261842643,{}
stochastic_normalized_fragility,stochastic_normalized_loo_fragility,101,80,835,5.181368999998085,835,180,20,True,T1590 - Reconnaissance: Gather Victim Network Information,0.0003326059884384,{}
stochastic_normalized_fragility,stochastic_normalized_loo_fragility,101,81,845,5.6289759170031175,845,180,20,True,T1590 - Reconnaissance: Gather Victim Network Information,0.0003412317809949,{}
stochastic_normalized_fragility,stochastic_normalized_loo_fragility,101,82,855,4.941303584026173,855,180,20,True,T1595 - Reconnaissance: Active Scanning,0.0003709262778211,{}
stochastic_normalized_fragility,stochastic_normalized_loo_fragility,101,83,865,5.21188529196661,865,180,20,True,T1036 - Defense Evasion: Masquerading,0.0002275881857647,{}
stochastic_normalized_fragility,stochastic_normalized_loo_fragility,101,84,875,5.584373458055779,875,180,20,True,T1036 - Defense Evasion: Masquerading,0.0003325046432361,{}
stochastic_normalized_fragility,stochastic_normalized_loo_fragility,101,85,885,5.377865624963306,885,180,20,True,T1036 - Defense Evasion: Masquerading,0.000471966856799,{}
stochastic_normalized_fragility,stochastic_normalized_loo_fragility,101,86,895,5.696698250016198,895,180,20,True,T1036 - Defense Evasion: Masquerading,0.0003991786348035,{}
stochastic_normalized_fragility,stochastic_normalized_loo_fragility,101,87,905,5.458199208951555,905,180,20,True,T1036 - Defense Evasion: Masquerading,0.0005347244351872,{}
stochastic_normalized_fragility,stochastic_normalized_loo_fragility,101,88,915,5.7951189579907805,915,180,20,True,T1583.005 - Resource Development: Acquire Botnet,0.0002384598859529,{}
stochastic_normalized_fragility,stochastic_normalized_loo_fragility,101,89,925,5.1666118749417365,925,180,20,True,T1036 - Defense Evasion: Masquerading,0.0002150818776993,{}
stochastic_normalized_fragility,stochastic_normalized_loo_fragility,101,90,935,5.366257500019856,935,180,20,True,T1583.005 - Resource Development: Acquire Botnet,0.00016525985278,{}
stochastic_normalized_fragility,stochastic_normalized_loo_fragility,101,91,945,5.057925792061724,945,180,20,True,T1583.005 - Resource Development: Acquire Botnet,0.0001615644559937,{}
stochastic_normalized_fragility,stochastic_normalized_loo_fragility,101,92,955,5.436574208899401,955,180,20,True,T1595 - Reconnaissance: Active Scanning,0.000229518231519,{}
stochastic_normalized_fragility,stochastic_normalized_loo_fragility,101,93,965,5.401522291940637,965,180,20,True,T1583.005 - Resource Development: Acquire Botnet,0.0002080119217458,{}
stochastic_normalized_fragility,stochastic_normalized_loo_fragility,101,94,975,5.147291041095741,975,180,20,True,T1036 - Defense Evasion: Masquerading,0.0002056519726762,{}
stochastic_normalized_fragility,stochastic_normalized_loo_fragility,101,95,985,5.885351124918088,985,180,20,True,T1583.005 - Resource Development: Acquire Botnet,0.0002541014256417,{}
stochastic_normalized_fragility,stochastic_normalized_loo_fragility,101,96,995,5.341787250014022,995,180,20,True,TA0011 - Command-and-Control,0.0002633778755387,{}
stochastic_normalized_fragility,stochastic_normalized_loo_fragility,101,97,1005,5.3532537911087275,1005,180,20,True,T1583.005 - Resource Development: Acquire Botnet,0.0002714089585342,{}
stochastic_normalized_fragility,stochastic_normalized_loo_fragility,101,98,1015,5.246318625053391,1015,180,20,True,T1036 - Defense Evasion: Masquerading,0.0003616152101565,{}
stochastic_normalized_fragility,stochastic_normalized_loo_fragility,101,99,1025,5.548073209007271,1025,180,20,True,T1036 - Defense Evasion: Masquerading,0.0003815579146819,{}
stochastic_normalized_fragility,stochastic_normalized_loo_fragility,101,100,1035,6.289958624984138,1035,180,20,True,T1595 - Reconnaissance: Active Scanning,0.0006323706788725,{}
stochastic_normalized_fragility,stochastic_normalized_loo_fragility,101,101,1045,5.982621457893401,1045,180,20,True,T1595 - Reconnaissance: Active Scanning,0.0005708145903084,{}
stochastic_normalized_fragility,stochastic_normalized_loo_fragility,101,102,1055,6.093212833977304,1055,180,20,True,T1590 - Reconnaissance: Gather Victim Network Information,0.0003462142302947,{}
stochastic_normalized_fragility,stochastic_normalized_loo_fragility,101,103,1065,5.798834624933079,1065,180,20,True,T1583.005 - Resource Development: Acquire Botnet,0.0001940549753132,{}
stochastic_normalized_fragility,stochastic_normalized_loo_fragility,101,104,1075,5.670686334022321,1075,180,20,True,T1584.005 - Resource Development: Build/Compromise Botnet,0.000222527915911,{}
stochastic_normalized_fragility,stochastic_normalized_loo_fragility,101,105,1085,5.819806999992579,1085,180,20,True,T1584.005 - Resource Development: Build/Compromise Botnet,0.0002889151340578,{}
stochastic_normalized_fragility,stochastic_normalized_loo_fragility,101,106,1095,5.890333041897975,1095,180,20,True,T1595 - Reconnaissance: Active Scanning,0.0002079815701597,{}
stochastic_normalized_fragility,stochastic_normalized_loo_fragility,101,107,1105,5.92258579202462,1105,180,20,True,T1036 - Defense Evasion: Masquerading,0.0002815506376727,{}
stochastic_normalized_fragility,stochastic_normalized_loo_fragility,101,108,1115,6.490629417006858,1115,180,20,True,T1036 - Defense Evasion: Masquerading,0.0002788954099965,{}
stochastic_normalized_fragility,stochastic_normalized_loo_fragility,101,109,1125,6.251832541893236,1125,180,20,True,T1498.002 - Impact: Reflection/Amplification Attack,0.0001918641297285,{}
stochastic_normalized_fragility,stochastic_normalized_loo_fragility,101,110,1135,6.433538582990877,1135,180,20,True,T1498.002 - Impact: Reflection/Amplification Attack,0.0002183620878607,{}
stochastic_normalized_fragility,stochastic_normalized_loo_fragility,101,111,1145,6.287603041972034,1145,180,20,True,T1583.005 - Resource Development: Acquire Botnet,0.0002322874431487,{}
stochastic_normalized_fragility,stochastic_normalized_loo_fragility,101,112,1155,6.0448457499733195,1155,180,20,True,T1036 - Defense Evasion: Masquerading,0.0002647193836057,{}
stochastic_normalized_fragility,stochastic_normalized_loo_fragility,101,113,1165,6.460223459056579,1165,180,20,True,T1036 - Defense Evasion: Masquerading,0.0003327023386559,{}
stochastic_normalized_fragility,stochastic_normalized_loo_fragility,101,114,1175,6.510096250101924,1175,180,20,True,T1036 - Defense Evasion: Masquerading,0.0002874834946446,{}
stochastic_normalized_fragility,stochastic_normalized_loo_fragility,101,115,1185,7.42361316701863,1185,180,20,True,T1036 - Defense Evasion: Masquerading,0.0003654271942063,{}
stochastic_normalized_fragility,stochastic_normalized_loo_fragility,101,116,1195,6.3671986249974,1195,180,20,True,T1036 - Defense Evasion: Masquerading,0.0003359588196934,{}
stochastic_normalized_fragility,stochastic_normalized_loo_fragility,101,117,1205,6.232278499985114,1205,180,20,True,T1036 - Defense Evasion: Masquerading,0.0004454980619266,{}
stochastic_normalized_fragility,stochastic_normalized_loo_fragility,101,118,1215,7.904876457992941,1215,180,20,True,T1036 - Defense Evasion: Masquerading,0.0002175608258905,{}
stochastic_normalized_fragility,stochastic_normalized_loo_fragility,101,119,1225,6.3312051249668,1225,180,20,True,T1590 - Reconnaissance: Gather Victim Network Information,0.0005476370691546,{}
stochastic_normalized_fragility,stochastic_normalized_loo_fragility,101,120,1235,7.147010499960743,1235,180,20,True,T1590 - Reconnaissance: Gather Victim Network Information,0.0007166002431466,{}
stochastic_normalized_fragility,stochastic_normalized_loo_fragility,101,121,1245,6.453921791980974,1245,180,20,True,T1583.005 - Resource Development: Acquire Botnet,0.0004624699701156,{}
stochastic_normalized_fragility,stochastic_normalized_loo_fragility,101,122,1255,6.594382583047263,1255,180,20,True,T1498.001 - Impact: Direct Network Flood,0.0002821171501639,{}
stochastic_normalized_fragility,stochastic_normalized_loo_fragility,101,123,1265,6.551849417039193,1265,180,20,True,T1583.005 - Resource Development: Acquire Botnet,0.0002589178843168,{}
stochastic_normalized_fragility,stochastic_normalized_loo_fragility,101,124,1275,6.851592208025977,1275,180,20,True,T1036 - Defense Evasion: Masquerading,0.0002563156668012,{}
stochastic_normalized_fragility,stochastic_normalized_loo_fragility,101,125,1285,7.549190292018466,1285,180,20,True,T1036 - Defense Evasion: Masquerading,0.0002374040412392,{}
stochastic_normalized_fragility,stochastic_normalized_loo_fragility,101,126,1295,6.705004082992673,1295,180,20,True,T1583.005 - Resource Development: Acquire Botnet,0.0002242864760986,{}
stochastic_normalized_fragility,stochastic_normalized_loo_fragility,101,127,1305,6.618435042095371,1305,180,20,True,T1498.001 - Impact: Direct Network Flood,0.0001925196996441,{}
stochastic_normalized_fragility,stochastic_normalized_loo_fragility,101,128,1315,7.0164653330575675,1315,180,20,True,T1036 - Defense Evasion: Masquerading,0.0002533895754117,{}
stochastic_normalized_fragility,stochastic_normalized_loo_fragility,101,129,1325,7.029308500001207,1325,180,20,True,T1590 - Reconnaissance: Gather Victim Network Information,0.0002727346478936,{}
stochastic_normalized_fragility,stochastic_normalized_loo_fragility,101,130,1335,7.323517041048035,1335,180,20,True,T1036 - Defense Evasion: Masquerading,0.000201433571191,{}
stochastic_normalized_fragility,stochastic_normalized_loo_fragility,101,131,1345,7.31069416704122,1345,180,20,True,T1036 - Defense Evasion: Masquerading,0.0001864670843965,{}
stochastic_normalized_fragility,stochastic_normalized_loo_fragility,101,132,1355,6.909197916975245,1355,180,20,True,T1584.005 - Resource Development: Build/Compromise Botnet,0.0002134751360873,{}
stochastic_normalized_fragility,stochastic_normalized_loo_fragility,101,133,1365,7.401992667000741,1365,180,20,True,T1036 - Defense Evasion: Masquerading,0.0002167086041595,{}
stochastic_normalized_fragility,stochastic_normalized_loo_fragility,101,134,1375,7.220913792029023,1375,180,20,True,T1583.005 - Resource Development: Acquire Botnet,0.0002436590775938,{}
stochastic_normalized_fragility,stochastic_normalized_loo_fragility,101,135,1385,7.7469510830705985,1385,180,20,True,T1583.005 - Resource Development: Acquire Botnet,0.0002320116690055,{}
stochastic_normalized_fragility,stochastic_normalized_loo_fragility,101,136,1395,8.45952179201413,1395,180,20,True,T1583.005 - Resource Development: Acquire Botnet,0.0002488691288238,{}
stochastic_normalized_fragility,stochastic_normalized_loo_fragility,101,137,1405,7.706374375033192,1405,180,20,True,T1584.005 - Resource Development: Build/Compromise Botnet,0.000371690883465,{}
stochastic_normalized_fragility,stochastic_normalized_loo_fragility,101,138,1415,7.261283125029877,1415,180,20,True,T1583.005 - Resource Development: Acquire Botnet,0.00033474008145,{}
stochastic_normalized_fragility,stochastic_normalized_loo_fragility,101,139,1425,7.304996083024889,1425,180,20,True,T1583.005 - Resource Development: Acquire Botnet,0.000287408668406,{}
stochastic_normalized_fragility,stochastic_normalized_loo_fragility,101,140,1435,8.40119337500073,1435,180,20,True,T1036 - Defense Evasion: Masquerading,0.0004254152184159,{}
stochastic_normalized_fragility,stochastic_normalized_loo_fragility,101,141,1445,7.316112792002968,1445,180,20,True,T1036 - Defense Evasion: Masquerading,0.0003659130189202,{}
stochastic_normalized_fragility,stochastic_normalized_loo_fragility,101,142,1455,7.682171207969077,1455,180,20,True,T1036 - Defense Evasion: Masquerading,0.0003508213526145,{}
stochastic_normalized_fragility,stochastic_normalized_loo_fragility,101,143,1465,10.78802287497092,1465,180,20,True,T1583.005 - Resource Development: Acquire Botnet,0.0003261421396263,{}
stochastic_normalized_fragility,stochastic_normalized_loo_fragility,101,144,1475,8.814860292011872,1475,180,20,True,T1036 - Defense Evasion: Masquerading,0.000264284307663,{}
stochastic_normalized_fragility,stochastic_normalized_loo_fragility,101,145,1485,7.823690042016096,1485,180,20,True,T1036 - Defense Evasion: Masquerading,0.0002375900123616,{}
stochastic_normalized_fragility,stochastic_normalized_loo_fragility,101,146,1495,7.520619833958335,1495,180,20,True,T1036 - Defense Evasion: Masquerading,0.0002532092359248,{}
stochastic_normalized_fragility,stochastic_normalized_loo_fragility,101,147,1505,7.9223831669660285,1505,180,20,True,TA0011 - Command-and-Control,0.0002469508728604,{}
stochastic_normalized_fragility,stochastic_normalized_loo_fragility,101,148,1515,7.453680916922167,1515,180,20,True,T1498.001 - Impact: Direct Network Flood,0.0003194304982518,{}
stochastic_normalized_fragility,stochastic_normalized_loo_fragility,101,149,1525,8.154326000018045,1525,180,20,True,T1036 - Defense Evasion: Masquerading,0.000217384943907,{}
stochastic_normalized_fragility,stochastic_normalized_loo_fragility,101,150,1535,7.750690916902386,1535,180,20,True,T1583.005 - Resource Development: Acquire Botnet,0.000235860579865,{}
stochastic_normalized_fragility,stochastic_normalized_loo_fragility,101,151,1545,8.13878687506076,1545,180,20,True,T1583.005 - Resource Development: Acquire Botnet,0.0002627513782121,{}
stochastic_normalized_fragility,stochastic_normalized_loo_fragility,101,152,1555,7.564860290964134,1555,180,20,True,T1036 - Defense Evasion: Masquerading,0.0002004041338213,{}
stochastic_normalized_fragility,stochastic_normalized_loo_fragility,101,153,1565,7.60706129099708,1565,180,20,True,T1583.005 - Resource Development: Acquire Botnet,0.0002110332158884,{}
stochastic_normalized_fragility,stochastic_normalized_loo_fragility,101,154,1575,8.097978707985021,1575,180,20,True,T1583.005 - Resource Development: Acquire Botnet,0.000239770468232,{}
stochastic_normalized_fragility,stochastic_normalized_loo_fragility,101,155,1585,7.535653125029057,1585,180,20,True,T1036 - Defense Evasion: Masquerading,0.000206938355745,{}
stochastic_normalized_fragility,stochastic_normalized_loo_fragility,101,156,1595,7.451447624946013,1595,180,20,True,T1036 - Defense Evasion: Masquerading,0.0002286426253309,{}
stochastic_normalized_fragility,stochastic_normalized_loo_fragility,101,157,1605,7.544126625056379,1605,180,20,True,T1590 - Reconnaissance: Gather Victim Network Information,0.0003279209350583,{}
stochastic_normalized_fragility,stochastic_normalized_loo_fragility,101,158,1615,7.820292290998623,1615,180,20,True,T1583.005 - Resource Development: Acquire Botnet,0.0002880167666026,{}
stochastic_normalized_fragility,stochastic_normalized_loo_fragility,101,159,1625,7.930885917041451,1625,180,20,True,T1583.005 - Resource Development: Acquire Botnet,0.0003631212106463,{}
stochastic_normalized_fragility,stochastic_normalized_loo_fragility,101,160,1635,7.803413667017594,1635,180,20,True,T1583.005 - Resource Development: Acquire Botnet,0.0003130439997828,{}
stochastic_normalized_fragility,stochastic_normalized_loo_fragility,101,161,1645,8.076994957984425,1645,180,20,True,TA0011 - Command-and-Control,0.0003833867440115,{}
stochastic_normalized_fragility,stochastic_normalized_loo_fragility,101,162,1655,8.102103792014532,1655,180,20,True,T1583.005 - Resource Development: Acquire Botnet,0.0001936446476594,{}
stochastic_normalized_fragility,stochastic_normalized_loo_fragility,101,163,1665,8.686812500003725,1665,180,20,True,T1036 - Defense Evasion: Masquerading,0.000174572898554,{}
stochastic_normalized_fragility,stochastic_normalized_loo_fragility,101,164,1675,7.83754391700495,1675,180,20,True,T1583.005 - Resource Development: Acquire Botnet,0.000225571831709,{}
stochastic_normalized_fragility,stochastic_normalized_loo_fragility,101,165,1685,7.1762005829950795,1685,180,20,True,T1036 - Defense Evasion: Masquerading,0.0002085954712425,{}
stochastic_normalized_fragility,stochastic_normalized_loo_fragility,101,166,1695,8.126310375053436,1695,180,20,True,T1036 - Defense Evasion: Masquerading,0.000189577081835,{}
stochastic_normalized_fragility,stochastic_normalized_loo_fragility,101,167,1705,8.41786845808383,1705,180,20,True,T1583.005 - Resource Development: Acquire Botnet,0.0002030873564662,{}
stochastic_normalized_fragility,stochastic_normalized_loo_fragility,101,168,1715,8.25351441593375,1715,180,20,True,T1036 - Defense Evasion: Masquerading,0.0002218744010084,{}
stochastic_normalized_fragility,stochastic_normalized_loo_fragility,101,169,1725,8.29886712494772,1725,180,20,True,TA0011 - Command-and-Control,0.0003012074128338,{}
stochastic_normalized_fragility,stochastic_normalized_loo_fragility,101,170,1735,7.632567833992653,1735,180,20,True,TA0011 - Command-and-Control,0.0003349516233619,{}
stochastic_normalized_fragility,stochastic_normalized_loo_fragility,101,171,1745,7.996018582955003,1745,180,20,True,T1036 - Defense Evasion: Masquerading,0.0004668939946416,{}
stochastic_normalized_fragility,stochastic_normalized_loo_fragility,101,172,1755,8.724890375044197,1755,180,20,True,T1498.002 - Impact: Reflection/Amplification Attack,0.0003818214838086,{}
stochastic_normalized_fragility,stochastic_normalized_loo_fragility,101,173,1765,8.640453416970558,1765,180,20,True,T1036 - Defense Evasion: Masquerading,0.000316462562802,{}
stochastic_normalized_fragility,stochastic_normalized_loo_fragility,101,174,1775,8.62736687506549,1775,180,20,True,TA0011 - Command-and-Control,0.000298886455135,{}
stochastic_normalized_fragility,stochastic_normalized_loo_fragility,101,175,1785,8.286549667012878,1785,180,20,True,TA0011 - Command-and-Control,0.0003231606114114,{}
stochastic_normalized_fragility,stochastic_normalized_loo_fragility,101,176,1795,8.597291374928318,1795,180,20,True,TA0011 - Command-and-Control,0.0003296399790107,{}
stochastic_normalized_fragility,stochastic_normalized_loo_fragility,202,1,45,0.7798029170371592,45,45,20,False,T1584.005 - Resource Development: Build/Compromise Botnet,0.0006782918288414,{}
stochastic_normalized_fragility,stochastic_normalized_loo_fragility,202,2,55,0.9629272089805454,55,55,20,False,T1584.005 - Resource Development: Build/Compromise Botnet,0.0004977713670243,{}
stochastic_normalized_fragility,stochastic_normalized_loo_fragility,202,3,65,1.151508625014685,65,65,20,False,T1590 - Reconnaissance: Gather Victim Network Information,0.0002811578534638,{}
stochastic_normalized_fragility,stochastic_normalized_loo_fragility,202,4,75,1.2301040419843048,75,75,20,False,T1036 - Defense Evasion: Masquerading,0.000241958729955,{}
stochastic_normalized_fragility,stochastic_normalized_loo_fragility,202,5,85,1.3920165830058977,85,85,20,False,T1583.005 - Resource Development: Acquire Botnet,0.00028093724388,{}
stochastic_normalized_fragility,stochastic_normalized_loo_fragility,202,6,95,1.5237881250213832,95,95,20,False,T1583.005 - Resource Development: Acquire Botnet,0.0002866188875194,{}
stochastic_normalized_fragility,stochastic_normalized_loo_fragility,202,7,105,1.8382261670194568,105,105,20,False,T1583.005 - Resource Development: Acquire Botnet,0.0002990435844243,{}
stochastic_normalized_fragility,stochastic_normalized_loo_fragility,202,8,115,2.1660170000977814,115,115,20,False,T1583.005 - Resource Development: Acquire Botnet,0.0002528848929513,{}
stochastic_normalized_fragility,stochastic_normalized_loo_fragility,202,9,125,2.2808004579273984,125,125,20,False,T1595 - Reconnaissance: Active Scanning,0.0002280587694646,{}
stochastic_normalized_fragility,stochastic_normalized_loo_fragility,202,10,135,2.424737249966711,135,135,20,False,T1583.005 - Resource Development: Acquire Botnet,0.0002561074701189,{}
stochastic_normalized_fragility,stochastic_normalized_loo_fragility,202,11,145,2.5918023749254644,145,142,20,True,T1583.005 - Resource Development: Acquire Botnet,0.0002614508214752,{}
stochastic_normalized_fragility,stochastic_normalized_loo_fragility,202,12,155,2.6481454588938504,155,147,20,True,T1583.005 - Resource Development: Acquire Botnet,0.0001576338094078,{}
stochastic_normalized_fragility,stochastic_normalized_loo_fragility,202,13,165,2.6638913749484345,165,155,20,True,T1583.005 - Resource Development: Acquire Botnet,0.0001867284492937,{}
stochastic_normalized_fragility,stochastic_normalized_loo_fragility,202,14,175,3.155989791965112,175,162,20,True,T1583.005 - Resource Development: Acquire Botnet,0.0001726149151356,{}
stochastic_normalized_fragility,stochastic_normalized_loo_fragility,202,15,185,3.624373833066784,185,169,20,True,T1583.005 - Resource Development: Acquire Botnet,0.0001981622118542,{}
stochastic_normalized_fragility,stochastic_normalized_loo_fragility,202,16,195,3.361357041052542,195,172,20,True,T1583.005 - Resource Development: Acquire Botnet,0.000168199056272,{}
stochastic_normalized_fragility,stochastic_normalized_loo_fragility,202,17,205,3.4203144579660147,205,173,20,True,T1584.005 - Resource Development: Build/Compromise Botnet,0.0002086529471015,{}
stochastic_normalized_fragility,stochastic_normalized_loo_fragility,202,18,215,3.756844958057627,215,176,20,True,TA0011 - Command-and-Control,0.0001907598468267,{}
stochastic_normalized_fragility,stochastic_normalized_loo_fragility,202,19,225,3.714400249999017,225,179,20,True,T1036 - Defense Evasion: Masquerading,0.0002218781599616,{}
stochastic_normalized_fragility,stochastic_normalized_loo_fragility,202,20,235,3.656133583979681,235,179,20,True,T1584.005 - Resource Development: Build/Compromise Botnet,0.0001862500056595,{}
stochastic_normalized_fragility,stochastic_normalized_loo_fragility,202,21,245,3.89940562506672,245,180,20,True,T1036 - Defense Evasion: Masquerading,0.0001559797576747,{}
stochastic_normalized_fragility,stochastic_normalized_loo_fragility,202,22,255,3.724775040987879,255,180,20,True,T1036 - Defense Evasion: Masquerading,0.0001552678549607,{}
stochastic_normalized_fragility,stochastic_normalized_loo_fragility,202,23,265,4.431620082934387,265,180,20,True,T1036 - Defense Evasion: Masquerading,0.0001929818739937,{}
stochastic_normalized_fragility,stochastic_normalized_loo_fragility,202,24,275,3.8560611669672658,275,180,20,True,T1036 - Defense Evasion: Masquerading,0.0002199989807764,{}
stochastic_normalized_fragility,stochastic_normalized_loo_fragility,202,25,285,3.8083422919735312,285,180,20,True,T1583.005 - Resource Development: Acquire Botnet,0.0002364081342466,{}
stochastic_normalized_fragility,stochastic_normalized_loo_fragility,202,26,295,4.128161625005305,295,180,20,True,T1036 - Defense Evasion: Masquerading,0.0003038695646156,{}
stochastic_normalized_fragility,stochastic_normalized_loo_fragility,202,27,305,3.744333332986571,305,180,20,True,T1036 - Defense Evasion: Masquerading,0.0001951066094825,{}
stochastic_normalized_fragility,stochastic_normalized_loo_fragility,202,28,315,4.078736790921539,315,180,20,True,T1583.005 - Resource Development: Acquire Botnet,0.0002212601030719,{}
stochastic_normalized_fragility,stochastic_normalized_loo_fragility,202,29,325,3.864963833009824,325,180,20,True,TA0011 - Command-and-Control,0.0003021669182569,{}
stochastic_normalized_fragility,stochastic_normalized_loo_fragility,202,30,335,4.072501083952375,335,180,20,True,TA0011 - Command-and-Control,0.0002789781128688,{}
stochastic_normalized_fragility,stochastic_normalized_loo_fragility,202,31,345,4.133102166000754,345,180,20,True,TA0011 - Command-and-Control,0.0003905203757447,{}
stochastic_normalized_fragility,stochastic_normalized_loo_fragility,202,32,355,4.662005834048614,355,180,20,True,T1584.005 - Resource Development: Build/Compromise Botnet,0.0002681836261672,{}
stochastic_normalized_fragility,stochastic_normalized_loo_fragility,202,33,365,4.2523171660723165,365,180,20,True,T1036 - Defense Evasion: Masquerading,0.00020703025842,{}
stochastic_normalized_fragility,stochastic_normalized_loo_fragility,202,34,375,4.44968008401338,375,180,20,True,TA0011 - Command-and-Control,0.0003403104967127,{}
stochastic_normalized_fragility,stochastic_normalized_loo_fragility,202,35,385,4.656112874974497,385,180,20,True,T1571 - Defense Evasion: Non-Standard Port,0.0003245109971411,{}
stochastic_normalized_fragility,stochastic_normalized_loo_fragility,202,36,395,3.927770375041291,395,180,20,True,T1571 - Defense Evasion: Non-Standard Port,0.000386350889956,{}
stochastic_normalized_fragility,stochastic_normalized_loo_fragility,202,37,405,4.090669583994895,405,180,20,True,T1036 - Defense Evasion: Masquerading,0.0002147540323472,{}
stochastic_normalized_fragility,stochastic_normalized_loo_fragility,202,38,415,4.46336545899976,415,180,20,True,T1036 - Defense Evasion: Masquerading,0.0002241155723305,{}
stochastic_normalized_fragility,stochastic_normalized_loo_fragility,202,39,425,4.555840624962002,425,180,20,True,T1036 - Defense Evasion: Masquerading,0.0002068441168057,{}
stochastic_normalized_fragility,stochastic_normalized_loo_fragility,202,40,435,4.917598749976605,435,180,20,True,T1583.005 - Resource Development: Acquire Botnet,0.0001865470331373,{}
stochastic_normalized_fragility,stochastic_normalized_loo_fragility,202,41,445,4.342117290943861,445,180,20,True,T1584.005 - Resource Development: Build/Compromise Botnet,0.0002265704628724,{}
stochastic_normalized_fragility,stochastic_normalized_loo_fragility,202,42,455,4.391985540976748,455,180,20,True,T1583.005 - Resource Development: Acquire Botnet,0.0001902639695844,{}
stochastic_normalized_fragility,stochastic_normalized_loo_fragility,202,43,465,4.594971459009685,465,180,20,True,T1583.005 - Resource Development: Acquire Botnet,0.0001707078164091,{}
stochastic_normalized_fragility,stochastic_normalized_loo_fragility,202,44,475,4.4937350830296054,475,180,20,True,T1036 - Defense Evasion: Masquerading,0.0001694190622596,{}
stochastic_normalized_fragility,stochastic_normalized_loo_fragility,202,45,485,5.08465666603297,485,180,20,True,T1036 - Defense Evasion: Masquerading,0.0001779668432767,{}
stochastic_normalized_fragility,stochastic_normalized_loo_fragility,202,46,495,4.644211750011891,495,180,20,True,T1036 - Defense Evasion: Masquerading,0.0002227701077324,{}
stochastic_normalized_fragility,stochastic_normalized_loo_fragility,202,47,505,4.516920041991398,505,180,20,True,TA0011 - Command-and-Control,0.0002130598485076,{}
stochastic_normalized_fragility,stochastic_normalized_loo_fragility,202,48,515,4.920886209001765,515,180,20,True,T1036 - Defense Evasion: Masquerading,0.0001980031892718,{}
stochastic_normalized_fragility,stochastic_normalized_loo_fragility,202,49,525,4.643124207970686,525,180,20,True,T1036 - Defense Evasion: Masquerading,0.0002160811258384,{}
stochastic_normalized_fragility,stochastic_normalized_loo_fragility,202,50,535,4.627536125015467,535,180,20,True,T1036 - Defense Evasion: Masquerading,0.0002369528174078,{}
stochastic_normalized_fragility,stochastic_normalized_loo_fragility,202,51,545,4.456443167058751,545,180,20,True,T1036 - Defense Evasion: Masquerading,0.0001942405652586,{}
stochastic_normalized_fragility,stochastic_normalized_loo_fragility,202,52,555,4.801102666999213,555,180,20,True,T1036 - Defense Evasion: Masquerading,0.000193197640277,{}
stochastic_normalized_fragility,stochastic_normalized_loo_fragility,202,53,565,4.8084983750013635,565,180,20,True,T1036 - Defense Evasion: Masquerading,0.000172793022911,{}
stochastic_normalized_fragility,stochastic_normalized_loo_fragility,202,54,575,4.474330374971032,575,180,20,True,TA0011 - Command-and-Control,0.0002108789076209,{}
stochastic_normalized_fragility,stochastic_normalized_loo_fragility,202,55,585,5.1674746660282835,585,180,20,True,T1036 - Defense Evasion: Masquerading,0.0003421290023211,{}
stochastic_normalized_fragility,stochastic_normalized_loo_fragility,202,56,595,4.7660792079987,595,180,20,True,T1036 - Defense Evasion: Masquerading,0.0002409952560245,{}
stochastic_normalized_fragility,stochastic_normalized_loo_fragility,202,57,605,4.846235417062417,605,180,20,True,T1036 - Defense Evasion: Masquerading,0.0002707307318281,{}
stochastic_normalized_fragility,stochastic_normalized_loo_fragility,202,58,615,4.612059499952011,615,180,20,True,T1036 - Defense Evasion: Masquerading,0.0002811726802347,{}
stochastic_normalized_fragility,stochastic_normalized_loo_fragility,202,59,625,4.602825083071366,625,180,20,True,TA0011 - Command-and-Control,0.0003170574280347,{}
stochastic_normalized_fragility,stochastic_normalized_loo_fragility,202,60,635,4.969566458021291,635,180,20,True,T1498.001 - Impact: Direct Network Flood,0.0003158065290179,{}
stochastic_normalized_fragility,stochastic_normalized_loo_fragility,202,61,645,4.565553708001971,645,180,20,True,T1595 - Reconnaissance: Active Scanning,0.0002945964298274,{}
stochastic_normalized_fragility,stochastic_normalized_loo_fragility,202,62,655,5.144959833007306,655,180,20,True,T1595 - Reconnaissance: Active Scanning,0.0002786201265802,{}
stochastic_normalized_fragility,stochastic_normalized_loo_fragility,202,63,665,4.92359766701702,665,180,20,True,T1590 - Reconnaissance: Gather Victim Network Information,0.0003981336211482,{}
stochastic_normalized_fragility,stochastic_normalized_loo_fragility,202,64,675,5.289497709018178,675,180,20,True,T1036 - Defense Evasion: Masquerading,0.00029185142379,{}
stochastic_normalized_fragility,stochastic_normalized_loo_fragility,202,65,685,4.987126459018327,685,180,20,True,T1498.001 - Impact: Direct Network Flood,0.0003081071730771,{}
stochastic_normalized_fragility,stochastic_normalized_loo_fragility,202,66,695,4.5624665840296075,695,180,20,True,T1583.005 - Resource Development: Acquire Botnet,0.0002106440342361,{}
stochastic_normalized_fragility,stochastic_normalized_loo_fragility,202,67,705,5.1334527500439435,705,180,20,True,T1583.005 - Resource Development: Acquire Botnet,0.0001806762562547,{}
stochastic_normalized_fragility,stochastic_normalized_loo_fragility,202,68,715,4.871294374926947,715,180,20,True,T1036 - Defense Evasion: Masquerading,0.0002227793983977,{}
stochastic_normalized_fragility,stochastic_normalized_loo_fragility,202,69,725,5.849586124997586,725,180,20,True,T1036 - Defense Evasion: Masquerading,0.0001916789715779,{}
stochastic_normalized_fragility,stochastic_normalized_loo_fragility,202,70,735,4.893354958039708,735,180,20,True,T1583.005 - Resource Development: Acquire Botnet,0.0002374700137717,{}
stochastic_normalized_fragility,stochastic_normalized_loo_fragility,202,71,745,4.678572540986352,745,180,20,True,T1583.005 - Resource Development: Acquire Botnet,0.0002301464537559,{}
stochastic_normalized_fragility,stochastic_normalized_loo_fragility,202,72,755,4.730513666989282,755,180,20,True,T1583.005 - Resource Development: Acquire Botnet,0.0002056508446912,{}
stochastic_normalized_fragility,stochastic_normalized_loo_fragility,202,73,765,5.374799833982252,765,180,20,True,T1583.005 - Resource Development: Acquire Botnet,0.0002170603389725,{}
stochastic_normalized_fragility,stochastic_normalized_loo_fragility,202,74,775,5.01328316598665,775,180,20,True,T1498.002 - Impact: Reflection/Amplification Attack,0.0003862934061796,{}
stochastic_normalized_fragility,stochastic_normalized_loo_fragility,202,75,785,5.146469666971825,785,180,20,True,T1595 - Reconnaissance: Active Scanning,0.0003387242535888,{}
stochastic_normalized_fragility,stochastic_normalized_loo_fragility,202,76,795,5.672339124954306,795,180,20,True,T1595 - Reconnaissance: Active Scanning,0.0003474595682737,{}
stochastic_normalized_fragility,stochastic_normalized_loo_fragility,202,77,805,5.054171624942683,805,180,20,True,T1583.005 - Resource Development: Acquire Botnet,0.0002560165003867,{}
stochastic_normalized_fragility,stochastic_normalized_loo_fragility,202,78,815,5.184500709059648,815,180,20,True,T1583.005 - Resource Development: Acquire Botnet,0.0002006394216264,{}
stochastic_normalized_fragility,stochastic_normalized_loo_fragility,202,79,825,4.981438374961726,825,180,20,True,T1583.005 - Resource Development: Acquire Botnet,0.0003133204904257,{}
stochastic_normalized_fragility,stochastic_normalized_loo_fragility,202,80,835,4.953404458006844,835,180,20,True,T1583.005 - Resource Development: Acquire Botnet,0.0003822424944075,{}
stochastic_normalized_fragility,stochastic_normalized_loo_fragility,202,81,845,5.5030984580516815,845,180,20,True,T1036 - Defense Evasion: Masquerading,0.0003491854632343,{}
stochastic_normalized_fragility,stochastic_normalized_loo_fragility,202,82,855,5.6816657920135185,855,180,20,True,T1036 - Defense Evasion: Masquerading,0.0002228949773387,{}
stochastic_normalized_fragility,stochastic_normalized_loo_fragility,202,83,865,5.207712042029016,865,180,20,True,T1590 - Reconnaissance: Gather Victim Network Information,0.0002919508127558,{}
stochastic_normalized_fragility,stochastic_normalized_loo_fragility,202,84,875,5.240487082977779,875,180,20,True,TA0011 - Command-and-Control,0.0003127416190772,{}
stochastic_normalized_fragility,stochastic_normalized_loo_fragility,202,85,885,5.423980916966684,885,180,20,True,T1583.005 - Resource Development: Acquire Botnet,0.000249843888228,{}
stochastic_normalized_fragility,stochastic_normalized_loo_fragility,202,86,895,5.181912667001598,895,180,20,True,TA0011 - Command-and-Control,0.0002734031205771,{}
stochastic_normalized_fragility,stochastic_normalized_loo_fragility,202,87,905,5.625908957910724,905,180,20,True,T1036 - Defense Evasion: Masquerading,0.00032287868579,{}
stochastic_normalized_fragility,stochastic_normalized_loo_fragility,202,88,915,5.37182825000491,915,180,20,True,T1036 - Defense Evasion: Masquerading,0.000224263920979,{}
stochastic_normalized_fragility,stochastic_normalized_loo_fragility,202,89,925,5.678979582968168,925,180,20,True,T1583.005 - Resource Development: Acquire Botnet,0.0002490994850868,{}
stochastic_normalized_fragility,stochastic_normalized_loo_fragility,202,90,935,5.091617499943823,935,180,20,True,T1583.005 - Resource Development: Acquire Botnet,0.0002497562393322,{}
stochastic_normalized_fragility,stochastic_normalized_loo_fragility,202,91,945,5.4343434169422835,945,180,20,True,T1036 - Defense Evasion: Masquerading,0.0002433140128998,{}
stochastic_normalized_fragility,stochastic_normalized_loo_fragility,202,92,955,5.167092290939763,955,180,20,True,T1036 - Defense Evasion: Masquerading,0.0003360537201657,{}
stochastic_normalized_fragility,stochastic_normalized_loo_fragility,202,93,965,5.285948709002696,965,180,20,True,T1036 - Defense Evasion: Masquerading,0.0002490012471942,{}
stochastic_normalized_fragility,stochastic_normalized_loo_fragility,202,94,975,5.571383208967745,975,180,20,True,T1036 - Defense Evasion: Masquerading,0.0004295396701416,{}
stochastic_normalized_fragility,stochastic_normalized_loo_fragility,202,95,985,5.500548374955542,985,180,20,True,T1595 - Reconnaissance: Active Scanning,0.0003156771237239,{}
stochastic_normalized_fragility,stochastic_normalized_loo_fragility,202,96,995,5.870889582904056,995,180,20,True,T1571 - Defense Evasion: Non-Standard Port,0.0001949229191151,{}
stochastic_normalized_fragility,stochastic_normalized_loo_fragility,202,97,1005,5.412161333952099,1005,180,20,True,TA0011 - Command-and-Control,0.0002072052438781,{}
stochastic_normalized_fragility,stochastic_normalized_loo_fragility,202,98,1015,5.405080041033216,1015,180,20,True,T1583.005 - Resource Development: Acquire Botnet,0.0002042471642299,{}
stochastic_normalized_fragility,stochastic_normalized_loo_fragility,202,99,1025,5.363577916985378,1025,180,20,True,T1583.005 - Resource Development: Acquire Botnet,0.0001918181858143,{}
stochastic_normalized_fragility,stochastic_normalized_loo_fragility,202,100,1035,6.23145249998197,1035,180,20,True,T1583.005 - Resource Development: Acquire Botnet,0.0002613039814262,{}
stochastic_normalized_fragility,stochastic_normalized_loo_fragility,202,101,1045,5.853484583902173,1045,180,20,True,T1590 - Reconnaissance: Gather Victim Network Information,0.0002334313572655,{}
stochastic_normalized_fragility,stochastic_normalized_loo_fragility,202,102,1055,6.338261750061065,1055,180,20,True,T1036 - Defense Evasion: Masquerading,0.0002444911729671,{}
stochastic_normalized_fragility,stochastic_normalized_loo_fragility,202,103,1065,6.058600125019439,1065,180,20,True,T1036 - Defense Evasion: Masquerading,0.0002339913228904,{}
stochastic_normalized_fragility,stochastic_normalized_loo_fragility,202,104,1075,5.956688707927242,1075,180,20,True,TA0011 - Command-and-Control,0.0002370522925257,{}
stochastic_normalized_fragility,stochastic_normalized_loo_fragility,202,105,1085,5.72447637503501,1085,180,20,True,T1583.005 - Resource Development: Acquire Botnet,0.0001972396250112,{}
stochastic_normalized_fragility,stochastic_normalized_loo_fragility,202,106,1095,6.114104083040729,1095,180,20,True,T1036 - Defense Evasion: Masquerading,0.0001951166135838,{}
stochastic_normalized_fragility,stochastic_normalized_loo_fragility,202,107,1105,6.037426915951073,1105,180,20,True,T1036 - Defense Evasion: Masquerading,0.0002585315217893,{}
stochastic_normalized_fragility,stochastic_normalized_loo_fragility,202,108,1115,6.053175542037934,1115,180,20,True,T1583.005 - Resource Development: Acquire Botnet,0.0003571704628943,{}
stochastic_normalized_fragility,stochastic_normalized_loo_fragility,202,109,1125,6.213214959017932,1125,180,20,True,T1583.005 - Resource Development: Acquire Botnet,0.0003010448578831,{}
stochastic_normalized_fragility,stochastic_normalized_loo_fragility,202,110,1135,6.2345560839166865,1135,180,20,True,TA0011 - Command-and-Control,0.0003305455725449,{}
stochastic_normalized_fragility,stochastic_normalized_loo_fragility,202,111,1145,6.2247235419927165,1145,180,20,True,T1583.005 - Resource Development: Acquire Botnet,0.0001966819356988,{}
stochastic_normalized_fragility,stochastic_normalized_loo_fragility,202,112,1155,6.243645709007978,1155,180,20,True,T1036 - Defense Evasion: Masquerading,0.0001963569389038,{}
stochastic_normalized_fragility,stochastic_normalized_loo_fragility,202,113,1165,6.105604541953653,1165,180,20,True,T1583.005 - Resource Development: Acquire Botnet,0.0002377787545375,{}
stochastic_normalized_fragility,stochastic_normalized_loo_fragility,202,114,1175,6.4142365839798,1175,180,20,True,T1583.005 - Resource Development: Acquire Botnet,0.0002140258318651,{}
stochastic_normalized_fragility,stochastic_normalized_loo_fragility,202,115,1185,7.451230792095885,1185,180,20,True,T1036 - Defense Evasion: Masquerading,0.0002107044351491,{}
stochastic_normalized_fragility,stochastic_normalized_loo_fragility,202,116,1195,7.053375667077489,1195,180,20,True,T1036 - Defense Evasion: Masquerading,0.0003054176313552,{}
stochastic_normalized_fragility,stochastic_normalized_loo_fragility,202,117,1205,6.528985582990572,1205,180,20,True,T1036 - Defense Evasion: Masquerading,0.0003880540235487,{}
stochastic_normalized_fragility,stochastic_normalized_loo_fragility,202,118,1215,7.490290333051235,1215,180,20,True,T1590 - Reconnaissance: Gather Victim Network Information,0.0002357240078701,{}
stochastic_normalized_fragility,stochastic_normalized_loo_fragility,202,119,1225,6.4012880409136415,1225,180,20,True,T1583.005 - Resource Development: Acquire Botnet,0.0002095208155287,{}
stochastic_normalized_fragility,stochastic_normalized_loo_fragility,202,120,1235,7.041263083927333,1235,180,20,True,T1036 - Defense Evasion: Masquerading,0.0002336570673424,{}
stochastic_normalized_fragility,stochastic_normalized_loo_fragility,202,121,1245,6.846046125050634,1245,180,20,True,T1036 - Defense Evasion: Masquerading,0.0001981746282278,{}
stochastic_normalized_fragility,stochastic_normalized_loo_fragility,202,122,1255,6.501857458963059,1255,180,20,True,T1036 - Defense Evasion: Masquerading,0.0002463839679642,{}
stochastic_normalized_fragility,stochastic_normalized_loo_fragility,202,123,1265,6.57892079197336,1265,180,20,True,T1036 - Defense Evasion: Masquerading,0.0007334039914618,{}
stochastic_normalized_fragility,stochastic_normalized_loo_fragility,202,124,1275,6.637893416918814,1275,180,20,True,T1590 - Reconnaissance: Gather Victim Network Information,0.0004516629564647,{}
stochastic_normalized_fragility,stochastic_normalized_loo_fragility,202,125,1285,7.114390000002459,1285,180,20,True,T1583.005 - Resource Development: Acquire Botnet,0.0002461981138404,{}
stochastic_normalized_fragility,stochastic_normalized_loo_fragility,202,126,1295,6.994969625025988,1295,180,20,True,T1583.005 - Resource Development: Acquire Botnet,0.000196080887093,{}
stochastic_normalized_fragility,stochastic_normalized_loo_fragility,202,127,1305,6.558152583078481,1305,180,20,True,T1036 - Defense Evasion: Masquerading,0.0002154344575584,{}
stochastic_normalized_fragility,stochastic_normalized_loo_fragility,202,128,1315,6.759835624950938,1315,180,20,True,TA0011 - Command-and-Control,0.0004177498646521,{}
stochastic_normalized_fragility,stochastic_normalized_loo_fragility,202,129,1325,6.765946833998896,1325,180,20,True,TA0011 - Command-and-Control,0.0003141436239642,{}
stochastic_normalized_fragility,stochastic_normalized_loo_fragility,202,130,1335,6.741215500049293,1335,180,20,True,T1036 - Defense Evasion: Masquerading,0.0002297446084954,{}
stochastic_normalized_fragility,stochastic_normalized_loo_fragility,202,131,1345,7.329122917028144,1345,180,20,True,T1036 - Defense Evasion: Masquerading,0.0002470557564895,{}
stochastic_normalized_fragility,stochastic_normalized_loo_fragility,202,132,1355,6.944772750022821,1355,180,20,True,T1590 - Reconnaissance: Gather Victim Network Information,0.0002587455583884,{}
stochastic_normalized_fragility,stochastic_normalized_loo_fragility,202,133,1365,6.985320999985561,1365,180,20,True,T1583.005 - Resource Development: Acquire Botnet,0.0003482951938916,{}
stochastic_normalized_fragility,stochastic_normalized_loo_fragility,202,134,1375,7.2362653750460595,1375,180,20,True,T1036 - Defense Evasion: Masquerading,0.0003644996530902,{}
stochastic_normalized_fragility,stochastic_normalized_loo_fragility,202,135,1385,7.16627950000111,1385,180,20,True,T1583.005 - Resource Development: Acquire Botnet,0.000385882752978,{}
stochastic_normalized_fragility,stochastic_normalized_loo_fragility,202,136,1395,8.218060542014427,1395,180,20,True,T1036 - Defense Evasion: Masquerading,0.000414621434645,{}
stochastic_normalized_fragility,stochastic_normalized_loo_fragility,202,137,1405,8.192092707962729,1405,180,20,True,T1036 - Defense Evasion: Masquerading,0.0003761887546035,{}
stochastic_normalized_fragility,stochastic_normalized_loo_fragility,202,138,1415,7.190700083039701,1415,180,20,True,T1590 - Reconnaissance: Gather Victim Network Information,0.0004180271603865,{}
stochastic_normalized_fragility,stochastic_normalized_loo_fragility,202,139,1425,6.992172749945894,1425,180,20,True,T1036 - Defense Evasion: Masquerading,0.0004243240447268,{}
stochastic_normalized_fragility,stochastic_normalized_loo_fragility,202,140,1435,7.018197667086497,1435,180,20,True,T1590 - Reconnaissance: Gather Victim Network Information,0.0003603537749148,{}
stochastic_normalized_fragility,stochastic_normalized_loo_fragility,202,141,1445,8.22359529195819,1445,180,20,True,T1036 - Defense Evasion: Masquerading,0.0003306819223742,{}
stochastic_normalized_fragility,stochastic_normalized_loo_fragility,202,142,1455,7.6059272499987856,1455,180,20,True,TA0011 - Command-and-Control,0.0003192824942391,{}
stochastic_normalized_fragility,stochastic_normalized_loo_fragility,202,143,1465,10.42308224993758,1465,180,20,True,TA0011 - Command-and-Control,0.0003137260085413,{}
stochastic_normalized_fragility,stochastic_normalized_loo_fragility,202,144,1475,8.684110915986821,1475,180,20,True,TA0011 - Command-and-Control,0.0002125300927768,{}
stochastic_normalized_fragility,stochastic_normalized_loo_fragility,202,145,1485,8.326237999950536,1485,180,20,True,TA0011 - Command-and-Control,0.0002599668741613,{}
stochastic_normalized_fragility,stochastic_normalized_loo_fragility,202,146,1495,7.795819708961062,1495,180,20,True,T1036 - Defense Evasion: Masquerading,0.0002348082603978,{}
stochastic_normalized_fragility,stochastic_normalized_loo_fragility,202,147,1505,7.573084542062134,1505,180,20,True,T1036 - Defense Evasion: Masquerading,0.0003426837498036,{}
stochastic_normalized_fragility,stochastic_normalized_loo_fragility,202,148,1515,8.102585999993607,1515,180,20,True,T1595 - Reconnaissance: Active Scanning,0.0002328021133258,{}
stochastic_normalized_fragility,stochastic_normalized_loo_fragility,202,149,1525,7.740363374934532,1525,180,20,True,T1595 - Reconnaissance: Active Scanning,0.0002626640525784,{}
stochastic_normalized_fragility,stochastic_normalized_loo_fragility,202,150,1535,8.330767208011821,1535,180,20,True,T1584.005 - Resource Development: Build/Compromise Botnet,0.0003358428625904,{}
stochastic_normalized_fragility,stochastic_normalized_loo_fragility,202,151,1545,7.749883374897763,1545,180,20,True,T1583.005 - Resource Development: Acquire Botnet,0.0002207312420635,{}
stochastic_normalized_fragility,stochastic_normalized_loo_fragility,202,152,1555,7.565939957974479,1555,180,20,True,T1583.005 - Resource Development: Acquire Botnet,0.0002290532541427,{}
stochastic_normalized_fragility,stochastic_normalized_loo_fragility,202,153,1565,7.317274125060067,1565,180,20,True,T1498.002 - Impact: Reflection/Amplification Attack,0.0002532939436431,{}
stochastic_normalized_fragility,stochastic_normalized_loo_fragility,202,154,1575,8.01837175001856,1575,180,20,True,T1583.005 - Resource Development: Acquire Botnet,0.0001985101484262,{}
stochastic_normalized_fragility,stochastic_normalized_loo_fragility,202,155,1585,8.109725665999576,1585,180,20,True,T1583.005 - Resource Development: Acquire Botnet,0.0001908491690668,{}
stochastic_normalized_fragility,stochastic_normalized_loo_fragility,202,156,1595,7.666471291915514,1595,180,20,True,T1583.005 - Resource Development: Acquire Botnet,0.0002000116078799,{}
stochastic_normalized_fragility,stochastic_normalized_loo_fragility,202,157,1605,7.756738625001162,1605,180,20,True,T1583.005 - Resource Development: Acquire Botnet,0.000190995864425,{}
stochastic_normalized_fragility,stochastic_normalized_loo_fragility,202,158,1615,7.433464166009799,1615,180,20,True,T1583.005 - Resource Development: Acquire Botnet,0.0001905793321834,{}
stochastic_normalized_fragility,stochastic_normalized_loo_fragility,202,159,1625,8.024626124999486,1625,180,20,True,T1583.005 - Resource Development: Acquire Botnet,0.0001974278657238,{}
stochastic_normalized_fragility,stochastic_normalized_loo_fragility,202,160,1635,7.671595708001405,1635,180,20,True,T1583.005 - Resource Development: Acquire Botnet,0.0002172243141104,{}
stochastic_normalized_fragility,stochastic_normalized_loo_fragility,202,161,1645,7.838714917073958,1645,180,20,True,T1583.005 - Resource Development: Acquire Botnet,0.0002632439392442,{}
stochastic_normalized_fragility,stochastic_normalized_loo_fragility,202,162,1655,8.244523916044272,1655,180,20,True,T1036 - Defense Evasion: Masquerading,0.0004596553895368,{}
stochastic_normalized_fragility,stochastic_normalized_loo_fragility,202,163,1665,8.081103999982588,1665,180,20,True,T1583.005 - Resource Development: Acquire Botnet,0.0002451064668881,{}
stochastic_normalized_fragility,stochastic_normalized_loo_fragility,202,164,1675,8.72262470901478,1675,180,20,True,T1583.005 - Resource Development: Acquire Botnet,0.0002700948759942,{}
stochastic_normalized_fragility,stochastic_normalized_loo_fragility,202,165,1685,7.689992874977179,1685,180,20,True,T1571 - Defense Evasion: Non-Standard Port,0.0003505085899327,{}
stochastic_normalized_fragility,stochastic_normalized_loo_fragility,202,166,1695,7.033965833019465,1695,180,20,True,T1571 - Defense Evasion: Non-Standard Port,0.000276188752957,{}
stochastic_normalized_fragility,stochastic_normalized_loo_fragility,202,167,1705,7.742161500034854,1705,180,20,True,T1036 - Defense Evasion: Masquerading,0.0002117562040792,{}
stochastic_normalized_fragility,stochastic_normalized_loo_fragility,202,168,1715,8.533653583028354,1715,180,20,True,T1590 - Reconnaissance: Gather Victim Network Information,0.0002116414824266,{}
stochastic_normalized_fragility,stochastic_normalized_loo_fragility,202,169,1725,8.460063625010662,1725,180,20,True,T1036 - Defense Evasion: Masquerading,0.0003083638604406,{}
stochastic_normalized_fragility,stochastic_normalized_loo_fragility,202,170,1735,7.968072333955206,1735,180,20,True,T1595 - Reconnaissance: Active Scanning,0.000224702047257,{}
stochastic_normalized_fragility,stochastic_normalized_loo_fragility,202,171,1745,7.834237084025517,1745,180,20,True,T1583.005 - Resource Development: Acquire Botnet,0.0002148931565732,{}
stochastic_normalized_fragility,stochastic_normalized_loo_fragility,202,172,1755,7.728346250019968,1755,180,20,True,T1583.005 - Resource Development: Acquire Botnet,0.0001815176351555,{}
stochastic_normalized_fragility,stochastic_normalized_loo_fragility,202,173,1765,8.463015916990116,1765,180,20,True,T1583.005 - Resource Development: Acquire Botnet,0.0002885354577149,{}
stochastic_normalized_fragility,stochastic_normalized_loo_fragility,202,174,1775,8.4833010409493,1775,180,20,True,T1583.005 - Resource Development: Acquire Botnet,0.0002210908414092,{}
stochastic_normalized_fragility,stochastic_normalized_loo_fragility,202,175,1785,8.732764041982591,1785,180,20,True,T1036 - Defense Evasion: Masquerading,0.000288161031338,{}
stochastic_normalized_fragility,stochastic_normalized_loo_fragility,202,176,1795,8.031402416992933,1795,180,20,True,T1583.005 - Resource Development: Acquire Botnet,0.000216633753824,{}
stochastic_normalized_fragility,stochastic_normalized_loo_fragility,303,1,45,0.7858602500054985,45,45,20,False,T1584.005 - Resource Development: Build/Compromise Botnet,0.0006650167418872,{}
stochastic_normalized_fragility,stochastic_normalized_loo_fragility,303,2,55,0.938415625016205,55,55,20,False,T1498.002 - Impact: Reflection/Amplification Attack,0.0006145952060667,{}
stochastic_normalized_fragility,stochastic_normalized_loo_fragility,303,3,65,1.1831679170718417,65,65,20,False,T1584.005 - Resource Development: Build/Compromise Botnet,0.0005421208692968,{}
stochastic_normalized_fragility,stochastic_normalized_loo_fragility,303,4,75,1.4017182500101626,75,75,20,False,T1590 - Reconnaissance: Gather Victim Network Information,0.0005134612250748,{}
stochastic_normalized_fragility,stochastic_normalized_loo_fragility,303,5,85,1.6415416249074042,85,85,20,False,T1590 - Reconnaissance: Gather Victim Network Information,0.0004911631147292,{}
stochastic_normalized_fragility,stochastic_normalized_loo_fragility,303,6,95,2.071424000081606,95,95,20,False,T1036 - Defense Evasion: Masquerading,0.0002310255712525,{}
stochastic_normalized_fragility,stochastic_normalized_loo_fragility,303,7,105,1.8244921249570325,105,105,20,False,T1583.005 - Resource Development: Acquire Botnet,0.0002556804266049,{}
stochastic_normalized_fragility,stochastic_normalized_loo_fragility,303,8,115,1.990086792036891,115,115,20,False,T1583.005 - Resource Development: Acquire Botnet,0.0002583322686996,{}
stochastic_normalized_fragility,stochastic_normalized_loo_fragility,303,9,125,2.6909794580424204,125,125,20,False,T1498.001 - Impact: Direct Network Flood,0.0001969178374701,{}
stochastic_normalized_fragility,stochastic_normalized_loo_fragility,303,10,135,2.09705700003542,135,135,20,False,T1036 - Defense Evasion: Masquerading,0.0001761530863913,{}
stochastic_normalized_fragility,stochastic_normalized_loo_fragility,303,11,145,2.6592700839973986,145,143,20,True,T1036 - Defense Evasion: Masquerading,0.0001974495567042,{}
stochastic_normalized_fragility,stochastic_normalized_loo_fragility,303,12,155,3.025485415942967,155,152,20,True,T1036 - Defense Evasion: Masquerading,0.0002163991987229,{}
stochastic_normalized_fragility,stochastic_normalized_loo_fragility,303,13,165,3.3048315420746803,165,158,20,True,T1583.005 - Resource Development: Acquire Botnet,0.0001988752951293,{}
stochastic_normalized_fragility,stochastic_normalized_loo_fragility,303,14,175,4.046828332939185,175,164,20,True,T1583.005 - Resource Development: Acquire Botnet,0.0001871556561791,{}
stochastic_normalized_fragility,stochastic_normalized_loo_fragility,303,15,185,3.331615832983516,185,169,20,True,T1590 - Reconnaissance: Gather Victim Network Information,0.0002179030624952,{}
stochastic_normalized_fragility,stochastic_normalized_loo_fragility,303,16,195,3.3246584159787744,195,171,20,True,T1590 - Reconnaissance: Gather Victim Network Information,0.0002597965545581,{}
stochastic_normalized_fragility,stochastic_normalized_loo_fragility,303,17,205,3.59697291709017,205,176,20,True,T1583.005 - Resource Development: Acquire Botnet,0.000288525490851,{}
stochastic_normalized_fragility,stochastic_normalized_loo_fragility,303,18,215,3.5036606659414247,215,177,20,True,T1583.005 - Resource Development: Acquire Botnet,0.0002479932210284,{}
stochastic_normalized_fragility,stochastic_normalized_loo_fragility,303,19,225,3.7247616660315543,225,178,20,True,T1583.005 - Resource Development: Acquire Botnet,0.000222079911195,{}
stochastic_normalized_fragility,stochastic_normalized_loo_fragility,303,20,235,3.501430167001672,235,180,20,True,T1036 - Defense Evasion: Masquerading,0.0002399118335678,{}
stochastic_normalized_fragility,stochastic_normalized_loo_fragility,303,21,245,3.7822510410333057,245,180,20,True,T1036 - Defense Evasion: Masquerading,0.0002018011162964,{}
stochastic_normalized_fragility,stochastic_normalized_loo_fragility,303,22,255,3.819900459027849,255,180,20,True,T1036 - Defense Evasion: Masquerading,0.0001826601546104,{}
stochastic_normalized_fragility,stochastic_normalized_loo_fragility,303,23,265,4.140150292078033,265,180,20,True,T1036 - Defense Evasion: Masquerading,0.0001914722885122,{}
stochastic_normalized_fragility,stochastic_normalized_loo_fragility,303,24,275,4.053061250015162,275,180,20,True,T1036 - Defense Evasion: Masquerading,0.000168048671337,{}
stochastic_normalized_fragility,stochastic_normalized_loo_fragility,303,25,285,3.9837852920172736,285,180,20,True,T1036 - Defense Evasion: Masquerading,0.000173080440403,{}
stochastic_normalized_fragility,stochastic_normalized_loo_fragility,303,26,295,3.8410620000213385,295,180,20,True,T1036 - Defense Evasion: Masquerading,0.0001793056199879,{}
stochastic_normalized_fragility,stochastic_normalized_loo_fragility,303,27,305,3.750102125108242,305,180,20,True,TA0011 - Command-and-Control,0.0004998000696073,{}
stochastic_normalized_fragility,stochastic_normalized_loo_fragility,303,28,315,3.9794464589795098,315,180,20,True,T1590 - Reconnaissance: Gather Victim Network Information,0.0004725847149139,{}
stochastic_normalized_fragility,stochastic_normalized_loo_fragility,303,29,325,4.218086584005505,325,180,20,True,T1036 - Defense Evasion: Masquerading,0.0001784488040201,{}
stochastic_normalized_fragility,stochastic_normalized_loo_fragility,303,30,335,4.198920416994952,335,180,20,True,T1583.005 - Resource Development: Acquire Botnet,0.0002248475861116,{}
stochastic_normalized_fragility,stochastic_normalized_loo_fragility,303,31,345,4.443562832893804,345,180,20,True,T1583.005 - Resource Development: Acquire Botnet,0.0002398608315204,{}
stochastic_normalized_fragility,stochastic_normalized_loo_fragility,303,32,355,4.359753166907467,355,180,20,True,T1583.005 - Resource Development: Acquire Botnet,0.000253621063718,{}
stochastic_normalized_fragility,stochastic_normalized_loo_fragility,303,33,365,4.113414583960548,365,180,20,True,T1583.005 - Resource Development: Acquire Botnet,0.0002377110037082,{}
stochastic_normalized_fragility,stochastic_normalized_loo_fragility,303,34,375,4.39405591704417,375,180,20,True,T1036 - Defense Evasion: Masquerading,0.0001973716491835,{}
stochastic_normalized_fragility,stochastic_normalized_loo_fragility,303,35,385,4.509612874942832,385,180,20,True,TA0011 - Command-and-Control,0.0002385752599993,{}
stochastic_normalized_fragility,stochastic_normalized_loo_fragility,303,36,395,4.034403499914333,395,180,20,True,TA0011 - Command-and-Control,0.0004095980922173,{}
stochastic_normalized_fragility,stochastic_normalized_loo_fragility,303,37,405,4.295567666995339,405,180,20,True,T1498.001 - Impact: Direct Network Flood,0.0003546151808238,{}
stochastic_normalized_fragility,stochastic_normalized_loo_fragility,303,38,415,4.8413092920091,415,180,20,True,T1036 - Defense Evasion: Masquerading,0.000239265138935,{}
stochastic_normalized_fragility,stochastic_normalized_loo_fragility,303,39,425,4.609749916009605,425,180,20,True,T1571 - Defense Evasion: Non-Standard Port,0.0002160659888127,{}
stochastic_normalized_fragility,stochastic_normalized_loo_fragility,303,40,435,4.405947583029047,435,180,20,True,T1571 - Defense Evasion: Non-Standard Port,0.0002068432206322,{}
stochastic_normalized_fragility,stochastic_normalized_loo_fragility,303,41,445,4.677897999994457,445,180,20,True,T1571 - Defense Evasion: Non-Standard Port,0.0001661364070565,{}
stochastic_normalized_fragility,stochastic_normalized_loo_fragility,303,42,455,4.346771707991138,455,180,20,True,TA0011 - Command-and-Control,0.0002320953213446,{}
stochastic_normalized_fragility,stochastic_normalized_loo_fragility,303,43,465,4.31100087496452,465,180,20,True,TA0011 - Command-and-Control,0.0001879836805165,{}
stochastic_normalized_fragility,stochastic_normalized_loo_fragility,303,44,475,4.266945332987234,475,180,20,True,TA0011 - Command-and-Control,0.0003306478273624,{}
stochastic_normalized_fragility,stochastic_normalized_loo_fragility,303,45,485,5.33089854195714,485,180,20,True,T1583.005 - Resource Development: Acquire Botnet,0.0001939398855122,{}
stochastic_normalized_fragility,stochastic_normalized_loo_fragility,303,46,495,4.879995541996323,495,180,20,True,T1036 - Defense Evasion: Masquerading,0.0001860171905757,{}
stochastic_normalized_fragility,stochastic_normalized_loo_fragility,303,47,505,5.257675000000745,505,180,20,True,T1036 - Defense Evasion: Masquerading,0.0001836220045413,{}
stochastic_normalized_fragility,stochastic_normalized_loo_fragility,303,48,515,4.577418875065632,515,180,20,True,T1036 - Defense Evasion: Masquerading,0.0001999917797762,{}
stochastic_normalized_fragility,stochastic_normalized_loo_fragility,303,49,525,4.376697084051557,525,180,20,True,T1583.005 - Resource Development: Acquire Botnet,0.0002850125150159,{}
stochastic_normalized_fragility,stochastic_normalized_loo_fragility,303,50,535,4.441158208064735,535,180,20,True,T1590 - Reconnaissance: Gather Victim Network Information,0.0002618322822633,{}
stochastic_normalized_fragility,stochastic_normalized_loo_fragility,303,51,545,4.2247295420384035,545,180,20,True,T1583.005 - Resource Development: Acquire Botnet,0.0002199335588348,{}
stochastic_normalized_fragility,stochastic_normalized_loo_fragility,303,52,555,4.481422875076532,555,180,20,True,T1590 - Reconnaissance: Gather Victim Network Information,0.000224741548832,{}
stochastic_normalized_fragility,stochastic_normalized_loo_fragility,303,53,565,4.7643792090239,565,180,20,True,T1590 - Reconnaissance: Gather Victim Network Information,0.0004478000727468,{}
stochastic_normalized_fragility,stochastic_normalized_loo_fragility,303,54,575,4.806715374928899,575,180,20,True,T1590 - Reconnaissance: Gather Victim Network Information,0.0003057808607899,{}
stochastic_normalized_fragility,stochastic_normalized_loo_fragility,303,55,585,5.212985374964774,585,180,20,True,T1036 - Defense Evasion: Masquerading,0.0002559350203739,{}
stochastic_normalized_fragility,stochastic_normalized_loo_fragility,303,56,595,4.694389833020978,595,180,20,True,TA0011 - Command-and-Control,0.0002508696240102,{}
stochastic_normalized_fragility,stochastic_normalized_loo_fragility,303,57,605,4.7116157920099795,605,180,20,True,T1595 - Reconnaissance: Active Scanning,0.0002346528780208,{}
stochastic_normalized_fragility,stochastic_normalized_loo_fragility,303,58,615,4.706696707988158,615,180,20,True,T1584.005 - Resource Development: Build/Compromise Botnet,0.0002502557053331,{}
stochastic_normalized_fragility,stochastic_normalized_loo_fragility,303,59,625,4.72092908306513,625,180,20,True,T1590 - Reconnaissance: Gather Victim Network Information,0.0002654315624507,{}
stochastic_normalized_fragility,stochastic_normalized_loo_fragility,303,60,635,4.885744250030257,635,180,20,True,T1590 - Reconnaissance: Gather Victim Network Information,0.0003745980186028,{}
stochastic_normalized_fragility,stochastic_normalized_loo_fragility,303,61,645,4.96540129208006,645,180,20,True,T1590 - Reconnaissance: Gather Victim Network Information,0.0004021508049079,{}
stochastic_normalized_fragility,stochastic_normalized_loo_fragility,303,62,655,5.4602535830345005,655,180,20,True,T1590 - Reconnaissance: Gather Victim Network Information,0.0003055557161172,{}
stochastic_normalized_fragility,stochastic_normalized_loo_fragility,303,63,665,4.9075356250396,665,180,20,True,T1590 - Reconnaissance: Gather Victim Network Information,0.0003303003451085,{}
stochastic_normalized_fragility,stochastic_normalized_loo_fragility,303,64,675,4.7660143750254065,675,180,20,True,T1036 - Defense Evasion: Masquerading,0.0003470743613219,{}
stochastic_normalized_fragility,stochastic_normalized_loo_fragility,303,65,685,4.885040165972896,685,180,20,True,TA0011 - Command-and-Control,0.000326991242721,{}
stochastic_normalized_fragility,stochastic_normalized_loo_fragility,303,66,695,4.82615420804359,695,180,20,True,T1590 - Reconnaissance: Gather Victim Network Information,0.0002766178874022,{}
stochastic_normalized_fragility,stochastic_normalized_loo_fragility,303,67,705,5.008484125020914,705,180,20,True,T1036 - Defense Evasion: Masquerading,0.0001883935574364,{}
stochastic_normalized_fragility,stochastic_normalized_loo_fragility,303,68,715,5.488528708927333,715,180,20,True,T1583.005 - Resource Development: Acquire Botnet,0.0001811261918764,{}
stochastic_normalized_fragility,stochastic_normalized_loo_fragility,303,69,725,4.899531499948353,725,180,20,True,T1595 - Reconnaissance: Active Scanning,0.0001613389458371,{}
stochastic_normalized_fragility,stochastic_normalized_loo_fragility,303,70,735,4.742263332940638,735,180,20,True,T1590 - Reconnaissance: Gather Victim Network Information,0.0002037895817286,{}
stochastic_normalized_fragility,stochastic_normalized_loo_fragility,303,71,745,4.815441624959931,745,180,20,True,T1036 - Defense Evasion: Masquerading,0.0002204781970208,{}
stochastic_normalized_fragility,stochastic_normalized_loo_fragility,303,72,755,4.9316012089839205,755,180,20,True,T1595 - Reconnaissance: Active Scanning,0.0002829364233496,{}
stochastic_normalized_fragility,stochastic_normalized_loo_fragility,303,73,765,5.438076916965656,765,180,20,True,TA0011 - Command-and-Control,0.0002776651371334,{}
stochastic_normalized_fragility,stochastic_normalized_loo_fragility,303,74,775,4.841259042033926,775,180,20,True,T1036 - Defense Evasion: Masquerading,0.0003310094379561,{}
stochastic_normalized_fragility,stochastic_normalized_loo_fragility,303,75,785,5.879260582965799,785,180,20,True,T1498.001 - Impact: Direct Network Flood,0.0004060506511876,{}
stochastic_normalized_fragility,stochastic_normalized_loo_fragility,303,76,795,5.058361292001791,795,180,20,True,T1036 - Defense Evasion: Masquerading,0.00034436801409,{}
stochastic_normalized_fragility,stochastic_normalized_loo_fragility,303,77,805,4.984333166037686,805,180,20,True,T1036 - Defense Evasion: Masquerading,0.0002598932508845,{}
stochastic_normalized_fragility,stochastic_normalized_loo_fragility,303,78,815,5.197535750106908,815,180,20,True,T1036 - Defense Evasion: Masquerading,0.0005334662438281,{}
stochastic_normalized_fragility,stochastic_normalized_loo_fragility,303,79,825,4.85330741701182,825,180,20,True,T1036 - Defense Evasion: Masquerading,0.0002005935157418,{}
stochastic_normalized_fragility,stochastic_normalized_loo_fragility,303,80,835,4.933808333007619,835,180,20,True,T1036 - Defense Evasion: Masquerading,0.0002098624415902,{}
stochastic_normalized_fragility,stochastic_normalized_loo_fragility,303,81,845,5.039388166973367,845,180,20,True,T1036 - Defense Evasion: Masquerading,0.0001954685690394,{}
stochastic_normalized_fragility,stochastic_normalized_loo_fragility,303,82,855,5.383574333041906,855,180,20,True,T1036 - Defense Evasion: Masquerading,0.0002117925098425,{}
stochastic_normalized_fragility,stochastic_normalized_loo_fragility,303,83,865,5.04144916695077,865,180,20,True,T1036 - Defense Evasion: Masquerading,0.000287365463288,{}
stochastic_normalized_fragility,stochastic_normalized_loo_fragility,303,84,875,5.391612708102912,875,180,20,True,T1583.005 - Resource Development: Acquire Botnet,0.000259029763759,{}
stochastic_normalized_fragility,stochastic_normalized_loo_fragility,303,85,885,5.423711791983806,885,180,20,True,T1583.005 - Resource Development: Acquire Botnet,0.0004262263878258,{}
stochastic_normalized_fragility,stochastic_normalized_loo_fragility,303,86,895,5.773549249977805,895,180,20,True,T1583.005 - Resource Development: Acquire Botnet,0.0002046744937426,{}
stochastic_normalized_fragility,stochastic_normalized_loo_fragility,303,87,905,5.537485042004846,905,180,20,True,T1583.005 - Resource Development: Acquire Botnet,0.0002209360482289,{}
stochastic_normalized_fragility,stochastic_normalized_loo_fragility,303,88,915,5.372512792004272,915,180,20,True,T1036 - Defense Evasion: Masquerading,0.0002313176958003,{}
stochastic_normalized_fragility,stochastic_normalized_loo_fragility,303,89,925,5.006693959003314,925,180,20,True,T1036 - Defense Evasion: Masquerading,0.0001861692388148,{}
stochastic_normalized_fragility,stochastic_normalized_loo_fragility,303,90,935,5.041329832980409,935,180,20,True,T1036 - Defense Evasion: Masquerading,0.0002367787842929,{}
stochastic_normalized_fragility,stochastic_normalized_loo_fragility,303,91,945,5.345465791062452,945,180,20,True,T1583.005 - Resource Development: Acquire Botnet,0.0002365188890647,{}
stochastic_normalized_fragility,stochastic_normalized_loo_fragility,303,92,955,5.150086916983128,955,180,20,True,T1583.005 - Resource Development: Acquire Botnet,0.000218843092153,{}
stochastic_normalized_fragility,stochastic_normalized_loo_fragility,303,93,965,5.2562616660725325,965,180,20,True,T1036 - Defense Evasion: Masquerading,0.0003235886894668,{}
stochastic_normalized_fragility,stochastic_normalized_loo_fragility,303,94,975,5.335679583018646,975,180,20,True,T1036 - Defense Evasion: Masquerading,0.0003631053826007,{}
stochastic_normalized_fragility,stochastic_normalized_loo_fragility,303,95,985,5.193873915937729,985,180,20,True,T1036 - Defense Evasion: Masquerading,0.0004847402507434,{}
stochastic_normalized_fragility,stochastic_normalized_loo_fragility,303,96,995,5.758057291968726,995,180,20,True,T1036 - Defense Evasion: Masquerading,0.000280436226783,{}
stochastic_normalized_fragility,stochastic_normalized_loo_fragility,303,97,1005,5.599315249943174,1005,180,20,True,T1036 - Defense Evasion: Masquerading,0.0001897750404643,{}
stochastic_normalized_fragility,stochastic_normalized_loo_fragility,303,98,1015,5.15883904194925,1015,180,20,True,TA0011 - Command-and-Control,0.0002430699954485,{}
stochastic_normalized_fragility,stochastic_normalized_loo_fragility,303,99,1025,5.2352768330601975,1025,180,20,True,T1590 - Reconnaissance: Gather Victim Network Information,0.0002232118642097,{}
stochastic_normalized_fragility,stochastic_normalized_loo_fragility,303,100,1035,5.918439000030048,1035,180,20,True,TA0011 - Command-and-Control,0.0002025004929099,{}
stochastic_normalized_fragility,stochastic_normalized_loo_fragility,303,101,1045,5.511265709064901,1045,180,20,True,T1036 - Defense Evasion: Masquerading,0.0005144758268154,{}
stochastic_normalized_fragility,stochastic_normalized_loo_fragility,303,102,1055,6.2321865420090035,1055,180,20,True,T1036 - Defense Evasion: Masquerading,0.0005024349860591,{}
stochastic_normalized_fragility,stochastic_normalized_loo_fragility,303,103,1065,5.709696665988304,1065,180,20,True,T1036 - Defense Evasion: Masquerading,0.0001962120694842,{}
stochastic_normalized_fragility,stochastic_normalized_loo_fragility,303,104,1075,5.750770166981965,1075,180,20,True,T1036 - Defense Evasion: Masquerading,0.0002070034177635,{}
stochastic_normalized_fragility,stochastic_normalized_loo_fragility,303,105,1085,5.819731415947899,1085,180,20,True,T1583.005 - Resource Development: Acquire Botnet,0.000289833709442,{}
stochastic_normalized_fragility,stochastic_normalized_loo_fragility,303,106,1095,5.908000709023327,1095,180,20,True,T1036 - Defense Evasion: Masquerading,0.0002775771822364,{}
stochastic_normalized_fragility,stochastic_normalized_loo_fragility,303,107,1105,5.927121875109151,1105,180,20,True,T1036 - Defense Evasion: Masquerading,0.000183626892088,{}
stochastic_normalized_fragility,stochastic_normalized_loo_fragility,303,108,1115,6.030470333993435,1115,180,20,True,T1036 - Defense Evasion: Masquerading,0.0002170082997502,{}
stochastic_normalized_fragility,stochastic_normalized_loo_fragility,303,109,1125,6.346604165970348,1125,180,20,True,T1498.001 - Impact: Direct Network Flood,0.0002423890071916,{}
stochastic_normalized_fragility,stochastic_normalized_loo_fragility,303,110,1135,6.272686625015922,1135,180,20,True,T1036 - Defense Evasion: Masquerading,0.0002169891513399,{}
stochastic_normalized_fragility,stochastic_normalized_loo_fragility,303,111,1145,6.0042061660205945,1145,180,20,True,T1036 - Defense Evasion: Masquerading,0.0002363969877077,{}
stochastic_normalized_fragility,stochastic_normalized_loo_fragility,303,112,1155,6.277776416041888,1155,180,20,True,T1036 - Defense Evasion: Masquerading,0.0003211076273841,{}
stochastic_normalized_fragility,stochastic_normalized_loo_fragility,303,113,1165,6.242602874990553,1165,180,20,True,T1036 - Defense Evasion: Masquerading,0.000307013399557,{}
stochastic_normalized_fragility,stochastic_normalized_loo_fragility,303,114,1175,6.210211833007634,1175,180,20,True,T1036 - Defense Evasion: Masquerading,0.0004658834950381,{}
stochastic_normalized_fragility,stochastic_normalized_loo_fragility,303,115,1185,6.804912291932851,1185,180,20,True,T1583.005 - Resource Development: Acquire Botnet,0.0002971062651905,{}
stochastic_normalized_fragility,stochastic_normalized_loo_fragility,303,116,1195,7.281271667103283,1195,180,20,True,T1583.005 - Resource Development: Acquire Botnet,0.0001816392787208,{}
stochastic_normalized_fragility,stochastic_normalized_loo_fragility,303,117,1205,6.441190125071444,1205,180,20,True,T1583.005 - Resource Development: Acquire Botnet,0.000211396244781,{}
stochastic_normalized_fragility,stochastic_normalized_loo_fragility,303,118,1215,7.007804249995388,1215,180,20,True,T1036 - Defense Evasion: Masquerading,0.0002275099427997,{}
stochastic_normalized_fragility,stochastic_normalized_loo_fragility,303,119,1225,6.8790143330115825,1225,180,20,True,TA0011 - Command-and-Control,0.0004181736112982,{}
stochastic_normalized_fragility,stochastic_normalized_loo_fragility,303,120,1235,7.017791791004129,1235,180,20,True,T1583.005 - Resource Development: Acquire Botnet,0.0004443723036151,{}
stochastic_normalized_fragility,stochastic_normalized_loo_fragility,303,121,1245,6.828509290935472,1245,180,20,True,TA0011 - Command-and-Control,0.0006354525956944,{}
stochastic_normalized_fragility,stochastic_normalized_loo_fragility,303,122,1255,6.451204458950087,1255,180,20,True,T1036 - Defense Evasion: Masquerading,0.0005100744890763,{}
stochastic_normalized_fragility,stochastic_normalized_loo_fragility,303,123,1265,6.420783999958076,1265,180,20,True,T1036 - Defense Evasion: Masquerading,0.0005835542983439,{}
stochastic_normalized_fragility,stochastic_normalized_loo_fragility,303,124,1275,6.670771667035297,1275,180,20,True,T1583.005 - Resource Development: Acquire Botnet,0.0002654905213388,{}
stochastic_normalized_fragility,stochastic_normalized_loo_fragility,303,125,1285,6.920998957939446,1285,180,20,True,T1036 - Defense Evasion: Masquerading,0.0001890599583221,{}
stochastic_normalized_fragility,stochastic_normalized_loo_fragility,303,126,1295,7.469667749945074,1295,180,20,True,T1036 - Defense Evasion: Masquerading,0.0002038852074308,{}
stochastic_normalized_fragility,stochastic_normalized_loo_fragility,303,127,1305,6.512203874997795,1305,180,20,True,T1036 - Defense Evasion: Masquerading,0.0001726783381479,{}
stochastic_normalized_fragility,stochastic_normalized_loo_fragility,303,128,1315,7.237181500066072,1315,180,20,True,T1583.005 - Resource Development: Acquire Botnet,0.0001729194519026,{}
stochastic_normalized_fragility,stochastic_normalized_loo_fragility,303,129,1325,7.093247832963243,1325,180,20,True,T1583.005 - Resource Development: Acquire Botnet,0.0001725135978274,{}
stochastic_normalized_fragility,stochastic_normalized_loo_fragility,303,130,1335,7.034866583999246,1335,180,20,True,T1036 - Defense Evasion: Masquerading,0.0002167547360486,{}
stochastic_normalized_fragility,stochastic_normalized_loo_fragility,303,131,1345,7.204839749960229,1345,180,20,True,T1583.005 - Resource Development: Acquire Botnet,0.0001814345287581,{}
stochastic_normalized_fragility,stochastic_normalized_loo_fragility,303,132,1355,6.910672332975082,1355,180,20,True,T1036 - Defense Evasion: Masquerading,0.0002522911722633,{}
stochastic_normalized_fragility,stochastic_normalized_loo_fragility,303,133,1365,7.247843082994223,1365,180,20,True,T1036 - Defense Evasion: Masquerading,0.0002804462993138,{}
stochastic_normalized_fragility,stochastic_normalized_loo_fragility,303,134,1375,7.510373209021054,1375,180,20,True,T1036 - Defense Evasion: Masquerading,0.0002429759354065,{}
stochastic_normalized_fragility,stochastic_normalized_loo_fragility,303,135,1385,7.027241499978118,1385,180,20,True,T1036 - Defense Evasion: Masquerading,0.0002171188994137,{}
stochastic_normalized_fragility,stochastic_normalized_loo_fragility,303,136,1395,8.40708154195454,1395,180,20,True,T1036 - Defense Evasion: Masquerading,0.0001988064295921,{}
stochastic_normalized_fragility,stochastic_normalized_loo_fragility,303,137,1405,8.375773667008616,1405,180,20,True,T1036 - Defense Evasion: Masquerading,0.0002396010944091,{}
stochastic_normalized_fragility,stochastic_normalized_loo_fragility,303,138,1415,6.983613167074509,1415,180,20,True,T1583.005 - Resource Development: Acquire Botnet,0.000187170163038,{}
stochastic_normalized_fragility,stochastic_normalized_loo_fragility,303,139,1425,7.197931583039463,1425,180,20,True,T1036 - Defense Evasion: Masquerading,0.0002413227364599,{}
stochastic_normalized_fragility,stochastic_normalized_loo_fragility,303,140,1435,7.18579816701822,1435,180,20,True,T1583.005 - Resource Development: Acquire Botnet,0.0002799422736842,{}
stochastic_normalized_fragility,stochastic_normalized_loo_fragility,303,141,1445,8.263791000004858,1445,180,20,True,T1583.005 - Resource Development: Acquire Botnet,0.0003137927285699,{}
stochastic_normalized_fragility,stochastic_normalized_loo_fragility,303,142,1455,7.440954042016528,1455,180,20,True,T1583.005 - Resource Development: Acquire Botnet,0.0002423771224183,{}
stochastic_normalized_fragility,stochastic_normalized_loo_fragility,303,143,1465,10.183374874992296,1465,180,20,True,T1583.005 - Resource Development: Acquire Botnet,0.0003992799470751,{}
stochastic_normalized_fragility,stochastic_normalized_loo_fragility,303,144,1475,8.62303516594693,1475,180,20,True,T1036 - Defense Evasion: Masquerading,0.0002674968218097,{}
stochastic_normalized_fragility,stochastic_normalized_loo_fragility,303,145,1485,8.47475045803003,1485,180,20,True,T1584.005 - Resource Development: Build/Compromise Botnet,0.0002369177442989,{}
stochastic_normalized_fragility,stochastic_normalized_loo_fragility,303,146,1495,8.204004290979356,1495,180,20,True,T1036 - Defense Evasion: Masquerading,0.00024286220134,{}
stochastic_normalized_fragility,stochastic_normalized_loo_fragility,303,147,1505,7.174360791919753,1505,180,20,True,TA0011 - Command-and-Control,0.0004069073977917,{}
stochastic_normalized_fragility,stochastic_normalized_loo_fragility,303,148,1515,7.89559100009501,1515,180,20,True,TA0011 - Command-and-Control,0.0002621547127552,{}
stochastic_normalized_fragility,stochastic_normalized_loo_fragility,303,149,1525,7.395685542025603,1525,180,20,True,TA0011 - Command-and-Control,0.0003380544577001,{}
stochastic_normalized_fragility,stochastic_normalized_loo_fragility,303,150,1535,8.097662708023563,1535,180,20,True,T1036 - Defense Evasion: Masquerading,0.0002147011554414,{}
stochastic_normalized_fragility,stochastic_normalized_loo_fragility,303,151,1545,7.172562958090566,1545,180,20,True,T1036 - Defense Evasion: Masquerading,0.0001600223319472,{}
stochastic_normalized_fragility,stochastic_normalized_loo_fragility,303,152,1555,7.458586459048092,1555,180,20,True,T1036 - Defense Evasion: Masquerading,0.0001639191001808,{}
stochastic_normalized_fragility,stochastic_normalized_loo_fragility,303,153,1565,7.651324165984988,1565,180,20,True,T1583.005 - Resource Development: Acquire Botnet,0.0001744869738035,{}
stochastic_normalized_fragility,stochastic_normalized_loo_fragility,303,154,1575,7.357022834010422,1575,180,20,True,T1583.005 - Resource Development: Acquire Botnet,0.000180220767981,{}
stochastic_normalized_fragility,stochastic_normalized_loo_fragility,303,155,1585,8.508047749986872,1585,180,20,True,T1583.005 - Resource Development: Acquire Botnet,0.0001901427215002,{}
stochastic_normalized_fragility,stochastic_normalized_loo_fragility,303,156,1595,7.600334375048988,1595,180,20,True,T1583.005 - Resource Development: Acquire Botnet,0.0002085745695702,{}
stochastic_normalized_fragility,stochastic_normalized_loo_fragility,303,157,1605,7.417222416959703,1605,180,20,True,T1590 - Reconnaissance: Gather Victim Network Information,0.0004058134458066,{}
stochastic_normalized_fragility,stochastic_normalized_loo_fragility,303,158,1615,7.366228332975879,1615,180,20,True,T1036 - Defense Evasion: Masquerading,0.0002353447533978,{}
stochastic_normalized_fragility,stochastic_normalized_loo_fragility,303,159,1625,7.916106999968179,1625,180,20,True,TA0011 - Command-and-Control,0.0002094514563947,{}
stochastic_normalized_fragility,stochastic_normalized_loo_fragility,303,160,1635,7.765547749935649,1635,180,20,True,T1036 - Defense Evasion: Masquerading,0.0002866328241515,{}
stochastic_normalized_fragility,stochastic_normalized_loo_fragility,303,161,1645,7.489371375064366,1645,180,20,True,T1036 - Defense Evasion: Masquerading,0.000275973200763,{}
stochastic_normalized_fragility,stochastic_normalized_loo_fragility,303,162,1655,8.334586042095907,1655,180,20,True,T1036 - Defense Evasion: Masquerading,0.0002186586817849,{}
stochastic_normalized_fragility,stochastic_normalized_loo_fragility,303,163,1665,7.893143541994505,1665,180,20,True,T1036 - Defense Evasion: Masquerading,0.0003619837986382,{}
stochastic_normalized_fragility,stochastic_normalized_loo_fragility,303,164,1675,8.77298799995333,1675,180,20,True,T1036 - Defense Evasion: Masquerading,0.0002959884027501,{}
stochastic_normalized_fragility,stochastic_normalized_loo_fragility,303,165,1685,8.01768908300437,1685,180,20,True,T1036 - Defense Evasion: Masquerading,0.0002611236462283,{}
stochastic_normalized_fragility,stochastic_normalized_loo_fragility,303,166,1695,7.099377917009406,1695,180,20,True,T1584.005 - Resource Development: Build/Compromise Botnet,0.0002374547289289,{}
stochastic_normalized_fragility,stochastic_normalized_loo_fragility,303,167,1705,7.82646608306095,1705,180,20,True,T1584.005 - Resource Development: Build/Compromise Botnet,0.000326934125197,{}
stochastic_normalized_fragility,stochastic_normalized_loo_fragility,303,168,1715,7.880897541996092,1715,180,20,True,T1036 - Defense Evasion: Masquerading,0.0003038161781268,{}
stochastic_normalized_fragility,stochastic_normalized_loo_fragility,303,169,1725,8.455818915972486,1725,180,20,True,T1036 - Defense Evasion: Masquerading,0.00032830675967,{}
stochastic_normalized_fragility,stochastic_normalized_loo_fragility,303,170,1735,8.532231374992989,1735,180,20,True,T1583.005 - Resource Development: Acquire Botnet,0.0001804970103365,{}
stochastic_normalized_fragility,stochastic_normalized_loo_fragility,303,171,1745,7.807603916036896,1745,180,20,True,T1036 - Defense Evasion: Masquerading,0.0001968669614776,{}
stochastic_normalized_fragility,stochastic_normalized_loo_fragility,303,172,1755,7.6757482920074835,1755,180,20,True,T1036 - Defense Evasion: Masquerading,0.0002303852854304,{}
stochastic_normalized_fragility,stochastic_normalized_loo_fragility,303,173,1765,8.294496500049718,1765,180,20,True,T1583.005 - Resource Development: Acquire Botnet,0.0001773076676762,{}
stochastic_normalized_fragility,stochastic_normalized_loo_fragility,303,174,1775,8.535220166901127,1775,180,20,True,T1036 - Defense Evasion: Masquerading,0.0002542178890951,{}
stochastic_normalized_fragility,stochastic_normalized_loo_fragility,303,175,1785,8.401628874940798,1785,180,20,True,T1036 - Defense Evasion: Masquerading,0.0003618011878627,{}
stochastic_normalized_fragility,stochastic_normalized_loo_fragility,303,176,1795,8.496793665923178,1795,180,20,True,T1036 - Defense Evasion: Masquerading,0.0002161524123585,{}
stochastic_normalized_fragility,stochastic_normalized_loo_fragility,404,1,45,0.811007458018139,45,45,20,False,T1498.002 - Impact: Reflection/Amplification Attack,0.0005991293989104,{}
stochastic_normalized_fragility,stochastic_normalized_loo_fragility,404,2,55,1.0365737080574036,55,55,20,False,T1584.005 - Resource Development: Build/Compromise Botnet,0.0005784002704362,{}
stochastic_normalized_fragility,stochastic_normalized_loo_fragility,404,3,65,1.1036796249682084,65,65,20,False,T1498.002 - Impact: Reflection/Amplification Attack,0.0004513862842507,{}
stochastic_normalized_fragility,stochastic_normalized_loo_fragility,404,4,75,1.1434218341019005,75,75,20,False,T1583.005 - Resource Development: Acquire Botnet,0.000339035107186,{}
stochastic_normalized_fragility,stochastic_normalized_loo_fragility,404,5,85,1.5082500838907436,85,85,20,False,T1583.005 - Resource Development: Acquire Botnet,0.0001934757299988,{}
stochastic_normalized_fragility,stochastic_normalized_loo_fragility,404,6,95,1.7742924169870091,95,95,20,False,T1583.005 - Resource Development: Acquire Botnet,0.0002220373827964,{}
stochastic_normalized_fragility,stochastic_normalized_loo_fragility,404,7,105,1.862023500027135,105,105,20,False,T1583.005 - Resource Development: Acquire Botnet,0.000217809587581,{}
stochastic_normalized_fragility,stochastic_normalized_loo_fragility,404,8,115,2.100703292060643,115,115,20,False,T1583.005 - Resource Development: Acquire Botnet,0.0002470685300494,{}
stochastic_normalized_fragility,stochastic_normalized_loo_fragility,404,9,125,2.4420149999205023,125,125,20,False,T1583.005 - Resource Development: Acquire Botnet,0.0002112732277967,{}
stochastic_normalized_fragility,stochastic_normalized_loo_fragility,404,10,135,2.323400374967605,135,135,20,False,T1583.005 - Resource Development: Acquire Botnet,0.0002412083096579,{}
stochastic_normalized_fragility,stochastic_normalized_loo_fragility,404,11,145,2.439840624923818,145,143,20,True,T1583.005 - Resource Development: Acquire Botnet,0.0002619250576266,{}
stochastic_normalized_fragility,stochastic_normalized_loo_fragility,404,12,155,2.6701231250772253,155,153,20,True,T1583.005 - Resource Development: Acquire Botnet,0.0003587859185079,{}
stochastic_normalized_fragility,stochastic_normalized_loo_fragility,404,13,165,2.8939688749378547,165,158,20,True,T1036 - Defense Evasion: Masquerading,0.000269385067844,{}
stochastic_normalized_fragility,stochastic_normalized_loo_fragility,404,14,175,4.316887625027448,175,165,20,True,T1583.005 - Resource Development: Acquire Botnet,0.0001851658283087,{}
stochastic_normalized_fragility,stochastic_normalized_loo_fragility,404,15,185,3.488937749993056,185,170,20,True,T1036 - Defense Evasion: Masquerading,0.0001708788132466,{}
stochastic_normalized_fragility,stochastic_normalized_loo_fragility,404,16,195,3.4302409579977393,195,174,20,True,T1036 - Defense Evasion: Masquerading,0.0001716194339537,{}
stochastic_normalized_fragility,stochastic_normalized_loo_fragility,404,17,205,3.3132800419116393,205,176,20,True,T1583.005 - Resource Development: Acquire Botnet,0.0001610452463754,{}
stochastic_normalized_fragility,stochastic_normalized_loo_fragility,404,18,215,3.5554847499588504,215,177,20,True,T1036 - Defense Evasion: Masquerading,0.0001840008829726,{}
stochastic_normalized_fragility,stochastic_normalized_loo_fragility,404,19,225,3.707579915993847,225,178,20,True,TA0011 - Command-and-Control,0.0002492509972284,{}
stochastic_normalized_fragility,stochastic_normalized_loo_fragility,404,20,235,3.624445207999088,235,178,20,True,T1036 - Defense Evasion: Masquerading,0.0001922277676672,{}
stochastic_normalized_fragility,stochastic_normalized_loo_fragility,404,21,245,3.701893166056834,245,180,20,True,TA0011 - Command-and-Control,0.0002449244228004,{}
stochastic_normalized_fragility,stochastic_normalized_loo_fragility,404,22,255,3.778436666005291,255,180,20,True,T1583.005 - Resource Development: Acquire Botnet,0.0002511644128044,{}
stochastic_normalized_fragility,stochastic_normalized_loo_fragility,404,23,265,4.185671249986626,265,180,20,True,TA0011 - Command-and-Control,0.0002416683533235,{}
stochastic_normalized_fragility,stochastic_normalized_loo_fragility,404,24,275,3.9688769170315936,275,180,20,True,TA0011 - Command-and-Control,0.0003025196490647,{}
stochastic_normalized_fragility,stochastic_normalized_loo_fragility,404,25,285,3.924693249980919,285,180,20,True,TA0011 - Command-and-Control,0.000457333993081,{}
stochastic_normalized_fragility,stochastic_normalized_loo_fragility,404,26,295,3.8508395419921726,295,180,20,True,TA0011 - Command-and-Control,0.0005993774555902,{}
stochastic_normalized_fragility,stochastic_normalized_loo_fragility,404,27,305,3.90036395797506,305,180,20,True,T1583.005 - Resource Development: Acquire Botnet,0.000216798617583,{}
stochastic_normalized_fragility,stochastic_normalized_loo_fragility,404,28,315,4.06802725000307,315,180,20,True,T1583.005 - Resource Development: Acquire Botnet,0.0002321351706817,{}
stochastic_normalized_fragility,stochastic_normalized_loo_fragility,404,29,325,4.092725207912736,325,180,20,True,T1036 - Defense Evasion: Masquerading,0.0001936154060267,{}
stochastic_normalized_fragility,stochastic_normalized_loo_fragility,404,30,335,4.02191833301913,335,180,20,True,T1583.005 - Resource Development: Acquire Botnet,0.0002223648022494,{}
stochastic_normalized_fragility,stochastic_normalized_loo_fragility,404,31,345,4.357109542004764,345,180,20,True,T1583.005 - Resource Development: Acquire Botnet,0.0002501484770734,{}
stochastic_normalized_fragility,stochastic_normalized_loo_fragility,404,32,355,4.517459042021073,355,180,20,True,T1583.005 - Resource Development: Acquire Botnet,0.0002065003656671,{}
stochastic_normalized_fragility,stochastic_normalized_loo_fragility,404,33,365,4.370700625004247,365,180,20,True,T1583.005 - Resource Development: Acquire Botnet,0.0002135089045192,{}
stochastic_normalized_fragility,stochastic_normalized_loo_fragility,404,34,375,4.505665875039995,375,180,20,True,T1583.005 - Resource Development: Acquire Botnet,0.0001878864008437,{}
stochastic_normalized_fragility,stochastic_normalized_loo_fragility,404,35,385,4.4819967079674825,385,180,20,True,T1036 - Defense Evasion: Masquerading,0.0002987775166005,{}
stochastic_normalized_fragility,stochastic_normalized_loo_fragility,404,36,395,4.198563499958254,395,180,20,True,T1036 - Defense Evasion: Masquerading,0.0001928180911928,{}
stochastic_normalized_fragility,stochastic_normalized_loo_fragility,404,37,405,4.201932791969739,405,180,20,True,T1036 - Defense Evasion: Masquerading,0.0002379520562108,{}
stochastic_normalized_fragility,stochastic_normalized_loo_fragility,404,38,415,4.698256999952719,415,180,20,True,T1583.005 - Resource Development: Acquire Botnet,0.0002452614325346,{}
stochastic_normalized_fragility,stochastic_normalized_loo_fragility,404,39,425,4.823056292021647,425,180,20,True,T1583.005 - Resource Development: Acquire Botnet,0.0002070978357645,{}
stochastic_normalized_fragility,stochastic_normalized_loo_fragility,404,40,435,4.4114668329712,435,180,20,True,T1036 - Defense Evasion: Masquerading,0.0001893813422482,{}
stochastic_normalized_fragility,stochastic_normalized_loo_fragility,404,41,445,4.3428756250068545,445,180,20,True,T1583.005 - Resource Development: Acquire Botnet,0.0002041279842805,{}
stochastic_normalized_fragility,stochastic_normalized_loo_fragility,404,42,455,4.467901042080484,455,180,20,True,T1036 - Defense Evasion: Masquerading,0.0001959475779375,{}
stochastic_normalized_fragility,stochastic_normalized_loo_fragility,404,43,465,4.175315750064328,465,180,20,True,TA0011 - Command-and-Control,0.0002598786122812,{}
stochastic_normalized_fragility,stochastic_normalized_loo_fragility,404,44,475,4.389510334003717,475,180,20,True,T1583.005 - Resource Development: Acquire Botnet,0.0001849123652391,{}
stochastic_normalized_fragility,stochastic_normalized_loo_fragility,404,45,485,5.3237828749697655,485,180,20,True,T1498.001 - Impact: Direct Network Flood,0.0002086951821611,{}
stochastic_normalized_fragility,stochastic_normalized_loo_fragility,404,46,495,4.65757037489675,495,180,20,True,T1583.005 - Resource Development: Acquire Botnet,0.0002788401468631,{}
stochastic_normalized_fragility,stochastic_normalized_loo_fragility,404,47,505,4.966742167016491,505,180,20,True,T1584.005 - Resource Development: Build/Compromise Botnet,0.0003086843883868,{}
stochastic_normalized_fragility,stochastic_normalized_loo_fragility,404,48,515,4.65776916698087,515,180,20,True,T1036 - Defense Evasion: Masquerading,0.000240241311432,{}
stochastic_normalized_fragility,stochastic_normalized_loo_fragility,404,49,525,4.828485417063348,525,180,20,True,T1036 - Defense Evasion: Masquerading,0.0003176781230124,{}
stochastic_normalized_fragility,stochastic_normalized_loo_fragility,404,50,535,4.588930500089191,535,180,20,True,T1036 - Defense Evasion: Masquerading,0.0003770552794424,{}
stochastic_normalized_fragility,stochastic_normalized_loo_fragility,404,51,545,4.168035792070441,545,180,20,True,T1036 - Defense Evasion: Masquerading,0.0002433079881453,{}
stochastic_normalized_fragility,stochastic_normalized_loo_fragility,404,52,555,4.863481916952878,555,180,20,True,T1036 - Defense Evasion: Masquerading,0.0002419316840212,{}
stochastic_normalized_fragility,stochastic_normalized_loo_fragility,404,53,565,4.272075042012148,565,180,20,True,TA0011 - Command-and-Control,0.0001703309310982,{}
stochastic_normalized_fragility,stochastic_normalized_loo_fragility,404,54,575,4.652081707958132,575,180,20,True,T1584.005 - Resource Development: Build/Compromise Botnet,0.0001805293918478,{}
stochastic_normalized_fragility,stochastic_normalized_loo_fragility,404,55,585,5.19342258409597,585,180,20,True,TA0011 - Command-and-Control,0.000281248543186,{}
stochastic_normalized_fragility,stochastic_normalized_loo_fragility,404,56,595,4.7389438330428675,595,180,20,True,T1583.005 - Resource Development: Acquire Botnet,0.0002690214140878,{}
stochastic_normalized_fragility,stochastic_normalized_loo_fragility,404,57,605,4.596039708005264,605,180,20,True,T1036 - Defense Evasion: Masquerading,0.0002414016600022,{}
stochastic_normalized_fragility,stochastic_normalized_loo_fragility,404,58,615,4.775338792009279,615,180,20,True,T1583.005 - Resource Development: Acquire Botnet,0.0002296157459621,{}
stochastic_normalized_fragility,stochastic_normalized_loo_fragility,404,59,625,4.666430208017118,625,180,20,True,T1583.005 - Resource Development: Acquire Botnet,0.0001980155854909,{}
stochastic_normalized_fragility,stochastic_normalized_loo_fragility,404,60,635,4.890388874919154,635,180,20,True,T1583.005 - Resource Development: Acquire Botnet,0.000203513039219,{}
stochastic_normalized_fragility,stochastic_normalized_loo_fragility,404,61,645,4.687389416969381,645,180,20,True,T1498.002 - Impact: Reflection/Amplification Attack,0.0002050929599571,{}
stochastic_normalized_fragility,stochastic_normalized_loo_fragility,404,62,655,5.505401499918662,655,180,20,True,T1583.005 - Resource Development: Acquire Botnet,0.0003010628008798,{}
stochastic_normalized_fragility,stochastic_normalized_loo_fragility,404,63,665,5.080778250005096,665,180,20,True,TA0011 - Command-and-Control,0.0003121676890205,{}
stochastic_normalized_fragility,stochastic_normalized_loo_fragility,404,64,675,4.684112292015925,675,180,20,True,T1583.005 - Resource Development: Acquire Botnet,0.0001853437848886,{}
stochastic_normalized_fragility,stochastic_normalized_loo_fragility,404,65,685,4.688276041997597,685,180,20,True,T1583.005 - Resource Development: Acquire Botnet,0.0001993188867512,{}
stochastic_normalized_fragility,stochastic_normalized_loo_fragility,404,66,695,4.865130416001193,695,180,20,True,T1036 - Defense Evasion: Masquerading,0.0002261305978884,{}
stochastic_normalized_fragility,stochastic_normalized_loo_fragility,404,67,705,4.926434000022709,705,180,20,True,T1583.005 - Resource Development: Acquire Botnet,0.0002914192241318,{}
stochastic_normalized_fragility,stochastic_normalized_loo_fragility,404,68,715,4.8698340830160305,715,180,20,True,T1036 - Defense Evasion: Masquerading,0.0002813371240595,{}
stochastic_normalized_fragility,stochastic_normalized_loo_fragility,404,69,725,5.632696000044234,725,180,20,True,T1036 - Defense Evasion: Masquerading,0.0001909294100742,{}
stochastic_normalized_fragility,stochastic_normalized_loo_fragility,404,70,735,4.929599083028734,735,180,20,True,T1595 - Reconnaissance: Active Scanning,0.0002820653284441,{}
stochastic_normalized_fragility,stochastic_normalized_loo_fragility,404,71,745,4.7437163749709725,745,180,20,True,TA0011 - Command-and-Control,0.0003241387247616,{}
stochastic_normalized_fragility,stochastic_normalized_loo_fragility,404,72,755,4.80721087497659,755,180,20,True,TA0011 - Command-and-Control,0.0003163026169791,{}
stochastic_normalized_fragility,stochastic_normalized_loo_fragility,404,73,765,5.41803129191976,765,180,20,True,T1583.005 - Resource Development: Acquire Botnet,0.0002413112375511,{}
stochastic_normalized_fragility,stochastic_normalized_loo_fragility,404,74,775,5.137866707984358,775,180,20,True,TA0011 - Command-and-Control,0.0003378229107773,{}
stochastic_normalized_fragility,stochastic_normalized_loo_fragility,404,75,785,5.6662029169965535,785,180,20,True,TA0011 - Command-and-Control,0.0002351713377708,{}
stochastic_normalized_fragility,stochastic_normalized_loo_fragility,404,76,795,5.1761165000498295,795,180,20,True,TA0011 - Command-and-Control,0.000194036392035,{}
stochastic_normalized_fragility,stochastic_normalized_loo_fragility,404,77,805,5.023467207909562,805,180,20,True,T1036 - Defense Evasion: Masquerading,0.0002002733475789,{}
stochastic_normalized_fragility,stochastic_normalized_loo_fragility,404,78,815,5.029772500041872,815,180,20,True,T1036 - Defense Evasion: Masquerading,0.0003151853917239,{}
stochastic_normalized_fragility,stochastic_normalized_loo_fragility,404,79,825,5.0610954579897225,825,180,20,True,T1036 - Defense Evasion: Masquerading,0.0002299730151329,{}
stochastic_normalized_fragility,stochastic_normalized_loo_fragility,404,80,835,4.868862624978647,835,180,20,True,T1036 - Defense Evasion: Masquerading,0.0002777024201388,{}
stochastic_normalized_fragility,stochastic_normalized_loo_fragility,404,81,845,4.960193041013554,845,180,20,True,T1036 - Defense Evasion: Masquerading,0.0003486689575401,{}
stochastic_normalized_fragility,stochastic_normalized_loo_fragility,404,82,855,5.461007290985435,855,180,20,True,TA0011 - Command-and-Control,0.0002801884918301,{}
stochastic_normalized_fragility,stochastic_normalized_loo_fragility,404,83,865,5.251357208006084,865,180,20,True,T1036 - Defense Evasion: Masquerading,0.0004028964895292,{}
stochastic_normalized_fragility,stochastic_normalized_loo_fragility,404,84,875,5.073220500024036,875,180,20,True,T1590 - Reconnaissance: Gather Victim Network Information,0.0002401075824954,{}
stochastic_normalized_fragility,stochastic_normalized_loo_fragility,404,85,885,5.522553583025001,885,180,20,True,T1590 - Reconnaissance: Gather Victim Network Information,0.0003386410531635,{}
stochastic_normalized_fragility,stochastic_normalized_loo_fragility,404,86,895,5.42039945803117,895,180,20,True,T1590 - Reconnaissance: Gather Victim Network Information,0.0003520917361463,{}
stochastic_normalized_fragility,stochastic_normalized_loo_fragility,404,87,905,5.455185499973595,905,180,20,True,T1595 - Reconnaissance: Active Scanning,0.0002998245690708,{}
stochastic_normalized_fragility,stochastic_normalized_loo_fragility,404,88,915,5.011638082913123,915,180,20,True,T1036 - Defense Evasion: Masquerading,0.0002195107001687,{}
stochastic_normalized_fragility,stochastic_normalized_loo_fragility,404,89,925,5.695540874963626,925,180,20,True,T1036 - Defense Evasion: Masquerading,0.0001800529056584,{}
stochastic_normalized_fragility,stochastic_normalized_loo_fragility,404,90,935,4.937002000049688,935,180,20,True,T1583.005 - Resource Development: Acquire Botnet,0.0001897652674336,{}
stochastic_normalized_fragility,stochastic_normalized_loo_fragility,404,91,945,4.972151666064747,945,180,20,True,T1036 - Defense Evasion: Masquerading,0.0002535338790181,{}
stochastic_normalized_fragility,stochastic_normalized_loo_fragility,404,92,955,5.174174083978869,955,180,20,True,T1583.005 - Resource Development: Acquire Botnet,0.0001837301004973,{}
stochastic_normalized_fragility,stochastic_normalized_loo_fragility,404,93,965,5.254565791925415,965,180,20,True,T1583.005 - Resource Development: Acquire Botnet,0.0001953607341344,{}
stochastic_normalized_fragility,stochastic_normalized_loo_fragility,404,94,975,5.450624166987836,975,180,20,True,T1595 - Reconnaissance: Active Scanning,0.0005296005592513,{}
stochastic_normalized_fragility,stochastic_normalized_loo_fragility,404,95,985,5.39724991703406,985,180,20,True,TA0011 - Command-and-Control,0.0003842601303444,{}
stochastic_normalized_fragility,stochastic_normalized_loo_fragility,404,96,995,5.609022833989002,995,180,20,True,TA0011 - Command-and-Control,0.0003861320760029,{}
stochastic_normalized_fragility,stochastic_normalized_loo_fragility,404,97,1005,5.8033901249291375,1005,180,20,True,T1036 - Defense Evasion: Masquerading,0.0002083165487563,{}
stochastic_normalized_fragility,stochastic_normalized_loo_fragility,404,98,1015,5.539340166025795,1015,180,20,True,T1595 - Reconnaissance: Active Scanning,0.0002046021072591,{}
stochastic_normalized_fragility,stochastic_normalized_loo_fragility,404,99,1025,5.4393622080096975,1025,180,20,True,T1036 - Defense Evasion: Masquerading,0.0002439811338877,{}
stochastic_normalized_fragility,stochastic_normalized_loo_fragility,404,100,1035,5.573414209065959,1035,180,20,True,T1036 - Defense Evasion: Masquerading,0.0002240122862812,{}
stochastic_normalized_fragility,stochastic_normalized_loo_fragility,404,101,1045,6.070907125016674,1045,180,20,True,T1036 - Defense Evasion: Masquerading,0.0002355733378569,{}
stochastic_normalized_fragility,stochastic_normalized_loo_fragility,404,102,1055,5.553828374948353,1055,180,20,True,T1498.002 - Impact: Reflection/Amplification Attack,0.0002705412159791,{}
stochastic_normalized_fragility,stochastic_normalized_loo_fragility,404,103,1065,6.033055000007153,1065,180,20,True,T1498.002 - Impact: Reflection/Amplification Attack,0.0002857986240079,{}
stochastic_normalized_fragility,stochastic_normalized_loo_fragility,404,104,1075,5.870221167104319,1075,180,20,True,T1498.002 - Impact: Reflection/Amplification Attack,0.0005120664353865,{}
stochastic_normalized_fragility,stochastic_normalized_loo_fragility,404,105,1085,5.553671624977142,1085,180,20,True,T1036 - Defense Evasion: Masquerading,0.0002932341440481,{}
stochastic_normalized_fragility,stochastic_normalized_loo_fragility,404,106,1095,5.711128166993149,1095,180,20,True,T1498.002 - Impact: Reflection/Amplification Attack,0.000321936707061,{}
stochastic_normalized_fragility,stochastic_normalized_loo_fragility,404,107,1105,6.102695958106779,1105,180,20,True,T1036 - Defense Evasion: Masquerading,0.0003046383351677,{}
stochastic_normalized_fragility,stochastic_normalized_loo_fragility,404,108,1115,6.005080915987492,1115,180,20,True,T1036 - Defense Evasion: Masquerading,0.0002635744844649,{}
stochastic_normalized_fragility,stochastic_normalized_loo_fragility,404,109,1125,6.296070332988165,1125,180,20,True,TA0011 - Command-and-Control,0.0001881319126056,{}
stochastic_normalized_fragility,stochastic_normalized_loo_fragility,404,110,1135,6.43577937502414,1135,180,20,True,TA0011 - Command-and-Control,0.0002474773394428,{}
stochastic_normalized_fragility,stochastic_normalized_loo_fragility,404,111,1145,6.055213666986674,1145,180,20,True,T1036 - Defense Evasion: Masquerading,0.0003268106844957,{}
stochastic_normalized_fragility,stochastic_normalized_loo_fragility,404,112,1155,6.397648375015706,1155,180,20,True,T1036 - Defense Evasion: Masquerading,0.000278748434288,{}
stochastic_normalized_fragility,stochastic_normalized_loo_fragility,404,113,1165,5.987323459004983,1165,180,20,True,T1036 - Defense Evasion: Masquerading,0.0003388662303063,{}
stochastic_normalized_fragility,stochastic_normalized_loo_fragility,404,114,1175,6.244022167054936,1175,180,20,True,T1036 - Defense Evasion: Masquerading,0.0004077435270511,{}
stochastic_normalized_fragility,stochastic_normalized_loo_fragility,404,115,1185,6.446124874986708,1185,180,20,True,T1036 - Defense Evasion: Masquerading,0.0003477428668927,{}
stochastic_normalized_fragility,stochastic_normalized_loo_fragility,404,116,1195,7.494782207999378,1195,180,20,True,T1036 - Defense Evasion: Masquerading,0.0003541589860143,{}
stochastic_normalized_fragility,stochastic_normalized_loo_fragility,404,117,1205,6.315172333037481,1205,180,20,True,T1583.005 - Resource Development: Acquire Botnet,0.0004191468750187,{}
stochastic_normalized_fragility,stochastic_normalized_loo_fragility,404,118,1215,6.4611041250173,1215,180,20,True,T1583.005 - Resource Development: Acquire Botnet,0.0002998480518824,{}
stochastic_normalized_fragility,stochastic_normalized_loo_fragility,404,119,1225,7.301072083995677,1225,180,20,True,T1583.005 - Resource Development: Acquire Botnet,0.0003053003958313,{}
stochastic_normalized_fragility,stochastic_normalized_loo_fragility,404,120,1235,6.5454512080177665,1235,180,20,True,T1583.005 - Resource Development: Acquire Botnet,0.0001827745836102,{}
stochastic_normalized_fragility,stochastic_normalized_loo_fragility,404,121,1245,7.600197333027609,1245,180,20,True,T1036 - Defense Evasion: Masquerading,0.0004774969449226,{}
stochastic_normalized_fragility,stochastic_normalized_loo_fragility,404,122,1255,6.575237415963784,1255,180,20,True,T1583.005 - Resource Development: Acquire Botnet,0.0002348551289741,{}
stochastic_normalized_fragility,stochastic_normalized_loo_fragility,404,123,1265,6.666728082927875,1265,180,20,True,T1583.005 - Resource Development: Acquire Botnet,0.0003817302606751,{}
stochastic_normalized_fragility,stochastic_normalized_loo_fragility,404,124,1275,6.692386374925263,1275,180,20,True,T1036 - Defense Evasion: Masquerading,0.0001895787466904,{}
stochastic_normalized_fragility,stochastic_normalized_loo_fragility,404,125,1285,6.899402124923654,1285,180,20,True,T1583.005 - Resource Development: Acquire Botnet,0.0002333331471682,{}
stochastic_normalized_fragility,stochastic_normalized_loo_fragility,404,126,1295,7.540845957933925,1295,180,20,True,T1595 - Reconnaissance: Active Scanning,0.0003983745464289,{}
stochastic_normalized_fragility,stochastic_normalized_loo_fragility,404,127,1305,7.2776934170397,1305,180,20,True,TA0011 - Command-and-Control,0.0004448213759683,{}
stochastic_normalized_fragility,stochastic_normalized_loo_fragility,404,128,1315,6.586697291932069,1315,180,20,True,T1036 - Defense Evasion: Masquerading,0.0002930564144386,{}
stochastic_normalized_fragility,stochastic_normalized_loo_fragility,404,129,1325,7.090509417001158,1325,180,20,True,T1036 - Defense Evasion: Masquerading,0.0003002932727523,{}
stochastic_normalized_fragility,stochastic_normalized_loo_fragility,404,130,1335,6.501026459038258,1335,180,20,True,T1036 - Defense Evasion: Masquerading,0.0002637792379995,{}
stochastic_normalized_fragility,stochastic_normalized_loo_fragility,404,131,1345,7.24124716699589,1345,180,20,True,T1583.005 - Resource Development: Acquire Botnet,0.0002300199768099,{}
stochastic_normalized_fragility,stochastic_normalized_loo_fragility,404,132,1355,6.986903292010538,1355,180,20,True,T1036 - Defense Evasion: Masquerading,0.0001991704822545,{}
stochastic_normalized_fragility,stochastic_normalized_loo_fragility,404,133,1365,6.9767220000503585,1365,180,20,True,TA0011 - Command-and-Control,0.0002968261701769,{}
stochastic_normalized_fragility,stochastic_normalized_loo_fragility,404,134,1375,7.190782958990894,1375,180,20,True,T1571 - Defense Evasion: Non-Standard Port,0.0002698232203978,{}
stochastic_normalized_fragility,stochastic_normalized_loo_fragility,404,135,1385,6.821850458043627,1385,180,20,True,T1584.005 - Resource Development: Build/Compromise Botnet,0.0002211057866239,{}
stochastic_normalized_fragility,stochastic_normalized_loo_fragility,404,136,1395,7.536470916005783,1395,180,20,True,T1590 - Reconnaissance: Gather Victim Network Information,0.0002887071026334,{}
stochastic_normalized_fragility,stochastic_normalized_loo_fragility,404,137,1405,8.728110124939121,1405,180,20,True,T1590 - Reconnaissance: Gather Victim Network Information,0.0002550342391853,{}
stochastic_normalized_fragility,stochastic_normalized_loo_fragility,404,138,1415,7.289909042068757,1415,180,20,True,T1590 - Reconnaissance: Gather Victim Network Information,0.0002384379212741,{}
stochastic_normalized_fragility,stochastic_normalized_loo_fragility,404,139,1425,7.025946000008844,1425,180,20,True,T1036 - Defense Evasion: Masquerading,0.0002451900384883,{}
stochastic_normalized_fragility,stochastic_normalized_loo_fragility,404,140,1435,7.354598833015189,1435,180,20,True,T1590 - Reconnaissance: Gather Victim Network Information,0.0002072643882476,{}
stochastic_normalized_fragility,stochastic_normalized_loo_fragility,404,141,1445,7.96766662504524,1445,180,20,True,T1583.005 - Resource Development: Acquire Botnet,0.0001768680069977,{}
stochastic_normalized_fragility,stochastic_normalized_loo_fragility,404,142,1455,7.471735875005834,1455,180,20,True,T1590 - Reconnaissance: Gather Victim Network Information,0.0001884625714648,{}
stochastic_normalized_fragility,stochastic_normalized_loo_fragility,404,143,1465,7.578799083014019,1465,180,20,True,T1498.002 - Impact: Reflection/Amplification Attack,0.0001800407974488,{}
stochastic_normalized_fragility,stochastic_normalized_loo_fragility,404,144,1475,11.20899537508376,1475,180,20,True,T1590 - Reconnaissance: Gather Victim Network Information,0.0003742771070941,{}
stochastic_normalized_fragility,stochastic_normalized_loo_fragility,404,145,1485,7.758138166042045,1485,180,20,True,T1036 - Defense Evasion: Masquerading,0.0007568340654035,{}
stochastic_normalized_fragility,stochastic_normalized_loo_fragility,404,146,1495,8.827712832950056,1495,180,20,True,T1036 - Defense Evasion: Masquerading,0.000522976902781,{}
stochastic_normalized_fragility,stochastic_normalized_loo_fragility,404,147,1505,7.563824916956946,1505,180,20,True,T1036 - Defense Evasion: Masquerading,0.0006233730628571,{}
stochastic_normalized_fragility,stochastic_normalized_loo_fragility,404,148,1515,7.25978566694539,1515,180,20,True,T1583.005 - Resource Development: Acquire Botnet,0.0003878109164412,{}
stochastic_normalized_fragility,stochastic_normalized_loo_fragility,404,149,1525,7.930660833022557,1525,180,20,True,T1036 - Defense Evasion: Masquerading,0.0002910645714541,{}
stochastic_normalized_fragility,stochastic_normalized_loo_fragility,404,150,1535,7.891963499947451,1535,180,20,True,T1036 - Defense Evasion: Masquerading,0.0002077379990237,{}
stochastic_normalized_fragility,stochastic_normalized_loo_fragility,404,151,1545,7.789164499961771,1545,180,20,True,T1583.005 - Resource Development: Acquire Botnet,0.0002458889553365,{}
stochastic_normalized_fragility,stochastic_normalized_loo_fragility,404,152,1555,7.7792149590095505,1555,180,20,True,T1595 - Reconnaissance: Active Scanning,0.0002535601915366,{}
stochastic_normalized_fragility,stochastic_normalized_loo_fragility,404,153,1565,7.093767500016838,1565,180,20,True,T1583.005 - Resource Development: Acquire Botnet,0.0002669787354767,{}
stochastic_normalized_fragility,stochastic_normalized_loo_fragility,404,154,1575,7.542672000010498,1575,180,20,True,T1036 - Defense Evasion: Masquerading,0.000213420202904,{}
stochastic_normalized_fragility,stochastic_normalized_loo_fragility,404,155,1585,8.040379124926403,1585,180,20,True,T1036 - Defense Evasion: Masquerading,0.0001887318083535,{}
stochastic_normalized_fragility,stochastic_normalized_loo_fragility,404,156,1595,7.627620249986649,1595,180,20,True,T1583.005 - Resource Development: Acquire Botnet,0.0002647437465796,{}
stochastic_normalized_fragility,stochastic_normalized_loo_fragility,404,157,1605,7.850218999898061,1605,180,20,True,TA0011 - Command-and-Control,0.0002518545554648,{}
stochastic_normalized_fragility,stochastic_normalized_loo_fragility,404,158,1615,7.529770958004519,1615,180,20,True,T1583.005 - Resource Development: Acquire Botnet,0.0003308657162004,{}
stochastic_normalized_fragility,stochastic_normalized_loo_fragility,404,159,1625,7.565115500008687,1625,180,20,True,T1583.005 - Resource Development: Acquire Botnet,0.0002902863256334,{}
stochastic_normalized_fragility,stochastic_normalized_loo_fragility,404,160,1635,8.357909000013024,1635,180,20,True,T1036 - Defense Evasion: Masquerading,0.000301707278236,{}
stochastic_normalized_fragility,stochastic_normalized_loo_fragility,404,161,1645,7.537342208088376,1645,180,20,True,T1583.005 - Resource Development: Acquire Botnet,0.0003793287118127,{}
stochastic_normalized_fragility,stochastic_normalized_loo_fragility,404,162,1655,8.272039707982913,1655,180,20,True,T1583.005 - Resource Development: Acquire Botnet,0.0003495515429076,{}
stochastic_normalized_fragility,stochastic_normalized_loo_fragility,404,163,1665,7.708891791058704,1665,180,20,True,T1583.005 - Resource Development: Acquire Botnet,0.0003867759151031,{}
stochastic_normalized_fragility,stochastic_normalized_loo_fragility,404,164,1675,9.000050542061217,1675,180,20,True,T1583.005 - Resource Development: Acquire Botnet,0.0003859502587079,{}
stochastic_normalized_fragility,stochastic_normalized_loo_fragility,404,165,1685,8.054291666019708,1685,180,20,True,T1583.005 - Resource Development: Acquire Botnet,0.0003920053592295,{}
stochastic_normalized_fragility,stochastic_normalized_loo_fragility,404,166,1695,7.301867124973796,1695,180,20,True,T1595 - Reconnaissance: Active Scanning,0.0003437735721858,{}
stochastic_normalized_fragility,stochastic_normalized_loo_fragility,404,167,1705,7.662758416030556,1705,180,20,True,T1583.005 - Resource Development: Acquire Botnet,0.0003143208339983,{}
stochastic_normalized_fragility,stochastic_normalized_loo_fragility,404,168,1715,7.757498125080019,1715,180,20,True,T1583.005 - Resource Development: Acquire Botnet,0.0002893453869241,{}
stochastic_normalized_fragility,stochastic_normalized_loo_fragility,404,169,1725,8.670712624909356,1725,180,20,True,T1595 - Reconnaissance: Active Scanning,0.0002842862872418,{}
stochastic_normalized_fragility,stochastic_normalized_loo_fragility,404,170,1735,7.886597040924244,1735,180,20,True,T1583.005 - Resource Development: Acquire Botnet,0.0002873100220535,{}
stochastic_normalized_fragility,stochastic_normalized_loo_fragility,404,171,1745,7.939018292003311,1745,180,20,True,T1583.005 - Resource Development: Acquire Botnet,0.0002570295827561,{}
stochastic_normalized_fragility,stochastic_normalized_loo_fragility,404,172,1755,8.091753792017698,1755,180,20,True,T1595 - Reconnaissance: Active Scanning,0.000232144218521,{}
stochastic_normalized_fragility,stochastic_normalized_loo_fragility,404,173,1765,8.438779292046092,1765,180,20,True,T1036 - Defense Evasion: Masquerading,0.0002572196710635,{}
stochastic_normalized_fragility,stochastic_normalized_loo_fragility,404,174,1775,8.6802843749756,1775,180,20,True,T1036 - Defense Evasion: Masquerading,0.0003131459271744,{}
stochastic_normalized_fragility,stochastic_normalized_loo_fragility,404,175,1785,7.863126000040211,1785,180,20,True,T1036 - Defense Evasion: Masquerading,0.000284566968357,{}
stochastic_normalized_fragility,stochastic_normalized_loo_fragility,404,176,1795,8.863689917023294,1795,180,20,True,T1036 - Defense Evasion: Masquerading,0.0002517416588273,{}
stochastic_normalized_fragility,stochastic_normalized_loo_fragility,505,1,45,0.8168267079163343,45,45,20,False,T1584.005 - Resource Development: Build/Compromise Botnet,0.000536059919501,{}
stochastic_normalized_fragility,stochastic_normalized_loo_fragility,505,2,55,1.026298249955289,55,55,20,False,T1498.002 - Impact: Reflection/Amplification Attack,0.0005056847848945,{}
stochastic_normalized_fragility,stochastic_normalized_loo_fragility,505,3,65,0.9589193749707192,65,65,20,False,T1590 - Reconnaissance: Gather Victim Network Information,0.0004946316785894,{}
stochastic_normalized_fragility,stochastic_normalized_loo_fragility,505,4,75,1.2876103339949625,75,75,20,False,T1584.005 - Resource Development: Build/Compromise Botnet,0.0003662035693989,{}
stochastic_normalized_fragility,stochastic_normalized_loo_fragility,505,5,85,1.522827791981399,85,85,20,False,T1583.005 - Resource Development: Acquire Botnet,0.0002257444823533,{}
stochastic_normalized_fragility,stochastic_normalized_loo_fragility,505,6,95,1.768030249979347,95,95,20,False,T1583.005 - Resource Development: Acquire Botnet,0.0003027088843365,{}
stochastic_normalized_fragility,stochastic_normalized_loo_fragility,505,7,105,1.9730485000181943,105,105,20,False,T1583.005 - Resource Development: Acquire Botnet,0.0003424601018981,{}
stochastic_normalized_fragility,stochastic_normalized_loo_fragility,505,8,115,2.405280665960163,115,114,20,True,T1583.005 - Resource Development: Acquire Botnet,0.0002202998958434,{}
stochastic_normalized_fragility,stochastic_normalized_loo_fragility,505,9,125,3.2147588749649003,125,123,20,True,T1583.005 - Resource Development: Acquire Botnet,0.0004113449438988,{}
stochastic_normalized_fragility,stochastic_normalized_loo_fragility,505,10,135,2.7016473750118166,135,133,20,True,T1583.005 - Resource Development: Acquire Botnet,0.0002084941508715,{}
stochastic_normalized_fragility,stochastic_normalized_loo_fragility,505,11,145,2.867096500005573,145,142,20,True,T1583.005 - Resource Development: Acquire Botnet,0.0002126202926408,{}
stochastic_normalized_fragility,stochastic_normalized_loo_fragility,505,12,155,2.897534374962561,155,149,20,True,T1583.005 - Resource Development: Acquire Botnet,0.0001719510013261,{}
stochastic_normalized_fragility,stochastic_normalized_loo_fragility,505,13,165,2.8306911250110716,165,158,20,True,T1036 - Defense Evasion: Masquerading,0.0001912761580211,{}
stochastic_normalized_fragility,stochastic_normalized_loo_fragility,505,14,175,3.1481941250385717,175,164,20,True,T1583.005 - Resource Development: Acquire Botnet,0.0002330904106903,{}
stochastic_normalized_fragility,stochastic_normalized_loo_fragility,505,15,185,3.5324567089555785,185,166,20,True,T1583.005 - Resource Development: Acquire Botnet,0.0002328066323971,{}
stochastic_normalized_fragility,stochastic_normalized_loo_fragility,505,16,195,3.3287479169666767,195,171,20,True,T1583.005 - Resource Development: Acquire Botnet,0.0002705845269955,{}
stochastic_normalized_fragility,stochastic_normalized_loo_fragility,505,17,205,3.47308458306361,205,173,20,True,T1583.005 - Resource Development: Acquire Botnet,0.0002885486291298,{}
stochastic_normalized_fragility,stochastic_normalized_loo_fragility,505,18,215,3.41076245799195,215,174,20,True,T1583.005 - Resource Development: Acquire Botnet,0.0002414571325207,{}
stochastic_normalized_fragility,stochastic_normalized_loo_fragility,505,19,225,4.092541625024751,225,177,20,True,TA0011 - Command-and-Control,0.0002116719503535,{}
stochastic_normalized_fragility,stochastic_normalized_loo_fragility,505,20,235,3.953248417004943,235,179,20,True,T1583.005 - Resource Development: Acquire Botnet,0.0001992753326928,{}
stochastic_normalized_fragility,stochastic_normalized_loo_fragility,505,21,245,3.9807219159556553,245,180,20,True,T1583.005 - Resource Development: Acquire Botnet,0.0001880419957916,{}
stochastic_normalized_fragility,stochastic_normalized_loo_fragility,505,22,255,3.856599041027948,255,180,20,True,TA0011 - Command-and-Control,0.0003713061837762,{}
stochastic_normalized_fragility,stochastic_normalized_loo_fragility,505,23,265,3.9474235409870744,265,180,20,True,TA0011 - Command-and-Control,0.0002408690810242,{}
stochastic_normalized_fragility,stochastic_normalized_loo_fragility,505,24,275,3.974453791975975,275,180,20,True,T1036 - Defense Evasion: Masquerading,0.0002038793488064,{}
stochastic_normalized_fragility,stochastic_normalized_loo_fragility,505,25,285,3.946455791941844,285,180,20,True,T1036 - Defense Evasion: Masquerading,0.0002164846018196,{}
stochastic_normalized_fragility,stochastic_normalized_loo_fragility,505,26,295,4.042653666925617,295,180,20,True,T1583.005 - Resource Development: Acquire Botnet,0.0003024551674466,{}
stochastic_normalized_fragility,stochastic_normalized_loo_fragility,505,27,305,4.040631082956679,305,180,20,True,T1583.005 - Resource Development: Acquire Botnet,0.0003347030203752,{}
stochastic_normalized_fragility,stochastic_normalized_loo_fragility,505,28,315,4.363337334012613,315,180,20,True,T1498.001 - Impact: Direct Network Flood,0.0002017164224098,{}
stochastic_normalized_fragility,stochastic_normalized_loo_fragility,505,29,325,4.34356316702906,325,180,20,True,T1036 - Defense Evasion: Masquerading,0.0002370734402748,{}
stochastic_normalized_fragility,stochastic_normalized_loo_fragility,505,30,335,4.295067541999742,335,180,20,True,T1036 - Defense Evasion: Masquerading,0.0002147068588159,{}
stochastic_normalized_fragility,stochastic_normalized_loo_fragility,505,31,345,4.344831584021449,345,180,20,True,TA0011 - Command-and-Control,0.0002592658431775,{}
stochastic_normalized_fragility,stochastic_normalized_loo_fragility,505,32,355,4.476336083956994,355,180,20,True,TA0011 - Command-and-Control,0.00027660364077,{}
stochastic_normalized_fragility,stochastic_normalized_loo_fragility,505,33,365,4.373704542056657,365,180,20,True,TA0011 - Command-and-Control,0.0003655636879802,{}
stochastic_normalized_fragility,stochastic_normalized_loo_fragility,505,34,375,4.6433545829495415,375,180,20,True,T1583.005 - Resource Development: Acquire Botnet,0.0001835529021053,{}
stochastic_normalized_fragility,stochastic_normalized_loo_fragility,505,35,385,4.879468666040339,385,180,20,True,T1584.005 - Resource Development: Build/Compromise Botnet,0.0002021351059701,{}
stochastic_normalized_fragility,stochastic_normalized_loo_fragility,505,36,395,4.413050791947171,395,180,20,True,T1584.005 - Resource Development: Build/Compromise Botnet,0.0001887748753955,{}
stochastic_normalized_fragility,stochastic_normalized_loo_fragility,505,37,405,4.3541598750744015,405,180,20,True,T1583.005 - Resource Development: Acquire Botnet,0.0002331867865727,{}
stochastic_normalized_fragility,stochastic_normalized_loo_fragility,505,38,415,4.505129459081218,415,180,20,True,T1583.005 - Resource Development: Acquire Botnet,0.0002069286867163,{}
stochastic_normalized_fragility,stochastic_normalized_loo_fragility,505,39,425,4.515840374981053,425,180,20,True,T1036 - Defense Evasion: Masquerading,0.0002336457654219,{}
stochastic_normalized_fragility,stochastic_normalized_loo_fragility,505,40,435,4.5261597079224885,435,180,20,True,T1583.005 - Resource Development: Acquire Botnet,0.0001633270703798,{}
stochastic_normalized_fragility,stochastic_normalized_loo_fragility,505,41,445,5.358107583946548,445,180,20,True,T1036 - Defense Evasion: Masquerading,0.0002032477337439,{}
stochastic_normalized_fragility,stochastic_normalized_loo_fragility,505,42,455,4.6540610829833895,455,180,20,True,TA0011 - Command-and-Control,0.0002629585791018,{}
stochastic_normalized_fragility,stochastic_normalized_loo_fragility,505,43,465,4.91536016704049,465,180,20,True,TA0011 - Command-and-Control,0.0002538284233449,{}
stochastic_normalized_fragility,stochastic_normalized_loo_fragility,505,44,475,4.747805542079732,475,180,20,True,TA0011 - Command-and-Control,0.00045143607772,{}
stochastic_normalized_fragility,stochastic_normalized_loo_fragility,505,45,485,4.438542874995619,485,180,20,True,T1036 - Defense Evasion: Masquerading,0.0003902637307012,{}
stochastic_normalized_fragility,stochastic_normalized_loo_fragility,505,46,495,4.392089958069846,495,180,20,True,T1036 - Defense Evasion: Masquerading,0.0002695180717445,{}
stochastic_normalized_fragility,stochastic_normalized_loo_fragility,505,47,505,4.541388833080418,505,180,20,True,T1590 - Reconnaissance: Gather Victim Network Information,0.0005975035368545,{}
stochastic_normalized_fragility,stochastic_normalized_loo_fragility,505,48,515,4.7096505829831585,515,180,20,True,TA0011 - Command-and-Control,0.0003824641950352,{}
stochastic_normalized_fragility,stochastic_normalized_loo_fragility,505,49,525,4.730394167010672,525,180,20,True,T1590 - Reconnaissance: Gather Victim Network Information,0.0005039320136249,{}
stochastic_normalized_fragility,stochastic_normalized_loo_fragility,505,50,535,4.450730082928203,535,180,20,True,T1595 - Reconnaissance: Active Scanning,0.0003759079455581,{}
stochastic_normalized_fragility,stochastic_normalized_loo_fragility,505,51,545,4.979553750017658,545,180,20,True,TA0011 - Command-and-Control,0.0004320279557401,{}
stochastic_normalized_fragility,stochastic_normalized_loo_fragility,505,52,555,4.741592457983643,555,180,20,True,T1583.005 - Resource Development: Acquire Botnet,0.0002318386828457,{}
stochastic_normalized_fragility,stochastic_normalized_loo_fragility,505,53,565,4.676466792006977,565,180,20,True,T1583.005 - Resource Development: Acquire Botnet,0.0001777132930603,{}
stochastic_normalized_fragility,stochastic_normalized_loo_fragility,505,54,575,4.681785042048432,575,180,20,True,T1036 - Defense Evasion: Masquerading,0.0002012843413583,{}
stochastic_normalized_fragility,stochastic_normalized_loo_fragility,505,55,585,4.672768166987225,585,180,20,True,T1036 - Defense Evasion: Masquerading,0.0001727132806518,{}
stochastic_normalized_fragility,stochastic_normalized_loo_fragility,505,56,595,4.648688082932495,595,180,20,True,T1583.005 - Resource Development: Acquire Botnet,0.0001863901576617,{}
stochastic_normalized_fragility,stochastic_normalized_loo_fragility,505,57,605,4.649141583009623,605,180,20,True,T1036 - Defense Evasion: Masquerading,0.0001977579854153,{}
stochastic_normalized_fragility,stochastic_normalized_loo_fragility,505,58,615,5.424492291989736,615,180,20,True,T1036 - Defense Evasion: Masquerading,0.0002934124730427,{}
stochastic_normalized_fragility,stochastic_normalized_loo_fragility,505,59,625,4.935505458037369,625,180,20,True,T1036 - Defense Evasion: Masquerading,0.0002169565160297,{}
stochastic_normalized_fragility,stochastic_normalized_loo_fragility,505,60,635,4.83769466704689,635,180,20,True,T1583.005 - Resource Development: Acquire Botnet,0.0002920697770419,{}
stochastic_normalized_fragility,stochastic_normalized_loo_fragility,505,61,645,4.766388791962527,645,180,20,True,T1583.005 - Resource Development: Acquire Botnet,0.0002560432609903,{}
stochastic_normalized_fragility,stochastic_normalized_loo_fragility,505,62,655,4.922186249983497,655,180,20,True,T1583.005 - Resource Development: Acquire Botnet,0.0002420107078956,{}
stochastic_normalized_fragility,stochastic_normalized_loo_fragility,505,63,665,4.875605709035881,665,180,20,True,T1583.005 - Resource Development: Acquire Botnet,0.0001851712162432,{}
stochastic_normalized_fragility,stochastic_normalized_loo_fragility,505,64,675,5.350909332977608,675,180,20,True,T1583.005 - Resource Development: Acquire Botnet,0.0002188122629432,{}
stochastic_normalized_fragility,stochastic_normalized_loo_fragility,505,65,685,5.61366149992682,685,180,20,True,T1583.005 - Resource Development: Acquire Botnet,0.0001917084367181,{}
stochastic_normalized_fragility,stochastic_normalized_loo_fragility,505,66,695,4.900722709018737,695,180,20,True,T1583.005 - Resource Development: Acquire Botnet,0.0003115905140951,{}
stochastic_normalized_fragility,stochastic_normalized_loo_fragility,505,67,705,5.029876708053052,705,180,20,True,T1498.001 - Impact: Direct Network Flood,0.0003982573513677,{}
stochastic_normalized_fragility,stochastic_normalized_loo_fragility,505,68,715,4.608597000013106,715,180,20,True,T1036 - Defense Evasion: Masquerading,0.0003670677940055,{}
stochastic_normalized_fragility,stochastic_normalized_loo_fragility,505,69,725,5.238061167066917,725,180,20,True,T1583.005 - Resource Development: Acquire Botnet,0.0002764517812944,{}
stochastic_normalized_fragility,stochastic_normalized_loo_fragility,505,70,735,5.0633150000358,735,180,20,True,T1583.005 - Resource Development: Acquire Botnet,0.0002916317614629,{}
stochastic_normalized_fragility,stochastic_normalized_loo_fragility,505,71,745,5.528102708980441,745,180,20,True,T1036 - Defense Evasion: Masquerading,0.0003062610753563,{}
stochastic_normalized_fragility,stochastic_normalized_loo_fragility,505,72,755,5.318213374936022,755,180,20,True,T1584.005 - Resource Development: Build/Compromise Botnet,0.0002043442157061,{}
stochastic_normalized_fragility,stochastic_normalized_loo_fragility,505,73,765,4.999290791922249,765,180,20,True,T1583.005 - Resource Development: Acquire Botnet,0.0002081449095302,{}
stochastic_normalized_fragility,stochastic_normalized_loo_fragility,505,74,775,5.151290332898498,775,180,20,True,T1583.005 - Resource Development: Acquire Botnet,0.0002132590454404,{}
stochastic_normalized_fragility,stochastic_normalized_loo_fragility,505,75,785,4.90070079092402,785,180,20,True,T1583.005 - Resource Development: Acquire Botnet,0.0001781356633754,{}
stochastic_normalized_fragility,stochastic_normalized_loo_fragility,505,76,795,5.31607670802623,795,180,20,True,TA0011 - Command-and-Control,0.0002217812944394,{}
stochastic_normalized_fragility,stochastic_normalized_loo_fragility,505,77,805,4.970563500071876,805,180,20,True,TA0011 - Command-and-Control,0.0003309673766016,{}
stochastic_normalized_fragility,stochastic_normalized_loo_fragility,505,78,815,5.647773833014071,815,180,20,True,T1595 - Reconnaissance: Active Scanning,0.0002498623686604,{}
stochastic_normalized_fragility,stochastic_normalized_loo_fragility,505,79,825,5.067006999976002,825,180,20,True,T1590 - Reconnaissance: Gather Victim Network Information,0.0004203136962349,{}
stochastic_normalized_fragility,stochastic_normalized_loo_fragility,505,80,835,5.381002833019011,835,180,20,True,T1590 - Reconnaissance: Gather Victim Network Information,0.0002822563752321,{}
stochastic_normalized_fragility,stochastic_normalized_loo_fragility,505,81,845,5.53137104108464,845,180,20,True,TA0011 - Command-and-Control,0.0004679717453201,{}
stochastic_normalized_fragility,stochastic_normalized_loo_fragility,505,82,855,5.342282291967422,855,180,20,True,TA0011 - Command-and-Control,0.0005512069033597,{}
stochastic_normalized_fragility,stochastic_normalized_loo_fragility,505,83,865,5.81974133301992,865,180,20,True,T1036 - Defense Evasion: Masquerading,0.000491262241667,{}
stochastic_normalized_fragility,stochastic_normalized_loo_fragility,505,84,875,5.045101915951818,875,180,20,True,T1036 - Defense Evasion: Masquerading,0.0005585160865282,{}
stochastic_normalized_fragility,stochastic_normalized_loo_fragility,505,85,885,5.360812084050849,885,180,20,True,TA0011 - Command-and-Control,0.0002335891739846,{}
stochastic_normalized_fragility,stochastic_normalized_loo_fragility,505,86,895,5.357598333968781,895,180,20,True,TA0011 - Command-and-Control,0.0002597717941608,{}
stochastic_normalized_fragility,stochastic_normalized_loo_fragility,505,87,905,5.2138759170193225,905,180,20,True,T1583.005 - Resource Development: Acquire Botnet,0.000163712999961,{}
stochastic_normalized_fragility,stochastic_normalized_loo_fragility,505,88,915,5.076751249958761,915,180,20,True,T1583.005 - Resource Development: Acquire Botnet,0.0001766617126838,{}
stochastic_normalized_fragility,stochastic_normalized_loo_fragility,505,89,925,5.372998791979626,925,180,20,True,T1583.005 - Resource Development: Acquire Botnet,0.0001651507119267,{}
stochastic_normalized_fragility,stochastic_normalized_loo_fragility,505,90,935,5.113442915957421,935,180,20,True,T1583.005 - Resource Development: Acquire Botnet,0.0001678381969272,{}
stochastic_normalized_fragility,stochastic_normalized_loo_fragility,505,91,945,5.111155540915206,945,180,20,True,T1036 - Defense Evasion: Masquerading,0.0002199769816367,{}
stochastic_normalized_fragility,stochastic_normalized_loo_fragility,505,92,955,5.602039208053611,955,180,20,True,T1036 - Defense Evasion: Masquerading,0.0002534189268811,{}
stochastic_normalized_fragility,stochastic_normalized_loo_fragility,505,93,965,5.592528624925762,965,180,20,True,T1036 - Defense Evasion: Masquerading,0.0002056074712826,{}
stochastic_normalized_fragility,stochastic_normalized_loo_fragility,505,94,975,5.2884367919759825,975,180,20,True,T1583.005 - Resource Development: Acquire Botnet,0.0002150565629365,{}
stochastic_normalized_fragility,stochastic_normalized_loo_fragility,505,95,985,5.474107125075534,985,180,20,True,T1583.005 - Resource Development: Acquire Botnet,0.0001996557068347,{}
stochastic_normalized_fragility,stochastic_normalized_loo_fragility,505,96,995,5.346661375020631,995,180,20,True,T1583.005 - Resource Development: Acquire Botnet,0.000250438867917,{}
stochastic_normalized_fragility,stochastic_normalized_loo_fragility,505,97,1005,6.2505110000493005,1005,180,20,True,T1036 - Defense Evasion: Masquerading,0.0002917798991418,{}
stochastic_normalized_fragility,stochastic_normalized_loo_fragility,505,98,1015,5.979907999979332,1015,180,20,True,T1036 - Defense Evasion: Masquerading,0.0002256044291599,{}
stochastic_normalized_fragility,stochastic_normalized_loo_fragility,505,99,1025,6.05581562500447,1025,180,20,True,T1036 - Defense Evasion: Masquerading,0.0002246219492743,{}
stochastic_normalized_fragility,stochastic_normalized_loo_fragility,505,100,1035,5.977222457993776,1035,180,20,True,T1583.005 - Resource Development: Acquire Botnet,0.0003594768383433,{}
stochastic_normalized_fragility,stochastic_normalized_loo_fragility,505,101,1045,5.8309104579966515,1045,180,20,True,T1595 - Reconnaissance: Active Scanning,0.0005149137999687,{}
stochastic_normalized_fragility,stochastic_normalized_loo_fragility,505,102,1055,5.965156082995236,1055,180,20,True,T1583.005 - Resource Development: Acquire Botnet,0.0002595881139285,{}
stochastic_normalized_fragility,stochastic_normalized_loo_fragility,505,103,1065,5.72123320796527,1065,180,20,True,T1583.005 - Resource Development: Acquire Botnet,0.0002271912478213,{}
stochastic_normalized_fragility,stochastic_normalized_loo_fragility,505,104,1075,5.973328542080708,1075,180,20,True,T1584.005 - Resource Development: Build/Compromise Botnet,0.000373319451743,{}
stochastic_normalized_fragility,stochastic_normalized_loo_fragility,505,105,1085,6.50314029189758,1085,180,20,True,T1583.005 - Resource Development: Acquire Botnet,0.000213610344131,{}
stochastic_normalized_fragility,stochastic_normalized_loo_fragility,505,106,1095,6.31623045890592,1095,180,20,True,T1583.005 - Resource Development: Acquire Botnet,0.0002084837321848,{}
stochastic_normalized_fragility,stochastic_normalized_loo_fragility,505,107,1105,6.0170775830047205,1105,180,20,True,T1036 - Defense Evasion: Masquerading,0.0002408753922267,{}
stochastic_normalized_fragility,stochastic_normalized_loo_fragility,505,108,1115,6.400308541953564,1115,180,20,True,T1583.005 - Resource Development: Acquire Botnet,0.0002532182035296,{}
stochastic_normalized_fragility,stochastic_normalized_loo_fragility,505,109,1125,6.3766209579771385,1125,180,20,True,T1583.005 - Resource Development: Acquire Botnet,0.0004062366355224,{}
stochastic_normalized_fragility,stochastic_normalized_loo_fragility,505,110,1135,6.23214779200498,1135,180,20,True,T1583.005 - Resource Development: Acquire Botnet,0.000177702397347,{}
stochastic_normalized_fragility,stochastic_normalized_loo_fragility,505,111,1145,6.407321625039913,1145,180,20,True,T1583.005 - Resource Development: Acquire Botnet,0.000180885980366,{}
stochastic_normalized_fragility,stochastic_normalized_loo_fragility,505,112,1155,7.431315957917832,1155,180,20,True,T1583.005 - Resource Development: Acquire Botnet,0.0002102176919416,{}
stochastic_normalized_fragility,stochastic_normalized_loo_fragility,505,113,1165,6.295152916922234,1165,180,20,True,T1583.005 - Resource Development: Acquire Botnet,0.0001901527815399,{}
stochastic_normalized_fragility,stochastic_normalized_loo_fragility,505,114,1175,6.325774915982038,1175,180,20,True,T1036 - Defense Evasion: Masquerading,0.000270507795781,{}
stochastic_normalized_fragility,stochastic_normalized_loo_fragility,505,115,1185,7.336723709013313,1185,180,20,True,T1036 - Defense Evasion: Masquerading,0.0002596620031139,{}
stochastic_normalized_fragility,stochastic_normalized_loo_fragility,505,116,1195,6.895778667065315,1195,180,20,True,T1595 - Reconnaissance: Active Scanning,0.0005321133609697,{}
stochastic_normalized_fragility,stochastic_normalized_loo_fragility,505,117,1205,7.119900916004553,1205,180,20,True,T1036 - Defense Evasion: Masquerading,0.0007372178467355,{}
stochastic_normalized_fragility,stochastic_normalized_loo_fragility,505,118,1215,6.577744208043441,1215,180,20,True,T1036 - Defense Evasion: Masquerading,0.0006767802035258,{}
stochastic_normalized_fragility,stochastic_normalized_loo_fragility,505,119,1225,6.924357417039573,1225,180,20,True,T1036 - Defense Evasion: Masquerading,0.0003099936102901,{}
stochastic_normalized_fragility,stochastic_normalized_loo_fragility,505,120,1235,6.633032792015001,1235,180,20,True,T1584.005 - Resource Development: Build/Compromise Botnet,0.0002645384431119,{}
stochastic_normalized_fragility,stochastic_normalized_loo_fragility,505,121,1245,7.19418529199902,1245,180,20,True,T1584.005 - Resource Development: Build/Compromise Botnet,0.0002714347297085,{}
stochastic_normalized_fragility,stochastic_normalized_loo_fragility,505,122,1255,7.538924750057049,1255,180,20,True,T1036 - Defense Evasion: Masquerading,0.0001746071952233,{}
stochastic_normalized_fragility,stochastic_normalized_loo_fragility,505,123,1265,7.096302708028816,1265,180,20,True,T1036 - Defense Evasion: Masquerading,0.0003465157094174,{}
stochastic_normalized_fragility,stochastic_normalized_loo_fragility,505,124,1275,7.175595959066413,1275,180,20,True,T1590 - Reconnaissance: Gather Victim Network Information,0.000290708808456,{}
stochastic_normalized_fragility,stochastic_normalized_loo_fragility,505,125,1285,6.771463334094733,1285,180,20,True,TA0011 - Command-and-Control,0.0002420202553556,{}
stochastic_normalized_fragility,stochastic_normalized_loo_fragility,505,126,1295,6.70672866597306,1295,180,20,True,TA0011 - Command-and-Control,0.0003158300139688,{}
stochastic_normalized_fragility,stochastic_normalized_loo_fragility,505,127,1305,7.426594750024378,1305,180,20,True,T1036 - Defense Evasion: Masquerading,0.000191607198333,{}
stochastic_normalized_fragility,stochastic_normalized_loo_fragility,505,128,1315,7.319378208019771,1315,180,20,True,T1590 - Reconnaissance: Gather Victim Network Information,0.0002877252343745,{}
stochastic_normalized_fragility,stochastic_normalized_loo_fragility,505,129,1325,6.7968568339711055,1325,180,20,True,T1590 - Reconnaissance: Gather Victim Network Information,0.0001819264637859,{}
stochastic_normalized_fragility,stochastic_normalized_loo_fragility,505,130,1335,7.097513500018977,1335,180,20,True,T1590 - Reconnaissance: Gather Victim Network Information,0.000193854434307,{}
stochastic_normalized_fragility,stochastic_normalized_loo_fragility,505,131,1345,7.125127624953166,1345,180,20,True,T1036 - Defense Evasion: Masquerading,0.0002193626305313,{}
stochastic_normalized_fragility,stochastic_normalized_loo_fragility,505,132,1355,8.232673458056524,1355,180,20,True,T1036 - Defense Evasion: Masquerading,0.0002214495961917,{}
stochastic_normalized_fragility,stochastic_normalized_loo_fragility,505,133,1365,8.25803583394736,1365,180,20,True,T1583.005 - Resource Development: Acquire Botnet,0.0002332949331889,{}
stochastic_normalized_fragility,stochastic_normalized_loo_fragility,505,134,1375,7.289602041011676,1375,180,20,True,T1583.005 - Resource Development: Acquire Botnet,0.0002073595798436,{}
stochastic_normalized_fragility,stochastic_normalized_loo_fragility,505,135,1385,7.612377917044796,1385,180,20,True,T1036 - Defense Evasion: Masquerading,0.0002559168116359,{}
stochastic_normalized_fragility,stochastic_normalized_loo_fragility,505,136,1395,7.183682292001322,1395,180,20,True,T1036 - Defense Evasion: Masquerading,0.0002544998091813,{}
stochastic_normalized_fragility,stochastic_normalized_loo_fragility,505,137,1405,8.399967832956463,1405,180,20,True,T1590 - Reconnaissance: Gather Victim Network Information,0.0004637856662909,{}
stochastic_normalized_fragility,stochastic_normalized_loo_fragility,505,138,1415,7.417796125053428,1415,180,20,True,T1590 - Reconnaissance: Gather Victim Network Information,0.0003850008213263,{}
stochastic_normalized_fragility,stochastic_normalized_loo_fragility,505,139,1425,10.332969625014812,1425,180,20,True,T1583.005 - Resource Development: Acquire Botnet,0.0003783992828511,{}
stochastic_normalized_fragility,stochastic_normalized_loo_fragility,505,140,1435,8.433692999999039,1435,180,20,True,T1583.005 - Resource Development: Acquire Botnet,0.0003981834051123,{}
stochastic_normalized_fragility,stochastic_normalized_loo_fragility,505,141,1445,8.350799957988784,1445,180,20,True,T1583.005 - Resource Development: Acquire Botnet,0.00029607791612,{}
stochastic_normalized_fragility,stochastic_normalized_loo_fragility,505,142,1455,7.94683862500824,1455,180,20,True,TA0011 - Command-and-Control,0.0003819230016037,{}
stochastic_normalized_fragility,stochastic_normalized_loo_fragility,505,143,1465,7.531431375071406,1465,180,20,True,T1036 - Defense Evasion: Masquerading,0.0005097793191735,{}
stochastic_normalized_fragility,stochastic_normalized_loo_fragility,505,144,1475,8.491274792002514,1475,180,20,True,T1583.005 - Resource Development: Acquire Botnet,0.0004154014389159,{}
stochastic_normalized_fragility,stochastic_normalized_loo_fragility,505,145,1485,7.160660417051986,1485,180,20,True,T1036 - Defense Evasion: Masquerading,0.0004578807947017,{}
stochastic_normalized_fragility,stochastic_normalized_loo_fragility,505,146,1495,8.198156457976438,1495,180,20,True,T1036 - Defense Evasion: Masquerading,0.0002549879882706,{}
stochastic_normalized_fragility,stochastic_normalized_loo_fragility,505,147,1505,7.78143866697792,1505,180,20,True,T1583.005 - Resource Development: Acquire Botnet,0.0001904081622791,{}
stochastic_normalized_fragility,stochastic_normalized_loo_fragility,505,148,1515,7.682919124956243,1515,180,20,True,T1583.005 - Resource Development: Acquire Botnet,0.0001824782173744,{}
stochastic_normalized_fragility,stochastic_normalized_loo_fragility,505,149,1525,7.334404292050749,1525,180,20,True,T1583.005 - Resource Development: Acquire Botnet,0.0001932503217378,{}
stochastic_normalized_fragility,stochastic_normalized_loo_fragility,505,150,1535,7.649123540963046,1535,180,20,True,T1583.005 - Resource Development: Acquire Botnet,0.0001756360508218,{}
stochastic_normalized_fragility,stochastic_normalized_loo_fragility,505,151,1545,7.877223249990493,1545,180,20,True,T1583.005 - Resource Development: Acquire Botnet,0.0001836413547196,{}
stochastic_normalized_fragility,stochastic_normalized_loo_fragility,505,152,1555,7.694130290998146,1555,180,20,True,T1583.005 - Resource Development: Acquire Botnet,0.0002442702379086,{}
stochastic_normalized_fragility,stochastic_normalized_loo_fragility,505,153,1565,7.749911666032858,1565,180,20,True,TA0011 - Command-and-Control,0.0003374164548508,{}
stochastic_normalized_fragility,stochastic_normalized_loo_fragility,505,154,1575,7.459614124963991,1575,180,20,True,T1036 - Defense Evasion: Masquerading,0.0002636884583848,{}
stochastic_normalized_fragility,stochastic_normalized_loo_fragility,505,155,1585,8.005864584003575,1585,180,20,True,T1583.005 - Resource Development: Acquire Botnet,0.0001979525886286,{}
stochastic_normalized_fragility,stochastic_normalized_loo_fragility,505,156,1595,7.9381299579981714,1595,180,20,True,T1583.005 - Resource Development: Acquire Botnet,0.0003609600102476,{}
stochastic_normalized_fragility,stochastic_normalized_loo_fragility,505,157,1605,8.359811292029917,1605,180,20,True,T1583.005 - Resource Development: Acquire Botnet,0.0004033468724303,{}
stochastic_normalized_fragility,stochastic_normalized_loo_fragility,505,158,1615,8.061726625077426,1615,180,20,True,T1036 - Defense Evasion: Masquerading,0.0003488500613642,{}
stochastic_normalized_fragility,stochastic_normalized_loo_fragility,505,159,1625,8.272506500012241,1625,180,20,True,T1583.005 - Resource Development: Acquire Botnet,0.0002671218025827,{}
stochastic_normalized_fragility,stochastic_normalized_loo_fragility,505,160,1635,8.653664458077401,1635,180,20,True,T1036 - Defense Evasion: Masquerading,0.0003488262044138,{}
stochastic_normalized_fragility,stochastic_normalized_loo_fragility,505,161,1645,7.442400499945507,1645,180,20,True,T1036 - Defense Evasion: Masquerading,0.0001911349160412,{}
stochastic_normalized_fragility,stochastic_normalized_loo_fragility,505,162,1655,7.285684624919668,1655,180,20,True,T1036 - Defense Evasion: Masquerading,0.0002490659148252,{}
stochastic_normalized_fragility,stochastic_normalized_loo_fragility,505,163,1665,7.808965667034499,1665,180,20,True,T1498.002 - Impact: Reflection/Amplification Attack,0.000416559308089,{}
stochastic_normalized_fragility,stochastic_normalized_loo_fragility,505,164,1675,8.428754583001137,1675,180,20,True,T1036 - Defense Evasion: Masquerading,0.0004163169989415,{}
stochastic_normalized_fragility,stochastic_normalized_loo_fragility,505,165,1685,7.982421875,1685,180,20,True,T1036 - Defense Evasion: Masquerading,0.0004072261709352,{}
stochastic_normalized_fragility,stochastic_normalized_loo_fragility,505,166,1695,8.030089832958765,1695,180,20,True,TA0011 - Command-and-Control,0.0004134722527231,{}
stochastic_normalized_fragility,stochastic_normalized_loo_fragility,505,167,1705,7.608740875031799,1705,180,20,True,T1036 - Defense Evasion: Masquerading,0.0003805739658814,{}
stochastic_normalized_fragility,stochastic_normalized_loo_fragility,505,168,1715,7.853190875030123,1715,180,20,True,T1036 - Defense Evasion: Masquerading,0.0003788749844725,{}
stochastic_normalized_fragility,stochastic_normalized_loo_fragility,505,169,1725,8.71929799998179,1725,180,20,True,T1036 - Defense Evasion: Masquerading,0.0002695513861166,{}
stochastic_normalized_fragility,stochastic_normalized_loo_fragility,505,170,1735,8.16098945797421,1735,180,20,True,T1498.002 - Impact: Reflection/Amplification Attack,0.0002577656799783,{}
stochastic_normalized_fragility,stochastic_normalized_loo_fragility,505,171,1745,8.573150583077222,1745,180,20,True,T1584.005 - Resource Development: Build/Compromise Botnet,0.000239391663859,{}
stochastic_normalized_fragility,stochastic_normalized_loo_fragility,505,172,1755,7.880486665992066,1755,180,20,True,TA0011 - Command-and-Control,0.0004131503233768,{}
stochastic_normalized_fragility,stochastic_normalized_loo_fragility,505,173,1765,8.904051332967356,1765,180,20,True,TA0011 - Command-and-Control,0.0004825336177991,{}
stochastic_normalized_fragility,stochastic_normalized_loo_fragility,505,174,1775,8.27155025000684,1775,180,20,True,TA0011 - Command-and-Control,0.0004999561051886,{}
stochastic_normalized_fragility,stochastic_normalized_loo_fragility,505,175,1785,8.150362999993376,1785,180,20,True,TA0011 - Command-and-Control,0.0004184307341475,{}
stochastic_normalized_fragility,stochastic_normalized_loo_fragility,505,176,1795,5.8996388328960165,1795,180,20,True,TA0011 - Command-and-Control,0.0004324571910081,{}
stochastic_normalized_fragility,stochastic_normalized_loo_fragility,606,1,45,0.8731809579767287,45,45,20,False,T1584.005 - Resource Development: Build/Compromise Botnet,0.0006141284995967,{}
stochastic_normalized_fragility,stochastic_normalized_loo_fragility,606,2,55,0.9657236660132184,55,55,20,False,TA0011 - Command-and-Control,0.0004831230302115,{}
stochastic_normalized_fragility,stochastic_normalized_loo_fragility,606,3,65,1.2891630420926958,65,65,20,False,T1590 - Reconnaissance: Gather Victim Network Information,0.0004391491110573,{}
stochastic_normalized_fragility,stochastic_normalized_loo_fragility,606,4,75,1.3409967500483615,75,75,20,False,T1584.005 - Resource Development: Build/Compromise Botnet,0.0004748801718815,{}
stochastic_normalized_fragility,stochastic_normalized_loo_fragility,606,5,85,1.415101833990775,85,85,20,False,T1590 - Reconnaissance: Gather Victim Network Information,0.0004813073037002,{}
stochastic_normalized_fragility,stochastic_normalized_loo_fragility,606,6,95,1.6755714169703424,95,95,20,False,T1590 - Reconnaissance: Gather Victim Network Information,0.0005670192902383,{}
stochastic_normalized_fragility,stochastic_normalized_loo_fragility,606,7,105,1.9580383750144392,105,105,20,False,T1583.005 - Resource Development: Acquire Botnet,0.0002191346677289,{}
stochastic_normalized_fragility,stochastic_normalized_loo_fragility,606,8,115,2.4125409169355407,115,115,20,False,T1590 - Reconnaissance: Gather Victim Network Information,0.0002098606001129,{}
stochastic_normalized_fragility,stochastic_normalized_loo_fragility,606,9,125,3.0543729590717703,125,125,20,False,T1590 - Reconnaissance: Gather Victim Network Information,0.0003102548775417,{}
stochastic_normalized_fragility,stochastic_normalized_loo_fragility,606,10,135,2.8727824160596356,135,135,20,False,T1590 - Reconnaissance: Gather Victim Network Information,0.0003608875723086,{}
stochastic_normalized_fragility,stochastic_normalized_loo_fragility,606,11,145,2.6347180829616264,145,143,20,True,T1590 - Reconnaissance: Gather Victim Network Information,0.0003748680141384,{}
stochastic_normalized_fragility,stochastic_normalized_loo_fragility,606,12,155,3.0725478749955073,155,153,20,True,T1583.005 - Resource Development: Acquire Botnet,0.0003980456214597,{}
stochastic_normalized_fragility,stochastic_normalized_loo_fragility,606,13,165,3.1657189580146223,165,160,20,True,T1583.005 - Resource Development: Acquire Botnet,0.0004865735278605,{}
stochastic_normalized_fragility,stochastic_normalized_loo_fragility,606,14,175,3.2710916670039296,175,165,20,True,T1583.005 - Resource Development: Acquire Botnet,0.0003240560962423,{}
stochastic_normalized_fragility,stochastic_normalized_loo_fragility,606,15,185,3.5431971249636263,185,167,20,True,T1036 - Defense Evasion: Masquerading,0.0002383368397725,{}
stochastic_normalized_fragility,stochastic_normalized_loo_fragility,606,16,195,3.435535875032656,195,170,20,True,T1583.005 - Resource Development: Acquire Botnet,0.0002690786670737,{}
stochastic_normalized_fragility,stochastic_normalized_loo_fragility,606,17,205,3.909461042028852,205,173,20,True,T1036 - Defense Evasion: Masquerading,0.0002845295019014,{}
stochastic_normalized_fragility,stochastic_normalized_loo_fragility,606,18,215,3.454846709035337,215,175,20,True,T1036 - Defense Evasion: Masquerading,0.0002582182551953,{}
stochastic_normalized_fragility,stochastic_normalized_loo_fragility,606,19,225,4.066521042026579,225,177,20,True,T1036 - Defense Evasion: Masquerading,0.0002440694621054,{}
stochastic_normalized_fragility,stochastic_normalized_loo_fragility,606,20,235,3.6192069170065224,235,178,20,True,T1036 - Defense Evasion: Masquerading,0.0002417170081877,{}
stochastic_normalized_fragility,stochastic_normalized_loo_fragility,606,21,245,3.9951000830624257,245,178,20,True,T1036 - Defense Evasion: Masquerading,0.000217422499943,{}
stochastic_normalized_fragility,stochastic_normalized_loo_fragility,606,22,255,3.948969707940705,255,179,20,True,T1036 - Defense Evasion: Masquerading,0.0002988977943155,{}
stochastic_normalized_fragility,stochastic_normalized_loo_fragility,606,23,265,3.621449833037332,265,180,20,True,TA0011 - Command-and-Control,0.0003923446408893,{}
stochastic_normalized_fragility,stochastic_normalized_loo_fragility,606,24,275,4.365076708025299,275,180,20,True,T1036 - Defense Evasion: Masquerading,0.0002105382479825,{}
stochastic_normalized_fragility,stochastic_normalized_loo_fragility,606,25,285,3.9535956250038,285,180,20,True,TA0011 - Command-and-Control,0.0002210315814674,{}
stochastic_normalized_fragility,stochastic_normalized_loo_fragility,606,26,295,3.9256592920282856,295,180,20,True,T1583.005 - Resource Development: Acquire Botnet,0.0002533381142873,{}
stochastic_normalized_fragility,stochastic_normalized_loo_fragility,606,27,305,4.31640808400698,305,180,20,True,T1036 - Defense Evasion: Masquerading,0.0001593531478885,{}
stochastic_normalized_fragility,stochastic_normalized_loo_fragility,606,28,315,4.1412250839639455,315,180,20,True,T1583.005 - Resource Development: Acquire Botnet,0.0003051704995263,{}
stochastic_normalized_fragility,stochastic_normalized_loo_fragility,606,29,325,4.273240457987413,325,180,20,True,T1036 - Defense Evasion: Masquerading,0.0002705648141461,{}
stochastic_normalized_fragility,stochastic_normalized_loo_fragility,606,30,335,4.194701833999716,335,180,20,True,T1036 - Defense Evasion: Masquerading,0.0001663527007271,{}
stochastic_normalized_fragility,stochastic_normalized_loo_fragility,606,31,345,4.322344084037468,345,180,20,True,T1583.005 - Resource Development: Acquire Botnet,0.0002580119905829,{}
stochastic_normalized_fragility,stochastic_normalized_loo_fragility,606,32,355,4.244748333003372,355,180,20,True,TA0011 - Command-and-Control,0.0004055115006161,{}
stochastic_normalized_fragility,stochastic_normalized_loo_fragility,606,33,365,4.346028625033796,365,180,20,True,T1036 - Defense Evasion: Masquerading,0.0003498524188516,{}
stochastic_normalized_fragility,stochastic_normalized_loo_fragility,606,34,375,4.7638624999672174,375,180,20,True,T1036 - Defense Evasion: Masquerading,0.0002988663207441,{}
stochastic_normalized_fragility,stochastic_normalized_loo_fragility,606,35,385,4.674830707954243,385,180,20,True,T1590 - Reconnaissance: Gather Victim Network Information,0.000197944970283,{}
stochastic_normalized_fragility,stochastic_normalized_loo_fragility,606,36,395,4.720638833940029,395,180,20,True,T1036 - Defense Evasion: Masquerading,0.0002726151116932,{}
stochastic_normalized_fragility,stochastic_normalized_loo_fragility,606,37,405,4.237100583035499,405,180,20,True,T1036 - Defense Evasion: Masquerading,0.0002248204410862,{}
stochastic_normalized_fragility,stochastic_normalized_loo_fragility,606,38,415,4.025245332974009,415,180,20,True,T1595 - Reconnaissance: Active Scanning,0.0002584194766381,{}
stochastic_normalized_fragility,stochastic_normalized_loo_fragility,606,39,425,4.397785041015595,425,180,20,True,T1583.005 - Resource Development: Acquire Botnet,0.0002276528534258,{}
stochastic_normalized_fragility,stochastic_normalized_loo_fragility,606,40,435,4.543530542054214,435,180,20,True,T1036 - Defense Evasion: Masquerading,0.0003820525905093,{}
stochastic_normalized_fragility,stochastic_normalized_loo_fragility,606,41,445,5.271487084100954,445,180,20,True,T1036 - Defense Evasion: Masquerading,0.0001895731912211,{}
stochastic_normalized_fragility,stochastic_normalized_loo_fragility,606,42,455,4.823291374952532,455,180,20,True,T1036 - Defense Evasion: Masquerading,0.0002087361011582,{}
stochastic_normalized_fragility,stochastic_normalized_loo_fragility,606,43,465,4.898635208024643,465,180,20,True,T1036 - Defense Evasion: Masquerading,0.0001746214663405,{}
stochastic_normalized_fragility,stochastic_normalized_loo_fragility,606,44,475,4.67991304199677,475,180,20,True,T1583.005 - Resource Development: Acquire Botnet,0.00026719869828,{}
stochastic_normalized_fragility,stochastic_normalized_loo_fragility,606,45,485,4.32810670894105,485,180,20,True,T1036 - Defense Evasion: Masquerading,0.0001830608359359,{}
stochastic_normalized_fragility,stochastic_normalized_loo_fragility,606,46,495,4.487918957951479,495,180,20,True,T1036 - Defense Evasion: Masquerading,0.0002319945013771,{}
stochastic_normalized_fragility,stochastic_normalized_loo_fragility,606,47,505,4.614953708020039,505,180,20,True,T1583.005 - Resource Development: Acquire Botnet,0.0003049015424843,{}
stochastic_normalized_fragility,stochastic_normalized_loo_fragility,606,48,515,4.440714000025764,515,180,20,True,T1583.005 - Resource Development: Acquire Botnet,0.0002349066469245,{}
stochastic_normalized_fragility,stochastic_normalized_loo_fragility,606,49,525,4.4192350410157815,525,180,20,True,T1036 - Defense Evasion: Masquerading,0.0002625411538634,{}
stochastic_normalized_fragility,stochastic_normalized_loo_fragility,606,50,535,4.442176749929786,535,180,20,True,T1036 - Defense Evasion: Masquerading,0.0002279839615777,{}
stochastic_normalized_fragility,stochastic_normalized_loo_fragility,606,51,545,4.961155458004214,545,180,20,True,T1036 - Defense Evasion: Masquerading,0.0002305936725024,{}
stochastic_normalized_fragility,stochastic_normalized_loo_fragility,606,52,555,4.663585458067246,555,180,20,True,TA0011 - Command-and-Control,0.0002336550208096,{}
stochastic_normalized_fragility,stochastic_normalized_loo_fragility,606,53,565,4.4948541660560295,565,180,20,True,TA0011 - Command-and-Control,0.000415278100663,{}
stochastic_normalized_fragility,stochastic_normalized_loo_fragility,606,54,575,4.556230999995023,575,180,20,True,TA0011 - Command-and-Control,0.0005267161072956,{}
stochastic_normalized_fragility,stochastic_normalized_loo_fragility,606,55,585,4.595778875052929,585,180,20,True,T1583.005 - Resource Development: Acquire Botnet,0.0002711103487659,{}
stochastic_normalized_fragility,stochastic_normalized_loo_fragility,606,56,595,4.544529165956192,595,180,20,True,T1583.005 - Resource Development: Acquire Botnet,0.000288744817327,{}
stochastic_normalized_fragility,stochastic_normalized_loo_fragility,606,57,605,4.485356125049293,605,180,20,True,T1583.005 - Resource Development: Acquire Botnet,0.0003097990586573,{}
stochastic_normalized_fragility,stochastic_normalized_loo_fragility,606,58,615,5.112922750064172,615,180,20,True,TA0011 - Command-and-Control,0.000508552347346,{}
stochastic_normalized_fragility,stochastic_normalized_loo_fragility,606,59,625,4.977760749985464,625,180,20,True,TA0011 - Command-and-Control,0.000494063628984,{}
stochastic_normalized_fragility,stochastic_normalized_loo_fragility,606,60,635,4.789089791942388,635,180,20,True,TA0011 - Command-and-Control,0.0003673019219499,{}
stochastic_normalized_fragility,stochastic_normalized_loo_fragility,606,61,645,4.878533750073984,645,180,20,True,TA0011 - Command-and-Control,0.0002633288810289,{}
stochastic_normalized_fragility,stochastic_normalized_loo_fragility,606,62,655,4.539361416944303,655,180,20,True,T1583.005 - Resource Development: Acquire Botnet,0.0001812654869506,{}
stochastic_normalized_fragility,stochastic_normalized_loo_fragility,606,63,665,4.82883487502113,665,180,20,True,T1583.005 - Resource Development: Acquire Botnet,0.0002596952314828,{}
stochastic_normalized_fragility,stochastic_normalized_loo_fragility,606,64,675,4.860073291929439,675,180,20,True,T1583.005 - Resource Development: Acquire Botnet,0.0003172559496406,{}
stochastic_normalized_fragility,stochastic_normalized_loo_fragility,606,65,685,5.116002375027165,685,180,20,True,T1595 - Reconnaissance: Active Scanning,0.0001952682007342,{}
stochastic_normalized_fragility,stochastic_normalized_loo_fragility,606,66,695,5.425625832984224,695,180,20,True,TA0011 - Command-and-Control,0.0001882533370918,{}
stochastic_normalized_fragility,stochastic_normalized_loo_fragility,606,67,705,4.599957959027961,705,180,20,True,TA0011 - Command-and-Control,0.0002225008190645,{}
stochastic_normalized_fragility,stochastic_normalized_loo_fragility,606,68,715,4.860534333973192,715,180,20,True,T1583.005 - Resource Development: Acquire Botnet,0.0002271540464243,{}
stochastic_normalized_fragility,stochastic_normalized_loo_fragility,606,69,725,4.83528799994383,725,180,20,True,T1583.005 - Resource Development: Acquire Botnet,0.0002548629729664,{}
stochastic_normalized_fragility,stochastic_normalized_loo_fragility,606,70,735,5.134063166915439,735,180,20,True,T1583.005 - Resource Development: Acquire Botnet,0.0001899981292609,{}
stochastic_normalized_fragility,stochastic_normalized_loo_fragility,606,71,745,5.328885582974181,745,180,20,True,T1583.005 - Resource Development: Acquire Botnet,0.0002218484874711,{}
stochastic_normalized_fragility,stochastic_normalized_loo_fragility,606,72,755,5.612276915926486,755,180,20,True,T1036 - Defense Evasion: Masquerading,0.0002818355381192,{}
stochastic_normalized_fragility,stochastic_normalized_loo_fragility,606,73,765,4.995526666985825,765,180,20,True,TA0011 - Command-and-Control,0.0002759226690405,{}
stochastic_normalized_fragility,stochastic_normalized_loo_fragility,606,74,775,4.969582207966596,775,180,20,True,T1584.005 - Resource Development: Build/Compromise Botnet,0.0004011736321017,{}
stochastic_normalized_fragility,stochastic_normalized_loo_fragility,606,75,785,5.005491583026014,785,180,20,True,TA0011 - Command-and-Control,0.0005027563830389,{}
stochastic_normalized_fragility,stochastic_normalized_loo_fragility,606,76,795,4.893842500052415,795,180,20,True,T1036 - Defense Evasion: Masquerading,0.0003231635776697,{}
stochastic_normalized_fragility,stochastic_normalized_loo_fragility,606,77,805,5.034914582967758,805,180,20,True,T1036 - Defense Evasion: Masquerading,0.0003454997756815,{}
stochastic_normalized_fragility,stochastic_normalized_loo_fragility,606,78,815,4.819441416999325,815,180,20,True,T1036 - Defense Evasion: Masquerading,0.0002778756344811,{}
stochastic_normalized_fragility,stochastic_normalized_loo_fragility,606,79,825,5.847401166916825,825,180,20,True,T1036 - Defense Evasion: Masquerading,0.0002227442370543,{}
stochastic_normalized_fragility,stochastic_normalized_loo_fragility,606,80,835,5.007067249971442,835,180,20,True,T1036 - Defense Evasion: Masquerading,0.0001888261740014,{}
stochastic_normalized_fragility,stochastic_normalized_loo_fragility,606,81,845,5.427043874980882,845,180,20,True,TA0011 - Command-and-Control,0.0002318737762904,{}
stochastic_normalized_fragility,stochastic_normalized_loo_fragility,606,82,855,5.55082812497858,855,180,20,True,T1036 - Defense Evasion: Masquerading,0.0002884312382421,{}
stochastic_normalized_fragility,stochastic_normalized_loo_fragility,606,83,865,5.848018041928299,865,180,20,True,TA0011 - Command-and-Control,0.0003178795187074,{}
stochastic_normalized_fragility,stochastic_normalized_loo_fragility,606,84,875,5.50830112490803,875,180,20,True,T1595 - Reconnaissance: Active Scanning,0.0002572108327726,{}
stochastic_normalized_fragility,stochastic_normalized_loo_fragility,606,85,885,5.523337834049016,885,180,20,True,T1595 - Reconnaissance: Active Scanning,0.0002536321863628,{}
stochastic_normalized_fragility,stochastic_normalized_loo_fragility,606,86,895,5.430456166970544,895,180,20,True,T1595 - Reconnaissance: Active Scanning,0.0002534595944641,{}
stochastic_normalized_fragility,stochastic_normalized_loo_fragility,606,87,905,4.9404829170089215,905,180,20,True,T1595 - Reconnaissance: Active Scanning,0.0003629882914368,{}
stochastic_normalized_fragility,stochastic_normalized_loo_fragility,606,88,915,5.1044262499781325,915,180,20,True,T1595 - Reconnaissance: Active Scanning,0.0002458277791746,{}
stochastic_normalized_fragility,stochastic_normalized_loo_fragility,606,89,925,5.040657832985744,925,180,20,True,TA0011 - Command-and-Control,0.0002977962278115,{}
stochastic_normalized_fragility,stochastic_normalized_loo_fragility,606,90,935,5.3017790000885725,935,180,20,True,T1036 - Defense Evasion: Masquerading,0.0003509497317227,{}
stochastic_normalized_fragility,stochastic_normalized_loo_fragility,606,91,945,5.2288413339992985,945,180,20,True,T1583.005 - Resource Development: Acquire Botnet,0.0002140771646977,{}
stochastic_normalized_fragility,stochastic_normalized_loo_fragility,606,92,955,5.302707750000991,955,180,20,True,T1583.005 - Resource Development: Acquire Botnet,0.0001823564269533,{}
stochastic_normalized_fragility,stochastic_normalized_loo_fragility,606,93,965,5.353882708004676,965,180,20,True,T1036 - Defense Evasion: Masquerading,0.0003078751818072,{}
stochastic_normalized_fragility,stochastic_normalized_loo_fragility,606,94,975,5.443991041975096,975,180,20,True,T1036 - Defense Evasion: Masquerading,0.0004166510421707,{}
stochastic_normalized_fragility,stochastic_normalized_loo_fragility,606,95,985,5.044541709008627,985,180,20,True,T1036 - Defense Evasion: Masquerading,0.0002873416252925,{}
stochastic_normalized_fragility,stochastic_normalized_loo_fragility,606,96,995,5.3156852080719545,995,180,20,True,T1583.005 - Resource Development: Acquire Botnet,0.000258123752016,{}
stochastic_normalized_fragility,stochastic_normalized_loo_fragility,606,97,1005,6.232926707947627,1005,180,20,True,T1036 - Defense Evasion: Masquerading,0.0002070731045899,{}
stochastic_normalized_fragility,stochastic_normalized_loo_fragility,606,98,1015,6.003329540952109,1015,180,20,True,T1036 - Defense Evasion: Masquerading,0.0002492406790604,{}
stochastic_normalized_fragility,stochastic_normalized_loo_fragility,606,99,1025,6.177638292079791,1025,180,20,True,T1036 - Defense Evasion: Masquerading,0.0002508433397971,{}
stochastic_normalized_fragility,stochastic_normalized_loo_fragility,606,100,1035,5.659551584045403,1035,180,20,True,T1036 - Defense Evasion: Masquerading,0.0002161260909088,{}
stochastic_normalized_fragility,stochastic_normalized_loo_fragility,606,101,1045,5.724677791004069,1045,180,20,True,T1036 - Defense Evasion: Masquerading,0.0002035930292035,{}
stochastic_normalized_fragility,stochastic_normalized_loo_fragility,606,102,1055,5.872180791920982,1055,180,20,True,T1595 - Reconnaissance: Active Scanning,0.00019710188974,{}
stochastic_normalized_fragility,stochastic_normalized_loo_fragility,606,103,1065,6.027568832971156,1065,180,20,True,T1583.005 - Resource Development: Acquire Botnet,0.0002522192096473,{}
stochastic_normalized_fragility,stochastic_normalized_loo_fragility,606,104,1075,5.7055010829353705,1075,180,20,True,T1036 - Defense Evasion: Masquerading,0.0002251504689336,{}
stochastic_normalized_fragility,stochastic_normalized_loo_fragility,606,105,1085,5.651138499961235,1085,180,20,True,T1036 - Defense Evasion: Masquerading,0.0002086394233421,{}
stochastic_normalized_fragility,stochastic_normalized_loo_fragility,606,106,1095,6.679151499993168,1095,180,20,True,T1036 - Defense Evasion: Masquerading,0.000255439756139,{}
stochastic_normalized_fragility,stochastic_normalized_loo_fragility,606,107,1105,6.4617047919891775,1105,180,20,True,T1036 - Defense Evasion: Masquerading,0.0002187490661938,{}
stochastic_normalized_fragility,stochastic_normalized_loo_fragility,606,108,1115,6.217162957997061,1115,180,20,True,T1590 - Reconnaissance: Gather Victim Network Information,0.0006712777162451,{}
stochastic_normalized_fragility,stochastic_normalized_loo_fragility,606,109,1125,6.525363708962686,1125,180,20,True,T1036 - Defense Evasion: Masquerading,0.0001959829186455,{}
stochastic_normalized_fragility,stochastic_normalized_loo_fragility,606,110,1135,6.049297290970571,1135,180,20,True,T1583.005 - Resource Development: Acquire Botnet,0.0002235523429578,{}
stochastic_normalized_fragility,stochastic_normalized_loo_fragility,606,111,1145,6.132985125062987,1145,180,20,True,TA0011 - Command-and-Control,0.0001692359404136,{}
stochastic_normalized_fragility,stochastic_normalized_loo_fragility,606,112,1155,7.219473292003386,1155,180,20,True,T1036 - Defense Evasion: Masquerading,0.0002037808548878,{}
stochastic_normalized_fragility,stochastic_normalized_loo_fragility,606,113,1165,6.805714790942147,1165,180,20,True,T1595 - Reconnaissance: Active Scanning,0.0002243479505679,{}
stochastic_normalized_fragility,stochastic_normalized_loo_fragility,606,114,1175,6.4323542499914765,1175,180,20,True,T1584.005 - Resource Development: Build/Compromise Botnet,0.0002122565835001,{}
stochastic_normalized_fragility,stochastic_normalized_loo_fragility,606,115,1185,7.064623208949342,1185,180,20,True,T1584.005 - Resource Development: Build/Compromise Botnet,0.0002154345768349,{}
stochastic_normalized_fragility,stochastic_normalized_loo_fragility,606,116,1195,6.498588875052519,1195,180,20,True,T1036 - Defense Evasion: Masquerading,0.0002106534321434,{}
stochastic_normalized_fragility,stochastic_normalized_loo_fragility,606,117,1205,6.942629541968927,1205,180,20,True,T1595 - Reconnaissance: Active Scanning,0.0002084352945405,{}
stochastic_normalized_fragility,stochastic_normalized_loo_fragility,606,118,1215,6.707168124965392,1215,180,20,True,T1036 - Defense Evasion: Masquerading,0.0003017263611781,{}
stochastic_normalized_fragility,stochastic_normalized_loo_fragility,606,119,1225,6.685959541937336,1225,180,20,True,T1036 - Defense Evasion: Masquerading,0.0002186486094894,{}
stochastic_normalized_fragility,stochastic_normalized_loo_fragility,606,120,1235,6.5913087910739705,1235,180,20,True,T1036 - Defense Evasion: Masquerading,0.0001995131442342,{}
stochastic_normalized_fragility,stochastic_normalized_loo_fragility,606,121,1245,6.549691958003677,1245,180,20,True,T1595 - Reconnaissance: Active Scanning,0.0002858587254211,{}
stochastic_normalized_fragility,stochastic_normalized_loo_fragility,606,122,1255,6.882066749967635,1255,180,20,True,T1583.005 - Resource Development: Acquire Botnet,0.0002549620227317,{}
stochastic_normalized_fragility,stochastic_normalized_loo_fragility,606,123,1265,7.196882416959852,1265,180,20,True,T1036 - Defense Evasion: Masquerading,0.0002784560635248,{}
stochastic_normalized_fragility,stochastic_normalized_loo_fragility,606,124,1275,6.596318874973804,1275,180,20,True,TA0011 - Command-and-Control,0.0002567597906967,{}
stochastic_normalized_fragility,stochastic_normalized_loo_fragility,606,125,1285,6.785080375033431,1285,180,20,True,T1583.005 - Resource Development: Acquire Botnet,0.0004133765567127,{}
stochastic_normalized_fragility,stochastic_normalized_loo_fragility,606,126,1295,6.7987260420341045,1295,180,20,True,T1583.005 - Resource Development: Acquire Botnet,0.0003801047952169,{}
stochastic_normalized_fragility,stochastic_normalized_loo_fragility,606,127,1305,6.691223582951352,1305,180,20,True,T1583.005 - Resource Development: Acquire Botnet,0.0003560046869268,{}
stochastic_normalized_fragility,stochastic_normalized_loo_fragility,606,128,1315,6.971899374970235,1315,180,20,True,T1583.005 - Resource Development: Acquire Botnet,0.0003098655254834,{}
stochastic_normalized_fragility,stochastic_normalized_loo_fragility,606,129,1325,6.626634916989133,1325,180,20,True,T1583.005 - Resource Development: Acquire Botnet,0.0003154120910056,{}
stochastic_normalized_fragility,stochastic_normalized_loo_fragility,606,130,1335,7.0894884169101715,1335,180,20,True,T1583.005 - Resource Development: Acquire Botnet,0.0002027755121123,{}
stochastic_normalized_fragility,stochastic_normalized_loo_fragility,606,131,1345,7.186406833003275,1345,180,20,True,T1583.005 - Resource Development: Acquire Botnet,0.0002390525438262,{}
stochastic_normalized_fragility,stochastic_normalized_loo_fragility,606,132,1355,7.087932165944949,1355,180,20,True,TA0011 - Command-and-Control,0.0002909745735879,{}
stochastic_normalized_fragility,stochastic_normalized_loo_fragility,606,133,1365,7.95828583301045,1365,180,20,True,T1036 - Defense Evasion: Masquerading,0.0002889817652193,{}
stochastic_normalized_fragility,stochastic_normalized_loo_fragility,606,134,1375,8.398113750037737,1375,180,20,True,T1583.005 - Resource Development: Acquire Botnet,0.0002622165594217,{}
stochastic_normalized_fragility,stochastic_normalized_loo_fragility,606,135,1385,7.222585166920908,1385,180,20,True,T1036 - Defense Evasion: Masquerading,0.0001616518149166,{}
stochastic_normalized_fragility,stochastic_normalized_loo_fragility,606,136,1395,7.14251662499737,1395,180,20,True,T1036 - Defense Evasion: Masquerading,0.0001772216063149,{}
stochastic_normalized_fragility,stochastic_normalized_loo_fragility,606,137,1405,7.130739165935665,1405,180,20,True,T1583.005 - Resource Development: Acquire Botnet,0.0002387194313589,{}
stochastic_normalized_fragility,stochastic_normalized_loo_fragility,606,138,1415,8.311381207895465,1415,180,20,True,T1583.005 - Resource Development: Acquire Botnet,0.0003161946251259,{}
stochastic_normalized_fragility,stochastic_normalized_loo_fragility,606,139,1425,7.234193333075382,1425,180,20,True,T1571 - Defense Evasion: Non-Standard Port,0.0003247521998791,{}
stochastic_normalized_fragility,stochastic_normalized_loo_fragility,606,140,1435,7.716790542006493,1435,180,20,True,T1584.005 - Resource Development: Build/Compromise Botnet,0.0001921680438181,{}
stochastic_normalized_fragility,stochastic_normalized_loo_fragility,606,141,1445,11.342960624955596,1445,180,20,True,T1036 - Defense Evasion: Masquerading,0.0002025313721792,{}
stochastic_normalized_fragility,stochastic_normalized_loo_fragility,606,142,1455,8.614302832982503,1455,180,20,True,T1583.005 - Resource Development: Acquire Botnet,0.0002094665943766,{}
stochastic_normalized_fragility,stochastic_normalized_loo_fragility,606,143,1465,7.973880000063218,1465,180,20,True,T1583.005 - Resource Development: Acquire Botnet,0.0001685073080669,{}
stochastic_normalized_fragility,stochastic_normalized_loo_fragility,606,144,1475,7.59381150000263,1475,180,20,True,T1036 - Defense Evasion: Masquerading,0.0002047409354862,{}
stochastic_normalized_fragility,stochastic_normalized_loo_fragility,606,145,1485,7.871185665950179,1485,180,20,True,T1036 - Defense Evasion: Masquerading,0.0002126978485325,{}
stochastic_normalized_fragility,stochastic_normalized_loo_fragility,606,146,1495,7.575328583014198,1495,180,20,True,T1036 - Defense Evasion: Masquerading,0.0002538272359527,{}
stochastic_normalized_fragility,stochastic_normalized_loo_fragility,606,147,1505,8.415718000032939,1505,180,20,True,T1583.005 - Resource Development: Acquire Botnet,0.0002329147357509,{}
stochastic_normalized_fragility,stochastic_normalized_loo_fragility,606,148,1515,7.305746875004843,1515,180,20,True,T1583.005 - Resource Development: Acquire Botnet,0.0003437649320339,{}
stochastic_normalized_fragility,stochastic_normalized_loo_fragility,606,149,1525,7.643683708040044,1525,180,20,True,TA0011 - Command-and-Control,0.0003251218233124,{}
stochastic_normalized_fragility,stochastic_normalized_loo_fragility,606,150,1535,7.375036749988794,1535,180,20,True,TA0011 - Command-and-Control,0.0003824877676429,{}
stochastic_normalized_fragility,stochastic_normalized_loo_fragility,606,151,1545,7.437368375016376,1545,180,20,True,T1583.005 - Resource Development: Acquire Botnet,0.0003810570697659,{}
stochastic_normalized_fragility,stochastic_normalized_loo_fragility,606,152,1555,8.33350508310832,1555,180,20,True,T1583.005 - Resource Development: Acquire Botnet,0.0002645377906509,{}
stochastic_normalized_fragility,stochastic_normalized_loo_fragility,606,153,1565,7.341610249946825,1565,180,20,True,TA0011 - Command-and-Control,0.000212361379971,{}
stochastic_normalized_fragility,stochastic_normalized_loo_fragility,606,154,1575,7.633402874926105,1575,180,20,True,TA0011 - Command-and-Control,0.0003754041136771,{}
stochastic_normalized_fragility,stochastic_normalized_loo_fragility,606,155,1585,7.489020208013244,1585,180,20,True,TA0011 - Command-and-Control,0.0003216896299721,{}
stochastic_normalized_fragility,stochastic_normalized_loo_fragility,606,156,1595,8.069281207979657,1595,180,20,True,T1036 - Defense Evasion: Masquerading,0.0002052867870153,{}
stochastic_normalized_fragility,stochastic_normalized_loo_fragility,606,157,1605,7.87515141593758,1605,180,20,True,T1036 - Defense Evasion: Masquerading,0.0001958121755097,{}
stochastic_normalized_fragility,stochastic_normalized_loo_fragility,606,158,1615,7.313220457988791,1615,180,20,True,T1583.005 - Resource Development: Acquire Botnet,0.0002047026789273,{}
stochastic_normalized_fragility,stochastic_normalized_loo_fragility,606,159,1625,8.114940291037783,1625,180,20,True,TA0011 - Command-and-Control,0.0002213876254849,{}
stochastic_normalized_fragility,stochastic_normalized_loo_fragility,606,160,1635,7.742064416059293,1635,180,20,True,TA0011 - Command-and-Control,0.0002777714284286,{}
stochastic_normalized_fragility,stochastic_normalized_loo_fragility,606,161,1645,8.729313542018645,1645,180,20,True,T1584.005 - Resource Development: Build/Compromise Botnet,0.0004186397272454,{}
stochastic_normalized_fragility,stochastic_normalized_loo_fragility,606,162,1655,7.689361041993834,1655,180,20,True,TA0011 - Command-and-Control,0.0004353154594918,{}
stochastic_normalized_fragility,stochastic_normalized_loo_fragility,606,163,1665,7.035044750082307,1665,180,20,True,T1498.001 - Impact: Direct Network Flood,0.0002634343963332,{}
stochastic_normalized_fragility,stochastic_normalized_loo_fragility,606,164,1675,7.647513290983625,1675,180,20,True,T1590 - Reconnaissance: Gather Victim Network Information,0.0005424894960242,{}
stochastic_normalized_fragility,stochastic_normalized_loo_fragility,606,165,1685,7.766807375010103,1685,180,20,True,T1590 - Reconnaissance: Gather Victim Network Information,0.0003555078280089,{}
stochastic_normalized_fragility,stochastic_normalized_loo_fragility,606,166,1695,8.561253457912244,1695,180,20,True,T1036 - Defense Evasion: Masquerading,0.0001621895730786,{}
stochastic_normalized_fragility,stochastic_normalized_loo_fragility,606,167,1705,8.291429374949075,1705,180,20,True,T1036 - Defense Evasion: Masquerading,0.0001719357418117,{}
stochastic_normalized_fragility,stochastic_normalized_loo_fragility,606,168,1715,7.859826958039776,1715,180,20,True,T1036 - Defense Evasion: Masquerading,0.0001932336612015,{}
stochastic_normalized_fragility,stochastic_normalized_loo_fragility,606,169,1725,7.934267375036143,1725,180,20,True,T1036 - Defense Evasion: Masquerading,0.0001938513467255,{}
stochastic_normalized_fragility,stochastic_normalized_loo_fragility,606,170,1735,8.586754333111458,1735,180,20,True,T1036 - Defense Evasion: Masquerading,0.0003028807305034,{}
stochastic_normalized_fragility,stochastic_normalized_loo_fragility,606,171,1745,8.54077445808798,1745,180,20,True,TA0011 - Command-and-Control,0.0003450982495228,{}
stochastic_normalized_fragility,stochastic_normalized_loo_fragility,606,172,1755,8.124178666970693,1755,180,20,True,T1036 - Defense Evasion: Masquerading,0.0004250248366969,{}
stochastic_normalized_fragility,stochastic_normalized_loo_fragility,606,173,1765,8.52876566699706,1765,180,20,True,T1036 - Defense Evasion: Masquerading,0.0004301568185269,{}
stochastic_normalized_fragility,stochastic_normalized_loo_fragility,606,174,1775,7.957458792021498,1775,180,20,True,T1036 - Defense Evasion: Masquerading,0.0004441544342639,{}
stochastic_normalized_fragility,stochastic_normalized_loo_fragility,606,175,1785,8.753809457994066,1785,180,20,True,T1036 - Defense Evasion: Masquerading,0.0004265787534707,{}
stochastic_normalized_fragility,stochastic_normalized_loo_fragility,606,176,1795,8.074690917041153,1795,180,20,True,T1036 - Defense Evasion: Masquerading,0.0004353026888426,{}
stochastic_normalized_fragility,stochastic_normalized_loo_fragility,707,1,45,0.8906201249919832,45,45,20,False,TA0011 - Command-and-Control,0.0005269980957871,{}
stochastic_normalized_fragility,stochastic_normalized_loo_fragility,707,2,55,1.0467787920497358,55,55,20,False,TA0011 - Command-and-Control,0.0004063121157268,{}
stochastic_normalized_fragility,stochastic_normalized_loo_fragility,707,3,65,1.2955307909287512,65,65,20,False,TA0011 - Command-and-Control,0.0003366356294096,{}
stochastic_normalized_fragility,stochastic_normalized_loo_fragility,707,4,75,1.500707000028342,75,75,20,False,T1036 - Defense Evasion: Masquerading,0.0001850957265483,{}
stochastic_normalized_fragility,stochastic_normalized_loo_fragility,707,5,85,1.7309533749939874,85,85,20,False,T1583.005 - Resource Development: Acquire Botnet,0.0002899156100605,{}
stochastic_normalized_fragility,stochastic_normalized_loo_fragility,707,6,95,1.7480310420505702,95,95,20,False,T1583.005 - Resource Development: Acquire Botnet,0.0002927347002039,{}
stochastic_normalized_fragility,stochastic_normalized_loo_fragility,707,7,105,2.226306042051874,105,105,20,False,T1583.005 - Resource Development: Acquire Botnet,0.000229813089147,{}
stochastic_normalized_fragility,stochastic_normalized_loo_fragility,707,8,115,2.3356047910638154,115,115,20,False,T1583.005 - Resource Development: Acquire Botnet,0.0003328149150312,{}
stochastic_normalized_fragility,stochastic_normalized_loo_fragility,707,9,125,2.682930583949201,125,125,20,False,T1583.005 - Resource Development: Acquire Botnet,0.0002550954955298,{}
stochastic_normalized_fragility,stochastic_normalized_loo_fragility,707,10,135,2.765431584091857,135,134,20,True,TA0011 - Command-and-Control,0.0002750720457349,{}
stochastic_normalized_fragility,stochastic_normalized_loo_fragility,707,11,145,2.8005405419971794,145,143,20,True,T1583.005 - Resource Development: Acquire Botnet,0.0002599266861647,{}
stochastic_normalized_fragility,stochastic_normalized_loo_fragility,707,12,155,3.073671124991961,155,151,20,True,TA0011 - Command-and-Control,0.0002775535835668,{}
stochastic_normalized_fragility,stochastic_normalized_loo_fragility,707,13,165,3.0417645829729736,165,160,20,True,T1590 - Reconnaissance: Gather Victim Network Information,0.0001883705849995,{}
stochastic_normalized_fragility,stochastic_normalized_loo_fragility,707,14,175,3.928072249982506,175,167,20,True,T1583.005 - Resource Development: Acquire Botnet,0.0001704601473446,{}
stochastic_normalized_fragility,stochastic_normalized_loo_fragility,707,15,185,3.7967537080403417,185,169,20,True,T1583.005 - Resource Development: Acquire Botnet,0.000164263271828,{}
stochastic_normalized_fragility,stochastic_normalized_loo_fragility,707,16,195,3.6962251670192927,195,171,20,True,T1583.005 - Resource Development: Acquire Botnet,0.0001788328445386,{}
stochastic_normalized_fragility,stochastic_normalized_loo_fragility,707,17,205,3.731054999982007,205,175,20,True,T1036 - Defense Evasion: Masquerading,0.0001984217302733,{}
stochastic_normalized_fragility,stochastic_normalized_loo_fragility,707,18,215,3.848511999938637,215,177,20,True,T1036 - Defense Evasion: Masquerading,0.0002312270236744,{}
stochastic_normalized_fragility,stochastic_normalized_loo_fragility,707,19,225,3.8920024579856545,225,178,20,True,T1583.005 - Resource Development: Acquire Botnet,0.0001899813327645,{}
stochastic_normalized_fragility,stochastic_normalized_loo_fragility,707,20,235,3.832496499991976,235,178,20,True,T1583.005 - Resource Development: Acquire Botnet,0.000177543950533,{}
stochastic_normalized_fragility,stochastic_normalized_loo_fragility,707,21,245,4.044593833037652,245,180,20,True,T1583.005 - Resource Development: Acquire Botnet,0.0002143526919328,{}
stochastic_normalized_fragility,stochastic_normalized_loo_fragility,707,22,255,4.134715833002701,255,180,20,True,T1036 - Defense Evasion: Masquerading,0.0006064581148323,{}
stochastic_normalized_fragility,stochastic_normalized_loo_fragility,707,23,265,4.685524959000759,265,180,20,True,T1036 - Defense Evasion: Masquerading,0.0005511543751046,{}
stochastic_normalized_fragility,stochastic_normalized_loo_fragility,707,24,275,4.211874875007197,275,180,20,True,TA0011 - Command-and-Control,0.0005264217664872,{}
stochastic_normalized_fragility,stochastic_normalized_loo_fragility,707,25,285,4.2928009170573205,285,180,20,True,T1036 - Defense Evasion: Masquerading,0.0002696264830244,{}
stochastic_normalized_fragility,stochastic_normalized_loo_fragility,707,26,295,4.434006083058193,295,180,20,True,T1583.005 - Resource Development: Acquire Botnet,0.0002294434728895,{}
stochastic_normalized_fragility,stochastic_normalized_loo_fragility,707,27,305,4.5957754999399185,305,180,20,True,T1583.005 - Resource Development: Acquire Botnet,0.0003546578214837,{}
stochastic_normalized_fragility,stochastic_normalized_loo_fragility,707,28,315,4.34971695789136,315,180,20,True,TA0011 - Command-and-Control,0.0002644468491293,{}
stochastic_normalized_fragility,stochastic_normalized_loo_fragility,707,29,325,4.412902083015069,325,180,20,True,T1583.005 - Resource Development: Acquire Botnet,0.0001766627181148,{}
stochastic_normalized_fragility,stochastic_normalized_loo_fragility,707,30,335,4.557922750012949,335,180,20,True,T1583.005 - Resource Development: Acquire Botnet,0.0001507343410915,{}
stochastic_normalized_fragility,stochastic_normalized_loo_fragility,707,31,345,4.952015124959871,345,180,20,True,T1036 - Defense Evasion: Masquerading,0.0001960642136235,{}
stochastic_normalized_fragility,stochastic_normalized_loo_fragility,707,32,355,4.5346877499250695,355,180,20,True,T1036 - Defense Evasion: Masquerading,0.0003069167086163,{}
stochastic_normalized_fragility,stochastic_normalized_loo_fragility,707,33,365,4.508825375000015,365,180,20,True,T1036 - Defense Evasion: Masquerading,0.0003323455412795,{}
stochastic_normalized_fragility,stochastic_normalized_loo_fragility,707,34,375,4.377972958027385,375,180,20,True,T1036 - Defense Evasion: Masquerading,0.0005164167868008,{}
stochastic_normalized_fragility,stochastic_normalized_loo_fragility,707,35,385,4.5493677500635386,385,180,20,True,T1583.005 - Resource Development: Acquire Botnet,0.0003340844328316,{}
stochastic_normalized_fragility,stochastic_normalized_loo_fragility,707,36,395,4.950743917026557,395,180,20,True,T1583.005 - Resource Development: Acquire Botnet,0.0001869544221003,{}
stochastic_normalized_fragility,stochastic_normalized_loo_fragility,707,37,405,4.514318041037768,405,180,20,True,TA0011 - Command-and-Control,0.0001899937972056,{}
stochastic_normalized_fragility,stochastic_normalized_loo_fragility,707,38,415,5.166924666031264,415,180,20,True,T1590 - Reconnaissance: Gather Victim Network Information,0.0002148295071802,{}
stochastic_normalized_fragility,stochastic_normalized_loo_fragility,707,39,425,4.810226541943848,425,180,20,True,T1583.005 - Resource Development: Acquire Botnet,0.000206401193344,{}
stochastic_normalized_fragility,stochastic_normalized_loo_fragility,707,40,435,4.583120625000447,435,180,20,True,T1036 - Defense Evasion: Masquerading,0.0002648900285485,{}
stochastic_normalized_fragility,stochastic_normalized_loo_fragility,707,41,445,4.587376666953787,445,180,20,True,T1583.005 - Resource Development: Acquire Botnet,0.000224760852571,{}
stochastic_normalized_fragility,stochastic_normalized_loo_fragility,707,42,455,4.542960250051692,455,180,20,True,T1583.005 - Resource Development: Acquire Botnet,0.0002806670910188,{}
stochastic_normalized_fragility,stochastic_normalized_loo_fragility,707,43,465,4.492793084005825,465,180,20,True,T1036 - Defense Evasion: Masquerading,0.0002062692932304,{}
stochastic_normalized_fragility,stochastic_normalized_loo_fragility,707,44,475,4.612155042006634,475,180,20,True,T1036 - Defense Evasion: Masquerading,0.0001695711803347,{}
stochastic_normalized_fragility,stochastic_normalized_loo_fragility,707,45,485,4.310491709038615,485,180,20,True,T1036 - Defense Evasion: Masquerading,0.0002026833345917,{}
stochastic_normalized_fragility,stochastic_normalized_loo_fragility,707,46,495,5.171793416957371,495,180,20,True,TA0011 - Command-and-Control,0.0002009235764588,{}
stochastic_normalized_fragility,stochastic_normalized_loo_fragility,707,47,505,4.678145624930039,505,180,20,True,TA0011 - Command-and-Control,0.0001762658982647,{}
stochastic_normalized_fragility,stochastic_normalized_loo_fragility,707,48,515,4.728665542090312,515,180,20,True,T1036 - Defense Evasion: Masquerading,0.0002079233887726,{}
stochastic_normalized_fragility,stochastic_normalized_loo_fragility,707,49,525,4.418922833050601,525,180,20,True,T1583.005 - Resource Development: Acquire Botnet,0.0003153793884744,{}
stochastic_normalized_fragility,stochastic_normalized_loo_fragility,707,50,535,4.635648999945261,535,180,20,True,T1595 - Reconnaissance: Active Scanning,0.0003550868695898,{}
stochastic_normalized_fragility,stochastic_normalized_loo_fragility,707,51,545,4.784584334003739,545,180,20,True,T1583.005 - Resource Development: Acquire Botnet,0.0002183974761449,{}
stochastic_normalized_fragility,stochastic_normalized_loo_fragility,707,52,555,4.717437791987322,555,180,20,True,T1036 - Defense Evasion: Masquerading,0.0001752263861796,{}
stochastic_normalized_fragility,stochastic_normalized_loo_fragility,707,53,565,4.870348541997373,565,180,20,True,T1036 - Defense Evasion: Masquerading,0.0001667446432285,{}
stochastic_normalized_fragility,stochastic_normalized_loo_fragility,707,54,575,5.089603667031042,575,180,20,True,T1583.005 - Resource Development: Acquire Botnet,0.00019976672539,{}
stochastic_normalized_fragility,stochastic_normalized_loo_fragility,707,55,585,5.083740624948405,585,180,20,True,T1036 - Defense Evasion: Masquerading,0.000187130423598,{}
stochastic_normalized_fragility,stochastic_normalized_loo_fragility,707,56,595,4.843772458960302,595,180,20,True,T1036 - Defense Evasion: Masquerading,0.0001785750930608,{}
stochastic_normalized_fragility,stochastic_normalized_loo_fragility,707,57,605,5.000268792035058,605,180,20,True,T1036 - Defense Evasion: Masquerading,0.0001956970021716,{}
stochastic_normalized_fragility,stochastic_normalized_loo_fragility,707,58,615,4.806380083900876,615,180,20,True,T1036 - Defense Evasion: Masquerading,0.0001795463965083,{}
stochastic_normalized_fragility,stochastic_normalized_loo_fragility,707,59,625,4.713264334015548,625,180,20,True,T1583.005 - Resource Development: Acquire Botnet,0.0001821141974093,{}
stochastic_normalized_fragility,stochastic_normalized_loo_fragility,707,60,635,5.327711291960441,635,180,20,True,T1583.005 - Resource Development: Acquire Botnet,0.0001814414111172,{}
stochastic_normalized_fragility,stochastic_normalized_loo_fragility,707,61,645,5.052514792070724,645,180,20,True,T1583.005 - Resource Development: Acquire Botnet,0.0001942992976235,{}
stochastic_normalized_fragility,stochastic_normalized_loo_fragility,707,62,655,4.894774665939622,655,180,20,True,T1590 - Reconnaissance: Gather Victim Network Information,0.0002303175961249,{}
stochastic_normalized_fragility,stochastic_normalized_loo_fragility,707,63,665,4.726515082991682,665,180,20,True,T1584.005 - Resource Development: Build/Compromise Botnet,0.0003074530702346,{}
stochastic_normalized_fragility,stochastic_normalized_loo_fragility,707,64,675,5.375498165958561,675,180,20,True,T1583.005 - Resource Development: Acquire Botnet,0.0002766881049638,{}
stochastic_normalized_fragility,stochastic_normalized_loo_fragility,707,65,685,4.8808509999653324,685,180,20,True,T1590 - Reconnaissance: Gather Victim Network Information,0.0002726830702777,{}
stochastic_normalized_fragility,stochastic_normalized_loo_fragility,707,66,695,4.979543583001941,695,180,20,True,TA0011 - Command-and-Control,0.000225126970349,{}
stochastic_normalized_fragility,stochastic_normalized_loo_fragility,707,67,705,5.488740459084511,705,180,20,True,TA0011 - Command-and-Control,0.0003197888042868,{}
stochastic_normalized_fragility,stochastic_normalized_loo_fragility,707,68,715,4.863632083986886,715,180,20,True,TA0011 - Command-and-Control,0.0003812984189,{}
stochastic_normalized_fragility,stochastic_normalized_loo_fragility,707,69,725,4.889221041928977,725,180,20,True,TA0011 - Command-and-Control,0.0002388250995039,{}
stochastic_normalized_fragility,stochastic_normalized_loo_fragility,707,70,735,4.823763999971561,735,180,20,True,T1583.005 - Resource Development: Acquire Botnet,0.0003077791885517,{}
stochastic_normalized_fragility,stochastic_normalized_loo_fragility,707,71,745,4.875406250008382,745,180,20,True,T1036 - Defense Evasion: Masquerading,0.0003282894296624,{}
stochastic_normalized_fragility,stochastic_normalized_loo_fragility,707,72,755,4.763027208042331,755,180,20,True,T1595 - Reconnaissance: Active Scanning,0.0003120056301314,{}
stochastic_normalized_fragility,stochastic_normalized_loo_fragility,707,73,765,5.058830916997977,765,180,20,True,T1583.005 - Resource Development: Acquire Botnet,0.0003173188339979,{}
stochastic_normalized_fragility,stochastic_normalized_loo_fragility,707,74,775,5.44980470801238,775,180,20,True,T1583.005 - Resource Development: Acquire Botnet,0.0002349426755436,{}
stochastic_normalized_fragility,stochastic_normalized_loo_fragility,707,75,785,5.094933249987662,785,180,20,True,T1583.005 - Resource Development: Acquire Botnet,0.0002066602158979,{}
stochastic_normalized_fragility,stochastic_normalized_loo_fragility,707,76,795,5.396834542043507,795,180,20,True,T1583.005 - Resource Development: Acquire Botnet,0.0002702743563045,{}
stochastic_normalized_fragility,stochastic_normalized_loo_fragility,707,77,805,5.449262458016165,805,180,20,True,TA0011 - Command-and-Control,0.0002453763222483,{}
stochastic_normalized_fragility,stochastic_normalized_loo_fragility,707,78,815,5.567070291028358,815,180,20,True,T1036 - Defense Evasion: Masquerading,0.0002915887067047,{}
stochastic_normalized_fragility,stochastic_normalized_loo_fragility,707,79,825,5.417024082969874,825,180,20,True,T1036 - Defense Evasion: Masquerading,0.000252140795462,{}
stochastic_normalized_fragility,stochastic_normalized_loo_fragility,707,80,835,5.652632166980766,835,180,20,True,T1036 - Defense Evasion: Masquerading,0.0002864631188989,{}
stochastic_normalized_fragility,stochastic_normalized_loo_fragility,707,81,845,4.852753457962535,845,180,20,True,T1590 - Reconnaissance: Gather Victim Network Information,0.0003025941729401,{}
stochastic_normalized_fragility,stochastic_normalized_loo_fragility,707,82,855,5.373407374951057,855,180,20,True,T1036 - Defense Evasion: Masquerading,0.0002355200720589,{}
stochastic_normalized_fragility,stochastic_normalized_loo_fragility,707,83,865,5.100524624926038,865,180,20,True,T1036 - Defense Evasion: Masquerading,0.0002231750611657,{}
stochastic_normalized_fragility,stochastic_normalized_loo_fragility,707,84,875,4.829831084003672,875,180,20,True,T1036 - Defense Evasion: Masquerading,0.0002635271989822,{}
stochastic_normalized_fragility,stochastic_normalized_loo_fragility,707,85,885,5.680370624992065,885,180,20,True,T1036 - Defense Evasion: Masquerading,0.0002673122687569,{}
stochastic_normalized_fragility,stochastic_normalized_loo_fragility,707,86,895,5.12078041699715,895,180,20,True,T1595 - Reconnaissance: Active Scanning,0.0002923072027677,{}
stochastic_normalized_fragility,stochastic_normalized_loo_fragility,707,87,905,5.36256004194729,905,180,20,True,T1036 - Defense Evasion: Masquerading,0.0003535943375779,{}
stochastic_normalized_fragility,stochastic_normalized_loo_fragility,707,88,915,5.815471791895106,915,180,20,True,T1036 - Defense Evasion: Masquerading,0.0003804640622337,{}
stochastic_normalized_fragility,stochastic_normalized_loo_fragility,707,89,925,5.0777936660451815,925,180,20,True,T1036 - Defense Evasion: Masquerading,0.0002918498465186,{}
stochastic_normalized_fragility,stochastic_normalized_loo_fragility,707,90,935,5.333528292016126,935,180,20,True,T1036 - Defense Evasion: Masquerading,0.0002976719553766,{}
stochastic_normalized_fragility,stochastic_normalized_loo_fragility,707,91,945,5.31798804202117,945,180,20,True,T1036 - Defense Evasion: Masquerading,0.0003470623396009,{}
stochastic_normalized_fragility,stochastic_normalized_loo_fragility,707,92,955,6.193929875036702,955,180,20,True,T1036 - Defense Evasion: Masquerading,0.000280701548869,{}
stochastic_normalized_fragility,stochastic_normalized_loo_fragility,707,93,965,5.426942625083029,965,180,20,True,T1036 - Defense Evasion: Masquerading,0.0002406839244497,{}
stochastic_normalized_fragility,stochastic_normalized_loo_fragility,707,94,975,6.214886917034164,975,180,20,True,T1590 - Reconnaissance: Gather Victim Network Information,0.0002674764132207,{}
stochastic_normalized_fragility,stochastic_normalized_loo_fragility,707,95,985,5.870222875033505,985,180,20,True,T1036 - Defense Evasion: Masquerading,0.0002521741803541,{}
stochastic_normalized_fragility,stochastic_normalized_loo_fragility,707,96,995,5.792270542006008,995,180,20,True,T1583.005 - Resource Development: Acquire Botnet,0.0001684960069864,{}
stochastic_normalized_fragility,stochastic_normalized_loo_fragility,707,97,1005,5.601280250004493,1005,180,20,True,TA0011 - Command-and-Control,0.0002273640965056,{}
stochastic_normalized_fragility,stochastic_normalized_loo_fragility,707,98,1015,6.122901333961636,1015,180,20,True,TA0011 - Command-and-Control,0.0004026664478955,{}
stochastic_normalized_fragility,stochastic_normalized_loo_fragility,707,99,1025,5.951035666977987,1025,180,20,True,T1036 - Defense Evasion: Masquerading,0.0004105129549083,{}
stochastic_normalized_fragility,stochastic_normalized_loo_fragility,707,100,1035,5.805370291927829,1035,180,20,True,T1036 - Defense Evasion: Masquerading,0.0003212940466089,{}
stochastic_normalized_fragility,stochastic_normalized_loo_fragility,707,101,1045,6.495092208031565,1045,180,20,True,T1036 - Defense Evasion: Masquerading,0.000278642465861,{}
stochastic_normalized_fragility,stochastic_normalized_loo_fragility,707,102,1055,6.513085874961689,1055,180,20,True,T1583.005 - Resource Development: Acquire Botnet,0.0002387452759247,{}
stochastic_normalized_fragility,stochastic_normalized_loo_fragility,707,103,1065,6.282936500036158,1065,180,20,True,T1036 - Defense Evasion: Masquerading,0.0002429928110456,{}
stochastic_normalized_fragility,stochastic_normalized_loo_fragility,707,104,1075,6.212990583037026,1075,180,20,True,T1583.005 - Resource Development: Acquire Botnet,0.0002130865961705,{}
stochastic_normalized_fragility,stochastic_normalized_loo_fragility,707,105,1085,6.221341542084701,1085,180,20,True,T1583.005 - Resource Development: Acquire Botnet,0.0002216878022158,{}
stochastic_normalized_fragility,stochastic_normalized_loo_fragility,707,106,1095,6.188786333077587,1095,180,20,True,T1590 - Reconnaissance: Gather Victim Network Information,0.0007375107113712,{}
stochastic_normalized_fragility,stochastic_normalized_loo_fragility,707,107,1105,7.546671540942043,1105,180,20,True,TA0011 - Command-and-Control,0.0004758784860916,{}
stochastic_normalized_fragility,stochastic_normalized_loo_fragility,707,108,1115,7.018181250081398,1115,180,20,True,T1036 - Defense Evasion: Masquerading,0.0004417726702725,{}
stochastic_normalized_fragility,stochastic_normalized_loo_fragility,707,109,1125,6.257564499974251,1125,180,20,True,T1036 - Defense Evasion: Masquerading,0.000458118138824,{}
stochastic_normalized_fragility,stochastic_normalized_loo_fragility,707,110,1135,7.215621832991019,1135,180,20,True,T1036 - Defense Evasion: Masquerading,0.000297801918238,{}
stochastic_normalized_fragility,stochastic_normalized_loo_fragility,707,111,1145,6.662802124978043,1145,180,20,True,T1583.005 - Resource Development: Acquire Botnet,0.0002592780675855,{}
stochastic_normalized_fragility,stochastic_normalized_loo_fragility,707,112,1155,6.92476520803757,1155,180,20,True,T1036 - Defense Evasion: Masquerading,0.0003361165822899,{}
stochastic_normalized_fragility,stochastic_normalized_loo_fragility,707,113,1165,6.471289125038311,1165,180,20,True,T1036 - Defense Evasion: Masquerading,0.0002250771597676,{}
stochastic_normalized_fragility,stochastic_normalized_loo_fragility,707,114,1175,6.481739458045922,1175,180,20,True,T1583.005 - Resource Development: Acquire Botnet,0.0002003281829299,{}
stochastic_normalized_fragility,stochastic_normalized_loo_fragility,707,115,1185,6.4289240000071,1185,180,20,True,T1584.005 - Resource Development: Build/Compromise Botnet,0.0002227235995435,{}
stochastic_normalized_fragility,stochastic_normalized_loo_fragility,707,116,1195,6.524546958971769,1195,180,20,True,T1498.001 - Impact: Direct Network Flood,0.0002259311283031,{}
stochastic_normalized_fragility,stochastic_normalized_loo_fragility,707,117,1205,6.801863040891476,1205,180,20,True,T1583.005 - Resource Development: Acquire Botnet,0.000295558405993,{}
stochastic_normalized_fragility,stochastic_normalized_loo_fragility,707,118,1215,7.360006166971289,1215,180,20,True,T1036 - Defense Evasion: Masquerading,0.0003376765280764,{}
stochastic_normalized_fragility,stochastic_normalized_loo_fragility,707,119,1225,6.709324750001542,1225,180,20,True,T1036 - Defense Evasion: Masquerading,0.0001709280809601,{}
stochastic_normalized_fragility,stochastic_normalized_loo_fragility,707,120,1235,6.682999416952953,1235,180,20,True,T1036 - Defense Evasion: Masquerading,0.0003494923300353,{}
stochastic_normalized_fragility,stochastic_normalized_loo_fragility,707,121,1245,6.728560082963668,1245,180,20,True,T1036 - Defense Evasion: Masquerading,0.0003816017987308,{}
stochastic_normalized_fragility,stochastic_normalized_loo_fragility,707,122,1255,6.934709000051953,1255,180,20,True,T1498.001 - Impact: Direct Network Flood,0.0003124010083407,{}
stochastic_normalized_fragility,stochastic_normalized_loo_fragility,707,123,1265,7.477505624992773,1265,180,20,True,TA0011 - Command-and-Control,0.000288451993153,{}
stochastic_normalized_fragility,stochastic_normalized_loo_fragility,707,124,1275,6.963458999991417,1275,180,20,True,TA0011 - Command-and-Control,0.0003747655726138,{}
stochastic_normalized_fragility,stochastic_normalized_loo_fragility,707,125,1285,6.965412167017348,1285,180,20,True,TA0011 - Command-and-Control,0.0003938668649365,{}
stochastic_normalized_fragility,stochastic_normalized_loo_fragility,707,126,1295,7.292034957907163,1295,180,20,True,T1583.005 - Resource Development: Acquire Botnet,0.0002151130336941,{}
stochastic_normalized_fragility,stochastic_normalized_loo_fragility,707,127,1305,6.831970583065413,1305,180,20,True,T1590 - Reconnaissance: Gather Victim Network Information,0.0002549576610634,{}
stochastic_normalized_fragility,stochastic_normalized_loo_fragility,707,128,1315,7.9750850410200655,1315,180,20,True,T1498.002 - Impact: Reflection/Amplification Attack,0.0002507027485232,{}
stochastic_normalized_fragility,stochastic_normalized_loo_fragility,707,129,1325,8.248771000071429,1325,180,20,True,TA0011 - Command-and-Control,0.000260589890365,{}
stochastic_normalized_fragility,stochastic_normalized_loo_fragility,707,130,1335,7.261204125010408,1335,180,20,True,T1590 - Reconnaissance: Gather Victim Network Information,0.0002573046757653,{}
stochastic_normalized_fragility,stochastic_normalized_loo_fragility,707,131,1345,7.093811416998506,1345,180,20,True,TA0011 - Command-and-Control,0.0003525523814211,{}
stochastic_normalized_fragility,stochastic_normalized_loo_fragility,707,132,1355,7.208502124994993,1355,180,20,True,T1036 - Defense Evasion: Masquerading,0.0003258675305655,{}
stochastic_normalized_fragility,stochastic_normalized_loo_fragility,707,133,1365,8.386119666974992,1365,180,20,True,T1036 - Defense Evasion: Masquerading,0.000207678746709,{}
stochastic_normalized_fragility,stochastic_normalized_loo_fragility,707,134,1375,7.74001104105264,1375,180,20,True,T1595 - Reconnaissance: Active Scanning,0.0001828491894637,{}
stochastic_normalized_fragility,stochastic_normalized_loo_fragility,707,135,1385,10.227844917098992,1385,180,20,True,T1036 - Defense Evasion: Masquerading,0.0002264861875384,{}
stochastic_normalized_fragility,stochastic_normalized_loo_fragility,707,136,1395,8.532481790985912,1395,180,20,True,T1036 - Defense Evasion: Masquerading,0.00024966346854,{}
stochastic_normalized_fragility,stochastic_normalized_loo_fragility,707,137,1405,8.463557707960717,1405,180,20,True,T1595 - Reconnaissance: Active Scanning,0.0005110011522121,{}
stochastic_normalized_fragility,stochastic_normalized_loo_fragility,707,138,1415,7.952069916995242,1415,180,20,True,T1583.005 - Resource Development: Acquire Botnet,0.0002111085345191,{}
stochastic_normalized_fragility,stochastic_normalized_loo_fragility,707,139,1425,7.818439124966972,1425,180,20,True,T1036 - Defense Evasion: Masquerading,0.0001719636524916,{}
stochastic_normalized_fragility,stochastic_normalized_loo_fragility,707,140,1435,7.788601832929999,1435,180,20,True,T1036 - Defense Evasion: Masquerading,0.0002213373897559,{}
stochastic_normalized_fragility,stochastic_normalized_loo_fragility,707,141,1445,7.621616291929968,1445,180,20,True,T1590 - Reconnaissance: Gather Victim Network Information,0.0002392298851747,{}
stochastic_normalized_fragility,stochastic_normalized_loo_fragility,707,142,1455,7.911513417027891,1455,180,20,True,T1583.005 - Resource Development: Acquire Botnet,0.0001932156972861,{}
stochastic_normalized_fragility,stochastic_normalized_loo_fragility,707,143,1465,7.271633166004904,1465,180,20,True,T1036 - Defense Evasion: Masquerading,0.0002473041640329,{}
stochastic_normalized_fragility,stochastic_normalized_loo_fragility,707,144,1475,7.517495332984254,1475,180,20,True,T1036 - Defense Evasion: Masquerading,0.000237537152584,{}
stochastic_normalized_fragility,stochastic_normalized_loo_fragility,707,145,1485,7.398751416010782,1485,180,20,True,T1036 - Defense Evasion: Masquerading,0.0002485240283099,{}
stochastic_normalized_fragility,stochastic_normalized_loo_fragility,707,146,1495,7.362077917088755,1495,180,20,True,T1498.002 - Impact: Reflection/Amplification Attack,0.0002124899051989,{}
stochastic_normalized_fragility,stochastic_normalized_loo_fragility,707,147,1505,8.164335124893114,1505,180,20,True,T1583.005 - Resource Development: Acquire Botnet,0.0002219216878261,{}
stochastic_normalized_fragility,stochastic_normalized_loo_fragility,707,148,1515,7.615191375021823,1515,180,20,True,T1583.005 - Resource Development: Acquire Botnet,0.0002897455511512,{}
stochastic_normalized_fragility,stochastic_normalized_loo_fragility,707,149,1525,7.734344957978465,1525,180,20,True,TA0011 - Command-and-Control,0.0004548330141006,{}
stochastic_normalized_fragility,stochastic_normalized_loo_fragility,707,150,1535,7.613193250028416,1535,180,20,True,TA0011 - Command-and-Control,0.0004443039992879,{}
stochastic_normalized_fragility,stochastic_normalized_loo_fragility,707,151,1545,8.226716124918312,1545,180,20,True,TA0011 - Command-and-Control,0.0005545970943145,{}
stochastic_normalized_fragility,stochastic_normalized_loo_fragility,707,152,1555,7.943130834028125,1555,180,20,True,TA0011 - Command-and-Control,0.0003437274079626,{}
stochastic_normalized_fragility,stochastic_normalized_loo_fragility,707,153,1565,7.582944832975045,1565,180,20,True,TA0011 - Command-and-Control,0.0003572303617489,{}
stochastic_normalized_fragility,stochastic_normalized_loo_fragility,707,154,1575,8.316225375048816,1575,180,20,True,TA0011 - Command-and-Control,0.0005650212298229,{}
stochastic_normalized_fragility,stochastic_normalized_loo_fragility,707,155,1585,7.917242250056006,1585,180,20,True,T1583.005 - Resource Development: Acquire Botnet,0.0002265685402568,{}
stochastic_normalized_fragility,stochastic_normalized_loo_fragility,707,156,1595,8.69658966595307,1595,180,20,True,T1590 - Reconnaissance: Gather Victim Network Information,0.0002121655537652,{}
stochastic_normalized_fragility,stochastic_normalized_loo_fragility,707,157,1605,7.90933779196348,1605,180,20,True,T1036 - Defense Evasion: Masquerading,0.0001784168682009,{}
stochastic_normalized_fragility,stochastic_normalized_loo_fragility,707,158,1615,6.9552083750022575,1615,180,20,True,T1036 - Defense Evasion: Masquerading,0.0001818048475586,{}
stochastic_normalized_fragility,stochastic_normalized_loo_fragility,707,159,1625,7.882121415925212,1625,180,20,True,T1583.005 - Resource Development: Acquire Botnet,0.0001856132054378,{}
stochastic_normalized_fragility,stochastic_normalized_loo_fragility,707,160,1635,8.37584670796059,1635,180,20,True,T1036 - Defense Evasion: Masquerading,0.0002130003679121,{}
stochastic_normalized_fragility,stochastic_normalized_loo_fragility,707,161,1645,8.550779165932909,1645,180,20,True,T1036 - Defense Evasion: Masquerading,0.0002496209410796,{}
stochastic_normalized_fragility,stochastic_normalized_loo_fragility,707,162,1655,7.904794458998367,1655,180,20,True,T1590 - Reconnaissance: Gather Victim Network Information,0.0004377867012979,{}
stochastic_normalized_fragility,stochastic_normalized_loo_fragility,707,163,1665,7.815193291055039,1665,180,20,True,T1590 - Reconnaissance: Gather Victim Network Information,0.0003912247756887,{}
stochastic_normalized_fragility,stochastic_normalized_loo_fragility,707,164,1675,7.628015083959326,1675,180,20,True,TA0011 - Command-and-Control,0.0001741972357221,{}
stochastic_normalized_fragility,stochastic_normalized_loo_fragility,707,165,1685,8.767115208087489,1685,180,20,True,T1036 - Defense Evasion: Masquerading,0.0002354597433874,{}
stochastic_normalized_fragility,stochastic_normalized_loo_fragility,707,166,1695,8.157255957950838,1695,180,20,True,T1036 - Defense Evasion: Masquerading,0.000300369375687,{}
stochastic_normalized_fragility,stochastic_normalized_loo_fragility,707,167,1705,8.279190249973908,1705,180,20,True,T1036 - Defense Evasion: Masquerading,0.0002608528999615,{}
stochastic_normalized_fragility,stochastic_normalized_loo_fragility,707,168,1715,8.348203458008356,1715,180,20,True,T1036 - Defense Evasion: Masquerading,0.000289131781034,{}
stochastic_normalized_fragility,stochastic_normalized_loo_fragility,707,169,1725,8.04483925004024,1725,180,20,True,T1590 - Reconnaissance: Gather Victim Network Information,0.0005410645985979,{}
stochastic_normalized_fragility,stochastic_normalized_loo_fragility,707,170,1735,8.760538667091168,1735,180,20,True,TA0011 - Command-and-Control,0.0003772330708788,{}
stochastic_normalized_fragility,stochastic_normalized_loo_fragility,707,171,1745,8.164532541995868,1745,180,20,True,TA0011 - Command-and-Control,0.000232545585664,{}
stochastic_normalized_fragility,stochastic_normalized_loo_fragility,707,172,1755,6.295910417102277,1755,180,20,True,TA0011 - Command-and-Control,0.0001841840163511,{}
stochastic_normalized_fragility,stochastic_normalized_loo_fragility,707,173,1765,5.685272166971117,1765,180,20,True,TA0011 - Command-and-Control,0.0001930201668625,{}
stochastic_normalized_fragility,stochastic_normalized_loo_fragility,707,174,1775,6.103406499954872,1775,180,20,True,T1498.002 - Impact: Reflection/Amplification Attack,0.0003334148692724,{}
stochastic_normalized_fragility,stochastic_normalized_loo_fragility,707,175,1785,5.810936708934605,1785,180,20,True,T1590 - Reconnaissance: Gather Victim Network Information,0.0002229569915929,{}
stochastic_normalized_fragility,stochastic_normalized_loo_fragility,707,176,1795,5.743308790959418,1795,180,20,True,T1590 - Reconnaissance: Gather Victim Network Information,0.0002332829251981,{}
stochastic_normalized_fragility,stochastic_normalized_loo_fragility,808,1,45,1.0148907919647172,45,45,20,False,T1584.005 - Resource Development: Build/Compromise Botnet,0.0005603617538672,{}
stochastic_normalized_fragility,stochastic_normalized_loo_fragility,808,2,55,1.1638475420186296,55,55,20,False,T1590 - Reconnaissance: Gather Victim Network Information,0.0003893733906954,{}
stochastic_normalized_fragility,stochastic_normalized_loo_fragility,808,3,65,1.6383340419270098,65,65,20,False,T1036 - Defense Evasion: Masquerading,0.0001802132274149,{}
stochastic_normalized_fragility,stochastic_normalized_loo_fragility,808,4,75,1.6391654999461025,75,75,20,False,T1583.005 - Resource Development: Acquire Botnet,0.0002192294812153,{}
stochastic_normalized_fragility,stochastic_normalized_loo_fragility,808,5,85,1.8720674579963088,85,85,20,False,T1583.005 - Resource Development: Acquire Botnet,0.0001605427309476,{}
stochastic_normalized_fragility,stochastic_normalized_loo_fragility,808,6,95,1.9495172920869663,95,95,20,False,T1583.005 - Resource Development: Acquire Botnet,0.0002130486739075,{}
stochastic_normalized_fragility,stochastic_normalized_loo_fragility,808,7,105,2.2445063330233097,105,105,20,False,T1583.005 - Resource Development: Acquire Botnet,0.0002990041917227,{}
stochastic_normalized_fragility,stochastic_normalized_loo_fragility,808,8,115,2.4419893749291077,115,115,20,False,T1583.005 - Resource Development: Acquire Botnet,0.0002827923815509,{}
stochastic_normalized_fragility,stochastic_normalized_loo_fragility,808,9,125,2.534765541087836,125,125,20,False,T1583.005 - Resource Development: Acquire Botnet,0.0002374236977121,{}
stochastic_normalized_fragility,stochastic_normalized_loo_fragility,808,10,135,2.9164468749659136,135,134,20,True,T1583.005 - Resource Development: Acquire Botnet,0.0003146831201275,{}
stochastic_normalized_fragility,stochastic_normalized_loo_fragility,808,11,145,3.1855042499955744,145,144,20,True,T1583.005 - Resource Development: Acquire Botnet,0.0002022160026895,{}
stochastic_normalized_fragility,stochastic_normalized_loo_fragility,808,12,155,3.2997174999909475,155,150,20,True,T1583.005 - Resource Development: Acquire Botnet,0.0003905286621456,{}
stochastic_normalized_fragility,stochastic_normalized_loo_fragility,808,13,165,3.197928583016619,165,157,20,True,TA0011 - Command-and-Control,0.0005708654797406,{}
stochastic_normalized_fragility,stochastic_normalized_loo_fragility,808,14,175,3.596158166066743,175,163,20,True,T1583.005 - Resource Development: Acquire Botnet,0.0002559120091645,{}
stochastic_normalized_fragility,stochastic_normalized_loo_fragility,808,15,185,4.094470125040971,185,167,20,True,T1583.005 - Resource Development: Acquire Botnet,0.0002380963120245,{}
stochastic_normalized_fragility,stochastic_normalized_loo_fragility,808,16,195,3.874835875001736,195,172,20,True,T1036 - Defense Evasion: Masquerading,0.000187892168425,{}
stochastic_normalized_fragility,stochastic_normalized_loo_fragility,808,17,205,3.8418321249773726,205,174,20,True,T1036 - Defense Evasion: Masquerading,0.0002135927538475,{}
stochastic_normalized_fragility,stochastic_normalized_loo_fragility,808,18,215,4.268340666079894,215,177,20,True,T1590 - Reconnaissance: Gather Victim Network Information,0.0002685478567443,{}
stochastic_normalized_fragility,stochastic_normalized_loo_fragility,808,19,225,4.246003457927145,225,179,20,True,T1583.005 - Resource Development: Acquire Botnet,0.0001974327738961,{}
stochastic_normalized_fragility,stochastic_normalized_loo_fragility,808,20,235,4.091483541065827,235,179,20,True,T1036 - Defense Evasion: Masquerading,0.000214624031749,{}
stochastic_normalized_fragility,stochastic_normalized_loo_fragility,808,21,245,4.744356457958929,245,180,20,True,T1036 - Defense Evasion: Masquerading,0.0001966445369097,{}
stochastic_normalized_fragility,stochastic_normalized_loo_fragility,808,22,255,4.589594874996692,255,180,20,True,TA0011 - Command-and-Control,0.0005122673066915,{}
stochastic_normalized_fragility,stochastic_normalized_loo_fragility,808,23,265,4.587767124990933,265,180,20,True,T1036 - Defense Evasion: Masquerading,0.0003442526941551,{}
stochastic_normalized_fragility,stochastic_normalized_loo_fragility,808,24,275,4.2604255840415135,275,180,20,True,T1583.005 - Resource Development: Acquire Botnet,0.0002567059074679,{}
stochastic_normalized_fragility,stochastic_normalized_loo_fragility,808,25,285,4.004356916062534,285,180,20,True,T1595 - Reconnaissance: Active Scanning,0.0002250539263651,{}
stochastic_normalized_fragility,stochastic_normalized_loo_fragility,808,26,295,4.280929708038457,295,180,20,True,T1583.005 - Resource Development: Acquire Botnet,0.0002049943802948,{}
stochastic_normalized_fragility,stochastic_normalized_loo_fragility,808,27,305,4.507411334081553,305,180,20,True,T1583.005 - Resource Development: Acquire Botnet,0.0002398383809816,{}
stochastic_normalized_fragility,stochastic_normalized_loo_fragility,808,28,315,4.897676166961901,315,180,20,True,T1036 - Defense Evasion: Masquerading,0.0002298887369837,{}
stochastic_normalized_fragility,stochastic_normalized_loo_fragility,808,29,325,4.802318333066069,325,180,20,True,TA0011 - Command-and-Control,0.0003249592623361,{}
stochastic_normalized_fragility,stochastic_normalized_loo_fragility,808,30,335,4.670504208072089,335,180,20,True,TA0011 - Command-and-Control,0.0002897879043033,{}
stochastic_normalized_fragility,stochastic_normalized_loo_fragility,808,31,345,5.103282834053971,345,180,20,True,T1584.005 - Resource Development: Build/Compromise Botnet,0.0002067540535006,{}
stochastic_normalized_fragility,stochastic_normalized_loo_fragility,808,32,355,4.350416875095107,355,180,20,True,T1036 - Defense Evasion: Masquerading,0.000192676288392,{}
stochastic_normalized_fragility,stochastic_normalized_loo_fragility,808,33,365,4.471039750031196,365,180,20,True,T1036 - Defense Evasion: Masquerading,0.00020454299429,{}
stochastic_normalized_fragility,stochastic_normalized_loo_fragility,808,34,375,4.596472749952227,375,180,20,True,T1583.005 - Resource Development: Acquire Botnet,0.0001894987762278,{}
stochastic_normalized_fragility,stochastic_normalized_loo_fragility,808,35,385,4.467308750026859,385,180,20,True,T1583.005 - Resource Development: Acquire Botnet,0.0002523311449063,{}
stochastic_normalized_fragility,stochastic_normalized_loo_fragility,808,36,395,4.362501541967504,395,180,20,True,T1595 - Reconnaissance: Active Scanning,0.0003048342271903,{}
stochastic_normalized_fragility,stochastic_normalized_loo_fragility,808,37,405,4.546233749948442,405,180,20,True,T1595 - Reconnaissance: Active Scanning,0.0003473462790459,{}
stochastic_normalized_fragility,stochastic_normalized_loo_fragility,808,38,415,5.199847457930446,415,180,20,True,T1595 - Reconnaissance: Active Scanning,0.0002845568229281,{}
stochastic_normalized_fragility,stochastic_normalized_loo_fragility,808,39,425,4.68922704202123,425,180,20,True,T1595 - Reconnaissance: Active Scanning,0.0004053063336834,{}
stochastic_normalized_fragility,stochastic_normalized_loo_fragility,808,40,435,4.74015183292795,435,180,20,True,T1036 - Defense Evasion: Masquerading,0.0002919657713211,{}
stochastic_normalized_fragility,stochastic_normalized_loo_fragility,808,41,445,4.41176141705364,445,180,20,True,T1036 - Defense Evasion: Masquerading,0.0002487426881984,{}
stochastic_normalized_fragility,stochastic_normalized_loo_fragility,808,42,455,4.764665708062239,455,180,20,True,T1036 - Defense Evasion: Masquerading,0.0001896588999138,{}
stochastic_normalized_fragility,stochastic_normalized_loo_fragility,808,43,465,4.683998042019084,465,180,20,True,TA0011 - Command-and-Control,0.0002728221231526,{}
stochastic_normalized_fragility,stochastic_normalized_loo_fragility,808,44,475,4.4456372080603614,475,180,20,True,T1583.005 - Resource Development: Acquire Botnet,0.0004129690775074,{}
stochastic_normalized_fragility,stochastic_normalized_loo_fragility,808,45,485,5.229281709063798,485,180,20,True,T1036 - Defense Evasion: Masquerading,0.0002047289680328,{}
stochastic_normalized_fragility,stochastic_normalized_loo_fragility,808,46,495,5.297324207960628,495,180,20,True,T1583.005 - Resource Development: Acquire Botnet,0.0002413422186485,{}
stochastic_normalized_fragility,stochastic_normalized_loo_fragility,808,47,505,4.893933082930744,505,180,20,True,T1583.005 - Resource Development: Acquire Botnet,0.0002631791304372,{}
stochastic_normalized_fragility,stochastic_normalized_loo_fragility,808,48,515,4.719614124973305,515,180,20,True,T1583.005 - Resource Development: Acquire Botnet,0.0002050356943044,{}
stochastic_normalized_fragility,stochastic_normalized_loo_fragility,808,49,525,4.89920520898886,525,180,20,True,T1583.005 - Resource Development: Acquire Botnet,0.000199678579821,{}
stochastic_normalized_fragility,stochastic_normalized_loo_fragility,808,50,535,4.795883957995102,535,180,20,True,T1583.005 - Resource Development: Acquire Botnet,0.0002475054241021,{}
stochastic_normalized_fragility,stochastic_normalized_loo_fragility,808,51,545,4.6356106660095975,545,180,20,True,TA0011 - Command-and-Control,0.0001767337222234,{}
stochastic_normalized_fragility,stochastic_normalized_loo_fragility,808,52,555,5.76632149994839,555,180,20,True,T1036 - Defense Evasion: Masquerading,0.0001927950386357,{}
stochastic_normalized_fragility,stochastic_normalized_loo_fragility,808,53,565,5.297787375049666,565,180,20,True,TA0011 - Command-and-Control,0.0002383370871958,{}
stochastic_normalized_fragility,stochastic_normalized_loo_fragility,808,54,575,4.733698874944821,575,180,20,True,T1584.005 - Resource Development: Build/Compromise Botnet,0.0004041607223147,{}
stochastic_normalized_fragility,stochastic_normalized_loo_fragility,808,55,585,5.039273500093259,585,180,20,True,T1583.005 - Resource Development: Acquire Botnet,0.0001930647116363,{}
stochastic_normalized_fragility,stochastic_normalized_loo_fragility,808,56,595,4.653387833037414,595,180,20,True,T1036 - Defense Evasion: Masquerading,0.0002279638242464,{}
stochastic_normalized_fragility,stochastic_normalized_loo_fragility,808,57,605,5.4126652089180425,605,180,20,True,TA0011 - Command-and-Control,0.0002454280878076,{}
stochastic_normalized_fragility,stochastic_normalized_loo_fragility,808,58,615,5.079147209064104,615,180,20,True,T1583.005 - Resource Development: Acquire Botnet,0.0002476540774414,{}
stochastic_normalized_fragility,stochastic_normalized_loo_fragility,808,59,625,5.62029866699595,625,180,20,True,T1583.005 - Resource Development: Acquire Botnet,0.0002703029723231,{}
stochastic_normalized_fragility,stochastic_normalized_loo_fragility,808,60,635,5.148685208056122,635,180,20,True,T1590 - Reconnaissance: Gather Victim Network Information,0.000228622441777,{}
stochastic_normalized_fragility,stochastic_normalized_loo_fragility,808,61,645,4.8556646660435945,645,180,20,True,T1583.005 - Resource Development: Acquire Botnet,0.0001919646262586,{}
stochastic_normalized_fragility,stochastic_normalized_loo_fragility,808,62,655,4.888745667063631,655,180,20,True,T1583.005 - Resource Development: Acquire Botnet,0.0002436674809609,{}
stochastic_normalized_fragility,stochastic_normalized_loo_fragility,808,63,665,4.93937733292114,665,180,20,True,T1583.005 - Resource Development: Acquire Botnet,0.0003458188529992,{}
stochastic_normalized_fragility,stochastic_normalized_loo_fragility,808,64,675,4.742045374936424,675,180,20,True,T1036 - Defense Evasion: Masquerading,0.0002802034910043,{}
stochastic_normalized_fragility,stochastic_normalized_loo_fragility,808,65,685,4.807036667014472,685,180,20,True,T1036 - Defense Evasion: Masquerading,0.0002386420071743,{}
stochastic_normalized_fragility,stochastic_normalized_loo_fragility,808,66,695,5.49254074995406,695,180,20,True,T1583.005 - Resource Development: Acquire Botnet,0.0002861315292653,{}
stochastic_normalized_fragility,stochastic_normalized_loo_fragility,808,67,705,4.9821317080641165,705,180,20,True,T1036 - Defense Evasion: Masquerading,0.0001955117555748,{}
stochastic_normalized_fragility,stochastic_normalized_loo_fragility,808,68,715,5.234500832972117,715,180,20,True,T1036 - Defense Evasion: Masquerading,0.0002428556021535,{}
stochastic_normalized_fragility,stochastic_normalized_loo_fragility,808,69,725,5.324278041953221,725,180,20,True,T1036 - Defense Evasion: Masquerading,0.0001802289140287,{}
stochastic_normalized_fragility,stochastic_normalized_loo_fragility,808,70,735,5.568492750055157,735,180,20,True,T1036 - Defense Evasion: Masquerading,0.0001861996633359,{}
stochastic_normalized_fragility,stochastic_normalized_loo_fragility,808,71,745,5.513748875004239,745,180,20,True,T1036 - Defense Evasion: Masquerading,0.0002400239767863,{}
stochastic_normalized_fragility,stochastic_normalized_loo_fragility,808,72,755,5.235122874961235,755,180,20,True,T1036 - Defense Evasion: Masquerading,0.000273490273754,{}
stochastic_normalized_fragility,stochastic_normalized_loo_fragility,808,73,765,5.315764458035119,765,180,20,True,T1595 - Reconnaissance: Active Scanning,0.0003052552995568,{}
stochastic_normalized_fragility,stochastic_normalized_loo_fragility,808,74,775,5.348989499965683,775,180,20,True,T1036 - Defense Evasion: Masquerading,0.0003422582632429,{}
stochastic_normalized_fragility,stochastic_normalized_loo_fragility,808,75,785,5.160770875052549,785,180,20,True,T1036 - Defense Evasion: Masquerading,0.0002474457895309,{}
stochastic_normalized_fragility,stochastic_normalized_loo_fragility,808,76,795,5.3132226660382,795,180,20,True,T1590 - Reconnaissance: Gather Victim Network Information,0.0002270429044057,{}
stochastic_normalized_fragility,stochastic_normalized_loo_fragility,808,77,805,5.282265417044982,805,180,20,True,T1036 - Defense Evasion: Masquerading,0.0003268880589878,{}
stochastic_normalized_fragility,stochastic_normalized_loo_fragility,808,78,815,5.388881082995795,815,180,20,True,TA0011 - Command-and-Control,0.0002599697720661,{}
stochastic_normalized_fragility,stochastic_normalized_loo_fragility,808,79,825,5.0641419580206275,825,180,20,True,T1036 - Defense Evasion: Masquerading,0.0001680810363294,{}
stochastic_normalized_fragility,stochastic_normalized_loo_fragility,808,80,835,5.633769457926974,835,180,20,True,T1036 - Defense Evasion: Masquerading,0.0002170966065162,{}
stochastic_normalized_fragility,stochastic_normalized_loo_fragility,808,81,845,5.621629583998583,845,180,20,True,TA0011 - Command-and-Control,0.0002155880985848,{}
stochastic_normalized_fragility,stochastic_normalized_loo_fragility,808,82,855,5.469200249994174,855,180,20,True,T1583.005 - Resource Development: Acquire Botnet,0.0002475848685787,{}
stochastic_normalized_fragility,stochastic_normalized_loo_fragility,808,83,865,5.357793833012693,865,180,20,True,T1583.005 - Resource Development: Acquire Botnet,0.0001902229994527,{}
stochastic_normalized_fragility,stochastic_normalized_loo_fragility,808,84,875,6.110529207973741,875,180,20,True,T1583.005 - Resource Development: Acquire Botnet,0.0001829678738075,{}
stochastic_normalized_fragility,stochastic_normalized_loo_fragility,808,85,885,5.84681604092475,885,180,20,True,T1036 - Defense Evasion: Masquerading,0.0002024863187665,{}
stochastic_normalized_fragility,stochastic_normalized_loo_fragility,808,86,895,5.998440166004002,895,180,20,True,T1571 - Defense Evasion: Non-Standard Port,0.0002902674211334,{}
stochastic_normalized_fragility,stochastic_normalized_loo_fragility,808,87,905,5.856896957964636,905,180,20,True,T1036 - Defense Evasion: Masquerading,0.0002882605626179,{}
stochastic_normalized_fragility,stochastic_normalized_loo_fragility,808,88,915,5.652317208005115,915,180,20,True,TA0011 - Command-and-Control,0.0004230964624778,{}
stochastic_normalized_fragility,stochastic_normalized_loo_fragility,808,89,925,5.6384615420829505,925,180,20,True,T1595 - Reconnaissance: Active Scanning,0.0004735874213826,{}
stochastic_normalized_fragility,stochastic_normalized_loo_fragility,808,90,935,5.942807666957378,935,180,20,True,T1590 - Reconnaissance: Gather Victim Network Information,0.0003614347569139,{}
stochastic_normalized_fragility,stochastic_normalized_loo_fragility,808,91,945,5.881379291997291,945,180,20,True,T1036 - Defense Evasion: Masquerading,0.0002773549893877,{}
stochastic_normalized_fragility,stochastic_normalized_loo_fragility,808,92,955,5.6967205830151215,955,180,20,True,T1036 - Defense Evasion: Masquerading,0.0002453411448741,{}
stochastic_normalized_fragility,stochastic_normalized_loo_fragility,808,93,965,6.4909348340006545,965,180,20,True,T1036 - Defense Evasion: Masquerading,0.0002471221009367,{}
stochastic_normalized_fragility,stochastic_normalized_loo_fragility,808,94,975,5.881478040944785,975,180,20,True,T1583.005 - Resource Development: Acquire Botnet,0.00018183287728,{}
stochastic_normalized_fragility,stochastic_normalized_loo_fragility,808,95,985,5.882645542034879,985,180,20,True,T1036 - Defense Evasion: Masquerading,0.0002036436504354,{}
stochastic_normalized_fragility,stochastic_normalized_loo_fragility,808,96,995,6.404888999997638,995,180,20,True,T1036 - Defense Evasion: Masquerading,0.0002200000241671,{}
stochastic_normalized_fragility,stochastic_normalized_loo_fragility,808,97,1005,6.143527667038143,1005,180,20,True,T1036 - Defense Evasion: Masquerading,0.0002018877564022,{}
stochastic_normalized_fragility,stochastic_normalized_loo_fragility,808,98,1015,5.995990333030932,1015,180,20,True,T1036 - Defense Evasion: Masquerading,0.0002003072416087,{}
stochastic_normalized_fragility,stochastic_normalized_loo_fragility,808,99,1025,6.699553458020091,1025,180,20,True,T1583.005 - Resource Development: Acquire Botnet,0.0001940503128474,{}
stochastic_normalized_fragility,stochastic_normalized_loo_fragility,808,100,1035,7.169870667043142,1035,180,20,True,T1036 - Defense Evasion: Masquerading,0.0002938027431807,{}
stochastic_normalized_fragility,stochastic_normalized_loo_fragility,808,101,1045,6.3053025000263005,1045,180,20,True,T1590 - Reconnaissance: Gather Victim Network Information,0.0004476916495745,{}
stochastic_normalized_fragility,stochastic_normalized_loo_fragility,808,102,1055,6.419022417045198,1055,180,20,True,T1498.001 - Impact: Direct Network Flood,0.0007263006172063,{}
stochastic_normalized_fragility,stochastic_normalized_loo_fragility,808,103,1065,7.207318875007331,1065,180,20,True,T1583.005 - Resource Development: Acquire Botnet,0.000229631443561,{}
stochastic_normalized_fragility,stochastic_normalized_loo_fragility,808,104,1075,6.426232040976174,1075,180,20,True,T1590 - Reconnaissance: Gather Victim Network Information,0.0003269045111998,{}
stochastic_normalized_fragility,stochastic_normalized_loo_fragility,808,105,1085,7.1211857500020415,1085,180,20,True,T1036 - Defense Evasion: Masquerading,0.000294347946188,{}
stochastic_normalized_fragility,stochastic_normalized_loo_fragility,808,106,1095,6.5444793329807,1095,180,20,True,TA0011 - Command-and-Control,0.0002613822697733,{}
stochastic_normalized_fragility,stochastic_normalized_loo_fragility,808,107,1105,6.313179249991663,1105,180,20,True,TA0011 - Command-and-Control,0.0002376924692992,{}
stochastic_normalized_fragility,stochastic_normalized_loo_fragility,808,108,1115,6.295352875022218,1115,180,20,True,TA0011 - Command-and-Control,0.0002180499820869,{}
stochastic_normalized_fragility,stochastic_normalized_loo_fragility,808,109,1125,6.794174709008075,1125,180,20,True,T1498.001 - Impact: Direct Network Flood,0.0002303394062173,{}
stochastic_normalized_fragility,stochastic_normalized_loo_fragility,808,110,1135,7.254782292060554,1135,180,20,True,T1036 - Defense Evasion: Masquerading,0.0003629307307677,{}
stochastic_normalized_fragility,stochastic_normalized_loo_fragility,808,111,1145,6.738308166968636,1145,180,20,True,T1036 - Defense Evasion: Masquerading,0.0002428655780107,{}
stochastic_normalized_fragility,stochastic_normalized_loo_fragility,808,112,1155,6.8870151250157505,1155,180,20,True,T1036 - Defense Evasion: Masquerading,0.0002186062047099,{}
stochastic_normalized_fragility,stochastic_normalized_loo_fragility,808,113,1165,7.187537790974602,1165,180,20,True,T1036 - Defense Evasion: Masquerading,0.0001875881156671,{}
stochastic_normalized_fragility,stochastic_normalized_loo_fragility,808,114,1175,6.796748250024393,1175,180,20,True,T1036 - Defense Evasion: Masquerading,0.0001841632960558,{}
stochastic_normalized_fragility,stochastic_normalized_loo_fragility,808,115,1185,6.6700302079552785,1185,180,20,True,T1583.005 - Resource Development: Acquire Botnet,0.0001785163880617,{}
stochastic_normalized_fragility,stochastic_normalized_loo_fragility,808,116,1195,7.22099845809862,1195,180,20,True,T1583.005 - Resource Development: Acquire Botnet,0.0001695165681202,{}
stochastic_normalized_fragility,stochastic_normalized_loo_fragility,808,117,1205,6.730802625068463,1205,180,20,True,T1036 - Defense Evasion: Masquerading,0.0004501225089691,{}
stochastic_normalized_fragility,stochastic_normalized_loo_fragility,808,118,1215,7.072211374994367,1215,180,20,True,T1036 - Defense Evasion: Masquerading,0.0003645864751653,{}
stochastic_normalized_fragility,stochastic_normalized_loo_fragility,808,119,1225,6.842709916061722,1225,180,20,True,T1036 - Defense Evasion: Masquerading,0.0004238586754622,{}
stochastic_normalized_fragility,stochastic_normalized_loo_fragility,808,120,1235,7.1394527920056134,1235,180,20,True,T1036 - Defense Evasion: Masquerading,0.0004462602395192,{}
stochastic_normalized_fragility,stochastic_normalized_loo_fragility,808,121,1245,8.923895915970206,1245,180,20,True,T1590 - Reconnaissance: Gather Victim Network Information,0.0002362315108402,{}
stochastic_normalized_fragility,stochastic_normalized_loo_fragility,808,122,1255,7.676465458003804,1255,180,20,True,T1036 - Defense Evasion: Masquerading,0.0002055655944899,{}
stochastic_normalized_fragility,stochastic_normalized_loo_fragility,808,123,1265,7.203885540948249,1265,180,20,True,T1571 - Defense Evasion: Non-Standard Port,0.0003302897958479,{}
stochastic_normalized_fragility,stochastic_normalized_loo_fragility,808,124,1275,7.064372792025097,1275,180,20,True,T1571 - Defense Evasion: Non-Standard Port,0.0003347374231764,{}
stochastic_normalized_fragility,stochastic_normalized_loo_fragility,808,125,1285,7.58242454205174,1285,180,20,True,T1571 - Defense Evasion: Non-Standard Port,0.0003754185194717,{}
stochastic_normalized_fragility,stochastic_normalized_loo_fragility,808,126,1295,7.685838792007416,1295,180,20,True,T1036 - Defense Evasion: Masquerading,0.0002842734672442,{}
stochastic_normalized_fragility,stochastic_normalized_loo_fragility,808,127,1305,7.590450165909715,1305,180,20,True,T1036 - Defense Evasion: Masquerading,0.0002518477975792,{}
stochastic_normalized_fragility,stochastic_normalized_loo_fragility,808,128,1315,11.011356124887245,1315,180,20,True,T1036 - Defense Evasion: Masquerading,0.0002085214367893,{}
stochastic_normalized_fragility,stochastic_normalized_loo_fragility,808,129,1325,7.799361124983989,1325,180,20,True,TA0011 - Command-and-Control,0.0002668123278626,{}
stochastic_normalized_fragility,stochastic_normalized_loo_fragility,808,130,1335,8.642880541970953,1335,180,20,True,TA0011 - Command-and-Control,0.0002639438207318,{}
stochastic_normalized_fragility,stochastic_normalized_loo_fragility,808,131,1345,7.703179959091358,1345,180,20,True,T1036 - Defense Evasion: Masquerading,0.000375507467791,{}
stochastic_normalized_fragility,stochastic_normalized_loo_fragility,808,132,1355,7.664701499976218,1355,180,20,True,T1036 - Defense Evasion: Masquerading,0.0002642494837279,{}
stochastic_normalized_fragility,stochastic_normalized_loo_fragility,808,133,1365,7.870696916012093,1365,180,20,True,T1590 - Reconnaissance: Gather Victim Network Information,0.0002469663922099,{}
stochastic_normalized_fragility,stochastic_normalized_loo_fragility,808,134,1375,7.450271124951541,1375,180,20,True,T1584.005 - Resource Development: Build/Compromise Botnet,0.0002780192792219,{}
stochastic_normalized_fragility,stochastic_normalized_loo_fragility,808,135,1385,7.840957500040531,1385,180,20,True,T1584.005 - Resource Development: Build/Compromise Botnet,0.0002581173181371,{}
stochastic_normalized_fragility,stochastic_normalized_loo_fragility,808,136,1395,7.574833250022493,1395,180,20,True,T1584.005 - Resource Development: Build/Compromise Botnet,0.0002715896421986,{}
stochastic_normalized_fragility,stochastic_normalized_loo_fragility,808,137,1405,7.648634332930669,1405,180,20,True,T1036 - Defense Evasion: Masquerading,0.0002458100921296,{}
stochastic_normalized_fragility,stochastic_normalized_loo_fragility,808,138,1415,7.334663082961924,1415,180,20,True,T1583.005 - Resource Development: Acquire Botnet,0.000176328941126,{}
stochastic_normalized_fragility,stochastic_normalized_loo_fragility,808,139,1425,7.972254374995828,1425,180,20,True,T1036 - Defense Evasion: Masquerading,0.0002159380429848,{}
stochastic_normalized_fragility,stochastic_normalized_loo_fragility,808,140,1435,7.657316167023964,1435,180,20,True,T1583.005 - Resource Development: Acquire Botnet,0.0003995538401438,{}
stochastic_normalized_fragility,stochastic_normalized_loo_fragility,808,141,1445,7.374959207954816,1445,180,20,True,T1590 - Reconnaissance: Gather Victim Network Information,0.0003571044183165,{}
stochastic_normalized_fragility,stochastic_normalized_loo_fragility,808,142,1455,7.690113042015582,1455,180,20,True,TA0011 - Command-and-Control,0.0002278082720038,{}
stochastic_normalized_fragility,stochastic_normalized_loo_fragility,808,143,1465,7.8496421669842675,1465,180,20,True,TA0011 - Command-and-Control,0.0002248440530552,{}
stochastic_normalized_fragility,stochastic_normalized_loo_fragility,808,144,1475,8.211895040934905,1475,180,20,True,TA0011 - Command-and-Control,0.000287604195187,{}
stochastic_normalized_fragility,stochastic_normalized_loo_fragility,808,145,1485,7.450486707966775,1485,180,20,True,T1498.001 - Impact: Direct Network Flood,0.0003372528599555,{}
stochastic_normalized_fragility,stochastic_normalized_loo_fragility,808,146,1495,8.202144208014943,1495,180,20,True,T1584.005 - Resource Development: Build/Compromise Botnet,0.0002350400208401,{}
stochastic_normalized_fragility,stochastic_normalized_loo_fragility,808,147,1505,7.887629458098672,1505,180,20,True,TA0011 - Command-and-Control,0.0003273247474364,{}
stochastic_normalized_fragility,stochastic_normalized_loo_fragility,808,148,1515,8.400091291987337,1515,180,20,True,T1036 - Defense Evasion: Masquerading,0.0003020933811601,{}
stochastic_normalized_fragility,stochastic_normalized_loo_fragility,808,149,1525,8.252275584032759,1525,180,20,True,T1036 - Defense Evasion: Masquerading,0.0001768296201803,{}
stochastic_normalized_fragility,stochastic_normalized_loo_fragility,808,150,1535,7.2746542079839855,1535,180,20,True,T1036 - Defense Evasion: Masquerading,0.0002419282216383,{}
stochastic_normalized_fragility,stochastic_normalized_loo_fragility,808,151,1545,7.156141499988735,1545,180,20,True,T1583.005 - Resource Development: Acquire Botnet,0.0001843632610469,{}
stochastic_normalized_fragility,stochastic_normalized_loo_fragility,808,152,1555,8.012593041989021,1555,180,20,True,TA0011 - Command-and-Control,0.0003506515970919,{}
stochastic_normalized_fragility,stochastic_normalized_loo_fragility,808,153,1565,8.443668249994516,1565,180,20,True,T1583.005 - Resource Development: Acquire Botnet,0.0002321452271623,{}
stochastic_normalized_fragility,stochastic_normalized_loo_fragility,808,154,1575,8.329566000029445,1575,180,20,True,T1583.005 - Resource Development: Acquire Botnet,0.000230874904495,{}
stochastic_normalized_fragility,stochastic_normalized_loo_fragility,808,155,1585,8.06474454200361,1585,180,20,True,T1036 - Defense Evasion: Masquerading,0.0002165279892332,{}
stochastic_normalized_fragility,stochastic_normalized_loo_fragility,808,156,1595,7.835539333056659,1595,180,20,True,T1583.005 - Resource Development: Acquire Botnet,0.000211782948239,{}
stochastic_normalized_fragility,stochastic_normalized_loo_fragility,808,157,1605,7.863117582979612,1605,180,20,True,T1036 - Defense Evasion: Masquerading,0.0002363688408464,{}
stochastic_normalized_fragility,stochastic_normalized_loo_fragility,808,158,1615,8.974126124987379,1615,180,20,True,T1036 - Defense Evasion: Masquerading,0.0004000481858853,{}
stochastic_normalized_fragility,stochastic_normalized_loo_fragility,808,159,1625,8.282215583021753,1625,180,20,True,T1036 - Defense Evasion: Masquerading,0.0004011993473785,{}
stochastic_normalized_fragility,stochastic_normalized_loo_fragility,808,160,1635,8.894570417003706,1635,180,20,True,T1036 - Defense Evasion: Masquerading,0.0002280926452529,{}
stochastic_normalized_fragility,stochastic_normalized_loo_fragility,808,161,1645,7.821903124917299,1645,180,20,True,T1590 - Reconnaissance: Gather Victim Network Information,0.0002381292526775,{}
stochastic_normalized_fragility,stochastic_normalized_loo_fragility,808,162,1655,8.632452417048626,1655,180,20,True,T1036 - Defense Evasion: Masquerading,0.0001714156309191,{}
stochastic_normalized_fragility,stochastic_normalized_loo_fragility,808,163,1665,7.925078459084034,1665,180,20,True,T1036 - Defense Evasion: Masquerading,0.0002634815567718,{}
stochastic_normalized_fragility,stochastic_normalized_loo_fragility,808,164,1675,7.7568003330379725,1675,180,20,True,T1036 - Defense Evasion: Masquerading,0.0002180774871626,{}
stochastic_normalized_fragility,stochastic_normalized_loo_fragility,808,165,1685,5.676586874993518,1685,180,20,True,T1036 - Defense Evasion: Masquerading,0.0002073968292808,{}
stochastic_normalized_fragility,stochastic_normalized_loo_fragility,808,166,1695,6.038122957921587,1695,180,20,True,T1583.005 - Resource Development: Acquire Botnet,0.0001804022409823,{}
stochastic_normalized_fragility,stochastic_normalized_loo_fragility,808,167,1705,5.801175707951188,1705,180,20,True,T1583.005 - Resource Development: Acquire Botnet,0.0002766080372145,{}
stochastic_normalized_fragility,stochastic_normalized_loo_fragility,808,168,1715,5.716371124959551,1715,180,20,True,T1583.005 - Resource Development: Acquire Botnet,0.0003151740668879,{}
stochastic_normalized_fragility,stochastic_normalized_loo_fragility,808,169,1725,5.979297582991421,1725,180,20,True,TA0011 - Command-and-Control,0.0002489056716268,{}
stochastic_normalized_fragility,stochastic_normalized_loo_fragility,808,170,1735,5.534384666010737,1735,180,20,True,T1583.005 - Resource Development: Acquire Botnet,0.0002511031889902,{}
stochastic_normalized_fragility,stochastic_normalized_loo_fragility,808,171,1745,5.165798292029649,1745,180,20,True,T1583.005 - Resource Development: Acquire Botnet,0.0001670391056606,{}
stochastic_normalized_fragility,stochastic_normalized_loo_fragility,808,172,1755,5.245459208963439,1755,180,20,True,T1583.005 - Resource Development: Acquire Botnet,0.0001845342288186,{}
stochastic_normalized_fragility,stochastic_normalized_loo_fragility,808,173,1765,5.3545192499877885,1765,180,20,True,T1583.005 - Resource Development: Acquire Botnet,0.0002072046299699,{}
stochastic_normalized_fragility,stochastic_normalized_loo_fragility,808,174,1775,5.001456375000998,1775,180,20,True,T1583.005 - Resource Development: Acquire Botnet,0.0002427178080201,{}
stochastic_normalized_fragility,stochastic_normalized_loo_fragility,808,175,1785,5.000625125016086,1785,180,20,True,T1583.005 - Resource Development: Acquire Botnet,0.0001675673183841,{}
stochastic_normalized_fragility,stochastic_normalized_loo_fragility,808,176,1795,4.992446915945038,1795,180,20,True,T1036 - Defense Evasion: Masquerading,0.0002043770453846,{}
stochastic_normalized_fragility,stochastic_normalized_loo_fragility,909,1,45,1.644136792048812,45,45,20,False,T1584.005 - Resource Development: Build/Compromise Botnet,0.0006840561528817,{}
stochastic_normalized_fragility,stochastic_normalized_loo_fragility,909,2,55,2.0472275000065565,55,55,20,False,T1498.002 - Impact: Reflection/Amplification Attack,0.0005320368412133,{}
stochastic_normalized_fragility,stochastic_normalized_loo_fragility,909,3,65,2.6246389590669423,65,65,20,False,T1498.001 - Impact: Direct Network Flood,0.000211601671686,{}
stochastic_normalized_fragility,stochastic_normalized_loo_fragility,909,4,75,3.4802747500361875,75,75,20,False,T1583.005 - Resource Development: Acquire Botnet,0.000205962537752,{}
stochastic_normalized_fragility,stochastic_normalized_loo_fragility,909,5,85,3.254469208070077,85,85,20,False,T1498.001 - Impact: Direct Network Flood,0.0001952137611796,{}
stochastic_normalized_fragility,stochastic_normalized_loo_fragility,909,6,95,3.579690125072375,95,95,20,False,T1583.005 - Resource Development: Acquire Botnet,0.000332827580428,{}
stochastic_normalized_fragility,stochastic_normalized_loo_fragility,909,7,105,3.974694542004727,105,105,20,False,T1590 - Reconnaissance: Gather Victim Network Information,0.0002730649823882,{}
stochastic_normalized_fragility,stochastic_normalized_loo_fragility,909,8,115,3.983205958036706,115,115,20,False,T1583.005 - Resource Development: Acquire Botnet,0.0002370166686509,{}
stochastic_normalized_fragility,stochastic_normalized_loo_fragility,909,9,125,3.5717865420738235,125,125,20,False,T1583.005 - Resource Development: Acquire Botnet,0.0001965750528083,{}
stochastic_normalized_fragility,stochastic_normalized_loo_fragility,909,10,135,3.5418228750349954,135,135,20,False,T1583.005 - Resource Development: Acquire Botnet,0.0002237480004104,{}
stochastic_normalized_fragility,stochastic_normalized_loo_fragility,909,11,145,3.8570602079853415,145,145,20,False,T1583.005 - Resource Development: Acquire Botnet,0.0002022057790711,{}
stochastic_normalized_fragility,stochastic_normalized_loo_fragility,909,12,155,4.412047500023618,155,152,20,True,T1584.005 - Resource Development: Build/Compromise Botnet,0.0002186266382711,{}
stochastic_normalized_fragility,stochastic_normalized_loo_fragility,909,13,165,4.2453720410121605,165,158,20,True,T1583.005 - Resource Development: Acquire Botnet,0.0002354245578506,{}
stochastic_normalized_fragility,stochastic_normalized_loo_fragility,909,14,175,4.432013542042114,175,166,20,True,T1584.005 - Resource Development: Build/Compromise Botnet,0.0001994534731313,{}
stochastic_normalized_fragility,stochastic_normalized_loo_fragility,909,15,185,4.7232759579783306,185,174,20,True,T1036 - Defense Evasion: Masquerading,0.0002112059997946,{}
stochastic_normalized_fragility,stochastic_normalized_loo_fragility,909,16,195,4.898159709060565,195,177,20,True,T1583.005 - Resource Development: Acquire Botnet,0.0001855865087832,{}
stochastic_normalized_fragility,stochastic_normalized_loo_fragility,909,17,205,4.180099667049944,205,178,20,True,T1583.005 - Resource Development: Acquire Botnet,0.0001993809090942,{}
stochastic_normalized_fragility,stochastic_normalized_loo_fragility,909,18,215,4.339116457966156,215,180,20,True,T1036 - Defense Evasion: Masquerading,0.0002100904191811,{}
stochastic_normalized_fragility,stochastic_normalized_loo_fragility,909,19,225,4.403761374996975,225,180,20,True,T1583.005 - Resource Development: Acquire Botnet,0.0001790833100929,{}
stochastic_normalized_fragility,stochastic_normalized_loo_fragility,909,20,235,4.525405499967746,235,180,20,True,TA0011 - Command-and-Control,0.0002221819469567,{}
stochastic_normalized_fragility,stochastic_normalized_loo_fragility,909,21,245,4.179347083088942,245,180,20,True,TA0011 - Command-and-Control,0.0003289240087217,{}
stochastic_normalized_fragility,stochastic_normalized_loo_fragility,909,22,255,4.172797124949284,255,180,20,True,TA0011 - Command-and-Control,0.0002548694737008,{}
stochastic_normalized_fragility,stochastic_normalized_loo_fragility,909,23,265,4.197057249955833,265,180,20,True,T1583.005 - Resource Development: Acquire Botnet,0.0002505079992201,{}
stochastic_normalized_fragility,stochastic_normalized_loo_fragility,909,24,275,3.8907515419414263,275,180,20,True,T1583.005 - Resource Development: Acquire Botnet,0.0002588805537215,{}
stochastic_normalized_fragility,stochastic_normalized_loo_fragility,909,25,285,3.5896629579365253,285,180,20,True,TA0011 - Command-and-Control,0.0003037293659027,{}
stochastic_normalized_fragility,stochastic_normalized_loo_fragility,909,26,295,3.623131582979113,295,180,20,True,TA0011 - Command-and-Control,0.0002355646374038,{}
stochastic_normalized_fragility,stochastic_normalized_loo_fragility,909,27,305,3.3666879170341417,305,180,20,True,TA0011 - Command-and-Control,0.0002741326635487,{}
stochastic_normalized_fragility,stochastic_normalized_loo_fragility,909,28,315,3.35161245893687,315,180,20,True,TA0011 - Command-and-Control,0.0002464156232454,{}
stochastic_normalized_fragility,stochastic_normalized_loo_fragility,909,29,325,3.3251584579702467,325,180,20,True,T1036 - Defense Evasion: Masquerading,0.0002421732089022,{}
stochastic_normalized_fragility,stochastic_normalized_loo_fragility,909,30,335,3.3471235829638317,335,180,20,True,T1036 - Defense Evasion: Masquerading,0.0002442559864513,{}
stochastic_normalized_fragility,stochastic_normalized_loo_fragility,909,31,345,3.3586855839239433,345,180,20,True,TA0011 - Command-and-Control,0.0002879760232289,{}
stochastic_normalized_fragility,stochastic_normalized_loo_fragility,909,32,355,3.36263837502338,355,180,20,True,T1036 - Defense Evasion: Masquerading,0.0002398775282521,{}
stochastic_normalized_fragility,stochastic_normalized_loo_fragility,909,33,365,3.3905824999092147,365,180,20,True,TA0011 - Command-and-Control,0.0003862954437716,{}
stochastic_normalized_fragility,stochastic_normalized_loo_fragility,909,34,375,3.325741749955341,375,180,20,True,T1590 - Reconnaissance: Gather Victim Network Information,0.0002989517310749,{}
stochastic_normalized_fragility,stochastic_normalized_loo_fragility,909,35,385,3.3156819159630686,385,180,20,True,T1571 - Defense Evasion: Non-Standard Port,0.0003210282140757,{}
stochastic_normalized_fragility,stochastic_normalized_loo_fragility,909,36,395,4.03578216698952,395,180,20,True,T1036 - Defense Evasion: Masquerading,0.0002548608769359,{}
stochastic_normalized_fragility,stochastic_normalized_loo_fragility,909,37,405,3.558629874954931,405,180,20,True,T1036 - Defense Evasion: Masquerading,0.000297652618872,{}
stochastic_normalized_fragility,stochastic_normalized_loo_fragility,909,38,415,3.3953566669952124,415,180,20,True,T1036 - Defense Evasion: Masquerading,0.0002841100833348,{}
stochastic_normalized_fragility,stochastic_normalized_loo_fragility,909,39,425,3.3687376249581575,425,180,20,True,T1590 - Reconnaissance: Gather Victim Network Information,0.0004704867810904,{}
stochastic_normalized_fragility,stochastic_normalized_loo_fragility,909,40,435,3.3685054579982534,435,180,20,True,TA0011 - Command-and-Control,0.0003041747845191,{}
stochastic_normalized_fragility,stochastic_normalized_loo_fragility,909,41,445,3.3565237909788266,445,180,20,True,T1036 - Defense Evasion: Masquerading,0.0002367076374772,{}
stochastic_normalized_fragility,stochastic_normalized_loo_fragility,909,42,455,3.370587292010896,455,180,20,True,TA0011 - Command-and-Control,0.0002584538872388,{}
stochastic_normalized_fragility,stochastic_normalized_loo_fragility,909,43,465,3.3764552919892594,465,180,20,True,T1583.005 - Resource Development: Acquire Botnet,0.0003069225502623,{}
stochastic_normalized_fragility,stochastic_normalized_loo_fragility,909,44,475,3.3656939580105245,475,180,20,True,T1036 - Defense Evasion: Masquerading,0.000335790923436,{}
stochastic_normalized_fragility,stochastic_normalized_loo_fragility,909,45,485,3.3357663749484345,485,180,20,True,T1583.005 - Resource Development: Acquire Botnet,0.0004683937933359,{}
stochastic_normalized_fragility,stochastic_normalized_loo_fragility,909,46,495,3.3480480830185115,495,180,20,True,T1590 - Reconnaissance: Gather Victim Network Information,0.0002811935046416,{}
stochastic_normalized_fragility,stochastic_normalized_loo_fragility,909,47,505,3.673689166898839,505,180,20,True,TA0011 - Command-and-Control,0.000332687801492,{}
stochastic_normalized_fragility,stochastic_normalized_loo_fragility,909,48,515,3.4735332500422373,515,180,20,True,TA0011 - Command-and-Control,0.0002951635880294,{}
stochastic_normalized_fragility,stochastic_normalized_loo_fragility,909,49,525,3.3746862079715356,525,180,20,True,T1036 - Defense Evasion: Masquerading,0.0002401465758246,{}
stochastic_normalized_fragility,stochastic_normalized_loo_fragility,909,50,535,3.394609416020103,535,180,20,True,T1036 - Defense Evasion: Masquerading,0.0003169463191712,{}
stochastic_normalized_fragility,stochastic_normalized_loo_fragility,909,51,545,3.7661413340829313,545,180,20,True,TA0011 - Command-and-Control,0.0004481489001529,{}
stochastic_normalized_fragility,stochastic_normalized_loo_fragility,909,52,555,3.3584812090266496,555,180,20,True,TA0011 - Command-and-Control,0.0002487081187114,{}
stochastic_normalized_fragility,stochastic_normalized_loo_fragility,909,53,565,3.34440983296372,565,180,20,True,T1036 - Defense Evasion: Masquerading,0.0002331009540713,{}
stochastic_normalized_fragility,stochastic_normalized_loo_fragility,909,54,575,3.3511377500835806,575,180,20,True,T1036 - Defense Evasion: Masquerading,0.0002724847436265,{}
stochastic_normalized_fragility,stochastic_normalized_loo_fragility,909,55,585,3.349654790945351,585,180,20,True,T1036 - Defense Evasion: Masquerading,0.0003745172041288,{}
stochastic_normalized_fragility,stochastic_normalized_loo_fragility,909,56,595,3.348586749983951,595,180,20,True,T1498.001 - Impact: Direct Network Flood,0.0003300260700227,{}
stochastic_normalized_fragility,stochastic_normalized_loo_fragility,909,57,605,3.742007708060555,605,180,20,True,T1036 - Defense Evasion: Masquerading,0.0003966271060447,{}
stochastic_normalized_fragility,stochastic_normalized_loo_fragility,909,58,615,3.5068931659916416,615,180,20,True,T1036 - Defense Evasion: Masquerading,0.0004672950358022,{}
stochastic_normalized_fragility,stochastic_normalized_loo_fragility,909,59,625,3.3633342079119757,625,180,20,True,T1590 - Reconnaissance: Gather Victim Network Information,0.0005591980209247,{}
stochastic_normalized_fragility,stochastic_normalized_loo_fragility,909,60,635,3.3319995420752093,635,180,20,True,T1583.005 - Resource Development: Acquire Botnet,0.0001886357979775,{}
stochastic_normalized_fragility,stochastic_normalized_loo_fragility,909,61,645,3.377010665950366,645,180,20,True,T1583.005 - Resource Development: Acquire Botnet,0.000171400329364,{}
stochastic_normalized_fragility,stochastic_normalized_loo_fragility,909,62,655,3.362231124890968,655,180,20,True,T1036 - Defense Evasion: Masquerading,0.0001616345550611,{}
stochastic_normalized_fragility,stochastic_normalized_loo_fragility,909,63,665,3.364066250040196,665,180,20,True,T1036 - Defense Evasion: Masquerading,0.0003421883150946,{}
stochastic_normalized_fragility,stochastic_normalized_loo_fragility,909,64,675,3.3654800839722157,675,180,20,True,T1583.005 - Resource Development: Acquire Botnet,0.0002214418082094,{}
stochastic_normalized_fragility,stochastic_normalized_loo_fragility,909,65,685,3.366425667074509,685,180,20,True,T1036 - Defense Evasion: Masquerading,0.0002476896072492,{}
stochastic_normalized_fragility,stochastic_normalized_loo_fragility,909,66,695,3.3787040839670226,695,180,20,True,T1583.005 - Resource Development: Acquire Botnet,0.000233969670396,{}
stochastic_normalized_fragility,stochastic_normalized_loo_fragility,909,67,705,4.063285332988016,705,180,20,True,T1583.005 - Resource Development: Acquire Botnet,0.0002557909645385,{}
stochastic_normalized_fragility,stochastic_normalized_loo_fragility,909,68,715,3.4884577919729054,715,180,20,True,T1583.005 - Resource Development: Acquire Botnet,0.0002253040921661,{}
stochastic_normalized_fragility,stochastic_normalized_loo_fragility,909,69,725,3.3641761660110205,725,180,20,True,T1583.005 - Resource Development: Acquire Botnet,0.0002945636196873,{}
stochastic_normalized_fragility,stochastic_normalized_loo_fragility,909,70,735,3.343366250046529,735,180,20,True,T1583.005 - Resource Development: Acquire Botnet,0.0003245705256746,{}
stochastic_normalized_fragility,stochastic_normalized_loo_fragility,909,71,745,3.369612416019663,745,180,20,True,T1583.005 - Resource Development: Acquire Botnet,0.0002603845355677,{}
stochastic_normalized_fragility,stochastic_normalized_loo_fragility,909,72,755,3.3926949999295175,755,180,20,True,T1595 - Reconnaissance: Active Scanning,0.0003225453031866,{}
stochastic_normalized_fragility,stochastic_normalized_loo_fragility,909,73,765,3.3860432079527527,765,180,20,True,T1595 - Reconnaissance: Active Scanning,0.0002984582379728,{}
stochastic_normalized_fragility,stochastic_normalized_loo_fragility,909,74,775,3.3817930000368506,775,180,20,True,T1584.005 - Resource Development: Build/Compromise Botnet,0.0003740217559642,{}
stochastic_normalized_fragility,stochastic_normalized_loo_fragility,909,75,785,3.408314166008495,785,180,20,True,T1583.005 - Resource Development: Acquire Botnet,0.0002717234660774,{}
stochastic_normalized_fragility,stochastic_normalized_loo_fragility,909,76,795,3.4022449580952525,795,180,20,True,T1583.005 - Resource Development: Acquire Botnet,0.0003303560996347,{}
stochastic_normalized_fragility,stochastic_normalized_loo_fragility,909,77,805,3.742085875011981,805,180,20,True,T1498.001 - Impact: Direct Network Flood,0.0003279171466866,{}
stochastic_normalized_fragility,stochastic_normalized_loo_fragility,909,78,815,3.5368859170703217,815,180,20,True,T1036 - Defense Evasion: Masquerading,0.0002633354611722,{}
stochastic_normalized_fragility,stochastic_normalized_loo_fragility,909,79,825,3.493314041988924,825,180,20,True,T1036 - Defense Evasion: Masquerading,0.0003525087993057,{}
stochastic_normalized_fragility,stochastic_normalized_loo_fragility,909,80,835,3.4113100829999894,835,180,20,True,T1036 - Defense Evasion: Masquerading,0.0004450360252796,{}
stochastic_normalized_fragility,stochastic_normalized_loo_fragility,909,81,845,3.4268884579651058,845,180,20,True,T1036 - Defense Evasion: Masquerading,0.0003508292944707,{}
stochastic_normalized_fragility,stochastic_normalized_loo_fragility,909,82,855,3.5749925420386717,855,180,20,True,T1595 - Reconnaissance: Active Scanning,0.0003201683856885,{}
stochastic_normalized_fragility,stochastic_normalized_loo_fragility,909,83,865,3.677011541905813,865,180,20,True,T1583.005 - Resource Development: Acquire Botnet,0.0001945177060801,{}
stochastic_normalized_fragility,stochastic_normalized_loo_fragility,909,84,875,3.6929869169835,875,180,20,True,T1583.005 - Resource Development: Acquire Botnet,0.0002400042755385,{}
stochastic_normalized_fragility,stochastic_normalized_loo_fragility,909,85,885,3.574806125019677,885,180,20,True,T1036 - Defense Evasion: Masquerading,0.0002564052434596,{}
stochastic_normalized_fragility,stochastic_normalized_loo_fragility,909,86,895,3.416368042002432,895,180,20,True,T1595 - Reconnaissance: Active Scanning,0.0002995819822566,{}
stochastic_normalized_fragility,stochastic_normalized_loo_fragility,909,87,905,3.7947818329557776,905,180,20,True,T1036 - Defense Evasion: Masquerading,0.0002877338980531,{}
stochastic_normalized_fragility,stochastic_normalized_loo_fragility,909,88,915,3.4627910419367254,915,180,20,True,T1583.005 - Resource Development: Acquire Botnet,0.000263797208792,{}
stochastic_normalized_fragility,stochastic_normalized_loo_fragility,909,89,925,3.566729958052747,925,180,20,True,T1583.005 - Resource Development: Acquire Botnet,0.0002937633534744,{}
stochastic_normalized_fragility,stochastic_normalized_loo_fragility,909,90,935,3.537455250043422,935,180,20,True,T1036 - Defense Evasion: Masquerading,0.0004624882977339,{}
stochastic_normalized_fragility,stochastic_normalized_loo_fragility,909,91,945,3.4547882499173284,945,180,20,True,T1036 - Defense Evasion: Masquerading,0.000381788188889,{}
stochastic_normalized_fragility,stochastic_normalized_loo_fragility,909,92,955,3.472642834065482,955,180,20,True,T1036 - Defense Evasion: Masquerading,0.0002507921516905,{}
stochastic_normalized_fragility,stochastic_normalized_loo_fragility,909,93,965,3.5092861669836566,965,180,20,True,T1036 - Defense Evasion: Masquerading,0.0003305708372296,{}
stochastic_normalized_fragility,stochastic_normalized_loo_fragility,909,94,975,3.4753592089982703,975,180,20,True,T1036 - Defense Evasion: Masquerading,0.0002683471938164,{}
stochastic_normalized_fragility,stochastic_normalized_loo_fragility,909,95,985,3.529185999999754,985,180,20,True,T1036 - Defense Evasion: Masquerading,0.0002515413873187,{}
stochastic_normalized_fragility,stochastic_normalized_loo_fragility,909,96,995,3.4507124579977244,995,180,20,True,T1583.005 - Resource Development: Acquire Botnet,0.0001678437665997,{}
stochastic_normalized_fragility,stochastic_normalized_loo_fragility,909,97,1005,3.559581125038676,1005,180,20,True,T1036 - Defense Evasion: Masquerading,0.0001614666628276,{}
stochastic_normalized_fragility,stochastic_normalized_loo_fragility,909,98,1015,4.117736499989405,1015,180,20,True,T1036 - Defense Evasion: Masquerading,0.0001871787558995,{}
stochastic_normalized_fragility,stochastic_normalized_loo_fragility,909,99,1025,3.690986166009679,1025,180,20,True,T1036 - Defense Evasion: Masquerading,0.000308519440232,{}
stochastic_normalized_fragility,stochastic_normalized_loo_fragility,909,100,1035,3.5352102080360055,1035,180,20,True,T1583.005 - Resource Development: Acquire Botnet,0.0003417812378087,{}
stochastic_normalized_fragility,stochastic_normalized_loo_fragility,909,101,1045,3.6010202090255916,1045,180,20,True,T1583.005 - Resource Development: Acquire Botnet,0.0002682503148931,{}
stochastic_normalized_fragility,stochastic_normalized_loo_fragility,909,102,1055,3.5061490410007536,1055,180,20,True,TA0011 - Command-and-Control,0.000335885344342,{}
stochastic_normalized_fragility,stochastic_normalized_loo_fragility,909,103,1065,3.539546750020236,1065,180,20,True,TA0011 - Command-and-Control,0.0002986628591684,{}
stochastic_normalized_fragility,stochastic_normalized_loo_fragility,909,104,1075,3.5271413329755887,1075,180,20,True,T1583.005 - Resource Development: Acquire Botnet,0.0003489641224732,{}
stochastic_normalized_fragility,stochastic_normalized_loo_fragility,909,105,1085,3.534259999985806,1085,180,20,True,T1036 - Defense Evasion: Masquerading,0.0002049885677843,{}
stochastic_normalized_fragility,stochastic_normalized_loo_fragility,909,106,1095,3.534805209026672,1095,180,20,True,T1036 - Defense Evasion: Masquerading,0.0002559895184083,{}
stochastic_normalized_fragility,stochastic_normalized_loo_fragility,909,107,1105,3.54050341702532,1105,180,20,True,T1590 - Reconnaissance: Gather Victim Network Information,0.0004397826560526,{}
stochastic_normalized_fragility,stochastic_normalized_loo_fragility,909,108,1115,3.537154958001338,1115,180,20,True,T1036 - Defense Evasion: Masquerading,0.0002537310288441,{}
stochastic_normalized_fragility,stochastic_normalized_loo_fragility,909,109,1125,3.913559000007808,1125,180,20,True,T1036 - Defense Evasion: Masquerading,0.000259219665789,{}
stochastic_normalized_fragility,stochastic_normalized_loo_fragility,909,110,1135,3.678517499938607,1135,180,20,True,T1595 - Reconnaissance: Active Scanning,0.0002591426268471,{}
stochastic_normalized_fragility,stochastic_normalized_loo_fragility,909,111,1145,3.5481569999828935,1145,180,20,True,T1036 - Defense Evasion: Masquerading,0.0001671004242252,{}
stochastic_normalized_fragility,stochastic_normalized_loo_fragility,909,112,1155,3.543444790993817,1155,180,20,True,T1583.005 - Resource Development: Acquire Botnet,0.0001593787665489,{}
stochastic_normalized_fragility,stochastic_normalized_loo_fragility,909,113,1165,3.983708499930799,1165,180,20,True,T1583.005 - Resource Development: Acquire Botnet,0.0002193681325892,{}
stochastic_normalized_fragility,stochastic_normalized_loo_fragility,909,114,1175,3.5655190410325304,1175,180,20,True,T1036 - Defense Evasion: Masquerading,0.0002978662429855,{}
stochastic_normalized_fragility,stochastic_normalized_loo_fragility,909,115,1185,3.539916792069562,1185,180,20,True,T1036 - Defense Evasion: Masquerading,0.0001914313637795,{}
stochastic_normalized_fragility,stochastic_normalized_loo_fragility,909,116,1195,3.525892625097186,1195,180,20,True,T1036 - Defense Evasion: Masquerading,0.0002472909838337,{}
stochastic_normalized_fragility,stochastic_normalized_loo_fragility,909,117,1205,3.2794989170506597,1205,180,20,True,T1036 - Defense Evasion: Masquerading,0.0002897598495567,{}
stochastic_normalized_fragility,stochastic_normalized_loo_fragility,909,118,1215,2.897628042032011,1215,180,20,True,T1036 - Defense Evasion: Masquerading,0.0002567630692675,{}
stochastic_normalized_fragility,stochastic_normalized_loo_fragility,909,119,1225,3.191677958937362,1225,180,20,True,T1036 - Defense Evasion: Masquerading,0.0002411051194191,{}
stochastic_normalized_fragility,stochastic_normalized_loo_fragility,909,120,1235,3.4563252909574658,1235,180,20,True,T1036 - Defense Evasion: Masquerading,0.0003884732226783,{}
stochastic_normalized_fragility,stochastic_normalized_loo_fragility,909,121,1245,3.5727160830283538,1245,180,20,True,TA0011 - Command-and-Control,0.0002348228120302,{}
stochastic_normalized_fragility,stochastic_normalized_loo_fragility,909,122,1255,3.594612666987814,1255,180,20,True,T1583.005 - Resource Development: Acquire Botnet,0.0001724545525282,{}
stochastic_normalized_fragility,stochastic_normalized_loo_fragility,909,123,1265,3.6238266669679433,1265,180,20,True,T1583.005 - Resource Development: Acquire Botnet,0.0001917592334314,{}
stochastic_normalized_fragility,stochastic_normalized_loo_fragility,909,124,1275,3.653314624913037,1275,180,20,True,T1583.005 - Resource Development: Acquire Botnet,0.0002764119858832,{}
stochastic_normalized_fragility,stochastic_normalized_loo_fragility,909,125,1285,3.625425458070822,1285,180,20,True,T1036 - Defense Evasion: Masquerading,0.000279424125683,{}
stochastic_normalized_fragility,stochastic_normalized_loo_fragility,909,126,1295,3.604023416992277,1295,180,20,True,T1036 - Defense Evasion: Masquerading,0.0002463892791822,{}
stochastic_normalized_fragility,stochastic_normalized_loo_fragility,909,127,1305,3.60600099992007,1305,180,20,True,T1036 - Defense Evasion: Masquerading,0.0002513771787676,{}
stochastic_normalized_fragility,stochastic_normalized_loo_fragility,909,128,1315,4.129583708010614,1315,180,20,True,T1036 - Defense Evasion: Masquerading,0.0002900953512608,{}
stochastic_normalized_fragility,stochastic_normalized_loo_fragility,909,129,1325,3.895058458088897,1325,180,20,True,T1584.005 - Resource Development: Build/Compromise Botnet,0.0002855112969902,{}
stochastic_normalized_fragility,stochastic_normalized_loo_fragility,909,130,1335,4.472055500023998,1335,180,20,True,T1584.005 - Resource Development: Build/Compromise Botnet,0.0001798408113806,{}
stochastic_normalized_fragility,stochastic_normalized_loo_fragility,909,131,1345,3.63544079195708,1345,180,20,True,T1036 - Defense Evasion: Masquerading,0.0003178156284702,{}
stochastic_normalized_fragility,stochastic_normalized_loo_fragility,909,132,1355,3.5986825419822708,1355,180,20,True,T1036 - Defense Evasion: Masquerading,0.0003750674785153,{}
stochastic_normalized_fragility,stochastic_normalized_loo_fragility,909,133,1365,3.6412941250018775,1365,180,20,True,T1036 - Defense Evasion: Masquerading,0.0002603126422785,{}
stochastic_normalized_fragility,stochastic_normalized_loo_fragility,909,134,1375,3.55230558407493,1375,180,20,True,T1583.005 - Resource Development: Acquire Botnet,0.0001833737040169,{}
stochastic_normalized_fragility,stochastic_normalized_loo_fragility,909,135,1385,3.6000102079706267,1385,180,20,True,T1583.005 - Resource Development: Acquire Botnet,0.0002137168064961,{}
stochastic_normalized_fragility,stochastic_normalized_loo_fragility,909,136,1395,3.6232377080013976,1395,180,20,True,T1583.005 - Resource Development: Acquire Botnet,0.0002876528166403,{}
stochastic_normalized_fragility,stochastic_normalized_loo_fragility,909,137,1405,3.629273166065104,1405,180,20,True,T1036 - Defense Evasion: Masquerading,0.0002218747108348,{}
stochastic_normalized_fragility,stochastic_normalized_loo_fragility,909,138,1415,3.583021125057712,1415,180,20,True,TA0011 - Command-and-Control,0.0002461313075575,{}
stochastic_normalized_fragility,stochastic_normalized_loo_fragility,909,139,1425,3.9188757920637727,1425,180,20,True,T1036 - Defense Evasion: Masquerading,0.0002478673007763,{}
stochastic_normalized_fragility,stochastic_normalized_loo_fragility,909,140,1435,3.6378688330296423,1435,180,20,True,T1036 - Defense Evasion: Masquerading,0.0003272447289792,{}
stochastic_normalized_fragility,stochastic_normalized_loo_fragility,909,141,1445,3.764967290917411,1445,180,20,True,T1036 - Defense Evasion: Masquerading,0.0003528664068264,{}
stochastic_normalized_fragility,stochastic_normalized_loo_fragility,909,142,1455,3.6174345000181343,1455,180,20,True,T1036 - Defense Evasion: Masquerading,0.000338918449787,{}
stochastic_normalized_fragility,stochastic_normalized_loo_fragility,909,143,1465,3.6173722919775178,1465,180,20,True,T1036 - Defense Evasion: Masquerading,0.0003502572836749,{}
stochastic_normalized_fragility,stochastic_normalized_loo_fragility,909,144,1475,3.633778874995187,1475,180,20,True,T1036 - Defense Evasion: Masquerading,0.0002743208324522,{}
stochastic_normalized_fragility,stochastic_normalized_loo_fragility,909,145,1485,4.049964208039455,1485,180,20,True,T1036 - Defense Evasion: Masquerading,0.0003667626174624,{}
stochastic_normalized_fragility,stochastic_normalized_loo_fragility,909,146,1495,3.5415503749391064,1495,180,20,True,T1583.005 - Resource Development: Acquire Botnet,0.0002102742917189,{}
stochastic_normalized_fragility,stochastic_normalized_loo_fragility,909,147,1505,3.65951133298222,1505,180,20,True,T1583.005 - Resource Development: Acquire Botnet,0.0002751782737737,{}
stochastic_normalized_fragility,stochastic_normalized_loo_fragility,909,148,1515,4.07591279107146,1515,180,20,True,T1036 - Defense Evasion: Masquerading,0.0002182716448147,{}
stochastic_normalized_fragility,stochastic_normalized_loo_fragility,909,149,1525,4.499358874978498,1525,180,20,True,T1583.005 - Resource Development: Acquire Botnet,0.0002139470236445,{}
stochastic_normalized_fragility,stochastic_normalized_loo_fragility,909,150,1535,3.8570628330344334,1535,180,20,True,T1036 - Defense Evasion: Masquerading,0.0001671527010581,{}
stochastic_normalized_fragility,stochastic_normalized_loo_fragility,909,151,1545,3.605911124963314,1545,180,20,True,T1036 - Defense Evasion: Masquerading,0.0002256565609291,{}
stochastic_normalized_fragility,stochastic_normalized_loo_fragility,909,152,1555,3.608943208004348,1555,180,20,True,T1036 - Defense Evasion: Masquerading,0.0001885327630617,{}
stochastic_normalized_fragility,stochastic_normalized_loo_fragility,909,153,1565,3.601770957931876,1565,180,20,True,T1583.005 - Resource Development: Acquire Botnet,0.0001750771123597,{}
stochastic_normalized_fragility,stochastic_normalized_loo_fragility,909,154,1575,3.61057779204566,1575,180,20,True,T1583.005 - Resource Development: Acquire Botnet,0.0004444692435664,{}
stochastic_normalized_fragility,stochastic_normalized_loo_fragility,909,155,1585,3.6202442089561377,1585,180,20,True,T1583.005 - Resource Development: Acquire Botnet,0.0005040533974155,{}
stochastic_normalized_fragility,stochastic_normalized_loo_fragility,909,156,1595,3.6140844579786062,1595,180,20,True,T1583.005 - Resource Development: Acquire Botnet,0.000402457203239,{}
stochastic_normalized_fragility,stochastic_normalized_loo_fragility,909,157,1605,3.6145827919244766,1605,180,20,True,T1590 - Reconnaissance: Gather Victim Network Information,0.0002690303628466,{}
stochastic_normalized_fragility,stochastic_normalized_loo_fragility,909,158,1615,3.9100239160470665,1615,180,20,True,T1036 - Defense Evasion: Masquerading,0.0001759912418092,{}
stochastic_normalized_fragility,stochastic_normalized_loo_fragility,909,159,1625,3.717746250098571,1625,180,20,True,T1583.005 - Resource Development: Acquire Botnet,0.0002183165015954,{}
stochastic_normalized_fragility,stochastic_normalized_loo_fragility,909,160,1635,4.129342708038166,1635,180,20,True,TA0011 - Command-and-Control,0.0001862750953071,{}
stochastic_normalized_fragility,stochastic_normalized_loo_fragility,909,161,1645,3.6625059579964727,1645,180,20,True,T1036 - Defense Evasion: Masquerading,0.000249492798545,{}
stochastic_normalized_fragility,stochastic_normalized_loo_fragility,909,162,1655,3.6843756249872968,1655,180,20,True,T1036 - Defense Evasion: Masquerading,0.0002259577905416,{}
stochastic_normalized_fragility,stochastic_normalized_loo_fragility,909,163,1665,3.6901648330967873,1665,180,20,True,T1036 - Defense Evasion: Masquerading,0.0002734249982678,{}
stochastic_normalized_fragility,stochastic_normalized_loo_fragility,909,164,1675,3.8362616249360144,1675,180,20,True,TA0011 - Command-and-Control,0.0002924500046256,{}
stochastic_normalized_fragility,stochastic_normalized_loo_fragility,909,165,1685,3.802096833009273,1685,180,20,True,T1583.005 - Resource Development: Acquire Botnet,0.0002030357353485,{}
stochastic_normalized_fragility,stochastic_normalized_loo_fragility,909,166,1695,3.648889916948974,1695,180,20,True,T1583.005 - Resource Development: Acquire Botnet,0.0001515910395432,{}
stochastic_normalized_fragility,stochastic_normalized_loo_fragility,909,167,1705,3.651803042041138,1705,180,20,True,T1583.005 - Resource Development: Acquire Botnet,0.0001475815395119,{}
stochastic_normalized_fragility,stochastic_normalized_loo_fragility,909,168,1715,4.008883834001608,1715,180,20,True,T1583.005 - Resource Development: Acquire Botnet,0.0001923640922073,{}
stochastic_normalized_fragility,stochastic_normalized_loo_fragility,909,169,1725,3.771809500060044,1725,180,20,True,T1583.005 - Resource Development: Acquire Botnet,0.0002248612218092,{}
stochastic_normalized_fragility,stochastic_normalized_loo_fragility,909,170,1735,3.864272915991023,1735,180,20,True,T1583.005 - Resource Development: Acquire Botnet,0.0001646024190349,{}
stochastic_normalized_fragility,stochastic_normalized_loo_fragility,909,171,1745,3.655195083003491,1745,180,20,True,T1036 - Defense Evasion: Masquerading,0.0001816709489831,{}
stochastic_normalized_fragility,stochastic_normalized_loo_fragility,909,172,1755,3.654994625016115,1755,180,20,True,T1590 - Reconnaissance: Gather Victim Network Information,0.0003244016634274,{}
stochastic_normalized_fragility,stochastic_normalized_loo_fragility,909,173,1765,3.6365947499871254,1765,180,20,True,T1583.005 - Resource Development: Acquire Botnet,0.0002132851924191,{}
stochastic_normalized_fragility,stochastic_normalized_loo_fragility,909,174,1775,3.694106957991607,1775,180,20,True,T1583.005 - Resource Development: Acquire Botnet,0.0001766443600938,{}
stochastic_normalized_fragility,stochastic_normalized_loo_fragility,909,175,1785,4.137861500028521,1785,180,20,True,T1036 - Defense Evasion: Masquerading,0.000153174976823,{}
stochastic_normalized_fragility,stochastic_normalized_loo_fragility,909,176,1795,3.668977041961625,1795,180,20,True,TA0011 - Command-and-Control,0.0002216876818742,{}
stochastic_normalized_fragility,stochastic_normalized_loo_fragility,1010,1,45,1.917662041960284,45,45,20,False,T1498.002 - Impact: Reflection/Amplification Attack,0.000779475561632,{}
stochastic_normalized_fragility,stochastic_normalized_loo_fragility,1010,2,55,2.0506419169250876,55,55,20,False,T1498.002 - Impact: Reflection/Amplification Attack,0.0009392968043484,{}
stochastic_normalized_fragility,stochastic_normalized_loo_fragility,1010,3,65,2.218720042030327,65,65,20,False,T1498.002 - Impact: Reflection/Amplification Attack,0.0009081830021016,{}
stochastic_normalized_fragility,stochastic_normalized_loo_fragility,1010,4,75,2.7549130829283968,75,75,20,False,T1036 - Defense Evasion: Masquerading,0.0004008642972373,{}
stochastic_normalized_fragility,stochastic_normalized_loo_fragility,1010,5,85,3.106556541984901,85,85,20,False,T1583.005 - Resource Development: Acquire Botnet,0.0002702964701427,{}
stochastic_normalized_fragility,stochastic_normalized_loo_fragility,1010,6,95,3.077994165942073,95,95,20,False,T1036 - Defense Evasion: Masquerading,0.000323604305583,{}
stochastic_normalized_fragility,stochastic_normalized_loo_fragility,1010,7,105,2.858936792006716,105,105,20,False,T1036 - Defense Evasion: Masquerading,0.0002253752399112,{}
stochastic_normalized_fragility,stochastic_normalized_loo_fragility,1010,8,115,3.040306499926374,115,115,20,False,TA0011 - Command-and-Control,0.0001896931315861,{}
stochastic_normalized_fragility,stochastic_normalized_loo_fragility,1010,9,125,3.405461375019513,125,125,20,False,T1595 - Reconnaissance: Active Scanning,0.0002392372075768,{}
stochastic_normalized_fragility,stochastic_normalized_loo_fragility,1010,10,135,3.91202416701708,135,135,20,False,T1036 - Defense Evasion: Masquerading,0.0002012334746114,{}
stochastic_normalized_fragility,stochastic_normalized_loo_fragility,1010,11,145,3.892717666924,145,143,20,True,T1036 - Defense Evasion: Masquerading,0.0002121888883951,{}
stochastic_normalized_fragility,stochastic_normalized_loo_fragility,1010,12,155,4.07113425002899,155,151,20,True,T1498.001 - Impact: Direct Network Flood,0.000267479806324,{}
stochastic_normalized_fragility,stochastic_normalized_loo_fragility,1010,13,165,4.256595834041946,165,160,20,True,T1583.005 - Resource Development: Acquire Botnet,0.0002448216251887,{}
stochastic_normalized_fragility,stochastic_normalized_loo_fragility,1010,14,175,4.775011249934323,175,167,20,True,T1036 - Defense Evasion: Masquerading,0.0001953977235656,{}
stochastic_normalized_fragility,stochastic_normalized_loo_fragility,1010,15,185,4.315210125059821,185,172,20,True,T1583.005 - Resource Development: Acquire Botnet,0.0001865056694854,{}
stochastic_normalized_fragility,stochastic_normalized_loo_fragility,1010,16,195,4.214683583006263,195,174,20,True,T1583.005 - Resource Development: Acquire Botnet,0.0001870155074252,{}
stochastic_normalized_fragility,stochastic_normalized_loo_fragility,1010,17,205,4.1859579579904675,205,175,20,True,TA0011 - Command-and-Control,0.0002142536308067,{}
stochastic_normalized_fragility,stochastic_normalized_loo_fragility,1010,18,215,4.5378750419477,215,176,20,True,T1583.005 - Resource Development: Acquire Botnet,0.0001686675723549,{}
stochastic_normalized_fragility,stochastic_normalized_loo_fragility,1010,19,225,4.229721791110933,225,176,20,True,T1036 - Defense Evasion: Masquerading,0.0001720474724581,{}
stochastic_normalized_fragility,stochastic_normalized_loo_fragility,1010,20,235,4.10627129196655,235,176,20,True,T1583.005 - Resource Development: Acquire Botnet,0.0002214208639244,{}
stochastic_normalized_fragility,stochastic_normalized_loo_fragility,1010,21,245,4.148699667071924,245,177,20,True,T1498.002 - Impact: Reflection/Amplification Attack,0.0001390690353168,{}
stochastic_normalized_fragility,stochastic_normalized_loo_fragility,1010,22,255,4.156549457926303,255,177,20,True,TA0011 - Command-and-Control,0.0001944216357423,{}
stochastic_normalized_fragility,stochastic_normalized_loo_fragility,1010,23,265,3.4912547080311924,265,178,20,True,T1498.002 - Impact: Reflection/Amplification Attack,0.0002775953870856,{}
stochastic_normalized_fragility,stochastic_normalized_loo_fragility,1010,24,275,3.7681095839943737,275,179,20,True,T1498.002 - Impact: Reflection/Amplification Attack,0.0002029224607115,{}
stochastic_normalized_fragility,stochastic_normalized_loo_fragility,1010,25,285,3.435634250054136,285,180,20,True,T1498.002 - Impact: Reflection/Amplification Attack,0.0002026442362718,{}
stochastic_normalized_fragility,stochastic_normalized_loo_fragility,1010,26,295,3.3505499589955434,295,180,20,True,TA0011 - Command-and-Control,0.0002604888244462,{}
stochastic_normalized_fragility,stochastic_normalized_loo_fragility,1010,27,305,3.370822999975644,305,180,20,True,TA0011 - Command-and-Control,0.0002459163603151,{}
stochastic_normalized_fragility,stochastic_normalized_loo_fragility,1010,28,315,3.354355084011331,315,180,20,True,TA0011 - Command-and-Control,0.0003243061471785,{}
stochastic_normalized_fragility,stochastic_normalized_loo_fragility,1010,29,325,3.377831209101714,325,180,20,True,TA0011 - Command-and-Control,0.0002001047683271,{}
stochastic_normalized_fragility,stochastic_normalized_loo_fragility,1010,30,335,3.3713807080639526,335,180,20,True,TA0011 - Command-and-Control,0.0002386493729363,{}
stochastic_normalized_fragility,stochastic_normalized_loo_fragility,1010,31,345,3.342769082984887,345,180,20,True,T1583.005 - Resource Development: Acquire Botnet,0.0001884318498634,{}
stochastic_normalized_fragility,stochastic_normalized_loo_fragility,1010,32,355,3.3823073339881375,355,180,20,True,TA0011 - Command-and-Control,0.0001967207663858,{}
stochastic_normalized_fragility,stochastic_normalized_loo_fragility,1010,33,365,3.35422929096967,365,180,20,True,T1036 - Defense Evasion: Masquerading,0.0002247589480145,{}
stochastic_normalized_fragility,stochastic_normalized_loo_fragility,1010,34,375,3.833077207906172,375,180,20,True,T1036 - Defense Evasion: Masquerading,0.0002650902360973,{}
stochastic_normalized_fragility,stochastic_normalized_loo_fragility,1010,35,385,3.7383424589643255,385,180,20,True,T1036 - Defense Evasion: Masquerading,0.0002325314231469,{}
stochastic_normalized_fragility,stochastic_normalized_loo_fragility,1010,36,395,3.4544762080768123,395,180,20,True,T1036 - Defense Evasion: Masquerading,0.0002119995238946,{}
stochastic_normalized_fragility,stochastic_normalized_loo_fragility,1010,37,405,3.392942333011888,405,180,20,True,T1036 - Defense Evasion: Masquerading,0.0003255688715154,{}
stochastic_normalized_fragility,stochastic_normalized_loo_fragility,1010,38,415,3.3488790000556037,415,180,20,True,TA0011 - Command-and-Control,0.000333154160199,{}
stochastic_normalized_fragility,stochastic_normalized_loo_fragility,1010,39,425,3.378351000021212,425,180,20,True,T1590 - Reconnaissance: Gather Victim Network Information,0.0002548031266041,{}
stochastic_normalized_fragility,stochastic_normalized_loo_fragility,1010,40,435,3.3887180840829387,435,180,20,True,T1590 - Reconnaissance: Gather Victim Network Information,0.0002582832582021,{}
stochastic_normalized_fragility,stochastic_normalized_loo_fragility,1010,41,445,3.3972151250345632,445,180,20,True,TA0011 - Command-and-Control,0.0002731604608371,{}
stochastic_normalized_fragility,stochastic_normalized_loo_fragility,1010,42,455,3.3899216670542955,455,180,20,True,TA0011 - Command-and-Control,0.0002281887493378,{}
stochastic_normalized_fragility,stochastic_normalized_loo_fragility,1010,43,465,3.3590266660321504,465,180,20,True,T1036 - Defense Evasion: Masquerading,0.0002252444030266,{}
stochastic_normalized_fragility,stochastic_normalized_loo_fragility,1010,44,475,3.329723707982339,475,180,20,True,T1036 - Defense Evasion: Masquerading,0.0003073063131516,{}
stochastic_normalized_fragility,stochastic_normalized_loo_fragility,1010,45,485,3.69748283305671,485,180,20,True,T1036 - Defense Evasion: Masquerading,0.0001782482339265,{}
stochastic_normalized_fragility,stochastic_normalized_loo_fragility,1010,46,495,3.5314752910053357,495,180,20,True,T1583.005 - Resource Development: Acquire Botnet,0.0001833084275671,{}
stochastic_normalized_fragility,stochastic_normalized_loo_fragility,1010,47,505,3.3907006670488045,505,180,20,True,T1036 - Defense Evasion: Masquerading,0.0001821421348999,{}
stochastic_normalized_fragility,stochastic_normalized_loo_fragility,1010,48,515,3.372210416942835,515,180,20,True,TA0011 - Command-and-Control,0.000191220527275,{}
stochastic_normalized_fragility,stochastic_normalized_loo_fragility,1010,49,525,3.3914332499261945,525,180,20,True,T1036 - Defense Evasion: Masquerading,0.0001907018421172,{}
stochastic_normalized_fragility,stochastic_normalized_loo_fragility,1010,50,535,3.7906720000319183,535,180,20,True,TA0011 - Command-and-Control,0.0003232450426874,{}
stochastic_normalized_fragility,stochastic_normalized_loo_fragility,1010,51,545,3.3542097080498934,545,180,20,True,TA0011 - Command-and-Control,0.0003897707451249,{}
stochastic_normalized_fragility,stochastic_normalized_loo_fragility,1010,52,555,3.3424170840298757,555,180,20,True,T1036 - Defense Evasion: Masquerading,0.0003392195420591,{}
stochastic_normalized_fragility,stochastic_normalized_loo_fragility,1010,53,565,3.3550936660030857,565,180,20,True,T1036 - Defense Evasion: Masquerading,0.0004298293224904,{}
stochastic_normalized_fragility,stochastic_normalized_loo_fragility,1010,54,575,3.3488885409897193,575,180,20,True,T1036 - Defense Evasion: Masquerading,0.000467130875037,{}
stochastic_normalized_fragility,stochastic_normalized_loo_fragility,1010,55,585,3.464098292053677,585,180,20,True,T1036 - Defense Evasion: Masquerading,0.0003433113920386,{}
stochastic_normalized_fragility,stochastic_normalized_loo_fragility,1010,56,595,3.679577416973189,595,180,20,True,TA0011 - Command-and-Control,0.0002749439340875,{}
stochastic_normalized_fragility,stochastic_normalized_loo_fragility,1010,57,605,3.4153304171049967,605,180,20,True,T1583.005 - Resource Development: Acquire Botnet,0.0001972746008342,{}
stochastic_normalized_fragility,stochastic_normalized_loo_fragility,1010,58,615,3.347672874922864,615,180,20,True,T1590 - Reconnaissance: Gather Victim Network Information,0.0002588891839836,{}
stochastic_normalized_fragility,stochastic_normalized_loo_fragility,1010,59,625,3.3646395000396296,625,180,20,True,T1590 - Reconnaissance: Gather Victim Network Information,0.0003088863107128,{}
stochastic_normalized_fragility,stochastic_normalized_loo_fragility,1010,60,635,3.389103665947914,635,180,20,True,T1590 - Reconnaissance: Gather Victim Network Information,0.000373003773386,{}
stochastic_normalized_fragility,stochastic_normalized_loo_fragility,1010,61,645,3.384691167040728,645,180,20,True,T1590 - Reconnaissance: Gather Victim Network Information,0.0004213661507638,{}
stochastic_normalized_fragility,stochastic_normalized_loo_fragility,1010,62,655,3.3766842500772327,655,180,20,True,TA0011 - Command-and-Control,0.0003677462240493,{}
stochastic_normalized_fragility,stochastic_normalized_loo_fragility,1010,63,665,3.360934833995998,665,180,20,True,TA0011 - Command-and-Control,0.0002226862772234,{}
stochastic_normalized_fragility,stochastic_normalized_loo_fragility,1010,64,675,3.3733551249606535,675,180,20,True,T1036 - Defense Evasion: Masquerading,0.000165610645766,{}
stochastic_normalized_fragility,stochastic_normalized_loo_fragility,1010,65,685,3.453290792065673,685,180,20,True,T1498.001 - Impact: Direct Network Flood,0.0001786970456286,{}
stochastic_normalized_fragility,stochastic_normalized_loo_fragility,1010,66,695,4.087902250001207,695,180,20,True,T1590 - Reconnaissance: Gather Victim Network Information,0.0001482691096503,{}
stochastic_normalized_fragility,stochastic_normalized_loo_fragility,1010,67,705,3.4214006250258535,705,180,20,True,T1590 - Reconnaissance: Gather Victim Network Information,0.0002385352668472,{}
stochastic_normalized_fragility,stochastic_normalized_loo_fragility,1010,68,715,3.362885707989335,715,180,20,True,T1583.005 - Resource Development: Acquire Botnet,0.0002035263680971,{}
stochastic_normalized_fragility,stochastic_normalized_loo_fragility,1010,69,725,3.343121875077486,725,180,20,True,T1583.005 - Resource Development: Acquire Botnet,0.0002077345299495,{}
stochastic_normalized_fragility,stochastic_normalized_loo_fragility,1010,70,735,3.393984124995768,735,180,20,True,T1036 - Defense Evasion: Masquerading,0.0003753173019247,{}
stochastic_normalized_fragility,stochastic_normalized_loo_fragility,1010,71,745,3.398571916972287,745,180,20,True,T1498.001 - Impact: Direct Network Flood,0.000355910793487,{}
stochastic_normalized_fragility,stochastic_normalized_loo_fragility,1010,72,755,3.4024062498938292,755,180,20,True,T1583.005 - Resource Development: Acquire Botnet,0.0001831473343154,{}
stochastic_normalized_fragility,stochastic_normalized_loo_fragility,1010,73,765,3.412871291046031,765,180,20,True,T1583.005 - Resource Development: Acquire Botnet,0.0001869838592731,{}
stochastic_normalized_fragility,stochastic_normalized_loo_fragility,1010,74,775,3.410166040994227,775,180,20,True,T1583.005 - Resource Development: Acquire Botnet,0.0002383127745814,{}
stochastic_normalized_fragility,stochastic_normalized_loo_fragility,1010,75,785,3.3929670000215992,785,180,20,True,T1583.005 - Resource Development: Acquire Botnet,0.000289457141177,{}
stochastic_normalized_fragility,stochastic_normalized_loo_fragility,1010,76,795,3.809120708028786,795,180,20,True,T1583.005 - Resource Development: Acquire Botnet,0.0002433694781048,{}
stochastic_normalized_fragility,stochastic_normalized_loo_fragility,1010,77,805,3.583333707996644,805,180,20,True,T1590 - Reconnaissance: Gather Victim Network Information,0.0003594650787423,{}
stochastic_normalized_fragility,stochastic_normalized_loo_fragility,1010,78,815,3.426037708995864,815,180,20,True,T1036 - Defense Evasion: Masquerading,0.0004440023755177,{}
stochastic_normalized_fragility,stochastic_normalized_loo_fragility,1010,79,825,3.442124957917258,825,180,20,True,T1036 - Defense Evasion: Masquerading,0.000437057131247,{}
stochastic_normalized_fragility,stochastic_normalized_loo_fragility,1010,80,835,3.4306540829129517,835,180,20,True,T1036 - Defense Evasion: Masquerading,0.0003172464186948,{}
stochastic_normalized_fragility,stochastic_normalized_loo_fragility,1010,81,845,3.884509166004136,845,180,20,True,T1036 - Defense Evasion: Masquerading,0.0003508113023737,{}
stochastic_normalized_fragility,stochastic_normalized_loo_fragility,1010,82,855,3.5272506659384817,855,180,20,True,T1036 - Defense Evasion: Masquerading,0.000277845395007,{}
stochastic_normalized_fragility,stochastic_normalized_loo_fragility,1010,83,865,3.79290991590824,865,180,20,True,T1036 - Defense Evasion: Masquerading,0.0001958702228197,{}
stochastic_normalized_fragility,stochastic_normalized_loo_fragility,1010,84,875,3.433332624961622,875,180,20,True,T1036 - Defense Evasion: Masquerading,0.0002232874746161,{}
stochastic_normalized_fragility,stochastic_normalized_loo_fragility,1010,85,885,3.707526250043884,885,180,20,True,T1583.005 - Resource Development: Acquire Botnet,0.0001967967401506,{}
stochastic_normalized_fragility,stochastic_normalized_loo_fragility,1010,86,895,3.5832262500189245,895,180,20,True,T1036 - Defense Evasion: Masquerading,0.0001850338918624,{}
stochastic_normalized_fragility,stochastic_normalized_loo_fragility,1010,87,905,3.517644166946411,905,180,20,True,TA0011 - Command-and-Control,0.0002580826672052,{}
stochastic_normalized_fragility,stochastic_normalized_loo_fragility,1010,88,915,3.5621591249946505,915,180,20,True,T1036 - Defense Evasion: Masquerading,0.0003754665647461,{}
stochastic_normalized_fragility,stochastic_normalized_loo_fragility,1010,89,925,3.459740040940233,925,180,20,True,T1036 - Defense Evasion: Masquerading,0.0004119261487778,{}
stochastic_normalized_fragility,stochastic_normalized_loo_fragility,1010,90,935,3.4788376670330763,935,180,20,True,T1036 - Defense Evasion: Masquerading,0.0002262767965853,{}
stochastic_normalized_fragility,stochastic_normalized_loo_fragility,1010,91,945,3.522955709020607,945,180,20,True,T1036 - Defense Evasion: Masquerading,0.0001906876028807,{}
stochastic_normalized_fragility,stochastic_normalized_loo_fragility,1010,92,955,3.494117832975462,955,180,20,True,T1036 - Defense Evasion: Masquerading,0.0002891122954918,{}
stochastic_normalized_fragility,stochastic_normalized_loo_fragility,1010,93,965,3.5516386249801144,965,180,20,True,T1590 - Reconnaissance: Gather Victim Network Information,0.0002918540011696,{}
stochastic_normalized_fragility,stochastic_normalized_loo_fragility,1010,94,975,3.472254000022076,975,180,20,True,T1036 - Defense Evasion: Masquerading,0.000385920719746,{}
stochastic_normalized_fragility,stochastic_normalized_loo_fragility,1010,95,985,3.568397249910049,985,180,20,True,T1036 - Defense Evasion: Masquerading,0.0003546765114189,{}
stochastic_normalized_fragility,stochastic_normalized_loo_fragility,1010,96,995,3.9165059169754386,995,180,20,True,T1036 - Defense Evasion: Masquerading,0.0002567925844886,{}
stochastic_normalized_fragility,stochastic_normalized_loo_fragility,1010,97,1005,3.900236124987714,1005,180,20,True,T1036 - Defense Evasion: Masquerading,0.0003284514623837,{}
stochastic_normalized_fragility,stochastic_normalized_loo_fragility,1010,98,1015,3.524933416978456,1015,180,20,True,T1036 - Defense Evasion: Masquerading,0.0002154166592393,{}
stochastic_normalized_fragility,stochastic_normalized_loo_fragility,1010,99,1025,3.639215708943084,1025,180,20,True,T1036 - Defense Evasion: Masquerading,0.0002448717139976,{}
stochastic_normalized_fragility,stochastic_normalized_loo_fragility,1010,100,1035,3.541292375070043,1035,180,20,True,T1583.005 - Resource Development: Acquire Botnet,0.0002633855917539,{}
stochastic_normalized_fragility,stochastic_normalized_loo_fragility,1010,101,1045,3.537642415962182,1045,180,20,True,T1583.005 - Resource Development: Acquire Botnet,0.0002710446103998,{}
stochastic_normalized_fragility,stochastic_normalized_loo_fragility,1010,102,1055,3.523034124984406,1055,180,20,True,T1036 - Defense Evasion: Masquerading,0.0002145373491232,{}
stochastic_normalized_fragility,stochastic_normalized_loo_fragility,1010,103,1065,3.5342309169936925,1065,180,20,True,T1583.005 - Resource Development: Acquire Botnet,0.0001933823859387,{}
stochastic_normalized_fragility,stochastic_normalized_loo_fragility,1010,104,1075,3.548060917062685,1075,180,20,True,T1583.005 - Resource Development: Acquire Botnet,0.0001678286366107,{}
stochastic_normalized_fragility,stochastic_normalized_loo_fragility,1010,105,1085,3.548973875003867,1085,180,20,True,T1583.005 - Resource Development: Acquire Botnet,0.0001879408654257,{}
stochastic_normalized_fragility,stochastic_normalized_loo_fragility,1010,106,1095,3.5476097079226747,1095,180,20,True,T1036 - Defense Evasion: Masquerading,0.0001733608110326,{}
stochastic_normalized_fragility,stochastic_normalized_loo_fragility,1010,107,1105,3.8228377089835703,1105,180,20,True,TA0011 - Command-and-Control,0.0001767255450051,{}
stochastic_normalized_fragility,stochastic_normalized_loo_fragility,1010,108,1115,3.718572415993549,1115,180,20,True,T1583.005 - Resource Development: Acquire Botnet,0.0002342071879739,{}
stochastic_normalized_fragility,stochastic_normalized_loo_fragility,1010,109,1125,3.5897537920391187,1125,180,20,True,T1583.005 - Resource Development: Acquire Botnet,0.0002341409441273,{}
stochastic_normalized_fragility,stochastic_normalized_loo_fragility,1010,110,1135,3.5510623750742525,1135,180,20,True,T1036 - Defense Evasion: Masquerading,0.0002902361232936,{}
stochastic_normalized_fragility,stochastic_normalized_loo_fragility,1010,111,1145,3.602599084028043,1145,180,20,True,T1583.005 - Resource Development: Acquire Botnet,0.0002520902119696,{}
stochastic_normalized_fragility,stochastic_normalized_loo_fragility,1010,112,1155,3.946026707999408,1155,180,20,True,T1036 - Defense Evasion: Masquerading,0.0001703728896631,{}
stochastic_normalized_fragility,stochastic_normalized_loo_fragility,1010,113,1165,3.5684122920501977,1165,180,20,True,T1036 - Defense Evasion: Masquerading,0.0002164016904916,{}
stochastic_normalized_fragility,stochastic_normalized_loo_fragility,1010,114,1175,3.5411671249894425,1175,180,20,True,T1583.005 - Resource Development: Acquire Botnet,0.0002128580495573,{}
stochastic_normalized_fragility,stochastic_normalized_loo_fragility,1010,115,1185,3.4980570829939097,1185,180,20,True,T1036 - Defense Evasion: Masquerading,0.0001949845685854,{}
stochastic_normalized_fragility,stochastic_normalized_loo_fragility,1010,116,1195,2.9510834999382496,1195,180,20,True,T1590 - Reconnaissance: Gather Victim Network Information,0.0004702230182282,{}
stochastic_normalized_fragility,stochastic_normalized_loo_fragility,1010,117,1205,3.1763405840611085,1205,180,20,True,T1036 - Defense Evasion: Masquerading,0.0002367015317006,{}
stochastic_normalized_fragility,stochastic_normalized_loo_fragility,1010,118,1215,3.262512458022684,1215,180,20,True,T1036 - Defense Evasion: Masquerading,0.0002240482699066,{}
stochastic_normalized_fragility,stochastic_normalized_loo_fragility,1010,119,1225,3.551880583050661,1225,180,20,True,T1583.005 - Resource Development: Acquire Botnet,0.000186499116273,{}
stochastic_normalized_fragility,stochastic_normalized_loo_fragility,1010,120,1235,3.6233683329774062,1235,180,20,True,T1583.005 - Resource Development: Acquire Botnet,0.0002406563112799,{}
stochastic_normalized_fragility,stochastic_normalized_loo_fragility,1010,121,1245,3.601098584011197,1245,180,20,True,T1583.005 - Resource Development: Acquire Botnet,0.0001840178505083,{}
stochastic_normalized_fragility,stochastic_normalized_loo_fragility,1010,122,1255,3.651441542082466,1255,180,20,True,T1583.005 - Resource Development: Acquire Botnet,0.0002000680192039,{}
stochastic_normalized_fragility,stochastic_normalized_loo_fragility,1010,123,1265,3.6548591250320897,1265,180,20,True,T1583.005 - Resource Development: Acquire Botnet,0.0002157250612164,{}
stochastic_normalized_fragility,stochastic_normalized_loo_fragility,1010,124,1275,3.6229418750153854,1275,180,20,True,T1583.005 - Resource Development: Acquire Botnet,0.0002435307214076,{}
stochastic_normalized_fragility,stochastic_normalized_loo_fragility,1010,125,1285,3.604828333016485,1285,180,20,True,T1036 - Defense Evasion: Masquerading,0.0002542424486008,{}
stochastic_normalized_fragility,stochastic_normalized_loo_fragility,1010,126,1295,4.103916499996558,1295,180,20,True,T1036 - Defense Evasion: Masquerading,0.0002227741024678,{}
stochastic_normalized_fragility,stochastic_normalized_loo_fragility,1010,127,1305,3.735283749992959,1305,180,20,True,T1583.005 - Resource Development: Acquire Botnet,0.0002517823970419,{}
stochastic_normalized_fragility,stochastic_normalized_loo_fragility,1010,128,1315,4.682829041965306,1315,180,20,True,T1583.005 - Resource Development: Acquire Botnet,0.0003157878458883,{}
stochastic_normalized_fragility,stochastic_normalized_loo_fragility,1010,129,1325,3.675461624981835,1325,180,20,True,T1583.005 - Resource Development: Acquire Botnet,0.000419932899918,{}
stochastic_normalized_fragility,stochastic_normalized_loo_fragility,1010,130,1335,3.609893499989994,1335,180,20,True,T1498.001 - Impact: Direct Network Flood,0.0002057995581195,{}
stochastic_normalized_fragility,stochastic_normalized_loo_fragility,1010,131,1345,3.656909958110191,1345,180,20,True,T1498.001 - Impact: Direct Network Flood,0.0001711662054057,{}
stochastic_normalized_fragility,stochastic_normalized_loo_fragility,1010,132,1355,3.5889517080504447,1355,180,20,True,TA0011 - Command-and-Control,0.0001716917794183,{}
stochastic_normalized_fragility,stochastic_normalized_loo_fragility,1010,133,1365,3.5784061250742525,1365,180,20,True,T1036 - Defense Evasion: Masquerading,0.0001852732503955,{}
stochastic_normalized_fragility,stochastic_normalized_loo_fragility,1010,134,1375,3.643776249955408,1375,180,20,True,T1036 - Defense Evasion: Masquerading,0.0001832860576232,{}
stochastic_normalized_fragility,stochastic_normalized_loo_fragility,1010,135,1385,3.640324832987971,1385,180,20,True,T1583.005 - Resource Development: Acquire Botnet,0.0002443160557913,{}
stochastic_normalized_fragility,stochastic_normalized_loo_fragility,1010,136,1395,3.608849541982636,1395,180,20,True,T1583.005 - Resource Development: Acquire Botnet,0.0002772782477057,{}
stochastic_normalized_fragility,stochastic_normalized_loo_fragility,1010,137,1405,3.7889813750516623,1405,180,20,True,T1036 - Defense Evasion: Masquerading,0.0003075757748552,{}
stochastic_normalized_fragility,stochastic_normalized_loo_fragility,1010,138,1415,3.777628834010102,1415,180,20,True,T1036 - Defense Evasion: Masquerading,0.0002837604414108,{}
stochastic_normalized_fragility,stochastic_normalized_loo_fragility,1010,139,1425,3.7446888749254863,1425,180,20,True,T1036 - Defense Evasion: Masquerading,0.0004250784534311,{}
stochastic_normalized_fragility,stochastic_normalized_loo_fragility,1010,140,1435,3.629969083936885,1435,180,20,True,T1583.005 - Resource Development: Acquire Botnet,0.0003562167291549,{}
stochastic_normalized_fragility,stochastic_normalized_loo_fragility,1010,141,1445,3.635277249966748,1445,180,20,True,T1036 - Defense Evasion: Masquerading,0.0002485500727146,{}
stochastic_normalized_fragility,stochastic_normalized_loo_fragility,1010,142,1455,3.647896416019648,1455,180,20,True,T1583.005 - Resource Development: Acquire Botnet,0.0002862141767242,{}
stochastic_normalized_fragility,stochastic_normalized_loo_fragility,1010,143,1465,4.091418249998242,1465,180,20,True,T1583.005 - Resource Development: Acquire Botnet,0.0002835400331346,{}
stochastic_normalized_fragility,stochastic_normalized_loo_fragility,1010,144,1475,3.565801459015347,1475,180,20,True,T1583.005 - Resource Development: Acquire Botnet,0.0002607701596092,{}
stochastic_normalized_fragility,stochastic_normalized_loo_fragility,1010,145,1485,3.650338083039969,1485,180,20,True,T1036 - Defense Evasion: Masquerading,0.0002166992616186,{}
stochastic_normalized_fragility,stochastic_normalized_loo_fragility,1010,146,1495,3.752135584014468,1495,180,20,True,T1036 - Defense Evasion: Masquerading,0.000261704663495,{}
stochastic_normalized_fragility,stochastic_normalized_loo_fragility,1010,147,1505,4.802376874955371,1505,180,20,True,T1036 - Defense Evasion: Masquerading,0.0003012304541473,{}
stochastic_normalized_fragility,stochastic_normalized_loo_fragility,1010,148,1515,3.869441749993712,1515,180,20,True,T1036 - Defense Evasion: Masquerading,0.000177702756264,{}
stochastic_normalized_fragility,stochastic_normalized_loo_fragility,1010,149,1525,3.653240834013559,1525,180,20,True,T1036 - Defense Evasion: Masquerading,0.0002471300380488,{}
stochastic_normalized_fragility,stochastic_normalized_loo_fragility,1010,150,1535,3.591476875008084,1535,180,20,True,T1036 - Defense Evasion: Masquerading,0.0003028324981676,{}
stochastic_normalized_fragility,stochastic_normalized_loo_fragility,1010,151,1545,3.617211083997972,1545,180,20,True,T1036 - Defense Evasion: Masquerading,0.0002672232560012,{}
stochastic_normalized_fragility,stochastic_normalized_loo_fragility,1010,152,1555,3.628421709057875,1555,180,20,True,T1583.005 - Resource Development: Acquire Botnet,0.0002182161865159,{}
stochastic_normalized_fragility,stochastic_normalized_loo_fragility,1010,153,1565,3.6442764999810606,1565,180,20,True,T1583.005 - Resource Development: Acquire Botnet,0.0002059509492689,{}
stochastic_normalized_fragility,stochastic_normalized_loo_fragility,1010,154,1575,3.634508957969956,1575,180,20,True,T1583.005 - Resource Development: Acquire Botnet,0.0002082646201054,{}
stochastic_normalized_fragility,stochastic_normalized_loo_fragility,1010,155,1585,3.629964833031409,1585,180,20,True,TA0011 - Command-and-Control,0.0004031342057965,{}
stochastic_normalized_fragility,stochastic_normalized_loo_fragility,1010,156,1595,3.839320750092156,1595,180,20,True,T1590 - Reconnaissance: Gather Victim Network Information,0.0004571121171332,{}
stochastic_normalized_fragility,stochastic_normalized_loo_fragility,1010,157,1605,3.7946241659810767,1605,180,20,True,T1036 - Defense Evasion: Masquerading,0.0004117930616358,{}
stochastic_normalized_fragility,stochastic_normalized_loo_fragility,1010,158,1615,4.150661792024039,1615,180,20,True,T1036 - Defense Evasion: Masquerading,0.0002735311869086,{}
stochastic_normalized_fragility,stochastic_normalized_loo_fragility,1010,159,1625,3.651348500046879,1625,180,20,True,T1036 - Defense Evasion: Masquerading,0.0002364177132213,{}
stochastic_normalized_fragility,stochastic_normalized_loo_fragility,1010,160,1635,3.679727999959141,1635,180,20,True,T1590 - Reconnaissance: Gather Victim Network Information,0.0003996256740809,{}
stochastic_normalized_fragility,stochastic_normalized_loo_fragility,1010,161,1645,3.708813415956683,1645,180,20,True,TA0011 - Command-and-Control,0.0002848431300478,{}
stochastic_normalized_fragility,stochastic_normalized_loo_fragility,1010,162,1655,3.782809750060551,1655,180,20,True,T1036 - Defense Evasion: Masquerading,0.000247710041166,{}
stochastic_normalized_fragility,stochastic_normalized_loo_fragility,1010,163,1665,3.869246167014353,1665,180,20,True,TA0011 - Command-and-Control,0.0002666036532247,{}
stochastic_normalized_fragility,stochastic_normalized_loo_fragility,1010,164,1675,3.671301416005008,1675,180,20,True,T1036 - Defense Evasion: Masquerading,0.0002289843151375,{}
stochastic_normalized_fragility,stochastic_normalized_loo_fragility,1010,165,1685,3.644947792054154,1685,180,20,True,T1036 - Defense Evasion: Masquerading,0.0003178698389078,{}
stochastic_normalized_fragility,stochastic_normalized_loo_fragility,1010,166,1695,4.006026167073287,1695,180,20,True,T1571 - Defense Evasion: Non-Standard Port,0.0002904206169695,{}
stochastic_normalized_fragility,stochastic_normalized_loo_fragility,1010,167,1705,3.766456334036775,1705,180,20,True,T1036 - Defense Evasion: Masquerading,0.0002840089805059,{}
stochastic_normalized_fragility,stochastic_normalized_loo_fragility,1010,168,1715,3.881890707998537,1715,180,20,True,T1036 - Defense Evasion: Masquerading,0.0003374032590177,{}
stochastic_normalized_fragility,stochastic_normalized_loo_fragility,1010,169,1725,3.669865750009194,1725,180,20,True,T1036 - Defense Evasion: Masquerading,0.00022226387774,{}
stochastic_normalized_fragility,stochastic_normalized_loo_fragility,1010,170,1735,3.661467290949077,1735,180,20,True,T1583.005 - Resource Development: Acquire Botnet,0.0002228459259069,{}
stochastic_normalized_fragility,stochastic_normalized_loo_fragility,1010,171,1745,3.683796041063033,1745,180,20,True,TA0011 - Command-and-Control,0.0002593390259957,{}
stochastic_normalized_fragility,stochastic_normalized_loo_fragility,1010,172,1755,3.679529833025299,1755,180,20,True,T1595 - Reconnaissance: Active Scanning,0.000323763131122,{}
stochastic_normalized_fragility,stochastic_normalized_loo_fragility,1010,173,1765,4.196267875027843,1765,180,20,True,T1590 - Reconnaissance: Gather Victim Network Information,0.000383031953475,{}
stochastic_normalized_fragility,stochastic_normalized_loo_fragility,1010,174,1775,3.709155165939592,1775,180,20,True,T1036 - Defense Evasion: Masquerading,0.0002520662290748,{}
stochastic_normalized_fragility,stochastic_normalized_loo_fragility,1010,175,1785,3.2314129170263186,1785,180,20,True,T1036 - Defense Evasion: Masquerading,0.0002310093680972,{}
stochastic_normalized_fragility,stochastic_normalized_loo_fragility,1010,176,1795,2.7695603750180453,1795,180,20,True,T1036 - Defense Evasion: Masquerading,0.0002446002650052,{}
stochastic_normalized_fragility,stochastic_normalized_loo_fragility,1111,1,45,0.787326667108573,45,45,20,False,T1498.002 - Impact: Reflection/Amplification Attack,0.0006794794381094,{}
stochastic_normalized_fragility,stochastic_normalized_loo_fragility,1111,2,55,0.9238778329454362,55,55,20,False,T1498.002 - Impact: Reflection/Amplification Attack,0.0007324657615009,{}
stochastic_normalized_fragility,stochastic_normalized_loo_fragility,1111,3,65,1.0643770830938593,65,65,20,False,T1498.002 - Impact: Reflection/Amplification Attack,0.0007146586744478,{}
stochastic_normalized_fragility,stochastic_normalized_loo_fragility,1111,4,75,1.2371989589883017,75,75,20,False,T1498.002 - Impact: Reflection/Amplification Attack,0.0002253740065966,{}
stochastic_normalized_fragility,stochastic_normalized_loo_fragility,1111,5,85,1.3367965419311076,85,85,20,False,T1583.005 - Resource Development: Acquire Botnet,0.0002922592700482,{}
stochastic_normalized_fragility,stochastic_normalized_loo_fragility,1111,6,95,1.4119254170218485,95,95,20,False,T1583.005 - Resource Development: Acquire Botnet,0.0002541984955971,{}
stochastic_normalized_fragility,stochastic_normalized_loo_fragility,1111,7,105,1.7792941250372678,105,105,20,False,T1498.001 - Impact: Direct Network Flood,0.0002549166268938,{}
stochastic_normalized_fragility,stochastic_normalized_loo_fragility,1111,8,115,1.8796395829413088,115,115,20,False,T1583.005 - Resource Development: Acquire Botnet,0.0002157316880465,{}
stochastic_normalized_fragility,stochastic_normalized_loo_fragility,1111,9,125,2.1105747499968857,125,123,20,True,T1583.005 - Resource Development: Acquire Botnet,0.0002146541241793,{}
stochastic_normalized_fragility,stochastic_normalized_loo_fragility,1111,10,135,2.509439625078812,135,133,20,True,TA0011 - Command-and-Control,0.0003649242150674,{}
stochastic_normalized_fragility,stochastic_normalized_loo_fragility,1111,11,145,2.506649208953604,145,142,20,True,T1583.005 - Resource Development: Acquire Botnet,0.0002536655011525,{}
stochastic_normalized_fragility,stochastic_normalized_loo_fragility,1111,12,155,2.539144500042312,155,148,20,True,T1583.005 - Resource Development: Acquire Botnet,0.0002272897729378,{}
stochastic_normalized_fragility,stochastic_normalized_loo_fragility,1111,13,165,3.473984249983914,165,153,20,True,T1583.005 - Resource Development: Acquire Botnet,0.0001669417767811,{}
stochastic_normalized_fragility,stochastic_normalized_loo_fragility,1111,14,175,3.166795583907515,175,159,20,True,T1595 - Reconnaissance: Active Scanning,0.0001649882564449,{}
stochastic_normalized_fragility,stochastic_normalized_loo_fragility,1111,15,185,3.185353499953635,185,164,20,True,TA0011 - Command-and-Control,0.0003553983412324,{}
stochastic_normalized_fragility,stochastic_normalized_loo_fragility,1111,16,195,3.039678958011791,195,165,20,True,T1498.002 - Impact: Reflection/Amplification Attack,0.0001681658829126,{}
stochastic_normalized_fragility,stochastic_normalized_loo_fragility,1111,17,205,2.937722958973609,205,169,20,True,TA0011 - Command-and-Control,0.0002845620170205,{}
stochastic_normalized_fragility,stochastic_normalized_loo_fragility,1111,18,215,3.297711917082779,215,173,20,True,T1036 - Defense Evasion: Masquerading,0.0001719737641333,{}
stochastic_normalized_fragility,stochastic_normalized_loo_fragility,1111,19,225,3.165866499999538,225,174,20,True,T1036 - Defense Evasion: Masquerading,0.0001698567578823,{}
stochastic_normalized_fragility,stochastic_normalized_loo_fragility,1111,20,235,3.788299207924865,235,177,20,True,TA0011 - Command-and-Control,0.0002824541287943,{}
stochastic_normalized_fragility,stochastic_normalized_loo_fragility,1111,21,245,3.3940753339556977,245,177,20,True,T1036 - Defense Evasion: Masquerading,0.0002742142401156,{}
stochastic_normalized_fragility,stochastic_normalized_loo_fragility,1111,22,255,3.4869873330462724,255,180,20,True,TA0011 - Command-and-Control,0.0003092883870755,{}
stochastic_normalized_fragility,stochastic_normalized_loo_fragility,1111,23,265,3.345273708924651,265,180,20,True,TA0011 - Command-and-Control,0.0002885680809908,{}
stochastic_normalized_fragility,stochastic_normalized_loo_fragility,1111,24,275,3.330009541939944,275,180,20,True,TA0011 - Command-and-Control,0.0002704466537703,{}
stochastic_normalized_fragility,stochastic_normalized_loo_fragility,1111,25,285,2.4977570000337437,285,180,20,True,T1584.005 - Resource Development: Build/Compromise Botnet,0.0001940620640508,{}
stochastic_normalized_fragility,stochastic_normalized_loo_fragility,1111,26,295,2.5648467079736292,295,180,20,True,T1036 - Defense Evasion: Masquerading,0.000180400250804,{}
stochastic_normalized_fragility,stochastic_normalized_loo_fragility,1111,27,305,2.562694250023924,305,180,20,True,T1036 - Defense Evasion: Masquerading,0.0001954690789861,{}
stochastic_normalized_fragility,stochastic_normalized_loo_fragility,1111,28,315,2.502181583084166,315,180,20,True,T1036 - Defense Evasion: Masquerading,0.0001935525907509,{}
stochastic_normalized_fragility,stochastic_normalized_loo_fragility,1111,29,325,2.538212417042814,325,180,20,True,T1036 - Defense Evasion: Masquerading,0.0001831251178489,{}
stochastic_normalized_fragility,stochastic_normalized_loo_fragility,1111,30,335,2.627769667073153,335,180,20,True,T1583.005 - Resource Development: Acquire Botnet,0.0002632404890069,{}
stochastic_normalized_fragility,stochastic_normalized_loo_fragility,1111,31,345,3.714115209062584,345,180,20,True,TA0011 - Command-and-Control,0.0003033349425234,{}
stochastic_normalized_fragility,stochastic_normalized_loo_fragility,1111,32,355,3.859840583987534,355,180,20,True,T1583.005 - Resource Development: Acquire Botnet,0.0001749127762934,{}
stochastic_normalized_fragility,stochastic_normalized_loo_fragility,1111,33,365,4.045233209035359,365,180,20,True,T1498.001 - Impact: Direct Network Flood,0.0001862206668819,{}
stochastic_normalized_fragility,stochastic_normalized_loo_fragility,1111,34,375,3.806861500022933,375,180,20,True,T1590 - Reconnaissance: Gather Victim Network Information,0.0002067348558629,{}
stochastic_normalized_fragility,stochastic_normalized_loo_fragility,1111,35,385,4.387120792060159,385,180,20,True,T1583.005 - Resource Development: Acquire Botnet,0.0002557620144498,{}
stochastic_normalized_fragility,stochastic_normalized_loo_fragility,1111,36,395,4.6175865000113845,395,180,20,True,TA0011 - Command-and-Control,0.0002048974424583,{}
stochastic_normalized_fragility,stochastic_normalized_loo_fragility,1111,37,405,4.997425499954261,405,180,20,True,T1583.005 - Resource Development: Acquire Botnet,0.0001626566983104,{}
stochastic_normalized_fragility,stochastic_normalized_loo_fragility,1111,38,415,4.129352124989964,415,180,20,True,T1590 - Reconnaissance: Gather Victim Network Information,0.0003079699717373,{}
stochastic_normalized_fragility,stochastic_normalized_loo_fragility,1111,39,425,4.249095333041623,425,180,20,True,T1590 - Reconnaissance: Gather Victim Network Information,0.0003240003190359,{}
stochastic_normalized_fragility,stochastic_normalized_loo_fragility,1111,40,435,4.60343420796562,435,180,20,True,TA0011 - Command-and-Control,0.0002052914931339,{}
stochastic_normalized_fragility,stochastic_normalized_loo_fragility,1111,41,445,4.109152124961838,445,180,20,True,TA0011 - Command-and-Control,0.0003612821988663,{}
stochastic_normalized_fragility,stochastic_normalized_loo_fragility,1111,42,455,4.0075064999982715,455,180,20,True,T1036 - Defense Evasion: Masquerading,0.0002815345116312,{}
stochastic_normalized_fragility,stochastic_normalized_loo_fragility,1111,43,465,5.375127167091705,465,180,20,True,T1036 - Defense Evasion: Masquerading,0.0003005480827627,{}
stochastic_normalized_fragility,stochastic_normalized_loo_fragility,1111,44,475,3.819250750006177,475,180,20,True,T1036 - Defense Evasion: Masquerading,0.0002340894532563,{}
stochastic_normalized_fragility,stochastic_normalized_loo_fragility,1111,45,485,4.613675041939132,485,180,20,True,T1036 - Defense Evasion: Masquerading,0.0002357207455879,{}
stochastic_normalized_fragility,stochastic_normalized_loo_fragility,1111,46,495,4.29890783294104,495,180,20,True,TA0011 - Command-and-Control,0.0002776200609684,{}
stochastic_normalized_fragility,stochastic_normalized_loo_fragility,1111,47,505,4.425682500004768,505,180,20,True,T1583.005 - Resource Development: Acquire Botnet,0.0002245670247964,{}
stochastic_normalized_fragility,stochastic_normalized_loo_fragility,1111,48,515,7.452232041046955,515,180,20,True,T1583.005 - Resource Development: Acquire Botnet,0.0001987062855862,{}
stochastic_normalized_fragility,stochastic_normalized_loo_fragility,1111,49,525,4.98965320806019,525,180,20,True,T1583.005 - Resource Development: Acquire Botnet,0.0001948248639987,{}
stochastic_normalized_fragility,stochastic_normalized_loo_fragility,1111,50,535,5.459332500002347,535,180,20,True,T1036 - Defense Evasion: Masquerading,0.000195000767468,{}
stochastic_normalized_fragility,stochastic_normalized_loo_fragility,1111,51,545,4.920365041936748,545,180,20,True,TA0011 - Command-and-Control,0.0002758648161265,{}
stochastic_normalized_fragility,stochastic_normalized_loo_fragility,1111,52,555,5.049220000044443,555,180,20,True,T1595 - Reconnaissance: Active Scanning,0.000225463125106,{}
stochastic_normalized_fragility,stochastic_normalized_loo_fragility,1111,53,565,4.931336874957196,565,180,20,True,T1583.005 - Resource Development: Acquire Botnet,0.0002100972751864,{}
stochastic_normalized_fragility,stochastic_normalized_loo_fragility,1111,54,575,5.14186587498989,575,180,20,True,T1583.005 - Resource Development: Acquire Botnet,0.0002046584083813,{}
stochastic_normalized_fragility,stochastic_normalized_loo_fragility,1111,55,585,4.830035832943395,585,180,20,True,T1583.005 - Resource Development: Acquire Botnet,0.0002356065489276,{}
stochastic_normalized_fragility,stochastic_normalized_loo_fragility,1111,56,595,5.289448000025004,595,180,20,True,T1583.005 - Resource Development: Acquire Botnet,0.0002009724606133,{}
stochastic_normalized_fragility,stochastic_normalized_loo_fragility,1111,57,605,5.807867625029758,605,180,20,True,T1583.005 - Resource Development: Acquire Botnet,0.0002072977012311,{}
stochastic_normalized_fragility,stochastic_normalized_loo_fragility,1111,58,615,5.108940375037491,615,180,20,True,T1583.005 - Resource Development: Acquire Botnet,0.0002284831156066,{}
stochastic_normalized_fragility,stochastic_normalized_loo_fragility,1111,59,625,4.357526124920696,625,180,20,True,T1036 - Defense Evasion: Masquerading,0.0002058783957866,{}
stochastic_normalized_fragility,stochastic_normalized_loo_fragility,1111,60,635,4.740689666941762,635,180,20,True,T1036 - Defense Evasion: Masquerading,0.0003216003892572,{}
stochastic_normalized_fragility,stochastic_normalized_loo_fragility,1111,61,645,4.774201749940403,645,180,20,True,T1595 - Reconnaissance: Active Scanning,0.0003869659983547,{}
stochastic_normalized_fragility,stochastic_normalized_loo_fragility,1111,62,655,4.84174795798026,655,180,20,True,T1590 - Reconnaissance: Gather Victim Network Information,0.0003732153062691,{}
stochastic_normalized_fragility,stochastic_normalized_loo_fragility,1111,63,665,4.668715166975744,665,180,20,True,TA0011 - Command-and-Control,0.0003178483560328,{}
stochastic_normalized_fragility,stochastic_normalized_loo_fragility,1111,64,675,4.866025167051703,675,180,20,True,T1036 - Defense Evasion: Masquerading,0.000163121987904,{}
stochastic_normalized_fragility,stochastic_normalized_loo_fragility,1111,65,685,4.4775849169818684,685,180,20,True,T1036 - Defense Evasion: Masquerading,0.0002530296831202,{}
stochastic_normalized_fragility,stochastic_normalized_loo_fragility,1111,66,695,4.735644207918085,695,180,20,True,T1036 - Defense Evasion: Masquerading,0.0002006456448267,{}
stochastic_normalized_fragility,stochastic_normalized_loo_fragility,1111,67,705,4.496867958921939,705,180,20,True,T1583.005 - Resource Development: Acquire Botnet,0.0001915497178834,{}
stochastic_normalized_fragility,stochastic_normalized_loo_fragility,1111,68,715,4.658160375081934,715,180,20,True,T1583.005 - Resource Development: Acquire Botnet,0.0002218474219027,{}
stochastic_normalized_fragility,stochastic_normalized_loo_fragility,1111,69,725,4.514408208080567,725,180,20,True,T1583.005 - Resource Development: Acquire Botnet,0.0002509921261058,{}
stochastic_normalized_fragility,stochastic_normalized_loo_fragility,1111,70,735,4.597701416932978,735,180,20,True,T1583.005 - Resource Development: Acquire Botnet,0.0002233004226834,{}
stochastic_normalized_fragility,stochastic_normalized_loo_fragility,1111,71,745,5.012165084015578,745,180,20,True,T1583.005 - Resource Development: Acquire Botnet,0.0002207319047011,{}
stochastic_normalized_fragility,stochastic_normalized_loo_fragility,1111,72,755,5.522336625028402,755,180,20,True,T1036 - Defense Evasion: Masquerading,0.0003654537748747,{}
stochastic_normalized_fragility,stochastic_normalized_loo_fragility,1111,73,765,4.603778415941633,765,180,20,True,T1583.005 - Resource Development: Acquire Botnet,0.0003318002949697,{}
stochastic_normalized_fragility,stochastic_normalized_loo_fragility,1111,74,775,4.984183833003044,775,180,20,True,T1583.005 - Resource Development: Acquire Botnet,0.0002868973639187,{}
stochastic_normalized_fragility,stochastic_normalized_loo_fragility,1111,75,785,4.8740561249433085,785,180,20,True,T1036 - Defense Evasion: Masquerading,0.0002236439435895,{}
stochastic_normalized_fragility,stochastic_normalized_loo_fragility,1111,76,795,4.914145999937318,795,180,20,True,T1036 - Defense Evasion: Masquerading,0.0002625830157388,{}
stochastic_normalized_fragility,stochastic_normalized_loo_fragility,1111,77,805,4.6784162080148235,805,180,20,True,T1036 - Defense Evasion: Masquerading,0.0001589961818405,{}
stochastic_normalized_fragility,stochastic_normalized_loo_fragility,1111,78,815,5.474298207904212,815,180,20,True,T1036 - Defense Evasion: Masquerading,0.0002013844905208,{}
stochastic_normalized_fragility,stochastic_normalized_loo_fragility,1111,79,825,4.930048999958672,825,180,20,True,T1036 - Defense Evasion: Masquerading,0.0001723018896396,{}
stochastic_normalized_fragility,stochastic_normalized_loo_fragility,1111,80,835,4.9596092499559745,835,180,20,True,T1036 - Defense Evasion: Masquerading,0.000255687302537,{}
stochastic_normalized_fragility,stochastic_normalized_loo_fragility,1111,81,845,4.685772915952839,845,180,20,True,T1583.005 - Resource Development: Acquire Botnet,0.000354406905984,{}
stochastic_normalized_fragility,stochastic_normalized_loo_fragility,1111,82,855,4.947169209015556,855,180,20,True,T1583.005 - Resource Development: Acquire Botnet,0.0002296065019582,{}
stochastic_normalized_fragility,stochastic_normalized_loo_fragility,1111,83,865,4.761927540996112,865,180,20,True,T1498.002 - Impact: Reflection/Amplification Attack,0.0002115280991303,{}
stochastic_normalized_fragility,stochastic_normalized_loo_fragility,1111,84,875,4.901256625074893,875,180,20,True,T1583.005 - Resource Development: Acquire Botnet,0.0002305860940048,{}
stochastic_normalized_fragility,stochastic_normalized_loo_fragility,1111,85,885,5.693404917023145,885,180,20,True,T1036 - Defense Evasion: Masquerading,0.0003477064380214,{}
stochastic_normalized_fragility,stochastic_normalized_loo_fragility,1111,86,895,4.7853455420117825,895,180,20,True,T1583.005 - Resource Development: Acquire Botnet,0.0003095129326533,{}
stochastic_normalized_fragility,stochastic_normalized_loo_fragility,1111,87,905,5.349840915994719,905,180,20,True,T1036 - Defense Evasion: Masquerading,0.0002130038807056,{}
stochastic_normalized_fragility,stochastic_normalized_loo_fragility,1111,88,915,4.9718767090234905,915,180,20,True,T1595 - Reconnaissance: Active Scanning,0.0003526325328353,{}
stochastic_normalized_fragility,stochastic_normalized_loo_fragility,1111,89,925,4.978753875009716,925,180,20,True,T1595 - Reconnaissance: Active Scanning,0.0004452140088288,{}
stochastic_normalized_fragility,stochastic_normalized_loo_fragility,1111,90,935,5.058855667011812,935,180,20,True,T1590 - Reconnaissance: Gather Victim Network Information,0.000474723565691,{}
stochastic_normalized_fragility,stochastic_normalized_loo_fragility,1111,91,945,4.858398624928668,945,180,20,True,T1036 - Defense Evasion: Masquerading,0.0002925594109568,{}
stochastic_normalized_fragility,stochastic_normalized_loo_fragility,1111,92,955,5.8381967919413,955,180,20,True,T1036 - Defense Evasion: Masquerading,0.0002546684255731,{}
stochastic_normalized_fragility,stochastic_normalized_loo_fragility,1111,93,965,5.223891125060618,965,180,20,True,T1583.005 - Resource Development: Acquire Botnet,0.0002325861545426,{}
stochastic_normalized_fragility,stochastic_normalized_loo_fragility,1111,94,975,4.88242470799014,975,180,20,True,T1036 - Defense Evasion: Masquerading,0.0002206071794444,{}
stochastic_normalized_fragility,stochastic_normalized_loo_fragility,1111,95,985,5.131386333028786,985,180,20,True,T1036 - Defense Evasion: Masquerading,0.0002367783913505,{}
stochastic_normalized_fragility,stochastic_normalized_loo_fragility,1111,96,995,5.007467875024304,995,180,20,True,T1036 - Defense Evasion: Masquerading,0.0002426146023772,{}
stochastic_normalized_fragility,stochastic_normalized_loo_fragility,1111,97,1005,5.347281332942657,1005,180,20,True,T1583.005 - Resource Development: Acquire Botnet,0.0002566494449094,{}
stochastic_normalized_fragility,stochastic_normalized_loo_fragility,1111,98,1015,5.3973712919978425,1015,180,20,True,T1583.005 - Resource Development: Acquire Botnet,0.0002333680356386,{}
stochastic_normalized_fragility,stochastic_normalized_loo_fragility,1111,99,1025,4.977380292024463,1025,180,20,True,T1595 - Reconnaissance: Active Scanning,0.0002608532055951,{}
stochastic_normalized_fragility,stochastic_normalized_loo_fragility,1111,100,1035,5.075264333980158,1035,180,20,True,TA0011 - Command-and-Control,0.0002648870540068,{}
stochastic_normalized_fragility,stochastic_normalized_loo_fragility,1111,101,1045,5.808068500016816,1045,180,20,True,T1036 - Defense Evasion: Masquerading,0.0002609690105173,{}
stochastic_normalized_fragility,stochastic_normalized_loo_fragility,1111,102,1055,5.11778237496037,1055,180,20,True,T1036 - Defense Evasion: Masquerading,0.000239028696586,{}
stochastic_normalized_fragility,stochastic_normalized_loo_fragility,1111,103,1065,5.416468334035017,1065,180,20,True,T1036 - Defense Evasion: Masquerading,0.0003232085803423,{}
stochastic_normalized_fragility,stochastic_normalized_loo_fragility,1111,104,1075,5.350437832996249,1075,180,20,True,T1036 - Defense Evasion: Masquerading,0.0002416434783287,{}
stochastic_normalized_fragility,stochastic_normalized_loo_fragility,1111,105,1085,4.756698624929413,1085,180,20,True,T1583.005 - Resource Development: Acquire Botnet,0.0003696508884923,{}
stochastic_normalized_fragility,stochastic_normalized_loo_fragility,1111,106,1095,4.969571291934699,1095,180,20,True,T1583.005 - Resource Development: Acquire Botnet,0.0004787857432503,{}
stochastic_normalized_fragility,stochastic_normalized_loo_fragility,1111,107,1105,5.036143540986814,1105,180,20,True,T1583.005 - Resource Development: Acquire Botnet,0.0004365449268832,{}
stochastic_normalized_fragility,stochastic_normalized_loo_fragility,1111,108,1115,4.751391416997649,1115,180,20,True,T1036 - Defense Evasion: Masquerading,0.0005430884831776,{}
stochastic_normalized_fragility,stochastic_normalized_loo_fragility,1111,109,1125,5.028812582953833,1125,180,20,True,T1036 - Defense Evasion: Masquerading,0.0004973502814274,{}
stochastic_normalized_fragility,stochastic_normalized_loo_fragility,1111,110,1135,4.7219301669392735,1135,180,20,True,T1036 - Defense Evasion: Masquerading,0.0002129690211786,{}
stochastic_normalized_fragility,stochastic_normalized_loo_fragility,1111,111,1145,5.259147834032774,1145,180,20,True,T1036 - Defense Evasion: Masquerading,0.0002066702179738,{}
stochastic_normalized_fragility,stochastic_normalized_loo_fragility,1111,112,1155,5.318882041960023,1155,180,20,True,T1036 - Defense Evasion: Masquerading,0.0001630903311823,{}
stochastic_normalized_fragility,stochastic_normalized_loo_fragility,1111,113,1165,5.80419808300212,1165,180,20,True,T1583.005 - Resource Development: Acquire Botnet,0.0001731864009356,{}
stochastic_normalized_fragility,stochastic_normalized_loo_fragility,1111,114,1175,5.036919667036273,1175,180,20,True,T1583.005 - Resource Development: Acquire Botnet,0.0001559277430959,{}
stochastic_normalized_fragility,stochastic_normalized_loo_fragility,1111,115,1185,5.148924082983285,1185,180,20,True,TA0011 - Command-and-Control,0.0002432573429594,{}
stochastic_normalized_fragility,stochastic_normalized_loo_fragility,1111,116,1195,5.393685666960664,1195,180,20,True,TA0011 - Command-and-Control,0.0002708598149248,{}
stochastic_normalized_fragility,stochastic_normalized_loo_fragility,1111,117,1205,6.328241290990263,1205,180,20,True,T1036 - Defense Evasion: Masquerading,0.0002644153978035,{}
stochastic_normalized_fragility,stochastic_normalized_loo_fragility,1111,118,1215,5.5758133749477565,1215,180,20,True,T1036 - Defense Evasion: Masquerading,0.0002704157240833,{}
stochastic_normalized_fragility,stochastic_normalized_loo_fragility,1111,119,1225,6.650731375091709,1225,180,20,True,T1583.005 - Resource Development: Acquire Botnet,0.000270544438648,{}
stochastic_normalized_fragility,stochastic_normalized_loo_fragility,1111,120,1235,6.031831666012295,1235,180,20,True,T1036 - Defense Evasion: Masquerading,0.0001841866123049,{}
stochastic_normalized_fragility,stochastic_normalized_loo_fragility,1111,121,1245,6.093551458092406,1245,180,20,True,T1036 - Defense Evasion: Masquerading,0.0002397480666419,{}
stochastic_normalized_fragility,stochastic_normalized_loo_fragility,1111,122,1255,5.278688459075056,1255,180,20,True,T1036 - Defense Evasion: Masquerading,0.0001601499514507,{}
stochastic_normalized_fragility,stochastic_normalized_loo_fragility,1111,123,1265,5.337774749961682,1265,180,20,True,T1036 - Defense Evasion: Masquerading,0.0001817558566215,{}
stochastic_normalized_fragility,stochastic_normalized_loo_fragility,1111,124,1275,5.6517495000734925,1275,180,20,True,T1036 - Defense Evasion: Masquerading,0.000209252866546,{}
stochastic_normalized_fragility,stochastic_normalized_loo_fragility,1111,125,1285,5.895085625001229,1285,180,20,True,T1498.002 - Impact: Reflection/Amplification Attack,0.0002883109807238,{}
stochastic_normalized_fragility,stochastic_normalized_loo_fragility,1111,126,1295,5.776213125092909,1295,180,20,True,T1498.002 - Impact: Reflection/Amplification Attack,0.0002403542603559,{}
stochastic_normalized_fragility,stochastic_normalized_loo_fragility,1111,127,1305,5.222410082933493,1305,180,20,True,T1498.002 - Impact: Reflection/Amplification Attack,0.0001837150031584,{}
stochastic_normalized_fragility,stochastic_normalized_loo_fragility,1111,128,1315,5.380313582951203,1315,180,20,True,T1583.005 - Resource Development: Acquire Botnet,0.0002014599813399,{}
stochastic_normalized_fragility,stochastic_normalized_loo_fragility,1111,129,1325,11.612244582967833,1325,180,20,True,T1583.005 - Resource Development: Acquire Botnet,0.0002257437486021,{}
stochastic_normalized_fragility,stochastic_normalized_loo_fragility,1111,130,1335,14.479119666968472,1335,180,20,True,T1498.002 - Impact: Reflection/Amplification Attack,0.0002716737526142,{}
stochastic_normalized_fragility,stochastic_normalized_loo_fragility,1111,131,1345,6.114181707962416,1345,180,20,True,T1036 - Defense Evasion: Masquerading,0.0002458503301351,{}
stochastic_normalized_fragility,stochastic_normalized_loo_fragility,1111,132,1355,6.879008000018075,1355,180,20,True,T1036 - Defense Evasion: Masquerading,0.0004665833680716,{}
stochastic_normalized_fragility,stochastic_normalized_loo_fragility,1111,133,1365,6.536380667006597,1365,180,20,True,T1036 - Defense Evasion: Masquerading,0.0008217776310212,{}
stochastic_normalized_fragility,stochastic_normalized_loo_fragility,1111,134,1375,4.6635802909731865,1375,180,20,True,T1590 - Reconnaissance: Gather Victim Network Information,0.0003642182427652,{}
stochastic_normalized_fragility,stochastic_normalized_loo_fragility,1111,135,1385,4.893544082995504,1385,180,20,True,T1036 - Defense Evasion: Masquerading,0.0003332609600291,{}
stochastic_normalized_fragility,stochastic_normalized_loo_fragility,1111,136,1395,4.5132052910048515,1395,180,20,True,T1036 - Defense Evasion: Masquerading,0.0003120939091808,{}
stochastic_normalized_fragility,stochastic_normalized_loo_fragility,1111,137,1405,4.585582084022462,1405,180,20,True,TA0011 - Command-and-Control,0.0002490760877247,{}
stochastic_normalized_fragility,stochastic_normalized_loo_fragility,1111,138,1415,7.475453792023472,1415,180,20,True,T1036 - Defense Evasion: Masquerading,0.0001541756126289,{}
stochastic_normalized_fragility,stochastic_normalized_loo_fragility,1111,139,1425,10.009445166913792,1425,180,20,True,T1595 - Reconnaissance: Active Scanning,0.0002005384548507,{}
stochastic_normalized_fragility,stochastic_normalized_loo_fragility,1111,140,1435,7.773065582965501,1435,180,20,True,T1036 - Defense Evasion: Masquerading,0.0002545346618586,{}
stochastic_normalized_fragility,stochastic_normalized_loo_fragility,1111,141,1445,6.679466999950819,1445,180,20,True,T1036 - Defense Evasion: Masquerading,0.0003706888932507,{}
stochastic_normalized_fragility,stochastic_normalized_loo_fragility,1111,142,1455,8.125220124959014,1455,180,20,True,T1036 - Defense Evasion: Masquerading,0.0005301312731644,{}
stochastic_normalized_fragility,stochastic_normalized_loo_fragility,1111,143,1465,7.446088249911554,1465,180,20,True,T1036 - Defense Evasion: Masquerading,0.00042575498141,{}
stochastic_normalized_fragility,stochastic_normalized_loo_fragility,1111,144,1475,6.569771165959537,1475,180,20,True,T1036 - Defense Evasion: Masquerading,0.0002054048406109,{}
stochastic_normalized_fragility,stochastic_normalized_loo_fragility,1111,145,1485,6.401131834019907,1485,180,20,True,T1583.005 - Resource Development: Acquire Botnet,0.0002462259141644,{}
stochastic_normalized_fragility,stochastic_normalized_loo_fragility,1111,146,1495,6.049299834063277,1495,180,20,True,T1036 - Defense Evasion: Masquerading,0.0001876464706564,{}
stochastic_normalized_fragility,stochastic_normalized_loo_fragility,1111,147,1505,6.867722250055522,1505,180,20,True,T1036 - Defense Evasion: Masquerading,0.0002448634785224,{}
stochastic_normalized_fragility,stochastic_normalized_loo_fragility,1111,148,1515,6.544715165975504,1515,180,20,True,T1036 - Defense Evasion: Masquerading,0.0002717658484604,{}
stochastic_normalized_fragility,stochastic_normalized_loo_fragility,1111,149,1525,6.817264584009536,1525,180,20,True,TA0011 - Command-and-Control,0.000214273509209,{}
stochastic_normalized_fragility,stochastic_normalized_loo_fragility,1111,150,1535,6.346058333059773,1535,180,20,True,T1583.005 - Resource Development: Acquire Botnet,0.0001992431970849,{}
stochastic_normalized_fragility,stochastic_normalized_loo_fragility,1111,151,1545,6.580128915957175,1545,180,20,True,T1036 - Defense Evasion: Masquerading,0.0001526369923412,{}
stochastic_normalized_fragility,stochastic_normalized_loo_fragility,1111,152,1555,6.976308749988675,1555,180,20,True,T1583.005 - Resource Development: Acquire Botnet,0.0002033868987627,{}
stochastic_normalized_fragility,stochastic_normalized_loo_fragility,1111,153,1565,6.921279291971587,1565,180,20,True,T1595 - Reconnaissance: Active Scanning,0.0002073425707684,{}
stochastic_normalized_fragility,stochastic_normalized_loo_fragility,1111,154,1575,6.902771332999691,1575,180,20,True,T1036 - Defense Evasion: Masquerading,0.0001704545181996,{}
stochastic_normalized_fragility,stochastic_normalized_loo_fragility,1111,155,1585,6.796594958053902,1585,180,20,True,T1036 - Defense Evasion: Masquerading,0.000252646738333,{}
stochastic_normalized_fragility,stochastic_normalized_loo_fragility,1111,156,1595,7.532087208004668,1595,180,20,True,T1583.005 - Resource Development: Acquire Botnet,0.0002510211444835,{}
stochastic_normalized_fragility,stochastic_normalized_loo_fragility,1111,157,1605,7.479632125003263,1605,180,20,True,TA0011 - Command-and-Control,0.0004071503830023,{}
stochastic_normalized_fragility,stochastic_normalized_loo_fragility,1111,158,1615,7.195465208031237,1615,180,20,True,T1584.005 - Resource Development: Build/Compromise Botnet,0.0003515631398398,{}
stochastic_normalized_fragility,stochastic_normalized_loo_fragility,1111,159,1625,7.113019458949566,1625,180,20,True,TA0011 - Command-and-Control,0.0002974673143365,{}
stochastic_normalized_fragility,stochastic_normalized_loo_fragility,1111,160,1635,7.258136416901834,1635,180,20,True,TA0011 - Command-and-Control,0.0004106420305213,{}
stochastic_normalized_fragility,stochastic_normalized_loo_fragility,1111,161,1645,6.791169458068907,1645,180,20,True,T1036 - Defense Evasion: Masquerading,0.0003840978740034,{}
stochastic_normalized_fragility,stochastic_normalized_loo_fragility,1111,162,1655,8.034675666014664,1655,180,20,True,T1595 - Reconnaissance: Active Scanning,0.0003315337166893,{}
stochastic_normalized_fragility,stochastic_normalized_loo_fragility,1111,163,1665,7.437501500011422,1665,180,20,True,T1036 - Defense Evasion: Masquerading,0.0002140388478868,{}
stochastic_normalized_fragility,stochastic_normalized_loo_fragility,1111,164,1675,7.377572917030193,1675,180,20,True,T1036 - Defense Evasion: Masquerading,0.000215906073944,{}
stochastic_normalized_fragility,stochastic_normalized_loo_fragility,1111,165,1685,7.316954666981474,1685,180,20,True,T1036 - Defense Evasion: Masquerading,0.0002049482597801,{}
stochastic_normalized_fragility,stochastic_normalized_loo_fragility,1111,166,1695,7.300314957974479,1695,180,20,True,TA0011 - Command-and-Control,0.0001712840097329,{}
stochastic_normalized_fragility,stochastic_normalized_loo_fragility,1111,167,1705,7.980735124903731,1705,180,20,True,T1590 - Reconnaissance: Gather Victim Network Information,0.000186106957506,{}
stochastic_normalized_fragility,stochastic_normalized_loo_fragility,1111,168,1715,7.304918041918427,1715,180,20,True,T1036 - Defense Evasion: Masquerading,0.0002317243022694,{}
stochastic_normalized_fragility,stochastic_normalized_loo_fragility,1111,169,1725,8.153039833065122,1725,180,20,True,T1036 - Defense Evasion: Masquerading,0.0003734474578812,{}
stochastic_normalized_fragility,stochastic_normalized_loo_fragility,1111,170,1735,7.811356832971796,1735,180,20,True,T1583.005 - Resource Development: Acquire Botnet,0.0003318013340923,{}
stochastic_normalized_fragility,stochastic_normalized_loo_fragility,1111,171,1745,8.11613808304537,1745,180,20,True,T1036 - Defense Evasion: Masquerading,0.0002009423845956,{}
stochastic_normalized_fragility,stochastic_normalized_loo_fragility,1111,172,1755,7.529898707987741,1755,180,20,True,T1583.005 - Resource Development: Acquire Botnet,0.0001758208484943,{}
stochastic_normalized_fragility,stochastic_normalized_loo_fragility,1111,173,1765,7.600566125009209,1765,180,20,True,T1584.005 - Resource Development: Build/Compromise Botnet,0.00031279949547,{}
stochastic_normalized_fragility,stochastic_normalized_loo_fragility,1111,174,1775,7.4676305000903085,1775,180,20,True,T1590 - Reconnaissance: Gather Victim Network Information,0.0002542082139937,{}
stochastic_normalized_fragility,stochastic_normalized_loo_fragility,1111,175,1785,7.636457666056231,1785,180,20,True,T1583.005 - Resource Development: Acquire Botnet,0.0002480376108582,{}
stochastic_normalized_fragility,stochastic_normalized_loo_fragility,1111,176,1795,8.245560292038135,1795,180,20,True,T1590 - Reconnaissance: Gather Victim Network Information,0.0002603056561362,{}
stochastic_normalized_fragility,stochastic_normalized_loo_fragility,1212,1,45,0.9505543749546632,45,45,20,False,T1584.005 - Resource Development: Build/Compromise Botnet,0.0006964787888646,{}
stochastic_normalized_fragility,stochastic_normalized_loo_fragility,1212,2,55,0.9487829169956968,55,55,20,False,T1584.005 - Resource Development: Build/Compromise Botnet,0.0008589381743536,{}
stochastic_normalized_fragility,stochastic_normalized_loo_fragility,1212,3,65,1.3114422500366345,65,65,20,False,T1036 - Defense Evasion: Masquerading,0.0003381243279765,{}
stochastic_normalized_fragility,stochastic_normalized_loo_fragility,1212,4,75,1.2812772920588031,75,75,20,False,T1498.001 - Impact: Direct Network Flood,0.0003232015444224,{}
stochastic_normalized_fragility,stochastic_normalized_loo_fragility,1212,5,85,1.4937577090458944,85,85,20,False,T1583.005 - Resource Development: Acquire Botnet,0.0002563093683019,{}
stochastic_normalized_fragility,stochastic_normalized_loo_fragility,1212,6,95,1.8664401669520885,95,95,20,False,T1583.005 - Resource Development: Acquire Botnet,0.0002450085264082,{}
stochastic_normalized_fragility,stochastic_normalized_loo_fragility,1212,7,105,1.740524165914394,105,105,20,False,T1583.005 - Resource Development: Acquire Botnet,0.0002811739896975,{}
stochastic_normalized_fragility,stochastic_normalized_loo_fragility,1212,8,115,2.2798262500436977,115,115,20,False,T1036 - Defense Evasion: Masquerading,0.00021814274606,{}
stochastic_normalized_fragility,stochastic_normalized_loo_fragility,1212,9,125,2.1231011250056326,125,125,20,False,T1583.005 - Resource Development: Acquire Botnet,0.0002627342790468,{}
stochastic_normalized_fragility,stochastic_normalized_loo_fragility,1212,10,135,2.5504244579933584,135,133,20,True,T1583.005 - Resource Development: Acquire Botnet,0.0002567756157082,{}
stochastic_normalized_fragility,stochastic_normalized_loo_fragility,1212,11,145,2.444961625034921,145,141,20,True,T1583.005 - Resource Development: Acquire Botnet,0.0002633202757812,{}
stochastic_normalized_fragility,stochastic_normalized_loo_fragility,1212,12,155,2.7539790000300854,155,148,20,True,T1583.005 - Resource Development: Acquire Botnet,0.0002496402354669,{}
stochastic_normalized_fragility,stochastic_normalized_loo_fragility,1212,13,165,3.380826334003359,165,157,20,True,TA0011 - Command-and-Control,0.0002565558834919,{}
stochastic_normalized_fragility,stochastic_normalized_loo_fragility,1212,14,175,3.672442000010051,175,163,20,True,TA0011 - Command-and-Control,0.0002416652805903,{}
stochastic_normalized_fragility,stochastic_normalized_loo_fragility,1212,15,185,2.9182519579771906,185,166,20,True,TA0011 - Command-and-Control,0.0002906807992708,{}
stochastic_normalized_fragility,stochastic_normalized_loo_fragility,1212,16,195,3.0295622079866007,195,169,20,True,T1583.005 - Resource Development: Acquire Botnet,0.0002624846259827,{}
stochastic_normalized_fragility,stochastic_normalized_loo_fragility,1212,17,205,3.2411582079948857,205,173,20,True,TA0011 - Command-and-Control,0.0002401132658626,{}
stochastic_normalized_fragility,stochastic_normalized_loo_fragility,1212,18,215,3.2535580000840127,215,178,20,True,T1036 - Defense Evasion: Masquerading,0.0003482726467657,{}
stochastic_normalized_fragility,stochastic_normalized_loo_fragility,1212,19,225,3.334608708973974,225,179,20,True,TA0011 - Command-and-Control,0.0003522108239503,{}
stochastic_normalized_fragility,stochastic_normalized_loo_fragility,1212,20,235,3.7740266249747942,235,180,20,True,T1036 - Defense Evasion: Masquerading,0.0002997862212273,{}
stochastic_normalized_fragility,stochastic_normalized_loo_fragility,1212,21,245,3.5376336249755695,245,180,20,True,TA0011 - Command-and-Control,0.0003190241300709,{}
stochastic_normalized_fragility,stochastic_normalized_loo_fragility,1212,22,255,3.6648317920044065,255,180,20,True,T1036 - Defense Evasion: Masquerading,0.000304591394207,{}
stochastic_normalized_fragility,stochastic_normalized_loo_fragility,1212,23,265,3.8944014579756185,265,180,20,True,T1590 - Reconnaissance: Gather Victim Network Information,0.0004313875618024,{}
stochastic_normalized_fragility,stochastic_normalized_loo_fragility,1212,24,275,2.54819954209961,275,180,20,True,T1595 - Reconnaissance: Active Scanning,0.0002162443535487,{}
stochastic_normalized_fragility,stochastic_normalized_loo_fragility,1212,25,285,2.6296023330651224,285,180,20,True,T1583.005 - Resource Development: Acquire Botnet,0.0001986600573648,{}
stochastic_normalized_fragility,stochastic_normalized_loo_fragility,1212,26,295,2.5691623330349103,295,180,20,True,T1583.005 - Resource Development: Acquire Botnet,0.0001868954669952,{}
stochastic_normalized_fragility,stochastic_normalized_loo_fragility,1212,27,305,2.653239500010386,305,180,20,True,T1036 - Defense Evasion: Masquerading,0.0002024577880468,{}
stochastic_normalized_fragility,stochastic_normalized_loo_fragility,1212,28,315,2.5861531250411645,315,180,20,True,T1583.005 - Resource Development: Acquire Botnet,0.0002044314320008,{}
stochastic_normalized_fragility,stochastic_normalized_loo_fragility,1212,29,325,2.6724103750893846,325,180,20,True,T1583.005 - Resource Development: Acquire Botnet,0.000224344407604,{}
stochastic_normalized_fragility,stochastic_normalized_loo_fragility,1212,30,335,4.0459603749914095,335,180,20,True,T1583.005 - Resource Development: Acquire Botnet,0.0002305020362194,{}
stochastic_normalized_fragility,stochastic_normalized_loo_fragility,1212,31,345,3.651398583082482,345,180,20,True,T1583.005 - Resource Development: Acquire Botnet,0.0002190935311063,{}
stochastic_normalized_fragility,stochastic_normalized_loo_fragility,1212,32,355,3.8783610409591343,355,180,20,True,TA0011 - Command-and-Control,0.0002435903039516,{}
stochastic_normalized_fragility,stochastic_normalized_loo_fragility,1212,33,365,3.670970542007126,365,180,20,True,T1036 - Defense Evasion: Masquerading,0.0002743944279105,{}
stochastic_normalized_fragility,stochastic_normalized_loo_fragility,1212,34,375,4.228723833919503,375,180,20,True,T1036 - Defense Evasion: Masquerading,0.0002202483360235,{}
stochastic_normalized_fragility,stochastic_normalized_loo_fragility,1212,35,385,4.703482792014256,385,180,20,True,T1036 - Defense Evasion: Masquerading,0.0003029080645692,{}
stochastic_normalized_fragility,stochastic_normalized_loo_fragility,1212,36,395,4.945726834004745,395,180,20,True,T1036 - Defense Evasion: Masquerading,0.0002583825690627,{}
stochastic_normalized_fragility,stochastic_normalized_loo_fragility,1212,37,405,4.421215292066336,405,180,20,True,T1036 - Defense Evasion: Masquerading,0.000203298895656,{}
stochastic_normalized_fragility,stochastic_normalized_loo_fragility,1212,38,415,4.2759018749929965,415,180,20,True,TA0011 - Command-and-Control,0.000175938575131,{}
stochastic_normalized_fragility,stochastic_normalized_loo_fragility,1212,39,425,4.459195040981285,425,180,20,True,T1036 - Defense Evasion: Masquerading,0.0001853700193777,{}
stochastic_normalized_fragility,stochastic_normalized_loo_fragility,1212,40,435,4.278665916994214,435,180,20,True,TA0011 - Command-and-Control,0.0002628259798697,{}
stochastic_normalized_fragility,stochastic_normalized_loo_fragility,1212,41,445,4.554366125026718,445,180,20,True,T1036 - Defense Evasion: Masquerading,0.0002466918526958,{}
stochastic_normalized_fragility,stochastic_normalized_loo_fragility,1212,42,455,4.983083665953018,455,180,20,True,TA0011 - Command-and-Control,0.0003315128468468,{}
stochastic_normalized_fragility,stochastic_normalized_loo_fragility,1212,43,465,4.446992916986346,465,180,20,True,TA0011 - Command-and-Control,0.0002497464909666,{}
stochastic_normalized_fragility,stochastic_normalized_loo_fragility,1212,44,475,4.278616791940294,475,180,20,True,T1583.005 - Resource Development: Acquire Botnet,0.000210492794791,{}
stochastic_normalized_fragility,stochastic_normalized_loo_fragility,1212,45,485,4.651972500025295,485,180,20,True,T1036 - Defense Evasion: Masquerading,0.0001997169333809,{}
stochastic_normalized_fragility,stochastic_normalized_loo_fragility,1212,46,495,4.4000090840272605,495,180,20,True,T1590 - Reconnaissance: Gather Victim Network Information,0.0002418439875721,{}
stochastic_normalized_fragility,stochastic_normalized_loo_fragility,1212,47,505,7.816822874941863,505,180,20,True,T1036 - Defense Evasion: Masquerading,0.0001826047124603,{}
stochastic_normalized_fragility,stochastic_normalized_loo_fragility,1212,48,515,5.862432790920138,515,180,20,True,T1036 - Defense Evasion: Masquerading,0.0001856027425658,{}
stochastic_normalized_fragility,stochastic_normalized_loo_fragility,1212,49,525,4.748170749982819,525,180,20,True,T1583.005 - Resource Development: Acquire Botnet,0.0002184541252522,{}
stochastic_normalized_fragility,stochastic_normalized_loo_fragility,1212,50,535,4.93913245794829,535,180,20,True,T1583.005 - Resource Development: Acquire Botnet,0.0001831211237281,{}
stochastic_normalized_fragility,stochastic_normalized_loo_fragility,1212,51,545,5.511109167011455,545,180,20,True,TA0011 - Command-and-Control,0.0001601663283371,{}
stochastic_normalized_fragility,stochastic_normalized_loo_fragility,1212,52,555,4.8278688749996945,555,180,20,True,T1583.005 - Resource Development: Acquire Botnet,0.0001544406146492,{}
stochastic_normalized_fragility,stochastic_normalized_loo_fragility,1212,53,565,5.300419082981534,565,180,20,True,T1583.005 - Resource Development: Acquire Botnet,0.0002416229043275,{}
stochastic_normalized_fragility,stochastic_normalized_loo_fragility,1212,54,575,5.085947249899618,575,180,20,True,T1583.005 - Resource Development: Acquire Botnet,0.0002453074424934,{}
stochastic_normalized_fragility,stochastic_normalized_loo_fragility,1212,55,585,6.219856542069465,585,180,20,True,T1583.005 - Resource Development: Acquire Botnet,0.0001709929892425,{}
stochastic_normalized_fragility,stochastic_normalized_loo_fragility,1212,56,595,5.261637582909316,595,180,20,True,TA0011 - Command-and-Control,0.0002488008341217,{}
stochastic_normalized_fragility,stochastic_normalized_loo_fragility,1212,57,605,4.482061791000888,605,180,20,True,T1583.005 - Resource Development: Acquire Botnet,0.0001902233867046,{}
stochastic_normalized_fragility,stochastic_normalized_loo_fragility,1212,58,615,4.532698708004318,615,180,20,True,TA0011 - Command-and-Control,0.0002809714915406,{}
stochastic_normalized_fragility,stochastic_normalized_loo_fragility,1212,59,625,4.618829582934268,625,180,20,True,T1498.001 - Impact: Direct Network Flood,0.0002865573553166,{}
stochastic_normalized_fragility,stochastic_normalized_loo_fragility,1212,60,635,4.705756334005855,635,180,20,True,T1036 - Defense Evasion: Masquerading,0.0002205178866801,{}
stochastic_normalized_fragility,stochastic_normalized_loo_fragility,1212,61,645,5.085062708007172,645,180,20,True,T1590 - Reconnaissance: Gather Victim Network Information,0.000248688085168,{}
stochastic_normalized_fragility,stochastic_normalized_loo_fragility,1212,62,655,4.7948723749723285,655,180,20,True,T1583.005 - Resource Development: Acquire Botnet,0.0002087272085579,{}
stochastic_normalized_fragility,stochastic_normalized_loo_fragility,1212,63,665,4.6825594999827445,665,180,20,True,T1590 - Reconnaissance: Gather Victim Network Information,0.0002112940676084,{}
stochastic_normalized_fragility,stochastic_normalized_loo_fragility,1212,64,675,4.422667916980572,675,180,20,True,T1590 - Reconnaissance: Gather Victim Network Information,0.0002531037509544,{}
stochastic_normalized_fragility,stochastic_normalized_loo_fragility,1212,65,685,4.6588735420955345,685,180,20,True,T1583.005 - Resource Development: Acquire Botnet,0.0002112563649585,{}
stochastic_normalized_fragility,stochastic_normalized_loo_fragility,1212,66,695,4.660878708935343,695,180,20,True,TA0011 - Command-and-Control,0.0002618758793402,{}
stochastic_normalized_fragility,stochastic_normalized_loo_fragility,1212,67,705,4.570949917077087,705,180,20,True,TA0011 - Command-and-Control,0.0002760311890642,{}
stochastic_normalized_fragility,stochastic_normalized_loo_fragility,1212,68,715,4.592016458977014,715,180,20,True,TA0011 - Command-and-Control,0.000212748058205,{}
stochastic_normalized_fragility,stochastic_normalized_loo_fragility,1212,69,725,5.1274925420293584,725,180,20,True,T1583.005 - Resource Development: Acquire Botnet,0.0001921859651571,{}
stochastic_normalized_fragility,stochastic_normalized_loo_fragility,1212,70,735,4.899090499966405,735,180,20,True,T1036 - Defense Evasion: Masquerading,0.0002850137797872,{}
stochastic_normalized_fragility,stochastic_normalized_loo_fragility,1212,71,745,5.335438959067687,745,180,20,True,T1583.005 - Resource Development: Acquire Botnet,0.0003056595525305,{}
stochastic_normalized_fragility,stochastic_normalized_loo_fragility,1212,72,755,4.8235947919311,755,180,20,True,T1036 - Defense Evasion: Masquerading,0.0003386751284476,{}
stochastic_normalized_fragility,stochastic_normalized_loo_fragility,1212,73,765,4.88353587500751,765,180,20,True,T1036 - Defense Evasion: Masquerading,0.0002983984876091,{}
stochastic_normalized_fragility,stochastic_normalized_loo_fragility,1212,74,775,4.788030792027712,775,180,20,True,T1590 - Reconnaissance: Gather Victim Network Information,0.0003473603839212,{}
stochastic_normalized_fragility,stochastic_normalized_loo_fragility,1212,75,785,4.634946207981557,785,180,20,True,T1590 - Reconnaissance: Gather Victim Network Information,0.0003019325091199,{}
stochastic_normalized_fragility,stochastic_normalized_loo_fragility,1212,76,795,5.002512999926694,795,180,20,True,T1583.005 - Resource Development: Acquire Botnet,0.0002942722672578,{}
stochastic_normalized_fragility,stochastic_normalized_loo_fragility,1212,77,805,5.264098542043939,805,180,20,True,T1583.005 - Resource Development: Acquire Botnet,0.0002079576463773,{}
stochastic_normalized_fragility,stochastic_normalized_loo_fragility,1212,78,815,4.91766237502452,815,180,20,True,T1583.005 - Resource Development: Acquire Botnet,0.0002395391603446,{}
stochastic_normalized_fragility,stochastic_normalized_loo_fragility,1212,79,825,4.9097252920037135,825,180,20,True,T1583.005 - Resource Development: Acquire Botnet,0.0002168278811177,{}
stochastic_normalized_fragility,stochastic_normalized_loo_fragility,1212,80,835,5.033485542051494,835,180,20,True,T1583.005 - Resource Development: Acquire Botnet,0.0001833163805813,{}
stochastic_normalized_fragility,stochastic_normalized_loo_fragility,1212,81,845,5.082319915993139,845,180,20,True,T1590 - Reconnaissance: Gather Victim Network Information,0.0002200465759567,{}
stochastic_normalized_fragility,stochastic_normalized_loo_fragility,1212,82,855,4.741192834102549,855,180,20,True,T1583.005 - Resource Development: Acquire Botnet,0.0002189597623264,{}
stochastic_normalized_fragility,stochastic_normalized_loo_fragility,1212,83,865,5.251228459062986,865,180,20,True,TA0011 - Command-and-Control,0.000293288252921,{}
stochastic_normalized_fragility,stochastic_normalized_loo_fragility,1212,84,875,5.2988165830029175,875,180,20,True,TA0011 - Command-and-Control,0.0003144066301525,{}
stochastic_normalized_fragility,stochastic_normalized_loo_fragility,1212,85,885,5.486721416935325,885,180,20,True,T1036 - Defense Evasion: Masquerading,0.0002503589918132,{}
stochastic_normalized_fragility,stochastic_normalized_loo_fragility,1212,86,895,4.510589333018288,895,180,20,True,T1036 - Defense Evasion: Masquerading,0.0003238422744318,{}
stochastic_normalized_fragility,stochastic_normalized_loo_fragility,1212,87,905,4.818362916004844,905,180,20,True,T1036 - Defense Evasion: Masquerading,0.0002130186605527,{}
stochastic_normalized_fragility,stochastic_normalized_loo_fragility,1212,88,915,5.153547166031785,915,180,20,True,T1583.005 - Resource Development: Acquire Botnet,0.0003123276325606,{}
stochastic_normalized_fragility,stochastic_normalized_loo_fragility,1212,89,925,5.074274290935136,925,180,20,True,T1036 - Defense Evasion: Masquerading,0.0003466498758554,{}
stochastic_normalized_fragility,stochastic_normalized_loo_fragility,1212,90,935,5.392114959075116,935,180,20,True,T1036 - Defense Evasion: Masquerading,0.0002830811110117,{}
stochastic_normalized_fragility,stochastic_normalized_loo_fragility,1212,91,945,5.069564625038765,945,180,20,True,T1036 - Defense Evasion: Masquerading,0.0002466576512175,{}
stochastic_normalized_fragility,stochastic_normalized_loo_fragility,1212,92,955,5.160211665905081,955,180,20,True,T1036 - Defense Evasion: Masquerading,0.0003526927847711,{}
stochastic_normalized_fragility,stochastic_normalized_loo_fragility,1212,93,965,5.363009582972154,965,180,20,True,T1583.005 - Resource Development: Acquire Botnet,0.0001962897343946,{}
stochastic_normalized_fragility,stochastic_normalized_loo_fragility,1212,94,975,5.003925499971956,975,180,20,True,T1036 - Defense Evasion: Masquerading,0.0001927342050138,{}
stochastic_normalized_fragility,stochastic_normalized_loo_fragility,1212,95,985,5.1356399999931455,985,180,20,True,T1583.005 - Resource Development: Acquire Botnet,0.0001835203398899,{}
stochastic_normalized_fragility,stochastic_normalized_loo_fragility,1212,96,995,5.057834042003378,995,180,20,True,T1583.005 - Resource Development: Acquire Botnet,0.0002347676230215,{}
stochastic_normalized_fragility,stochastic_normalized_loo_fragility,1212,97,1005,5.522175082936883,1005,180,20,True,T1595 - Reconnaissance: Active Scanning,0.0004113396745069,{}
stochastic_normalized_fragility,stochastic_normalized_loo_fragility,1212,98,1015,5.118211040971801,1015,180,20,True,T1036 - Defense Evasion: Masquerading,0.0002753881271754,{}
stochastic_normalized_fragility,stochastic_normalized_loo_fragility,1212,99,1025,5.070286583038978,1025,180,20,True,T1036 - Defense Evasion: Masquerading,0.0003495698599923,{}
stochastic_normalized_fragility,stochastic_normalized_loo_fragility,1212,100,1035,5.726750207948498,1035,180,20,True,T1498.002 - Impact: Reflection/Amplification Attack,0.0002381874322678,{}
stochastic_normalized_fragility,stochastic_normalized_loo_fragility,1212,101,1045,5.131813750020228,1045,180,20,True,T1595 - Reconnaissance: Active Scanning,0.0002319364118049,{}
stochastic_normalized_fragility,stochastic_normalized_loo_fragility,1212,102,1055,5.357107165968046,1055,180,20,True,T1583.005 - Resource Development: Acquire Botnet,0.0001668017694954,{}
stochastic_normalized_fragility,stochastic_normalized_loo_fragility,1212,103,1065,5.218092207913287,1065,180,20,True,T1036 - Defense Evasion: Masquerading,0.0003146790131685,{}
stochastic_normalized_fragility,stochastic_normalized_loo_fragility,1212,104,1075,4.68844362499658,1075,180,20,True,T1583.005 - Resource Development: Acquire Botnet,0.0003146065990926,{}
stochastic_normalized_fragility,stochastic_normalized_loo_fragility,1212,105,1085,5.513149834005162,1085,180,20,True,T1583.005 - Resource Development: Acquire Botnet,0.0003312626372672,{}
stochastic_normalized_fragility,stochastic_normalized_loo_fragility,1212,106,1095,5.229627209017053,1095,180,20,True,T1036 - Defense Evasion: Masquerading,0.0001870939401083,{}
stochastic_normalized_fragility,stochastic_normalized_loo_fragility,1212,107,1105,5.1881294581107795,1105,180,20,True,T1583.005 - Resource Development: Acquire Botnet,0.0001551862745541,{}
stochastic_normalized_fragility,stochastic_normalized_loo_fragility,1212,108,1115,5.210950084030628,1115,180,20,True,T1583.005 - Resource Development: Acquire Botnet,0.0001751272941734,{}
stochastic_normalized_fragility,stochastic_normalized_loo_fragility,1212,109,1125,5.467517665936612,1125,180,20,True,T1583.005 - Resource Development: Acquire Botnet,0.0002759804819811,{}
stochastic_normalized_fragility,stochastic_normalized_loo_fragility,1212,110,1135,5.3017907090252265,1135,180,20,True,T1036 - Defense Evasion: Masquerading,0.0002321246715771,{}
stochastic_normalized_fragility,stochastic_normalized_loo_fragility,1212,111,1145,5.702183832996525,1145,180,20,True,TA0011 - Command-and-Control,0.0002812182391674,{}
stochastic_normalized_fragility,stochastic_normalized_loo_fragility,1212,112,1155,5.372889708029106,1155,180,20,True,T1584.005 - Resource Development: Build/Compromise Botnet,0.0003249284397952,{}
stochastic_normalized_fragility,stochastic_normalized_loo_fragility,1212,113,1165,5.707223999896087,1165,180,20,True,T1584.005 - Resource Development: Build/Compromise Botnet,0.0003229176432928,{}
stochastic_normalized_fragility,stochastic_normalized_loo_fragility,1212,114,1175,4.984813750023022,1175,180,20,True,T1036 - Defense Evasion: Masquerading,0.0002469394912957,{}
stochastic_normalized_fragility,stochastic_normalized_loo_fragility,1212,115,1185,5.970682707964443,1185,180,20,True,T1036 - Defense Evasion: Masquerading,0.000345758428679,{}
stochastic_normalized_fragility,stochastic_normalized_loo_fragility,1212,116,1195,5.7424020828912035,1195,180,20,True,T1583.005 - Resource Development: Acquire Botnet,0.0002346805127623,{}
stochastic_normalized_fragility,stochastic_normalized_loo_fragility,1212,117,1205,6.652479749987833,1205,180,20,True,T1583.005 - Resource Development: Acquire Botnet,0.0002471406566746,{}
stochastic_normalized_fragility,stochastic_normalized_loo_fragility,1212,118,1215,5.909626999986358,1215,180,20,True,T1583.005 - Resource Development: Acquire Botnet,0.0002279118237098,{}
stochastic_normalized_fragility,stochastic_normalized_loo_fragility,1212,119,1225,6.259383791941218,1225,180,20,True,T1590 - Reconnaissance: Gather Victim Network Information,0.0003680574791726,{}
stochastic_normalized_fragility,stochastic_normalized_loo_fragility,1212,120,1235,5.520598000031896,1235,180,20,True,TA0011 - Command-and-Control,0.0004586541180012,{}
stochastic_normalized_fragility,stochastic_normalized_loo_fragility,1212,121,1245,5.336331208003685,1245,180,20,True,T1590 - Reconnaissance: Gather Victim Network Information,0.0005127555408163,{}
stochastic_normalized_fragility,stochastic_normalized_loo_fragility,1212,122,1255,5.407957624993287,1255,180,20,True,T1590 - Reconnaissance: Gather Victim Network Information,0.0003308736071061,{}
stochastic_normalized_fragility,stochastic_normalized_loo_fragility,1212,123,1265,5.689882084028795,1265,180,20,True,T1036 - Defense Evasion: Masquerading,0.0002918441127654,{}
stochastic_normalized_fragility,stochastic_normalized_loo_fragility,1212,124,1275,5.4367398750036955,1275,180,20,True,TA0011 - Command-and-Control,0.0002723656630265,{}
stochastic_normalized_fragility,stochastic_normalized_loo_fragility,1212,125,1285,5.493397292098962,1285,180,20,True,T1590 - Reconnaissance: Gather Victim Network Information,0.0003645838563015,{}
stochastic_normalized_fragility,stochastic_normalized_loo_fragility,1212,126,1295,5.689186375006102,1295,180,20,True,T1036 - Defense Evasion: Masquerading,0.0002948387707215,{}
stochastic_normalized_fragility,stochastic_normalized_loo_fragility,1212,127,1305,11.358109374996276,1305,180,20,True,T1036 - Defense Evasion: Masquerading,0.0003528802531185,{}
stochastic_normalized_fragility,stochastic_normalized_loo_fragility,1212,128,1315,15.445721499971114,1315,180,20,True,T1036 - Defense Evasion: Masquerading,0.0002579761789171,{}
stochastic_normalized_fragility,stochastic_normalized_loo_fragility,1212,129,1325,6.170854332973249,1325,180,20,True,T1036 - Defense Evasion: Masquerading,0.000322363075384,{}
stochastic_normalized_fragility,stochastic_normalized_loo_fragility,1212,130,1335,6.945675791008398,1335,180,20,True,T1590 - Reconnaissance: Gather Victim Network Information,0.0002252931561045,{}
stochastic_normalized_fragility,stochastic_normalized_loo_fragility,1212,131,1345,7.059139666962437,1345,180,20,True,T1036 - Defense Evasion: Masquerading,0.0002241582821801,{}
stochastic_normalized_fragility,stochastic_normalized_loo_fragility,1212,132,1355,4.632381125004031,1355,180,20,True,T1036 - Defense Evasion: Masquerading,0.0002068170311045,{}
stochastic_normalized_fragility,stochastic_normalized_loo_fragility,1212,133,1365,4.726499499985948,1365,180,20,True,T1036 - Defense Evasion: Masquerading,0.000194077910497,{}
stochastic_normalized_fragility,stochastic_normalized_loo_fragility,1212,134,1375,5.070730082923546,1375,180,20,True,T1583.005 - Resource Development: Acquire Botnet,0.0002289580532716,{}
stochastic_normalized_fragility,stochastic_normalized_loo_fragility,1212,135,1385,4.335768999997526,1385,180,20,True,T1498.001 - Impact: Direct Network Flood,0.0001592728185472,{}
stochastic_normalized_fragility,stochastic_normalized_loo_fragility,1212,136,1395,7.985680375015363,1395,180,20,True,T1498.001 - Impact: Direct Network Flood,0.0001653190782208,{}
stochastic_normalized_fragility,stochastic_normalized_loo_fragility,1212,137,1405,10.68606562493369,1405,180,20,True,T1583.005 - Resource Development: Acquire Botnet,0.0002421856497651,{}
stochastic_normalized_fragility,stochastic_normalized_loo_fragility,1212,138,1415,7.812772542005405,1415,180,20,True,T1590 - Reconnaissance: Gather Victim Network Information,0.0002770470019307,{}
stochastic_normalized_fragility,stochastic_normalized_loo_fragility,1212,139,1425,7.2554230419918895,1425,180,20,True,T1036 - Defense Evasion: Masquerading,0.0002368937959769,{}
stochastic_normalized_fragility,stochastic_normalized_loo_fragility,1212,140,1435,7.271781333023682,1435,180,20,True,T1036 - Defense Evasion: Masquerading,0.0002498436026327,{}
stochastic_normalized_fragility,stochastic_normalized_loo_fragility,1212,141,1445,6.9302633330225945,1445,180,20,True,TA0011 - Command-and-Control,0.0003632568954116,{}
stochastic_normalized_fragility,stochastic_normalized_loo_fragility,1212,142,1455,6.449299417086877,1455,180,20,True,T1036 - Defense Evasion: Masquerading,0.000449922207777,{}
stochastic_normalized_fragility,stochastic_normalized_loo_fragility,1212,143,1465,6.160963749978691,1465,180,20,True,T1036 - Defense Evasion: Masquerading,0.0002460590129831,{}
stochastic_normalized_fragility,stochastic_normalized_loo_fragility,1212,144,1475,6.529328041011468,1475,180,20,True,T1036 - Defense Evasion: Masquerading,0.0002202419956251,{}
stochastic_normalized_fragility,stochastic_normalized_loo_fragility,1212,145,1485,7.093913041986525,1485,180,20,True,T1036 - Defense Evasion: Masquerading,0.0003585949167956,{}
stochastic_normalized_fragility,stochastic_normalized_loo_fragility,1212,146,1495,6.784625874948688,1495,180,20,True,T1036 - Defense Evasion: Masquerading,0.0004875372414232,{}
stochastic_normalized_fragility,stochastic_normalized_loo_fragility,1212,147,1505,6.601894749910571,1505,180,20,True,T1583.005 - Resource Development: Acquire Botnet,0.0002540173171245,{}
stochastic_normalized_fragility,stochastic_normalized_loo_fragility,1212,148,1515,7.026747416937724,1515,180,20,True,T1036 - Defense Evasion: Masquerading,0.0002547782952973,{}
stochastic_normalized_fragility,stochastic_normalized_loo_fragility,1212,149,1525,6.649962625000626,1525,180,20,True,T1498.001 - Impact: Direct Network Flood,0.0002386582764282,{}
stochastic_normalized_fragility,stochastic_normalized_loo_fragility,1212,150,1535,7.439055583905429,1535,180,20,True,T1036 - Defense Evasion: Masquerading,0.0002678874342107,{}
stochastic_normalized_fragility,stochastic_normalized_loo_fragility,1212,151,1545,6.950200541992672,1545,180,20,True,T1583.005 - Resource Development: Acquire Botnet,0.0002544818828327,{}
stochastic_normalized_fragility,stochastic_normalized_loo_fragility,1212,152,1555,6.832411415991373,1555,180,20,True,T1036 - Defense Evasion: Masquerading,0.0003225141268629,{}
stochastic_normalized_fragility,stochastic_normalized_loo_fragility,1212,153,1565,6.833325500017963,1565,180,20,True,T1498.002 - Impact: Reflection/Amplification Attack,0.000415404729902,{}
stochastic_normalized_fragility,stochastic_normalized_loo_fragility,1212,154,1575,7.704868708038703,1575,180,20,True,T1571 - Defense Evasion: Non-Standard Port,0.0004908980637328,{}
stochastic_normalized_fragility,stochastic_normalized_loo_fragility,1212,155,1585,7.84290712501388,1585,180,20,True,TA0011 - Command-and-Control,0.0003376420706942,{}
stochastic_normalized_fragility,stochastic_normalized_loo_fragility,1212,156,1595,6.989621042041108,1595,180,20,True,T1036 - Defense Evasion: Masquerading,0.0002070300241054,{}
stochastic_normalized_fragility,stochastic_normalized_loo_fragility,1212,157,1605,7.1586952089564875,1605,180,20,True,T1036 - Defense Evasion: Masquerading,0.0002140840878313,{}
stochastic_normalized_fragility,stochastic_normalized_loo_fragility,1212,158,1615,7.080872834078036,1615,180,20,True,T1595 - Reconnaissance: Active Scanning,0.0002769195180096,{}
stochastic_normalized_fragility,stochastic_normalized_loo_fragility,1212,159,1625,7.445536500075832,1625,180,20,True,T1595 - Reconnaissance: Active Scanning,0.0002912776427362,{}
stochastic_normalized_fragility,stochastic_normalized_loo_fragility,1212,160,1635,7.894740708055906,1635,180,20,True,T1595 - Reconnaissance: Active Scanning,0.0002057687085037,{}
stochastic_normalized_fragility,stochastic_normalized_loo_fragility,1212,161,1645,7.603585125063546,1645,180,20,True,T1036 - Defense Evasion: Masquerading,0.0001773620804988,{}
stochastic_normalized_fragility,stochastic_normalized_loo_fragility,1212,162,1655,7.260020041954704,1655,180,20,True,TA0011 - Command-and-Control,0.0002196536396924,{}
stochastic_normalized_fragility,stochastic_normalized_loo_fragility,1212,163,1665,7.42287233308889,1665,180,20,True,T1036 - Defense Evasion: Masquerading,0.0002986311357607,{}
stochastic_normalized_fragility,stochastic_normalized_loo_fragility,1212,164,1675,7.901928084087558,1675,180,20,True,T1036 - Defense Evasion: Masquerading,0.0002592835604597,{}
stochastic_normalized_fragility,stochastic_normalized_loo_fragility,1212,165,1685,7.690568499965593,1685,180,20,True,T1036 - Defense Evasion: Masquerading,0.0002159550191089,{}
stochastic_normalized_fragility,stochastic_normalized_loo_fragility,1212,166,1695,7.498053458053619,1695,180,20,True,T1571 - Defense Evasion: Non-Standard Port,0.0003594559039767,{}
stochastic_normalized_fragility,stochastic_normalized_loo_fragility,1212,167,1705,8.240750333061442,1705,180,20,True,T1036 - Defense Evasion: Masquerading,0.0001829518628728,{}
stochastic_normalized_fragility,stochastic_normalized_loo_fragility,1212,168,1715,7.859038708964363,1715,180,20,True,T1036 - Defense Evasion: Masquerading,0.0002184410217512,{}
stochastic_normalized_fragility,stochastic_normalized_loo_fragility,1212,169,1725,8.259973000036553,1725,180,20,True,TA0011 - Command-and-Control,0.0002509252836141,{}
stochastic_normalized_fragility,stochastic_normalized_loo_fragility,1212,170,1735,7.5111661669798195,1735,180,20,True,TA0011 - Command-and-Control,0.0002982771958387,{}
stochastic_normalized_fragility,stochastic_normalized_loo_fragility,1212,171,1745,7.730924417031929,1745,180,20,True,T1036 - Defense Evasion: Masquerading,0.0002857492302228,{}
stochastic_normalized_fragility,stochastic_normalized_loo_fragility,1212,172,1755,7.594023082987405,1755,180,20,True,T1036 - Defense Evasion: Masquerading,0.0003127616641617,{}
stochastic_normalized_fragility,stochastic_normalized_loo_fragility,1212,173,1765,8.17752875003498,1765,180,20,True,T1583.005 - Resource Development: Acquire Botnet,0.0002684220706426,{}
stochastic_normalized_fragility,stochastic_normalized_loo_fragility,1212,174,1775,8.024025249993429,1775,180,20,True,T1036 - Defense Evasion: Masquerading,0.0004251881958323,{}
stochastic_normalized_fragility,stochastic_normalized_loo_fragility,1212,175,1785,7.609560041921213,1785,180,20,True,T1036 - Defense Evasion: Masquerading,0.0003082653198649,{}
stochastic_normalized_fragility,stochastic_normalized_loo_fragility,1212,176,1795,7.516315042041242,1795,180,20,True,T1036 - Defense Evasion: Masquerading,0.0003513830704691,{}
stochastic_normalized_fragility,stochastic_normalized_loo_fragility,1313,1,45,0.7722040000371635,45,45,20,False,T1584.005 - Resource Development: Build/Compromise Botnet,0.0006370038149393,{}
stochastic_normalized_fragility,stochastic_normalized_loo_fragility,1313,2,55,0.8046583330724388,55,55,20,False,TA0011 - Command-and-Control,0.0006143640628892,{}
stochastic_normalized_fragility,stochastic_normalized_loo_fragility,1313,3,65,1.1593774589709938,65,65,20,False,T1590 - Reconnaissance: Gather Victim Network Information,0.0005313872898905,{}
stochastic_normalized_fragility,stochastic_normalized_loo_fragility,1313,4,75,1.317936082952656,75,75,20,False,T1590 - Reconnaissance: Gather Victim Network Information,0.0004984079672704,{}
stochastic_normalized_fragility,stochastic_normalized_loo_fragility,1313,5,85,1.425648916978389,85,85,20,False,TA0011 - Command-and-Control,0.0005657221567112,{}
stochastic_normalized_fragility,stochastic_normalized_loo_fragility,1313,6,95,1.8092516660690308,95,95,20,False,T1583.005 - Resource Development: Acquire Botnet,0.0004194564731026,{}
stochastic_normalized_fragility,stochastic_normalized_loo_fragility,1313,7,105,1.94772399996873,105,105,20,False,T1583.005 - Resource Development: Acquire Botnet,0.0004152250018023,{}
stochastic_normalized_fragility,stochastic_normalized_loo_fragility,1313,8,115,2.0913866669870913,115,115,20,False,T1583.005 - Resource Development: Acquire Botnet,0.0002157896782861,{}
stochastic_normalized_fragility,stochastic_normalized_loo_fragility,1313,9,125,2.122201499994844,125,125,20,False,T1583.005 - Resource Development: Acquire Botnet,0.0002924922774264,{}
stochastic_normalized_fragility,stochastic_normalized_loo_fragility,1313,10,135,2.5956993750296533,135,135,20,False,T1583.005 - Resource Development: Acquire Botnet,0.000250308862881,{}
stochastic_normalized_fragility,stochastic_normalized_loo_fragility,1313,11,145,2.353777040960267,145,144,20,True,T1583.005 - Resource Development: Acquire Botnet,0.0002833786823836,{}
stochastic_normalized_fragility,stochastic_normalized_loo_fragility,1313,12,155,2.5182987499283627,155,151,20,True,T1583.005 - Resource Development: Acquire Botnet,0.0002120078756604,{}
stochastic_normalized_fragility,stochastic_normalized_loo_fragility,1313,13,165,3.365832000039518,165,156,20,True,T1583.005 - Resource Development: Acquire Botnet,0.0001888285744869,{}
stochastic_normalized_fragility,stochastic_normalized_loo_fragility,1313,14,175,3.551845791982487,175,161,20,True,T1583.005 - Resource Development: Acquire Botnet,0.0001947339534797,{}
stochastic_normalized_fragility,stochastic_normalized_loo_fragility,1313,15,185,3.2082131250062957,185,163,20,True,T1595 - Reconnaissance: Active Scanning,0.0001840769573972,{}
stochastic_normalized_fragility,stochastic_normalized_loo_fragility,1313,16,195,3.0319705409929156,195,166,20,True,T1036 - Defense Evasion: Masquerading,0.0001718308637467,{}
stochastic_normalized_fragility,stochastic_normalized_loo_fragility,1313,17,205,2.7581542080733925,205,167,20,True,T1036 - Defense Evasion: Masquerading,0.0001742738263707,{}
stochastic_normalized_fragility,stochastic_normalized_loo_fragility,1313,18,215,3.2281713330885395,215,171,20,True,T1498.001 - Impact: Direct Network Flood,0.0001846960211629,{}
stochastic_normalized_fragility,stochastic_normalized_loo_fragility,1313,19,225,2.934517874964513,225,175,20,True,T1036 - Defense Evasion: Masquerading,0.0002046345569663,{}
stochastic_normalized_fragility,stochastic_normalized_loo_fragility,1313,20,235,3.8593266250099982,235,177,20,True,T1036 - Defense Evasion: Masquerading,0.0002818663015176,{}
stochastic_normalized_fragility,stochastic_normalized_loo_fragility,1313,21,245,3.337243500049226,245,179,20,True,T1583.005 - Resource Development: Acquire Botnet,0.0002323967072013,{}
stochastic_normalized_fragility,stochastic_normalized_loo_fragility,1313,22,255,3.5015098749427125,255,180,20,True,T1036 - Defense Evasion: Masquerading,0.0002037524191091,{}
stochastic_normalized_fragility,stochastic_normalized_loo_fragility,1313,23,265,3.591910749906674,265,180,20,True,T1583.005 - Resource Development: Acquire Botnet,0.0002354244962996,{}
stochastic_normalized_fragility,stochastic_normalized_loo_fragility,1313,24,275,3.235468416940421,275,180,20,True,TA0011 - Command-and-Control,0.0003089547524646,{}
stochastic_normalized_fragility,stochastic_normalized_loo_fragility,1313,25,285,2.502593166078441,285,180,20,True,T1036 - Defense Evasion: Masquerading,0.0003061112653313,{}
stochastic_normalized_fragility,stochastic_normalized_loo_fragility,1313,26,295,2.522446332965046,295,180,20,True,TA0011 - Command-and-Control,0.0002184979291182,{}
stochastic_normalized_fragility,stochastic_normalized_loo_fragility,1313,27,305,2.576295416918583,305,180,20,True,TA0011 - Command-and-Control,0.0002314568456368,{}
stochastic_normalized_fragility,stochastic_normalized_loo_fragility,1313,28,315,2.5527273749466985,315,180,20,True,T1036 - Defense Evasion: Masquerading,0.000248517293353,{}
stochastic_normalized_fragility,stochastic_normalized_loo_fragility,1313,29,325,2.5563902920112014,325,180,20,True,TA0011 - Command-and-Control,0.0002918793849924,{}
stochastic_normalized_fragility,stochastic_normalized_loo_fragility,1313,30,335,3.0766136250458658,335,180,20,True,T1036 - Defense Evasion: Masquerading,0.000262220990639,{}
stochastic_normalized_fragility,stochastic_normalized_loo_fragility,1313,31,345,3.718543291906826,345,180,20,True,T1036 - Defense Evasion: Masquerading,0.000319621983868,{}
stochastic_normalized_fragility,stochastic_normalized_loo_fragility,1313,32,355,3.891383124981075,355,180,20,True,T1036 - Defense Evasion: Masquerading,0.0003514269788582,{}
stochastic_normalized_fragility,stochastic_normalized_loo_fragility,1313,33,365,4.096850458998233,365,180,20,True,TA0011 - Command-and-Control,0.0004091121003387,{}
stochastic_normalized_fragility,stochastic_normalized_loo_fragility,1313,34,375,3.718637792044319,375,180,20,True,T1036 - Defense Evasion: Masquerading,0.0004775292246742,{}
stochastic_normalized_fragility,stochastic_normalized_loo_fragility,1313,35,385,5.171312750084326,385,180,20,True,T1036 - Defense Evasion: Masquerading,0.0004014945331372,{}
stochastic_normalized_fragility,stochastic_normalized_loo_fragility,1313,36,395,4.93509995797649,395,180,20,True,T1571 - Defense Evasion: Non-Standard Port,0.0002883428102265,{}
stochastic_normalized_fragility,stochastic_normalized_loo_fragility,1313,37,405,4.587365832994692,405,180,20,True,T1036 - Defense Evasion: Masquerading,0.0002866892312233,{}
stochastic_normalized_fragility,stochastic_normalized_loo_fragility,1313,38,415,4.398593124933541,415,180,20,True,T1590 - Reconnaissance: Gather Victim Network Information,0.0002343104937906,{}
stochastic_normalized_fragility,stochastic_normalized_loo_fragility,1313,39,425,4.483210665988736,425,180,20,True,TA0011 - Command-and-Control,0.0003751798405861,{}
stochastic_normalized_fragility,stochastic_normalized_loo_fragility,1313,40,435,4.3850045000435784,435,180,20,True,T1583.005 - Resource Development: Acquire Botnet,0.0002276572093438,{}
stochastic_normalized_fragility,stochastic_normalized_loo_fragility,1313,41,445,4.343231209088117,445,180,20,True,T1036 - Defense Evasion: Masquerading,0.0001952416309198,{}
stochastic_normalized_fragility,stochastic_normalized_loo_fragility,1313,42,455,5.424617458018474,455,180,20,True,T1571 - Defense Evasion: Non-Standard Port,0.0001796447804586,{}
stochastic_normalized_fragility,stochastic_normalized_loo_fragility,1313,43,465,4.51064866699744,465,180,20,True,T1583.005 - Resource Development: Acquire Botnet,0.0002758505099334,{}
stochastic_normalized_fragility,stochastic_normalized_loo_fragility,1313,44,475,4.565024624927901,475,180,20,True,T1036 - Defense Evasion: Masquerading,0.0002145652557528,{}
stochastic_normalized_fragility,stochastic_normalized_loo_fragility,1313,45,485,4.559024624992162,485,180,20,True,T1036 - Defense Evasion: Masquerading,0.0002870355256693,{}
stochastic_normalized_fragility,stochastic_normalized_loo_fragility,1313,46,495,4.5726438330020756,495,180,20,True,T1036 - Defense Evasion: Masquerading,0.0001693792386126,{}
stochastic_normalized_fragility,stochastic_normalized_loo_fragility,1313,47,505,7.305252042016946,505,180,20,True,T1583.005 - Resource Development: Acquire Botnet,0.0003675533755861,{}
stochastic_normalized_fragility,stochastic_normalized_loo_fragility,1313,48,515,5.571469916030765,515,180,20,True,T1590 - Reconnaissance: Gather Victim Network Information,0.0003069106037756,{}
stochastic_normalized_fragility,stochastic_normalized_loo_fragility,1313,49,525,5.398095750017092,525,180,20,True,TA0011 - Command-and-Control,0.0004904211131311,{}
stochastic_normalized_fragility,stochastic_normalized_loo_fragility,1313,50,535,4.8715862079989165,535,180,20,True,TA0011 - Command-and-Control,0.0004306089252404,{}
stochastic_normalized_fragility,stochastic_normalized_loo_fragility,1313,51,545,5.471700416994281,545,180,20,True,T1595 - Reconnaissance: Active Scanning,0.000549988269942,{}
stochastic_normalized_fragility,stochastic_normalized_loo_fragility,1313,52,555,4.979634333052672,555,180,20,True,T1583.005 - Resource Development: Acquire Botnet,0.0002353037069917,{}
stochastic_normalized_fragility,stochastic_normalized_loo_fragility,1313,53,565,5.020582375000231,565,180,20,True,T1036 - Defense Evasion: Masquerading,0.0001760024207285,{}
stochastic_normalized_fragility,stochastic_normalized_loo_fragility,1313,54,575,5.0986634999280795,575,180,20,True,T1036 - Defense Evasion: Masquerading,0.0002581402638077,{}
stochastic_normalized_fragility,stochastic_normalized_loo_fragility,1313,55,585,5.326748250052333,585,180,20,True,TA0011 - Command-and-Control,0.0002552321532201,{}
stochastic_normalized_fragility,stochastic_normalized_loo_fragility,1313,56,595,5.800162874977104,595,180,20,True,T1583.005 - Resource Development: Acquire Botnet,0.0002835570780025,{}
stochastic_normalized_fragility,stochastic_normalized_loo_fragility,1313,57,605,4.734490416944027,605,180,20,True,T1036 - Defense Evasion: Masquerading,0.0002673680668909,{}
stochastic_normalized_fragility,stochastic_normalized_loo_fragility,1313,58,615,4.957643750007264,615,180,20,True,T1590 - Reconnaissance: Gather Victim Network Information,0.0003880506746656,{}
stochastic_normalized_fragility,stochastic_normalized_loo_fragility,1313,59,625,4.431682333000936,625,180,20,True,T1595 - Reconnaissance: Active Scanning,0.0002013058812405,{}
stochastic_normalized_fragility,stochastic_normalized_loo_fragility,1313,60,635,4.754669125075452,635,180,20,True,T1036 - Defense Evasion: Masquerading,0.0001799397769622,{}
stochastic_normalized_fragility,stochastic_normalized_loo_fragility,1313,61,645,4.873621208011173,645,180,20,True,T1036 - Defense Evasion: Masquerading,0.0002153804255808,{}
stochastic_normalized_fragility,stochastic_normalized_loo_fragility,1313,62,655,4.365414791041985,655,180,20,True,T1036 - Defense Evasion: Masquerading,0.0002429534800834,{}
stochastic_normalized_fragility,stochastic_normalized_loo_fragility,1313,63,665,4.748182000010274,665,180,20,True,T1583.005 - Resource Development: Acquire Botnet,0.000252643879617,{}
stochastic_normalized_fragility,stochastic_normalized_loo_fragility,1313,64,675,4.555926667060703,675,180,20,True,T1583.005 - Resource Development: Acquire Botnet,0.0002371394742299,{}
stochastic_normalized_fragility,stochastic_normalized_loo_fragility,1313,65,685,4.935508124995977,685,180,20,True,T1583.005 - Resource Development: Acquire Botnet,0.0002201952200572,{}
stochastic_normalized_fragility,stochastic_normalized_loo_fragility,1313,66,695,4.868772207992151,695,180,20,True,T1583.005 - Resource Development: Acquire Botnet,0.0001582273210629,{}
stochastic_normalized_fragility,stochastic_normalized_loo_fragility,1313,67,705,4.914982041926123,705,180,20,True,T1583.005 - Resource Development: Acquire Botnet,0.0002212713375748,{}
stochastic_normalized_fragility,stochastic_normalized_loo_fragility,1313,68,715,4.58963462500833,715,180,20,True,T1583.005 - Resource Development: Acquire Botnet,0.0002278321406426,{}
stochastic_normalized_fragility,stochastic_normalized_loo_fragility,1313,69,725,4.54229462496005,725,180,20,True,T1583.005 - Resource Development: Acquire Botnet,0.0002718017029102,{}
stochastic_normalized_fragility,stochastic_normalized_loo_fragility,1313,70,735,5.190730249974877,735,180,20,True,T1583.005 - Resource Development: Acquire Botnet,0.0002594301005226,{}
stochastic_normalized_fragility,stochastic_normalized_loo_fragility,1313,71,745,5.6490608339663595,745,180,20,True,T1036 - Defense Evasion: Masquerading,0.0005402807738643,{}
stochastic_normalized_fragility,stochastic_normalized_loo_fragility,1313,72,755,4.732210583053529,755,180,20,True,T1590 - Reconnaissance: Gather Victim Network Information,0.0004813025012885,{}
stochastic_normalized_fragility,stochastic_normalized_loo_fragility,1313,73,765,4.9023944169748574,765,180,20,True,T1583.005 - Resource Development: Acquire Botnet,0.000431607419111,{}
stochastic_normalized_fragility,stochastic_normalized_loo_fragility,1313,74,775,4.687271665898152,775,180,20,True,T1036 - Defense Evasion: Masquerading,0.0002672161883586,{}
stochastic_normalized_fragility,stochastic_normalized_loo_fragility,1313,75,785,4.61602691700682,785,180,20,True,T1036 - Defense Evasion: Masquerading,0.0002990326760882,{}
stochastic_normalized_fragility,stochastic_normalized_loo_fragility,1313,76,795,4.660862916964106,795,180,20,True,TA0011 - Command-and-Control,0.0002524008169796,{}
stochastic_normalized_fragility,stochastic_normalized_loo_fragility,1313,77,805,5.22236775001511,805,180,20,True,T1036 - Defense Evasion: Masquerading,0.0001972223480185,{}
stochastic_normalized_fragility,stochastic_normalized_loo_fragility,1313,78,815,5.025059333071113,815,180,20,True,T1036 - Defense Evasion: Masquerading,0.0001585911595735,{}
stochastic_normalized_fragility,stochastic_normalized_loo_fragility,1313,79,825,4.935586791951209,825,180,20,True,T1036 - Defense Evasion: Masquerading,0.0001628191842935,{}
stochastic_normalized_fragility,stochastic_normalized_loo_fragility,1313,80,835,4.965445957961492,835,180,20,True,T1036 - Defense Evasion: Masquerading,0.0001805784292831,{}
stochastic_normalized_fragility,stochastic_normalized_loo_fragility,1313,81,845,4.6522656249580905,845,180,20,True,T1036 - Defense Evasion: Masquerading,0.0001763537343088,{}
stochastic_normalized_fragility,stochastic_normalized_loo_fragility,1313,82,855,4.7800350420875475,855,180,20,True,T1036 - Defense Evasion: Masquerading,0.0002361890964462,{}
stochastic_normalized_fragility,stochastic_normalized_loo_fragility,1313,83,865,4.706734083942138,865,180,20,True,T1036 - Defense Evasion: Masquerading,0.0002412252240398,{}
stochastic_normalized_fragility,stochastic_normalized_loo_fragility,1313,84,875,5.274173000012524,875,180,20,True,T1036 - Defense Evasion: Masquerading,0.0002531343734948,{}
stochastic_normalized_fragility,stochastic_normalized_loo_fragility,1313,85,885,4.771264499984682,885,180,20,True,T1583.005 - Resource Development: Acquire Botnet,0.0002199163309389,{}
stochastic_normalized_fragility,stochastic_normalized_loo_fragility,1313,86,895,5.436387458001263,895,180,20,True,T1583.005 - Resource Development: Acquire Botnet,0.0001920220965707,{}
stochastic_normalized_fragility,stochastic_normalized_loo_fragility,1313,87,905,4.615534040960483,905,180,20,True,T1583.005 - Resource Development: Acquire Botnet,0.0002586914907417,{}
stochastic_normalized_fragility,stochastic_normalized_loo_fragility,1313,88,915,5.179247958003543,915,180,20,True,T1583.005 - Resource Development: Acquire Botnet,0.0004761537914352,{}
stochastic_normalized_fragility,stochastic_normalized_loo_fragility,1313,89,925,4.971736292005517,925,180,20,True,T1036 - Defense Evasion: Masquerading,0.0002178885158947,{}
stochastic_normalized_fragility,stochastic_normalized_loo_fragility,1313,90,935,4.934973165974952,935,180,20,True,T1590 - Reconnaissance: Gather Victim Network Information,0.0003483562024705,{}
stochastic_normalized_fragility,stochastic_normalized_loo_fragility,1313,91,945,5.660089707933366,945,180,20,True,T1590 - Reconnaissance: Gather Victim Network Information,0.0003425223140709,{}
stochastic_normalized_fragility,stochastic_normalized_loo_fragility,1313,92,955,4.967473875032738,955,180,20,True,TA0011 - Command-and-Control,0.0002448743458659,{}
stochastic_normalized_fragility,stochastic_normalized_loo_fragility,1313,93,965,5.046512375003658,965,180,20,True,T1036 - Defense Evasion: Masquerading,0.0002097294596733,{}
stochastic_normalized_fragility,stochastic_normalized_loo_fragility,1313,94,975,5.3449072079965845,975,180,20,True,T1036 - Defense Evasion: Masquerading,0.0002833539715834,{}
stochastic_normalized_fragility,stochastic_normalized_loo_fragility,1313,95,985,5.372384083108045,985,180,20,True,T1036 - Defense Evasion: Masquerading,0.0003739367389639,{}
stochastic_normalized_fragility,stochastic_normalized_loo_fragility,1313,96,995,5.081356707960367,995,180,20,True,TA0011 - Command-and-Control,0.0003951979915031,{}
stochastic_normalized_fragility,stochastic_normalized_loo_fragility,1313,97,1005,5.864135957905091,1005,180,20,True,TA0011 - Command-and-Control,0.0005735732008568,{}
stochastic_normalized_fragility,stochastic_normalized_loo_fragility,1313,98,1015,5.201919125043787,1015,180,20,True,TA0011 - Command-and-Control,0.0004817599831429,{}
stochastic_normalized_fragility,stochastic_normalized_loo_fragility,1313,99,1025,5.053211124963127,1025,180,20,True,TA0011 - Command-and-Control,0.0005359842809629,{}
stochastic_normalized_fragility,stochastic_normalized_loo_fragility,1313,100,1035,5.72484220797196,1035,180,20,True,T1036 - Defense Evasion: Masquerading,0.0002527423729817,{}
stochastic_normalized_fragility,stochastic_normalized_loo_fragility,1313,101,1045,5.075592125067487,1045,180,20,True,T1036 - Defense Evasion: Masquerading,0.0004806312237797,{}
stochastic_normalized_fragility,stochastic_normalized_loo_fragility,1313,102,1055,5.111245000036433,1055,180,20,True,T1036 - Defense Evasion: Masquerading,0.0001859450841862,{}
stochastic_normalized_fragility,stochastic_normalized_loo_fragility,1313,103,1065,5.057235834072344,1065,180,20,True,T1583.005 - Resource Development: Acquire Botnet,0.0002107382395237,{}
stochastic_normalized_fragility,stochastic_normalized_loo_fragility,1313,104,1075,4.86004270799458,1075,180,20,True,T1595 - Reconnaissance: Active Scanning,0.0002050821367898,{}
stochastic_normalized_fragility,stochastic_normalized_loo_fragility,1313,105,1085,4.970766625017859,1085,180,20,True,T1590 - Reconnaissance: Gather Victim Network Information,0.0002197265798785,{}
stochastic_normalized_fragility,stochastic_normalized_loo_fragility,1313,106,1095,5.551385584054515,1095,180,20,True,T1583.005 - Resource Development: Acquire Botnet,0.0002549226925364,{}
stochastic_normalized_fragility,stochastic_normalized_loo_fragility,1313,107,1105,5.170525624998845,1105,180,20,True,T1583.005 - Resource Development: Acquire Botnet,0.0002912269681575,{}
stochastic_normalized_fragility,stochastic_normalized_loo_fragility,1313,108,1115,5.04676966695115,1115,180,20,True,TA0011 - Command-and-Control,0.0002733352748321,{}
stochastic_normalized_fragility,stochastic_normalized_loo_fragility,1313,109,1125,4.870086000068113,1125,180,20,True,T1036 - Defense Evasion: Masquerading,0.000518216752667,{}
stochastic_normalized_fragility,stochastic_normalized_loo_fragility,1313,110,1135,5.5285260420059785,1135,180,20,True,T1036 - Defense Evasion: Masquerading,0.0003092524486706,{}
stochastic_normalized_fragility,stochastic_normalized_loo_fragility,1313,111,1145,5.568848124938086,1145,180,20,True,T1036 - Defense Evasion: Masquerading,0.0003900021343262,{}
stochastic_normalized_fragility,stochastic_normalized_loo_fragility,1313,112,1155,5.320344040985219,1155,180,20,True,T1583.005 - Resource Development: Acquire Botnet,0.000307044929004,{}
stochastic_normalized_fragility,stochastic_normalized_loo_fragility,1313,113,1165,5.3009038339369,1165,180,20,True,T1036 - Defense Evasion: Masquerading,0.000210394777465,{}
stochastic_normalized_fragility,stochastic_normalized_loo_fragility,1313,114,1175,5.5654236659174785,1175,180,20,True,T1036 - Defense Evasion: Masquerading,0.0002266181296397,{}
stochastic_normalized_fragility,stochastic_normalized_loo_fragility,1313,115,1185,5.2794563750503585,1185,180,20,True,T1583.005 - Resource Development: Acquire Botnet,0.0002380680494607,{}
stochastic_normalized_fragility,stochastic_normalized_loo_fragility,1313,116,1195,6.120062250061892,1195,180,20,True,T1590 - Reconnaissance: Gather Victim Network Information,0.0002429074867132,{}
stochastic_normalized_fragility,stochastic_normalized_loo_fragility,1313,117,1205,5.958021166967228,1205,180,20,True,T1590 - Reconnaissance: Gather Victim Network Information,0.0002127463002427,{}
stochastic_normalized_fragility,stochastic_normalized_loo_fragility,1313,118,1215,6.381395792006515,1215,180,20,True,T1036 - Defense Evasion: Masquerading,0.000236808643559,{}
stochastic_normalized_fragility,stochastic_normalized_loo_fragility,1313,119,1225,6.140816291910596,1225,180,20,True,TA0011 - Command-and-Control,0.0002394755602215,{}
stochastic_normalized_fragility,stochastic_normalized_loo_fragility,1313,120,1235,5.813769166939892,1235,180,20,True,T1036 - Defense Evasion: Masquerading,0.000327971829047,{}
stochastic_normalized_fragility,stochastic_normalized_loo_fragility,1313,121,1245,5.739276957930997,1245,180,20,True,T1036 - Defense Evasion: Masquerading,0.0002853663236876,{}
stochastic_normalized_fragility,stochastic_normalized_loo_fragility,1313,122,1255,5.609151166980155,1255,180,20,True,T1036 - Defense Evasion: Masquerading,0.0002529465250027,{}
stochastic_normalized_fragility,stochastic_normalized_loo_fragility,1313,123,1265,5.757586834020913,1265,180,20,True,T1036 - Defense Evasion: Masquerading,0.0001868576604321,{}
stochastic_normalized_fragility,stochastic_normalized_loo_fragility,1313,124,1275,5.723540124949068,1275,180,20,True,T1036 - Defense Evasion: Masquerading,0.000340333906494,{}
stochastic_normalized_fragility,stochastic_normalized_loo_fragility,1313,125,1285,5.285094166058116,1285,180,20,True,T1583.005 - Resource Development: Acquire Botnet,0.000321273928844,{}
stochastic_normalized_fragility,stochastic_normalized_loo_fragility,1313,126,1295,5.656918416032568,1295,180,20,True,T1583.005 - Resource Development: Acquire Botnet,0.0003281636671291,{}
stochastic_normalized_fragility,stochastic_normalized_loo_fragility,1313,127,1305,5.551522750058211,1305,180,20,True,T1036 - Defense Evasion: Masquerading,0.0002717023055345,{}
stochastic_normalized_fragility,stochastic_normalized_loo_fragility,1313,128,1315,18.09337424999103,1315,180,20,True,T1036 - Defense Evasion: Masquerading,0.0002482062045163,{}
stochastic_normalized_fragility,stochastic_normalized_loo_fragility,1313,129,1325,8.54907741700299,1325,180,20,True,T1590 - Reconnaissance: Gather Victim Network Information,0.000408734001053,{}
stochastic_normalized_fragility,stochastic_normalized_loo_fragility,1313,130,1335,6.777434042072855,1335,180,20,True,T1036 - Defense Evasion: Masquerading,0.0001741234199887,{}
stochastic_normalized_fragility,stochastic_normalized_loo_fragility,1313,131,1345,5.915013708989136,1345,180,20,True,T1036 - Defense Evasion: Masquerading,0.0001813599931744,{}
stochastic_normalized_fragility,stochastic_normalized_loo_fragility,1313,132,1355,6.505046708043665,1355,180,20,True,T1583.005 - Resource Development: Acquire Botnet,0.0002872852729944,{}
stochastic_normalized_fragility,stochastic_normalized_loo_fragility,1313,133,1365,4.078543332987465,1365,180,20,True,TA0011 - Command-and-Control,0.0002604264031285,{}
stochastic_normalized_fragility,stochastic_normalized_loo_fragility,1313,134,1375,4.76937341701705,1375,180,20,True,T1036 - Defense Evasion: Masquerading,0.0002789075277815,{}
stochastic_normalized_fragility,stochastic_normalized_loo_fragility,1313,135,1385,5.365832667099312,1385,180,20,True,T1036 - Defense Evasion: Masquerading,0.0004044670251935,{}
stochastic_normalized_fragility,stochastic_normalized_loo_fragility,1313,136,1395,4.265329249901697,1395,180,20,True,T1036 - Defense Evasion: Masquerading,0.0003448142176735,{}
stochastic_normalized_fragility,stochastic_normalized_loo_fragility,1313,137,1405,12.610613042023031,1405,180,20,True,T1036 - Defense Evasion: Masquerading,0.0002058052860531,{}
stochastic_normalized_fragility,stochastic_normalized_loo_fragility,1313,138,1415,7.08656812494155,1415,180,20,True,T1583.005 - Resource Development: Acquire Botnet,0.0001641820495321,{}
stochastic_normalized_fragility,stochastic_normalized_loo_fragility,1313,139,1425,7.734956124913879,1425,180,20,True,T1036 - Defense Evasion: Masquerading,0.0002377958793877,{}
stochastic_normalized_fragility,stochastic_normalized_loo_fragility,1313,140,1435,7.870795542025007,1435,180,20,True,T1583.005 - Resource Development: Acquire Botnet,0.0002495189300053,{}
stochastic_normalized_fragility,stochastic_normalized_loo_fragility,1313,141,1445,7.510439999983646,1445,180,20,True,T1595 - Reconnaissance: Active Scanning,0.0002581032751409,{}
stochastic_normalized_fragility,stochastic_normalized_loo_fragility,1313,142,1455,6.657851124997251,1455,180,20,True,T1036 - Defense Evasion: Masquerading,0.0003196618009597,{}
stochastic_normalized_fragility,stochastic_normalized_loo_fragility,1313,143,1465,6.4252247920958325,1465,180,20,True,T1036 - Defense Evasion: Masquerading,0.0004078602496049,{}
stochastic_normalized_fragility,stochastic_normalized_loo_fragility,1313,144,1475,6.376581834047101,1475,180,20,True,T1036 - Defense Evasion: Masquerading,0.0005805195116654,{}
stochastic_normalized_fragility,stochastic_normalized_loo_fragility,1313,145,1485,6.96363175008446,1485,180,20,True,T1590 - Reconnaissance: Gather Victim Network Information,0.0002810248389282,{}
stochastic_normalized_fragility,stochastic_normalized_loo_fragility,1313,146,1495,6.583928541047499,1495,180,20,True,T1036 - Defense Evasion: Masquerading,0.0002356136788903,{}
stochastic_normalized_fragility,stochastic_normalized_loo_fragility,1313,147,1505,6.566154208034277,1505,180,20,True,T1590 - Reconnaissance: Gather Victim Network Information,0.000272550956456,{}
stochastic_normalized_fragility,stochastic_normalized_loo_fragility,1313,148,1515,6.551990125095472,1515,180,20,True,T1036 - Defense Evasion: Masquerading,0.0002070198724055,{}
stochastic_normalized_fragility,stochastic_normalized_loo_fragility,1313,149,1525,6.551610124995932,1525,180,20,True,T1036 - Defense Evasion: Masquerading,0.0001499053897933,{}
stochastic_normalized_fragility,stochastic_normalized_loo_fragility,1313,150,1535,6.753526207990944,1535,180,20,True,T1583.005 - Resource Development: Acquire Botnet,0.0003034730560709,{}
stochastic_normalized_fragility,stochastic_normalized_loo_fragility,1313,151,1545,7.434425542014651,1545,180,20,True,T1583.005 - Resource Development: Acquire Botnet,0.0003509383105648,{}
stochastic_normalized_fragility,stochastic_normalized_loo_fragility,1313,152,1555,7.232372917002067,1555,180,20,True,T1583.005 - Resource Development: Acquire Botnet,0.0002100922427215,{}
stochastic_normalized_fragility,stochastic_normalized_loo_fragility,1313,153,1565,6.8976204169448465,1565,180,20,True,T1583.005 - Resource Development: Acquire Botnet,0.000205240002872,{}
stochastic_normalized_fragility,stochastic_normalized_loo_fragility,1313,154,1575,7.438007583026774,1575,180,20,True,T1583.005 - Resource Development: Acquire Botnet,0.0002111705008167,{}
stochastic_normalized_fragility,stochastic_normalized_loo_fragility,1313,155,1585,7.472738999989815,1585,180,20,True,T1583.005 - Resource Development: Acquire Botnet,0.0002383215493162,{}
stochastic_normalized_fragility,stochastic_normalized_loo_fragility,1313,156,1595,7.030749583966099,1595,180,20,True,TA0011 - Command-and-Control,0.0001824442481874,{}
stochastic_normalized_fragility,stochastic_normalized_loo_fragility,1313,157,1605,7.11872770905029,1605,180,20,True,T1036 - Defense Evasion: Masquerading,0.0002564490426948,{}
stochastic_normalized_fragility,stochastic_normalized_loo_fragility,1313,158,1615,7.367599542019889,1615,180,20,True,TA0011 - Command-and-Control,0.0002727487803928,{}
stochastic_normalized_fragility,stochastic_normalized_loo_fragility,1313,159,1625,7.29420412494801,1625,180,20,True,TA0011 - Command-and-Control,0.0002250106841735,{}
stochastic_normalized_fragility,stochastic_normalized_loo_fragility,1313,160,1635,7.640029041096568,1635,180,20,True,T1036 - Defense Evasion: Masquerading,0.000571874586829,{}
stochastic_normalized_fragility,stochastic_normalized_loo_fragility,1313,161,1645,7.423289916943759,1645,180,20,True,T1036 - Defense Evasion: Masquerading,0.0005799491994597,{}
stochastic_normalized_fragility,stochastic_normalized_loo_fragility,1313,162,1655,7.611341041047126,1655,180,20,True,TA0011 - Command-and-Control,0.000337962479534,{}
stochastic_normalized_fragility,stochastic_normalized_loo_fragility,1313,163,1665,7.078824499971233,1665,180,20,True,TA0011 - Command-and-Control,0.0004733475779098,{}
stochastic_normalized_fragility,stochastic_normalized_loo_fragility,1313,164,1675,7.201176207978278,1675,180,20,True,TA0011 - Command-and-Control,0.0005637727552821,{}
stochastic_normalized_fragility,stochastic_normalized_loo_fragility,1313,165,1685,7.995848958031274,1685,180,20,True,T1036 - Defense Evasion: Masquerading,0.00047700488492,{}
stochastic_normalized_fragility,stochastic_normalized_loo_fragility,1313,166,1695,7.058719833032228,1695,180,20,True,TA0011 - Command-and-Control,0.0002150802992777,{}
stochastic_normalized_fragility,stochastic_normalized_loo_fragility,1313,167,1705,7.922225625021383,1705,180,20,True,T1036 - Defense Evasion: Masquerading,0.0001747969993836,{}
stochastic_normalized_fragility,stochastic_normalized_loo_fragility,1313,168,1715,7.649059166898951,1715,180,20,True,T1584.005 - Resource Development: Build/Compromise Botnet,0.000283925807183,{}
stochastic_normalized_fragility,stochastic_normalized_loo_fragility,1313,169,1725,7.360273625003174,1725,180,20,True,T1036 - Defense Evasion: Masquerading,0.0002931987253157,{}
stochastic_normalized_fragility,stochastic_normalized_loo_fragility,1313,170,1735,8.246803209069185,1735,180,20,True,TA0011 - Command-and-Control,0.0004448826012114,{}
stochastic_normalized_fragility,stochastic_normalized_loo_fragility,1313,171,1745,7.972563792020083,1745,180,20,True,T1498.001 - Impact: Direct Network Flood,0.0006812836153837,{}
stochastic_normalized_fragility,stochastic_normalized_loo_fragility,1313,172,1755,7.549249875009991,1755,180,20,True,T1498.002 - Impact: Reflection/Amplification Attack,0.000419296987749,{}
stochastic_normalized_fragility,stochastic_normalized_loo_fragility,1313,173,1765,7.360899041988887,1765,180,20,True,T1036 - Defense Evasion: Masquerading,0.0002703379785966,{}
stochastic_normalized_fragility,stochastic_normalized_loo_fragility,1313,174,1775,8.256633667042479,1775,180,20,True,T1036 - Defense Evasion: Masquerading,0.0002586766831597,{}
stochastic_normalized_fragility,stochastic_normalized_loo_fragility,1313,175,1785,8.110647499910556,1785,180,20,True,T1498.002 - Impact: Reflection/Amplification Attack,0.0002540566019079,{}
stochastic_normalized_fragility,stochastic_normalized_loo_fragility,1313,176,1795,7.386770499986596,1795,180,20,True,TA0011 - Command-and-Control,0.0003851137747837,{}
stochastic_normalized_fragility,stochastic_normalized_loo_fragility,1414,1,45,0.8180477920686826,45,45,20,False,T1584.005 - Resource Development: Build/Compromise Botnet,0.0007093234130034,{}
stochastic_normalized_fragility,stochastic_normalized_loo_fragility,1414,2,55,0.913177250069566,55,55,20,False,T1498.002 - Impact: Reflection/Amplification Attack,0.0007401461283469,{}
stochastic_normalized_fragility,stochastic_normalized_loo_fragility,1414,3,65,1.1833881250349805,65,65,20,False,T1036 - Defense Evasion: Masquerading,0.0004825388347436,{}
stochastic_normalized_fragility,stochastic_normalized_loo_fragility,1414,4,75,1.315133749973029,75,75,20,False,T1583.005 - Resource Development: Acquire Botnet,0.0002460474822956,{}
stochastic_normalized_fragility,stochastic_normalized_loo_fragility,1414,5,85,1.3457492919405922,85,85,20,False,T1583.005 - Resource Development: Acquire Botnet,0.0002138183189159,{}
stochastic_normalized_fragility,stochastic_normalized_loo_fragility,1414,6,95,1.7438952079974115,95,95,20,False,T1583.005 - Resource Development: Acquire Botnet,0.0002070822559218,{}
stochastic_normalized_fragility,stochastic_normalized_loo_fragility,1414,7,105,1.759937125025317,105,105,20,False,T1583.005 - Resource Development: Acquire Botnet,0.0001988169723067,{}
stochastic_normalized_fragility,stochastic_normalized_loo_fragility,1414,8,115,2.176811750046909,115,115,20,False,TA0011 - Command-and-Control,0.0002006007116271,{}
stochastic_normalized_fragility,stochastic_normalized_loo_fragility,1414,9,125,2.1132837920449674,125,125,20,False,T1583.005 - Resource Development: Acquire Botnet,0.0002537151101036,{}
stochastic_normalized_fragility,stochastic_normalized_loo_fragility,1414,10,135,2.3593006250448525,135,135,20,False,T1583.005 - Resource Development: Acquire Botnet,0.0001813676936296,{}
stochastic_normalized_fragility,stochastic_normalized_loo_fragility,1414,11,145,2.6373655420029536,145,144,20,True,T1583.005 - Resource Development: Acquire Botnet,0.0002162139649836,{}
stochastic_normalized_fragility,stochastic_normalized_loo_fragility,1414,12,155,2.604191333986819,155,153,20,True,T1583.005 - Resource Development: Acquire Botnet,0.0001940188292042,{}
stochastic_normalized_fragility,stochastic_normalized_loo_fragility,1414,13,165,3.3718438340583816,165,159,20,True,T1036 - Defense Evasion: Masquerading,0.000185215780359,{}
stochastic_normalized_fragility,stochastic_normalized_loo_fragility,1414,14,175,3.749133249977603,175,164,20,True,T1036 - Defense Evasion: Masquerading,0.000217944089282,{}
stochastic_normalized_fragility,stochastic_normalized_loo_fragility,1414,15,185,2.822639541933313,185,169,20,True,TA0011 - Command-and-Control,0.0002642563833201,{}
stochastic_normalized_fragility,stochastic_normalized_loo_fragility,1414,16,195,3.2661789170233533,195,175,20,True,TA0011 - Command-and-Control,0.0002314189697531,{}
stochastic_normalized_fragility,stochastic_normalized_loo_fragility,1414,17,205,3.21628262498416,205,176,20,True,TA0011 - Command-and-Control,0.0003439587711618,{}
stochastic_normalized_fragility,stochastic_normalized_loo_fragility,1414,18,215,3.3184659170219675,215,177,20,True,T1583.005 - Resource Development: Acquire Botnet,0.0002993383840255,{}
stochastic_normalized_fragility,stochastic_normalized_loo_fragility,1414,19,225,3.32576183299534,225,178,20,True,T1584.005 - Resource Development: Build/Compromise Botnet,0.0002654492995923,{}
stochastic_normalized_fragility,stochastic_normalized_loo_fragility,1414,20,235,3.744601917103864,235,178,20,True,T1036 - Defense Evasion: Masquerading,0.0003245906307014,{}
stochastic_normalized_fragility,stochastic_normalized_loo_fragility,1414,21,245,3.494351541972719,245,179,20,True,T1036 - Defense Evasion: Masquerading,0.0003264060494761,{}
stochastic_normalized_fragility,stochastic_normalized_loo_fragility,1414,22,255,3.485838250024244,255,180,20,True,T1036 - Defense Evasion: Masquerading,0.0002669329501211,{}
stochastic_normalized_fragility,stochastic_normalized_loo_fragility,1414,23,265,3.69279770902358,265,180,20,True,T1583.005 - Resource Development: Acquire Botnet,0.0002078772041076,{}
stochastic_normalized_fragility,stochastic_normalized_loo_fragility,1414,24,275,2.739052167045884,275,180,20,True,TA0011 - Command-and-Control,0.0003456327814272,{}
stochastic_normalized_fragility,stochastic_normalized_loo_fragility,1414,25,285,2.511881540995091,285,180,20,True,TA0011 - Command-and-Control,0.0002012987355899,{}
stochastic_normalized_fragility,stochastic_normalized_loo_fragility,1414,26,295,2.4970363749889657,295,180,20,True,T1583.005 - Resource Development: Acquire Botnet,0.0001764030258388,{}
stochastic_normalized_fragility,stochastic_normalized_loo_fragility,1414,27,305,2.5441959579475224,305,180,20,True,T1036 - Defense Evasion: Masquerading,0.0002701384747685,{}
stochastic_normalized_fragility,stochastic_normalized_loo_fragility,1414,28,315,2.5622962090419605,315,180,20,True,T1583.005 - Resource Development: Acquire Botnet,0.0003502450558758,{}
stochastic_normalized_fragility,stochastic_normalized_loo_fragility,1414,29,325,2.539328166982159,325,180,20,True,T1583.005 - Resource Development: Acquire Botnet,0.0002373023599882,{}
stochastic_normalized_fragility,stochastic_normalized_loo_fragility,1414,30,335,3.5171577910659835,335,180,20,True,T1036 - Defense Evasion: Masquerading,0.0002153012248288,{}
stochastic_normalized_fragility,stochastic_normalized_loo_fragility,1414,31,345,3.736284791957587,345,180,20,True,TA0011 - Command-and-Control,0.0003067264065126,{}
stochastic_normalized_fragility,stochastic_normalized_loo_fragility,1414,32,355,3.8193837080616504,355,180,20,True,T1583.005 - Resource Development: Acquire Botnet,0.0002627129440892,{}
stochastic_normalized_fragility,stochastic_normalized_loo_fragility,1414,33,365,3.716170708066784,365,180,20,True,T1583.005 - Resource Development: Acquire Botnet,0.0002048985126806,{}
stochastic_normalized_fragility,stochastic_normalized_loo_fragility,1414,34,375,3.8667563339695334,375,180,20,True,T1583.005 - Resource Development: Acquire Botnet,0.0002349477413288,{}
stochastic_normalized_fragility,stochastic_normalized_loo_fragility,1414,35,385,4.752169374958612,385,180,20,True,T1036 - Defense Evasion: Masquerading,0.0002448176047539,{}
stochastic_normalized_fragility,stochastic_normalized_loo_fragility,1414,36,395,4.943048250046559,395,180,20,True,T1583.005 - Resource Development: Acquire Botnet,0.000260041839396,{}
stochastic_normalized_fragility,stochastic_normalized_loo_fragility,1414,37,405,4.613676832988858,405,180,20,True,T1583.005 - Resource Development: Acquire Botnet,0.000255677285302,{}
stochastic_normalized_fragility,stochastic_normalized_loo_fragility,1414,38,415,4.272943374933675,415,180,20,True,T1583.005 - Resource Development: Acquire Botnet,0.000230804649748,{}
stochastic_normalized_fragility,stochastic_normalized_loo_fragility,1414,39,425,4.213284290977754,425,180,20,True,T1036 - Defense Evasion: Masquerading,0.000174956150881,{}
stochastic_normalized_fragility,stochastic_normalized_loo_fragility,1414,40,435,4.181080374983139,435,180,20,True,T1036 - Defense Evasion: Masquerading,0.0001840962793914,{}
stochastic_normalized_fragility,stochastic_normalized_loo_fragility,1414,41,445,3.982909750076942,445,180,20,True,T1036 - Defense Evasion: Masquerading,0.0002225487472367,{}
stochastic_normalized_fragility,stochastic_normalized_loo_fragility,1414,42,455,5.586703665903769,455,180,20,True,T1583.005 - Resource Development: Acquire Botnet,0.0002463797375173,{}
stochastic_normalized_fragility,stochastic_normalized_loo_fragility,1414,43,465,4.220521459006704,465,180,20,True,T1583.005 - Resource Development: Acquire Botnet,0.0002485527017883,{}
stochastic_normalized_fragility,stochastic_normalized_loo_fragility,1414,44,475,4.416601291974075,475,180,20,True,T1584.005 - Resource Development: Build/Compromise Botnet,0.0002353357723368,{}
stochastic_normalized_fragility,stochastic_normalized_loo_fragility,1414,45,485,4.784175207954831,485,180,20,True,T1590 - Reconnaissance: Gather Victim Network Information,0.0002986074487177,{}
stochastic_normalized_fragility,stochastic_normalized_loo_fragility,1414,46,495,4.514964125002734,495,180,20,True,T1590 - Reconnaissance: Gather Victim Network Information,0.0003553556257764,{}
stochastic_normalized_fragility,stochastic_normalized_loo_fragility,1414,47,505,6.636932916939259,505,180,20,True,T1590 - Reconnaissance: Gather Victim Network Information,0.000243696972555,{}
stochastic_normalized_fragility,stochastic_normalized_loo_fragility,1414,48,515,6.124445041059516,515,180,20,True,T1036 - Defense Evasion: Masquerading,0.0002822000223076,{}
stochastic_normalized_fragility,stochastic_normalized_loo_fragility,1414,49,525,5.7626282080309466,525,180,20,True,T1036 - Defense Evasion: Masquerading,0.0002883044614541,{}
stochastic_normalized_fragility,stochastic_normalized_loo_fragility,1414,50,535,4.756890709046274,535,180,20,True,T1590 - Reconnaissance: Gather Victim Network Information,0.0003063773621237,{}
stochastic_normalized_fragility,stochastic_normalized_loo_fragility,1414,51,545,5.472646416979842,545,180,20,True,T1583.005 - Resource Development: Acquire Botnet,0.0002517984017521,{}
stochastic_normalized_fragility,stochastic_normalized_loo_fragility,1414,52,555,5.154936666949652,555,180,20,True,T1583.005 - Resource Development: Acquire Botnet,0.0002857160731838,{}
stochastic_normalized_fragility,stochastic_normalized_loo_fragility,1414,53,565,5.045798833016306,565,180,20,True,T1036 - Defense Evasion: Masquerading,0.000224517197307,{}
stochastic_normalized_fragility,stochastic_normalized_loo_fragility,1414,54,575,4.948277292074636,575,180,20,True,T1583.005 - Resource Development: Acquire Botnet,0.0001892530100982,{}
stochastic_normalized_fragility,stochastic_normalized_loo_fragility,1414,55,585,5.960139332921244,585,180,20,True,T1583.005 - Resource Development: Acquire Botnet,0.0002141520438304,{}
stochastic_normalized_fragility,stochastic_normalized_loo_fragility,1414,56,595,5.319666000083089,595,180,20,True,TA0011 - Command-and-Control,0.0002106291497199,{}
stochastic_normalized_fragility,stochastic_normalized_loo_fragility,1414,57,605,4.747442584019154,605,180,20,True,T1595 - Reconnaissance: Active Scanning,0.0003928265948479,{}
stochastic_normalized_fragility,stochastic_normalized_loo_fragility,1414,58,615,4.679893916938454,615,180,20,True,T1036 - Defense Evasion: Masquerading,0.0002471235240363,{}
stochastic_normalized_fragility,stochastic_normalized_loo_fragility,1414,59,625,4.681176915997639,625,180,20,True,T1036 - Defense Evasion: Masquerading,0.0003037497219004,{}
stochastic_normalized_fragility,stochastic_normalized_loo_fragility,1414,60,635,4.6125215829815716,635,180,20,True,T1036 - Defense Evasion: Masquerading,0.0002398135706533,{}
stochastic_normalized_fragility,stochastic_normalized_loo_fragility,1414,61,645,4.51933000003919,645,180,20,True,T1036 - Defense Evasion: Masquerading,0.000249487138119,{}
stochastic_normalized_fragility,stochastic_normalized_loo_fragility,1414,62,655,4.539784583961591,655,180,20,True,T1036 - Defense Evasion: Masquerading,0.0002078521986131,{}
stochastic_normalized_fragility,stochastic_normalized_loo_fragility,1414,63,665,5.132063917000778,665,180,20,True,T1583.005 - Resource Development: Acquire Botnet,0.0002594703200945,{}
stochastic_normalized_fragility,stochastic_normalized_loo_fragility,1414,64,675,4.386571167036891,675,180,20,True,T1036 - Defense Evasion: Masquerading,0.0002106229669817,{}
stochastic_normalized_fragility,stochastic_normalized_loo_fragility,1414,65,685,4.944532125024125,685,180,20,True,T1498.002 - Impact: Reflection/Amplification Attack,0.0002212318670767,{}
stochastic_normalized_fragility,stochastic_normalized_loo_fragility,1414,66,695,4.468314125086181,695,180,20,True,TA0011 - Command-and-Control,0.0002341830876975,{}
stochastic_normalized_fragility,stochastic_normalized_loo_fragility,1414,67,705,4.430443249992095,705,180,20,True,T1036 - Defense Evasion: Masquerading,0.0003451188551558,{}
stochastic_normalized_fragility,stochastic_normalized_loo_fragility,1414,68,715,4.320612458046526,715,180,20,True,T1036 - Defense Evasion: Masquerading,0.0002704825029367,{}
stochastic_normalized_fragility,stochastic_normalized_loo_fragility,1414,69,725,4.718411042005755,725,180,20,True,T1583.005 - Resource Development: Acquire Botnet,0.0002490260890717,{}
stochastic_normalized_fragility,stochastic_normalized_loo_fragility,1414,70,735,4.924738500034437,735,180,20,True,T1583.005 - Resource Development: Acquire Botnet,0.0002735178323058,{}
stochastic_normalized_fragility,stochastic_normalized_loo_fragility,1414,71,745,5.566804624977522,745,180,20,True,T1583.005 - Resource Development: Acquire Botnet,0.0002856327330838,{}
stochastic_normalized_fragility,stochastic_normalized_loo_fragility,1414,72,755,4.773101833998226,755,180,20,True,T1583.005 - Resource Development: Acquire Botnet,0.0002739349485098,{}
stochastic_normalized_fragility,stochastic_normalized_loo_fragility,1414,73,765,4.529793500085361,765,180,20,True,TA0011 - Command-and-Control,0.0003276660669248,{}
stochastic_normalized_fragility,stochastic_normalized_loo_fragility,1414,74,775,4.726678540930152,775,180,20,True,T1036 - Defense Evasion: Masquerading,0.0004388525492846,{}
stochastic_normalized_fragility,stochastic_normalized_loo_fragility,1414,75,785,4.9450904169352725,785,180,20,True,T1036 - Defense Evasion: Masquerading,0.0002953813564468,{}
stochastic_normalized_fragility,stochastic_normalized_loo_fragility,1414,76,795,5.004511084058322,795,180,20,True,TA0011 - Command-and-Control,0.0004456224274678,{}
stochastic_normalized_fragility,stochastic_normalized_loo_fragility,1414,77,805,5.2521515840198845,805,180,20,True,TA0011 - Command-and-Control,0.0002632515646541,{}
stochastic_normalized_fragility,stochastic_normalized_loo_fragility,1414,78,815,5.102470249985345,815,180,20,True,T1036 - Defense Evasion: Masquerading,0.0002148706127336,{}
stochastic_normalized_fragility,stochastic_normalized_loo_fragility,1414,79,825,4.6308167920215055,825,180,20,True,T1036 - Defense Evasion: Masquerading,0.0002634996325255,{}
stochastic_normalized_fragility,stochastic_normalized_loo_fragility,1414,80,835,4.824705249979161,835,180,20,True,T1036 - Defense Evasion: Masquerading,0.0002538198061357,{}
stochastic_normalized_fragility,stochastic_normalized_loo_fragility,1414,81,845,4.960389666957781,845,180,20,True,T1036 - Defense Evasion: Masquerading,0.0002023531777887,{}
stochastic_normalized_fragility,stochastic_normalized_loo_fragility,1414,82,855,4.654329541954212,855,180,20,True,T1036 - Defense Evasion: Masquerading,0.0002477181597329,{}
stochastic_normalized_fragility,stochastic_normalized_loo_fragility,1414,83,865,4.774497834034264,865,180,20,True,T1036 - Defense Evasion: Masquerading,0.0003259937572301,{}
stochastic_normalized_fragility,stochastic_normalized_loo_fragility,1414,84,875,5.206525292014703,875,180,20,True,T1036 - Defense Evasion: Masquerading,0.0002386589139813,{}
stochastic_normalized_fragility,stochastic_normalized_loo_fragility,1414,85,885,5.087691207998432,885,180,20,True,T1036 - Defense Evasion: Masquerading,0.0001916799165604,{}
stochastic_normalized_fragility,stochastic_normalized_loo_fragility,1414,86,895,5.259011542075314,895,180,20,True,T1036 - Defense Evasion: Masquerading,0.0002343154059955,{}
stochastic_normalized_fragility,stochastic_normalized_loo_fragility,1414,87,905,4.7927524170372635,905,180,20,True,T1583.005 - Resource Development: Acquire Botnet,0.0002482194683314,{}
stochastic_normalized_fragility,stochastic_normalized_loo_fragility,1414,88,915,5.015261874999851,915,180,20,True,T1036 - Defense Evasion: Masquerading,0.0002751728882842,{}
stochastic_normalized_fragility,stochastic_normalized_loo_fragility,1414,89,925,4.92011312500108,925,180,20,True,T1036 - Defense Evasion: Masquerading,0.0002364868637843,{}
stochastic_normalized_fragility,stochastic_normalized_loo_fragility,1414,90,935,4.886789459036663,935,180,20,True,T1583.005 - Resource Development: Acquire Botnet,0.0002577021529758,{}
stochastic_normalized_fragility,stochastic_normalized_loo_fragility,1414,91,945,5.566231125034392,945,180,20,True,T1036 - Defense Evasion: Masquerading,0.0002844470670689,{}
stochastic_normalized_fragility,stochastic_normalized_loo_fragility,1414,92,955,5.139497875003144,955,180,20,True,T1036 - Defense Evasion: Masquerading,0.0002905922621937,{}
stochastic_normalized_fragility,stochastic_normalized_loo_fragility,1414,93,965,5.162530792062171,965,180,20,True,T1583.005 - Resource Development: Acquire Botnet,0.0002593790822097,{}
stochastic_normalized_fragility,stochastic_normalized_loo_fragility,1414,94,975,4.871471666032448,975,180,20,True,T1583.005 - Resource Development: Acquire Botnet,0.0002407973029723,{}
stochastic_normalized_fragility,stochastic_normalized_loo_fragility,1414,95,985,5.434723792015575,985,180,20,True,TA0011 - Command-and-Control,0.0001735843899763,{}
stochastic_normalized_fragility,stochastic_normalized_loo_fragility,1414,96,995,5.136757167056203,995,180,20,True,T1036 - Defense Evasion: Masquerading,0.0001851084205704,{}
stochastic_normalized_fragility,stochastic_normalized_loo_fragility,1414,97,1005,5.387088833027519,1005,180,20,True,T1583.005 - Resource Development: Acquire Botnet,0.0001817013272155,{}
stochastic_normalized_fragility,stochastic_normalized_loo_fragility,1414,98,1015,5.3176569999195635,1015,180,20,True,T1590 - Reconnaissance: Gather Victim Network Information,0.0003029873515894,{}
stochastic_normalized_fragility,stochastic_normalized_loo_fragility,1414,99,1025,5.010736167081632,1025,180,20,True,T1036 - Defense Evasion: Masquerading,0.0001837882570923,{}
stochastic_normalized_fragility,stochastic_normalized_loo_fragility,1414,100,1035,5.247082667076029,1035,180,20,True,T1036 - Defense Evasion: Masquerading,0.0001761998172991,{}
stochastic_normalized_fragility,stochastic_normalized_loo_fragility,1414,101,1045,5.424505207920447,1045,180,20,True,T1036 - Defense Evasion: Masquerading,0.0001797793817834,{}
stochastic_normalized_fragility,stochastic_normalized_loo_fragility,1414,102,1055,5.171989833004773,1055,180,20,True,T1036 - Defense Evasion: Masquerading,0.0002232656979032,{}
stochastic_normalized_fragility,stochastic_normalized_loo_fragility,1414,103,1065,4.855218833079562,1065,180,20,True,T1036 - Defense Evasion: Masquerading,0.0001808761657174,{}
stochastic_normalized_fragility,stochastic_normalized_loo_fragility,1414,104,1075,4.736190582974814,1075,180,20,True,T1583.005 - Resource Development: Acquire Botnet,0.0001586728151797,{}
stochastic_normalized_fragility,stochastic_normalized_loo_fragility,1414,105,1085,4.867295332951471,1085,180,20,True,T1583.005 - Resource Development: Acquire Botnet,0.0002168725973041,{}
stochastic_normalized_fragility,stochastic_normalized_loo_fragility,1414,106,1095,5.549193958984688,1095,180,20,True,T1583.005 - Resource Development: Acquire Botnet,0.000267389401308,{}
stochastic_normalized_fragility,stochastic_normalized_loo_fragility,1414,107,1105,5.224326749914326,1105,180,20,True,T1498.001 - Impact: Direct Network Flood,0.0002080237051183,{}
stochastic_normalized_fragility,stochastic_normalized_loo_fragility,1414,108,1115,5.104818957974203,1115,180,20,True,T1590 - Reconnaissance: Gather Victim Network Information,0.0003433647391841,{}
stochastic_normalized_fragility,stochastic_normalized_loo_fragility,1414,109,1125,4.713442167034373,1125,180,20,True,T1583.005 - Resource Development: Acquire Botnet,0.0002504660189459,{}
stochastic_normalized_fragility,stochastic_normalized_loo_fragility,1414,110,1135,5.091082290979102,1135,180,20,True,T1036 - Defense Evasion: Masquerading,0.0002161167611399,{}
stochastic_normalized_fragility,stochastic_normalized_loo_fragility,1414,111,1145,5.167719791061245,1145,180,20,True,TA0011 - Command-and-Control,0.0002850824958314,{}
stochastic_normalized_fragility,stochastic_normalized_loo_fragility,1414,112,1155,6.010270583094098,1155,180,20,True,TA0011 - Command-and-Control,0.0003064096767111,{}
stochastic_normalized_fragility,stochastic_normalized_loo_fragility,1414,113,1165,5.55754612502642,1165,180,20,True,TA0011 - Command-and-Control,0.0002471675007642,{}
stochastic_normalized_fragility,stochastic_normalized_loo_fragility,1414,114,1175,5.241400874918327,1175,180,20,True,TA0011 - Command-and-Control,0.0002304635713819,{}
stochastic_normalized_fragility,stochastic_normalized_loo_fragility,1414,115,1185,5.166179375024512,1185,180,20,True,TA0011 - Command-and-Control,0.00022332735105,{}
stochastic_normalized_fragility,stochastic_normalized_loo_fragility,1414,116,1195,5.870983542059548,1195,180,20,True,TA0011 - Command-and-Control,0.0003204207569471,{}
stochastic_normalized_fragility,stochastic_normalized_loo_fragility,1414,117,1205,5.472530124941841,1205,180,20,True,T1036 - Defense Evasion: Masquerading,0.0002019919220289,{}
stochastic_normalized_fragility,stochastic_normalized_loo_fragility,1414,118,1215,6.511038624914363,1215,180,20,True,T1036 - Defense Evasion: Masquerading,0.0001759217252393,{}
stochastic_normalized_fragility,stochastic_normalized_loo_fragility,1414,119,1225,6.02245262498036,1225,180,20,True,TA0011 - Command-and-Control,0.0001912692278242,{}
stochastic_normalized_fragility,stochastic_normalized_loo_fragility,1414,120,1235,6.089404750033282,1235,180,20,True,T1036 - Defense Evasion: Masquerading,0.0001856333074921,{}
stochastic_normalized_fragility,stochastic_normalized_loo_fragility,1414,121,1245,5.388044207938947,1245,180,20,True,T1036 - Defense Evasion: Masquerading,0.0001911379586708,{}
stochastic_normalized_fragility,stochastic_normalized_loo_fragility,1414,122,1255,5.622444791952148,1255,180,20,True,T1036 - Defense Evasion: Masquerading,0.0004479686328277,{}
stochastic_normalized_fragility,stochastic_normalized_loo_fragility,1414,123,1265,5.269759000046179,1265,180,20,True,T1036 - Defense Evasion: Masquerading,0.0003453080435667,{}
stochastic_normalized_fragility,stochastic_normalized_loo_fragility,1414,124,1275,5.594451874960214,1275,180,20,True,T1583.005 - Resource Development: Acquire Botnet,0.0003073918388475,{}
stochastic_normalized_fragility,stochastic_normalized_loo_fragility,1414,125,1285,5.438089709030464,1285,180,20,True,T1583.005 - Resource Development: Acquire Botnet,0.0001796827860602,{}
stochastic_normalized_fragility,stochastic_normalized_loo_fragility,1414,126,1295,5.418972083018161,1295,180,20,True,T1583.005 - Resource Development: Acquire Botnet,0.0002322756275662,{}
stochastic_normalized_fragility,stochastic_normalized_loo_fragility,1414,127,1305,5.674006249988452,1305,180,20,True,T1583.005 - Resource Development: Acquire Botnet,0.0001864604613045,{}
stochastic_normalized_fragility,stochastic_normalized_loo_fragility,1414,128,1315,7.217093040933832,1315,180,20,True,T1036 - Defense Evasion: Masquerading,0.0002818655985313,{}
stochastic_normalized_fragility,stochastic_normalized_loo_fragility,1414,129,1325,18.752260708948597,1325,180,20,True,T1036 - Defense Evasion: Masquerading,0.0002431422958871,{}
stochastic_normalized_fragility,stochastic_normalized_loo_fragility,1414,130,1335,6.733571707969531,1335,180,20,True,T1036 - Defense Evasion: Masquerading,0.0002025888041865,{}
stochastic_normalized_fragility,stochastic_normalized_loo_fragility,1414,131,1345,6.828350416966714,1345,180,20,True,T1583.005 - Resource Development: Acquire Botnet,0.0002007112081649,{}
stochastic_normalized_fragility,stochastic_normalized_loo_fragility,1414,132,1355,6.4766140000429,1355,180,20,True,T1583.005 - Resource Development: Acquire Botnet,0.0002020411509253,{}
stochastic_normalized_fragility,stochastic_normalized_loo_fragility,1414,133,1365,5.449078041012399,1365,180,20,True,T1583.005 - Resource Development: Acquire Botnet,0.0002017153721288,{}
stochastic_normalized_fragility,stochastic_normalized_loo_fragility,1414,134,1375,4.995023207971826,1375,180,20,True,T1036 - Defense Evasion: Masquerading,0.0002604273782575,{}
stochastic_normalized_fragility,stochastic_normalized_loo_fragility,1414,135,1385,4.893299374962226,1385,180,20,True,T1036 - Defense Evasion: Masquerading,0.0002860484883332,{}
stochastic_normalized_fragility,stochastic_normalized_loo_fragility,1414,136,1395,5.055401000077836,1395,180,20,True,T1036 - Defense Evasion: Masquerading,0.0002997738392731,{}
stochastic_normalized_fragility,stochastic_normalized_loo_fragility,1414,137,1405,7.61491504102014,1405,180,20,True,T1595 - Reconnaissance: Active Scanning,0.0003120021766068,{}
stochastic_normalized_fragility,stochastic_normalized_loo_fragility,1414,138,1415,10.71088554209564,1415,180,20,True,TA0011 - Command-and-Control,0.0003731703041929,{}
stochastic_normalized_fragility,stochastic_normalized_loo_fragility,1414,139,1425,7.588385000010021,1425,180,20,True,T1583.005 - Resource Development: Acquire Botnet,0.0002092944814351,{}
stochastic_normalized_fragility,stochastic_normalized_loo_fragility,1414,140,1435,6.915754708927125,1435,180,20,True,T1583.005 - Resource Development: Acquire Botnet,0.0001709750161097,{}
stochastic_normalized_fragility,stochastic_normalized_loo_fragility,1414,141,1445,7.765101833967492,1445,180,20,True,T1036 - Defense Evasion: Masquerading,0.0001943892766475,{}
stochastic_normalized_fragility,stochastic_normalized_loo_fragility,1414,142,1455,7.294568790937774,1455,180,20,True,T1590 - Reconnaissance: Gather Victim Network Information,0.0002509522913419,{}
stochastic_normalized_fragility,stochastic_normalized_loo_fragility,1414,143,1465,6.27911462506745,1465,180,20,True,T1583.005 - Resource Development: Acquire Botnet,0.0002415568002864,{}
stochastic_normalized_fragility,stochastic_normalized_loo_fragility,1414,144,1475,6.476940958993509,1475,180,20,True,T1036 - Defense Evasion: Masquerading,0.0002372657230326,{}
stochastic_normalized_fragility,stochastic_normalized_loo_fragility,1414,145,1485,6.490881916950457,1485,180,20,True,T1036 - Defense Evasion: Masquerading,0.0002593620757361,{}
stochastic_normalized_fragility,stochastic_normalized_loo_fragility,1414,146,1495,7.369916083058342,1495,180,20,True,T1036 - Defense Evasion: Masquerading,0.000193994215469,{}
stochastic_normalized_fragility,stochastic_normalized_loo_fragility,1414,147,1505,6.3916314580710605,1505,180,20,True,T1036 - Defense Evasion: Masquerading,0.0001654477274319,{}
stochastic_normalized_fragility,stochastic_normalized_loo_fragility,1414,148,1515,6.452026541926898,1515,180,20,True,T1036 - Defense Evasion: Masquerading,0.0002912804328021,{}
stochastic_normalized_fragility,stochastic_normalized_loo_fragility,1414,149,1525,6.567371750017628,1525,180,20,True,TA0011 - Command-and-Control,0.0003707853477175,{}
stochastic_normalized_fragility,stochastic_normalized_loo_fragility,1414,150,1535,6.671427124994807,1535,180,20,True,T1036 - Defense Evasion: Masquerading,0.0002869453994421,{}
stochastic_normalized_fragility,stochastic_normalized_loo_fragility,1414,151,1545,7.378341500065289,1545,180,20,True,T1584.005 - Resource Development: Build/Compromise Botnet,0.0002767896971375,{}
stochastic_normalized_fragility,stochastic_normalized_loo_fragility,1414,152,1555,6.560656875022687,1555,180,20,True,TA0011 - Command-and-Control,0.000358587261776,{}
stochastic_normalized_fragility,stochastic_normalized_loo_fragility,1414,153,1565,6.809335208963603,1565,180,20,True,TA0011 - Command-and-Control,0.0006390470505019,{}
stochastic_normalized_fragility,stochastic_normalized_loo_fragility,1414,154,1575,6.714580332976766,1575,180,20,True,TA0011 - Command-and-Control,0.0005158496633432,{}
stochastic_normalized_fragility,stochastic_normalized_loo_fragility,1414,155,1585,7.554860915988684,1585,180,20,True,T1595 - Reconnaissance: Active Scanning,0.0002687943079852,{}
stochastic_normalized_fragility,stochastic_normalized_loo_fragility,1414,156,1595,7.414559582946822,1595,180,20,True,T1595 - Reconnaissance: Active Scanning,0.0002380724538353,{}
stochastic_normalized_fragility,stochastic_normalized_loo_fragility,1414,157,1605,7.003083416027948,1605,180,20,True,T1595 - Reconnaissance: Active Scanning,0.0002825280024972,{}
stochastic_normalized_fragility,stochastic_normalized_loo_fragility,1414,158,1615,7.082397499936633,1615,180,20,True,TA0011 - Command-and-Control,0.0002771378508457,{}
stochastic_normalized_fragility,stochastic_normalized_loo_fragility,1414,159,1625,7.280623208032921,1625,180,20,True,TA0011 - Command-and-Control,0.000310609676154,{}
stochastic_normalized_fragility,stochastic_normalized_loo_fragility,1414,160,1635,6.964262124965899,1635,180,20,True,TA0011 - Command-and-Control,0.0002635740249283,{}
stochastic_normalized_fragility,stochastic_normalized_loo_fragility,1414,161,1645,8.037909209029749,1645,180,20,True,TA0011 - Command-and-Control,0.0002519185970124,{}
stochastic_normalized_fragility,stochastic_normalized_loo_fragility,1414,162,1655,7.65387354104314,1655,180,20,True,TA0011 - Command-and-Control,0.0002020529917226,{}
stochastic_normalized_fragility,stochastic_normalized_loo_fragility,1414,163,1665,7.374563582940027,1665,180,20,True,T1036 - Defense Evasion: Masquerading,0.0002225571208194,{}
stochastic_normalized_fragility,stochastic_normalized_loo_fragility,1414,164,1675,7.406231499975547,1675,180,20,True,T1583.005 - Resource Development: Acquire Botnet,0.0001888970143442,{}
stochastic_normalized_fragility,stochastic_normalized_loo_fragility,1414,165,1685,7.434783292002976,1685,180,20,True,T1036 - Defense Evasion: Masquerading,0.0001838313734293,{}
stochastic_normalized_fragility,stochastic_normalized_loo_fragility,1414,166,1695,7.692976833903231,1695,180,20,True,T1590 - Reconnaissance: Gather Victim Network Information,0.0001624446056815,{}
stochastic_normalized_fragility,stochastic_normalized_loo_fragility,1414,167,1705,7.399964459007606,1705,180,20,True,T1036 - Defense Evasion: Masquerading,0.0002871831508074,{}
stochastic_normalized_fragility,stochastic_normalized_loo_fragility,1414,168,1715,8.187643332988955,1715,180,20,True,T1036 - Defense Evasion: Masquerading,0.0002530684651432,{}
stochastic_normalized_fragility,stochastic_normalized_loo_fragility,1414,169,1725,7.83268566604238,1725,180,20,True,T1036 - Defense Evasion: Masquerading,0.000234161231314,{}
stochastic_normalized_fragility,stochastic_normalized_loo_fragility,1414,170,1735,8.270571958972141,1735,180,20,True,TA0011 - Command-and-Control,0.000183934867372,{}
stochastic_normalized_fragility,stochastic_normalized_loo_fragility,1414,171,1745,7.792398250079714,1745,180,20,True,TA0011 - Command-and-Control,0.0001671573566643,{}
stochastic_normalized_fragility,stochastic_normalized_loo_fragility,1414,172,1755,7.611221416969784,1755,180,20,True,TA0011 - Command-and-Control,0.0001529797904368,{}
stochastic_normalized_fragility,stochastic_normalized_loo_fragility,1414,173,1765,7.491969708004035,1765,180,20,True,TA0011 - Command-and-Control,0.0001882907019531,{}
stochastic_normalized_fragility,stochastic_normalized_loo_fragility,1414,174,1775,7.615931125008501,1775,180,20,True,TA0011 - Command-and-Control,0.0001692057857871,{}
stochastic_normalized_fragility,stochastic_normalized_loo_fragility,1414,175,1785,8.49569262494333,1785,180,20,True,T1036 - Defense Evasion: Masquerading,0.0001758528368737,{}
stochastic_normalized_fragility,stochastic_normalized_loo_fragility,1414,176,1795,7.531446791021153,1795,180,20,True,TA0011 - Command-and-Control,0.0001951540432498,{}
stochastic_normalized_fragility,stochastic_normalized_loo_fragility,1515,1,45,0.8230257090181112,45,45,20,False,T1584.005 - Resource Development: Build/Compromise Botnet,0.0004815537524574,{}
stochastic_normalized_fragility,stochastic_normalized_loo_fragility,1515,2,55,0.9760917910607532,55,55,20,False,TA0011 - Command-and-Control,0.0005219151651597,{}
stochastic_normalized_fragility,stochastic_normalized_loo_fragility,1515,3,65,1.0650025000795722,65,65,20,False,TA0011 - Command-and-Control,0.0005558240616981,{}
stochastic_normalized_fragility,stochastic_normalized_loo_fragility,1515,4,75,1.3838860410032794,75,75,20,False,TA0011 - Command-and-Control,0.0002439732584971,{}
stochastic_normalized_fragility,stochastic_normalized_loo_fragility,1515,5,85,1.3792327919509262,85,85,20,False,T1590 - Reconnaissance: Gather Victim Network Information,0.0002939970431356,{}
stochastic_normalized_fragility,stochastic_normalized_loo_fragility,1515,6,95,1.544393707998097,95,95,20,False,T1583.005 - Resource Development: Acquire Botnet,0.000217927681686,{}
stochastic_normalized_fragility,stochastic_normalized_loo_fragility,1515,7,105,1.8485409170389175,105,105,20,False,T1583.005 - Resource Development: Acquire Botnet,0.0002080452455176,{}
stochastic_normalized_fragility,stochastic_normalized_loo_fragility,1515,8,115,2.28129229194019,115,115,20,False,T1583.005 - Resource Development: Acquire Botnet,0.0002224136468351,{}
stochastic_normalized_fragility,stochastic_normalized_loo_fragility,1515,9,125,2.0711204579565674,125,125,20,False,TA0011 - Command-and-Control,0.0002152127033489,{}
stochastic_normalized_fragility,stochastic_normalized_loo_fragility,1515,10,135,2.4621619168901816,135,135,20,False,TA0011 - Command-and-Control,0.000189910114747,{}
stochastic_normalized_fragility,stochastic_normalized_loo_fragility,1515,11,145,2.5387982910033315,145,144,20,True,T1590 - Reconnaissance: Gather Victim Network Information,0.0001812231215283,{}
stochastic_normalized_fragility,stochastic_normalized_loo_fragility,1515,12,155,2.631702624959871,155,152,20,True,T1583.005 - Resource Development: Acquire Botnet,0.0002048199749566,{}
stochastic_normalized_fragility,stochastic_normalized_loo_fragility,1515,13,165,3.173124083899893,165,160,20,True,T1583.005 - Resource Development: Acquire Botnet,0.0002409396492763,{}
stochastic_normalized_fragility,stochastic_normalized_loo_fragility,1515,14,175,3.7955209159990777,175,167,20,True,T1583.005 - Resource Development: Acquire Botnet,0.0002310862983343,{}
stochastic_normalized_fragility,stochastic_normalized_loo_fragility,1515,15,185,3.0814463749993593,185,170,20,True,T1583.005 - Resource Development: Acquire Botnet,0.0002494196728499,{}
stochastic_normalized_fragility,stochastic_normalized_loo_fragility,1515,16,195,3.334293166990392,195,175,20,True,T1583.005 - Resource Development: Acquire Botnet,0.0002414489327889,{}
stochastic_normalized_fragility,stochastic_normalized_loo_fragility,1515,17,205,3.2613011660287157,205,177,20,True,T1583.005 - Resource Development: Acquire Botnet,0.0002079243286063,{}
stochastic_normalized_fragility,stochastic_normalized_loo_fragility,1515,18,215,3.3531118750106543,215,178,20,True,T1036 - Defense Evasion: Masquerading,0.0002387072714458,{}
stochastic_normalized_fragility,stochastic_normalized_loo_fragility,1515,19,225,3.261611833004281,225,178,20,True,T1036 - Defense Evasion: Masquerading,0.0002693627179859,{}
stochastic_normalized_fragility,stochastic_normalized_loo_fragility,1515,20,235,3.8295157910324633,235,178,20,True,T1595 - Reconnaissance: Active Scanning,0.0002113403274197,{}
stochastic_normalized_fragility,stochastic_normalized_loo_fragility,1515,21,245,3.3032239580061287,245,180,20,True,T1583.005 - Resource Development: Acquire Botnet,0.0002756534203327,{}
stochastic_normalized_fragility,stochastic_normalized_loo_fragility,1515,22,255,3.441935915965587,255,180,20,True,T1595 - Reconnaissance: Active Scanning,0.0002744181680129,{}
stochastic_normalized_fragility,stochastic_normalized_loo_fragility,1515,23,265,3.4026554169831797,265,180,20,True,T1583.005 - Resource Development: Acquire Botnet,0.0002194607583317,{}
stochastic_normalized_fragility,stochastic_normalized_loo_fragility,1515,24,275,3.031459042103961,275,180,20,True,T1036 - Defense Evasion: Masquerading,0.0003078383249707,{}
stochastic_normalized_fragility,stochastic_normalized_loo_fragility,1515,25,285,2.53511458390858,285,180,20,True,T1036 - Defense Evasion: Masquerading,0.000336254179639,{}
stochastic_normalized_fragility,stochastic_normalized_loo_fragility,1515,26,295,2.492231792071834,295,180,20,True,TA0011 - Command-and-Control,0.0003282699659813,{}
stochastic_normalized_fragility,stochastic_normalized_loo_fragility,1515,27,305,2.5036630829563364,305,180,20,True,TA0011 - Command-and-Control,0.0002948213754501,{}
stochastic_normalized_fragility,stochastic_normalized_loo_fragility,1515,28,315,2.534812792087905,315,180,20,True,T1036 - Defense Evasion: Masquerading,0.0004402841974722,{}
stochastic_normalized_fragility,stochastic_normalized_loo_fragility,1515,29,325,2.507279666955583,325,180,20,True,TA0011 - Command-and-Control,0.0005354544487462,{}
stochastic_normalized_fragility,stochastic_normalized_loo_fragility,1515,30,335,3.5472961670020595,335,180,20,True,TA0011 - Command-and-Control,0.0004672547973464,{}
stochastic_normalized_fragility,stochastic_normalized_loo_fragility,1515,31,345,3.7098774169571698,345,180,20,True,T1590 - Reconnaissance: Gather Victim Network Information,0.0002827114777197,{}
stochastic_normalized_fragility,stochastic_normalized_loo_fragility,1515,32,355,3.9042506250552833,355,180,20,True,T1036 - Defense Evasion: Masquerading,0.0002262558790881,{}
stochastic_normalized_fragility,stochastic_normalized_loo_fragility,1515,33,365,3.854202082962729,365,180,20,True,T1036 - Defense Evasion: Masquerading,0.0001831193453207,{}
stochastic_normalized_fragility,stochastic_normalized_loo_fragility,1515,34,375,3.8516811250010505,375,180,20,True,T1583.005 - Resource Development: Acquire Botnet,0.0001859203883894,{}
stochastic_normalized_fragility,stochastic_normalized_loo_fragility,1515,35,385,4.7473050829721615,385,180,20,True,T1571 - Defense Evasion: Non-Standard Port,0.0003579783663749,{}
stochastic_normalized_fragility,stochastic_normalized_loo_fragility,1515,36,395,4.837570833042264,395,180,20,True,T1583.005 - Resource Development: Acquire Botnet,0.000197405530752,{}
stochastic_normalized_fragility,stochastic_normalized_loo_fragility,1515,37,405,4.34860754199326,405,180,20,True,T1583.005 - Resource Development: Acquire Botnet,0.0002218663409502,{}
stochastic_normalized_fragility,stochastic_normalized_loo_fragility,1515,38,415,4.334335749968886,415,180,20,True,T1583.005 - Resource Development: Acquire Botnet,0.0003404543970423,{}
stochastic_normalized_fragility,stochastic_normalized_loo_fragility,1515,39,425,4.5276754590449855,425,180,20,True,T1583.005 - Resource Development: Acquire Botnet,0.0003598778381758,{}
stochastic_normalized_fragility,stochastic_normalized_loo_fragility,1515,40,435,4.330313125043176,435,180,20,True,T1583.005 - Resource Development: Acquire Botnet,0.0004514463216964,{}
stochastic_normalized_fragility,stochastic_normalized_loo_fragility,1515,41,445,4.023997792042792,445,180,20,True,T1036 - Defense Evasion: Masquerading,0.0002496830426393,{}
stochastic_normalized_fragility,stochastic_normalized_loo_fragility,1515,42,455,5.319452291936614,455,180,20,True,T1595 - Reconnaissance: Active Scanning,0.0002563394386007,{}
stochastic_normalized_fragility,stochastic_normalized_loo_fragility,1515,43,465,4.2232346249511465,465,180,20,True,T1036 - Defense Evasion: Masquerading,0.0002980201455135,{}
stochastic_normalized_fragility,stochastic_normalized_loo_fragility,1515,44,475,4.4149225420551375,475,180,20,True,T1583.005 - Resource Development: Acquire Botnet,0.0003345086864862,{}
stochastic_normalized_fragility,stochastic_normalized_loo_fragility,1515,45,485,4.408140750019811,485,180,20,True,T1583.005 - Resource Development: Acquire Botnet,0.000201079947368,{}
stochastic_normalized_fragility,stochastic_normalized_loo_fragility,1515,46,495,4.529977208003402,495,180,20,True,TA0011 - Command-and-Control,0.0002283392030047,{}
stochastic_normalized_fragility,stochastic_normalized_loo_fragility,1515,47,505,5.27922404196579,505,180,20,True,TA0011 - Command-and-Control,0.0001960434908162,{}
stochastic_normalized_fragility,stochastic_normalized_loo_fragility,1515,48,515,7.124428750015795,515,180,20,True,T1036 - Defense Evasion: Masquerading,0.0001968774944639,{}
stochastic_normalized_fragility,stochastic_normalized_loo_fragility,1515,49,525,5.405164125026204,525,180,20,True,T1583.005 - Resource Development: Acquire Botnet,0.0001938445896896,{}
stochastic_normalized_fragility,stochastic_normalized_loo_fragility,1515,50,535,4.934480833006091,535,180,20,True,T1583.005 - Resource Development: Acquire Botnet,0.0003108163441842,{}
stochastic_normalized_fragility,stochastic_normalized_loo_fragility,1515,51,545,5.227547249989584,545,180,20,True,T1583.005 - Resource Development: Acquire Botnet,0.0002136325957538,{}
stochastic_normalized_fragility,stochastic_normalized_loo_fragility,1515,52,555,4.910544999991544,555,180,20,True,TA0011 - Command-and-Control,0.0002172694796384,{}
stochastic_normalized_fragility,stochastic_normalized_loo_fragility,1515,53,565,4.80517070798669,565,180,20,True,TA0011 - Command-and-Control,0.0003624259724367,{}
stochastic_normalized_fragility,stochastic_normalized_loo_fragility,1515,54,575,5.223110500024632,575,180,20,True,T1036 - Defense Evasion: Masquerading,0.0003117310273566,{}
stochastic_normalized_fragility,stochastic_normalized_loo_fragility,1515,55,585,5.156688375049271,585,180,20,True,T1036 - Defense Evasion: Masquerading,0.0002710536645,{}
stochastic_normalized_fragility,stochastic_normalized_loo_fragility,1515,56,595,6.23858383402694,595,180,20,True,T1583.005 - Resource Development: Acquire Botnet,0.0001577154363614,{}
stochastic_normalized_fragility,stochastic_normalized_loo_fragility,1515,57,605,5.058221541927196,605,180,20,True,T1583.005 - Resource Development: Acquire Botnet,0.0002010661004619,{}
stochastic_normalized_fragility,stochastic_normalized_loo_fragility,1515,58,615,4.559157415991649,615,180,20,True,T1583.005 - Resource Development: Acquire Botnet,0.0001803367167278,{}
stochastic_normalized_fragility,stochastic_normalized_loo_fragility,1515,59,625,4.899400875088759,625,180,20,True,T1583.005 - Resource Development: Acquire Botnet,0.0002053705166264,{}
stochastic_normalized_fragility,stochastic_normalized_loo_fragility,1515,60,635,4.786985707934946,635,180,20,True,T1583.005 - Resource Development: Acquire Botnet,0.0002450574938192,{}
stochastic_normalized_fragility,stochastic_normalized_loo_fragility,1515,61,645,4.641506250016391,645,180,20,True,T1583.005 - Resource Development: Acquire Botnet,0.000273918801702,{}
stochastic_normalized_fragility,stochastic_normalized_loo_fragility,1515,62,655,4.85078775009606,655,180,20,True,T1583.005 - Resource Development: Acquire Botnet,0.0001878243321446,{}
stochastic_normalized_fragility,stochastic_normalized_loo_fragility,1515,63,665,5.0454970409628,665,180,20,True,T1498.002 - Impact: Reflection/Amplification Attack,0.0002461287709953,{}
stochastic_normalized_fragility,stochastic_normalized_loo_fragility,1515,64,675,4.44885291706305,675,180,20,True,T1595 - Reconnaissance: Active Scanning,0.0002932007586477,{}
stochastic_normalized_fragility,stochastic_normalized_loo_fragility,1515,65,685,4.208687874954194,685,180,20,True,T1595 - Reconnaissance: Active Scanning,0.0003041726834802,{}
stochastic_normalized_fragility,stochastic_normalized_loo_fragility,1515,66,695,4.7892256249906495,695,180,20,True,T1036 - Defense Evasion: Masquerading,0.0002690292527813,{}
stochastic_normalized_fragility,stochastic_normalized_loo_fragility,1515,67,705,4.655122624943033,705,180,20,True,T1036 - Defense Evasion: Masquerading,0.0002130373161233,{}
stochastic_normalized_fragility,stochastic_normalized_loo_fragility,1515,68,715,4.665966792032123,715,180,20,True,T1571 - Defense Evasion: Non-Standard Port,0.000258339454344,{}
stochastic_normalized_fragility,stochastic_normalized_loo_fragility,1515,69,725,4.5560631670523435,725,180,20,True,T1595 - Reconnaissance: Active Scanning,0.000241660405074,{}
stochastic_normalized_fragility,stochastic_normalized_loo_fragility,1515,70,735,4.923499666037969,735,180,20,True,T1583.005 - Resource Development: Acquire Botnet,0.0001746363797994,{}
stochastic_normalized_fragility,stochastic_normalized_loo_fragility,1515,71,745,5.455226749996655,745,180,20,True,T1583.005 - Resource Development: Acquire Botnet,0.0001901701471889,{}
stochastic_normalized_fragility,stochastic_normalized_loo_fragility,1515,72,755,5.0799709589919075,755,180,20,True,T1036 - Defense Evasion: Masquerading,0.0002235793485564,{}
stochastic_normalized_fragility,stochastic_normalized_loo_fragility,1515,73,765,4.784307583002374,765,180,20,True,T1583.005 - Resource Development: Acquire Botnet,0.0003183205704155,{}
stochastic_normalized_fragility,stochastic_normalized_loo_fragility,1515,74,775,4.830533790984191,775,180,20,True,T1583.005 - Resource Development: Acquire Botnet,0.0003894325650587,{}
stochastic_normalized_fragility,stochastic_normalized_loo_fragility,1515,75,785,5.01513629197143,785,180,20,True,T1036 - Defense Evasion: Masquerading,0.0003319066416485,{}
stochastic_normalized_fragility,stochastic_normalized_loo_fragility,1515,76,795,5.070392750087194,795,180,20,True,T1584.005 - Resource Development: Build/Compromise Botnet,0.0002870880238089,{}
stochastic_normalized_fragility,stochastic_normalized_loo_fragility,1515,77,805,5.488158583058976,805,180,20,True,TA0011 - Command-and-Control,0.0002776686039535,{}
stochastic_normalized_fragility,stochastic_normalized_loo_fragility,1515,78,815,4.905079917050898,815,180,20,True,T1036 - Defense Evasion: Masquerading,0.0002044261376711,{}
stochastic_normalized_fragility,stochastic_normalized_loo_fragility,1515,79,825,4.944921000045724,825,180,20,True,T1583.005 - Resource Development: Acquire Botnet,0.0002043971349886,{}
stochastic_normalized_fragility,stochastic_normalized_loo_fragility,1515,80,835,4.92965920898132,835,180,20,True,T1583.005 - Resource Development: Acquire Botnet,0.000250633930897,{}
stochastic_normalized_fragility,stochastic_normalized_loo_fragility,1515,81,845,4.7723408750025555,845,180,20,True,T1036 - Defense Evasion: Masquerading,0.0003524778977307,{}
stochastic_normalized_fragility,stochastic_normalized_loo_fragility,1515,82,855,4.934479082934558,855,180,20,True,T1498.002 - Impact: Reflection/Amplification Attack,0.000411938202725,{}
stochastic_normalized_fragility,stochastic_normalized_loo_fragility,1515,83,865,4.958506583003327,865,180,20,True,TA0011 - Command-and-Control,0.0002934212806818,{}
stochastic_normalized_fragility,stochastic_normalized_loo_fragility,1515,84,875,5.379367374931462,875,180,20,True,TA0011 - Command-and-Control,0.0002133807481383,{}
stochastic_normalized_fragility,stochastic_normalized_loo_fragility,1515,85,885,4.959707749891095,885,180,20,True,T1036 - Defense Evasion: Masquerading,0.00022647227675,{}
stochastic_normalized_fragility,stochastic_normalized_loo_fragility,1515,86,895,5.231692790985107,895,180,20,True,T1036 - Defense Evasion: Masquerading,0.0002442518331428,{}
stochastic_normalized_fragility,stochastic_normalized_loo_fragility,1515,87,905,5.0089934159768745,905,180,20,True,T1583.005 - Resource Development: Acquire Botnet,0.0001780428600142,{}
stochastic_normalized_fragility,stochastic_normalized_loo_fragility,1515,88,915,5.262138916994445,915,180,20,True,T1583.005 - Resource Development: Acquire Botnet,0.0002635158972456,{}
stochastic_normalized_fragility,stochastic_normalized_loo_fragility,1515,89,925,4.716546457959339,925,180,20,True,TA0011 - Command-and-Control,0.0002310231739825,{}
stochastic_normalized_fragility,stochastic_normalized_loo_fragility,1515,90,935,5.285504416911863,935,180,20,True,T1583.005 - Resource Development: Acquire Botnet,0.0002213892442329,{}
stochastic_normalized_fragility,stochastic_normalized_loo_fragility,1515,91,945,6.077327416045591,945,180,20,True,TA0011 - Command-and-Control,0.0002717151087331,{}
stochastic_normalized_fragility,stochastic_normalized_loo_fragility,1515,92,955,5.112994625000283,955,180,20,True,T1036 - Defense Evasion: Masquerading,0.0003395573677065,{}
stochastic_normalized_fragility,stochastic_normalized_loo_fragility,1515,93,965,5.554249166045338,965,180,20,True,T1583.005 - Resource Development: Acquire Botnet,0.0002013723304427,{}
stochastic_normalized_fragility,stochastic_normalized_loo_fragility,1515,94,975,5.219157582963817,975,180,20,True,T1036 - Defense Evasion: Masquerading,0.0002982361530722,{}
stochastic_normalized_fragility,stochastic_normalized_loo_fragility,1515,95,985,5.041251333896071,985,180,20,True,T1590 - Reconnaissance: Gather Victim Network Information,0.0002787773753941,{}
stochastic_normalized_fragility,stochastic_normalized_loo_fragility,1515,96,995,5.112945207976736,995,180,20,True,TA0011 - Command-and-Control,0.0002200542466225,{}
stochastic_normalized_fragility,stochastic_normalized_loo_fragility,1515,97,1005,5.508636208949611,1005,180,20,True,T1036 - Defense Evasion: Masquerading,0.0001558779874973,{}
stochastic_normalized_fragility,stochastic_normalized_loo_fragility,1515,98,1015,5.409206499927677,1015,180,20,True,T1498.002 - Impact: Reflection/Amplification Attack,0.000214085929438,{}
stochastic_normalized_fragility,stochastic_normalized_loo_fragility,1515,99,1025,5.223050458007492,1025,180,20,True,T1036 - Defense Evasion: Masquerading,0.0002165005908417,{}
stochastic_normalized_fragility,stochastic_normalized_loo_fragility,1515,100,1035,5.911887792055495,1035,180,20,True,T1036 - Defense Evasion: Masquerading,0.0002371218030084,{}
stochastic_normalized_fragility,stochastic_normalized_loo_fragility,1515,101,1045,5.04597633308731,1045,180,20,True,T1036 - Defense Evasion: Masquerading,0.0002232392239209,{}
stochastic_normalized_fragility,stochastic_normalized_loo_fragility,1515,102,1055,4.952270374982618,1055,180,20,True,T1036 - Defense Evasion: Masquerading,0.000198265870919,{}
stochastic_normalized_fragility,stochastic_normalized_loo_fragility,1515,103,1065,4.955775292008184,1065,180,20,True,T1036 - Defense Evasion: Masquerading,0.0002335598370872,{}
stochastic_normalized_fragility,stochastic_normalized_loo_fragility,1515,104,1075,4.712081749923527,1075,180,20,True,T1036 - Defense Evasion: Masquerading,0.0003174363038299,{}
stochastic_normalized_fragility,stochastic_normalized_loo_fragility,1515,105,1085,5.143690666998737,1085,180,20,True,T1036 - Defense Evasion: Masquerading,0.0003181564443347,{}
stochastic_normalized_fragility,stochastic_normalized_loo_fragility,1515,106,1095,5.437393875094131,1095,180,20,True,T1595 - Reconnaissance: Active Scanning,0.0002639677130029,{}
stochastic_normalized_fragility,stochastic_normalized_loo_fragility,1515,107,1105,5.28334033396095,1105,180,20,True,T1036 - Defense Evasion: Masquerading,0.0005065399861085,{}
stochastic_normalized_fragility,stochastic_normalized_loo_fragility,1515,108,1115,4.967093999963254,1115,180,20,True,T1036 - Defense Evasion: Masquerading,0.0004488633876937,{}
stochastic_normalized_fragility,stochastic_normalized_loo_fragility,1515,109,1125,5.1533104999689385,1125,180,20,True,T1036 - Defense Evasion: Masquerading,0.000400387100238,{}
stochastic_normalized_fragility,stochastic_normalized_loo_fragility,1515,110,1135,5.183816500008106,1135,180,20,True,T1595 - Reconnaissance: Active Scanning,0.0002348863771301,{}
stochastic_normalized_fragility,stochastic_normalized_loo_fragility,1515,111,1145,5.617813040968031,1145,180,20,True,TA0011 - Command-and-Control,0.0002413112776179,{}
stochastic_normalized_fragility,stochastic_normalized_loo_fragility,1515,112,1155,4.902920832973905,1155,180,20,True,TA0011 - Command-and-Control,0.0002536933691086,{}
stochastic_normalized_fragility,stochastic_normalized_loo_fragility,1515,113,1165,5.259536083089188,1165,180,20,True,T1036 - Defense Evasion: Masquerading,0.000167233858923,{}
stochastic_normalized_fragility,stochastic_normalized_loo_fragility,1515,114,1175,5.181741583975963,1175,180,20,True,T1583.005 - Resource Development: Acquire Botnet,0.0001818967996127,{}
stochastic_normalized_fragility,stochastic_normalized_loo_fragility,1515,115,1185,5.2641455420525745,1185,180,20,True,T1583.005 - Resource Development: Acquire Botnet,0.0001963583268592,{}
stochastic_normalized_fragility,stochastic_normalized_loo_fragility,1515,116,1195,6.439838333055377,1195,180,20,True,T1036 - Defense Evasion: Masquerading,0.000215649879854,{}
stochastic_normalized_fragility,stochastic_normalized_loo_fragility,1515,117,1205,6.2145223340485245,1205,180,20,True,T1583.005 - Resource Development: Acquire Botnet,0.0001501388602796,{}
stochastic_normalized_fragility,stochastic_normalized_loo_fragility,1515,118,1215,6.312355375033803,1215,180,20,True,T1498.001 - Impact: Direct Network Flood,0.0001695047433626,{}
stochastic_normalized_fragility,stochastic_normalized_loo_fragility,1515,119,1225,5.855599666014314,1225,180,20,True,T1583.005 - Resource Development: Acquire Botnet,0.0002247771746962,{}
stochastic_normalized_fragility,stochastic_normalized_loo_fragility,1515,120,1235,5.630173166980967,1235,180,20,True,T1583.005 - Resource Development: Acquire Botnet,0.0002062269149403,{}
stochastic_normalized_fragility,stochastic_normalized_loo_fragility,1515,121,1245,5.152236375026405,1245,180,20,True,T1583.005 - Resource Development: Acquire Botnet,0.0002895732914211,{}
stochastic_normalized_fragility,stochastic_normalized_loo_fragility,1515,122,1255,5.240619582938962,1255,180,20,True,T1583.005 - Resource Development: Acquire Botnet,0.0001956328036864,{}
stochastic_normalized_fragility,stochastic_normalized_loo_fragility,1515,123,1265,5.244873167015612,1265,180,20,True,T1583.005 - Resource Development: Acquire Botnet,0.0001949941825429,{}
stochastic_normalized_fragility,stochastic_normalized_loo_fragility,1515,124,1275,5.919981708982959,1275,180,20,True,T1583.005 - Resource Development: Acquire Botnet,0.0001727379067261,{}
stochastic_normalized_fragility,stochastic_normalized_loo_fragility,1515,125,1285,5.705898542073555,1285,180,20,True,T1583.005 - Resource Development: Acquire Botnet,0.0001759926365668,{}
stochastic_normalized_fragility,stochastic_normalized_loo_fragility,1515,126,1295,5.655140000046231,1295,180,20,True,T1036 - Defense Evasion: Masquerading,0.0002287561626859,{}
stochastic_normalized_fragility,stochastic_normalized_loo_fragility,1515,127,1305,5.835023457999341,1305,180,20,True,T1036 - Defense Evasion: Masquerading,0.0001799434008695,{}
stochastic_normalized_fragility,stochastic_normalized_loo_fragility,1515,128,1315,16.18992520903703,1315,180,20,True,T1036 - Defense Evasion: Masquerading,0.000287006154997,{}
stochastic_normalized_fragility,stochastic_normalized_loo_fragility,1515,129,1325,10.482274416950531,1325,180,20,True,T1036 - Defense Evasion: Masquerading,0.0002461086811045,{}
stochastic_normalized_fragility,stochastic_normalized_loo_fragility,1515,130,1335,6.501854875008576,1335,180,20,True,TA0011 - Command-and-Control,0.0002628277155609,{}
stochastic_normalized_fragility,stochastic_normalized_loo_fragility,1515,131,1345,6.330845291027799,1345,180,20,True,T1036 - Defense Evasion: Masquerading,0.0002918158180544,{}
stochastic_normalized_fragility,stochastic_normalized_loo_fragility,1515,132,1355,6.7538350420072675,1355,180,20,True,T1036 - Defense Evasion: Masquerading,0.0002353115607814,{}
stochastic_normalized_fragility,stochastic_normalized_loo_fragility,1515,133,1365,4.098162165959366,1365,180,20,True,T1036 - Defense Evasion: Masquerading,0.0001963112074143,{}
stochastic_normalized_fragility,stochastic_normalized_loo_fragility,1515,134,1375,4.75488529202994,1375,180,20,True,T1036 - Defense Evasion: Masquerading,0.0001647439364052,{}
stochastic_normalized_fragility,stochastic_normalized_loo_fragility,1515,135,1385,5.406820500036702,1385,180,20,True,TA0011 - Command-and-Control,0.000289815482257,{}
stochastic_normalized_fragility,stochastic_normalized_loo_fragility,1515,136,1395,4.209238165989518,1395,180,20,True,TA0011 - Command-and-Control,0.000306414422108,{}
stochastic_normalized_fragility,stochastic_normalized_loo_fragility,1515,137,1405,11.114792208070869,1405,180,20,True,T1498.002 - Impact: Reflection/Amplification Attack,0.0003142898781288,{}
stochastic_normalized_fragility,stochastic_normalized_loo_fragility,1515,138,1415,8.048265916993842,1415,180,20,True,T1036 - Defense Evasion: Masquerading,0.0003377250562102,{}
stochastic_normalized_fragility,stochastic_normalized_loo_fragility,1515,139,1425,7.918221666943282,1425,180,20,True,T1036 - Defense Evasion: Masquerading,0.0004019038337734,{}
stochastic_normalized_fragility,stochastic_normalized_loo_fragility,1515,140,1435,7.5437650410458446,1435,180,20,True,T1036 - Defense Evasion: Masquerading,0.0003846229958808,{}
stochastic_normalized_fragility,stochastic_normalized_loo_fragility,1515,141,1445,7.638396124937572,1445,180,20,True,TA0011 - Command-and-Control,0.0003337981483222,{}
stochastic_normalized_fragility,stochastic_normalized_loo_fragility,1515,142,1455,6.463005500030704,1455,180,20,True,TA0011 - Command-and-Control,0.0003204112970051,{}
stochastic_normalized_fragility,stochastic_normalized_loo_fragility,1515,143,1465,6.458458625013009,1465,180,20,True,TA0011 - Command-and-Control,0.0004052383862805,{}
stochastic_normalized_fragility,stochastic_normalized_loo_fragility,1515,144,1475,6.062324833008461,1475,180,20,True,T1036 - Defense Evasion: Masquerading,0.0002375403542963,{}
stochastic_normalized_fragility,stochastic_normalized_loo_fragility,1515,145,1485,6.261959458002821,1485,180,20,True,T1036 - Defense Evasion: Masquerading,0.0002080710609301,{}
stochastic_normalized_fragility,stochastic_normalized_loo_fragility,1515,146,1495,6.826619667001069,1495,180,20,True,T1036 - Defense Evasion: Masquerading,0.0002291208656369,{}
stochastic_normalized_fragility,stochastic_normalized_loo_fragility,1515,147,1505,6.420913334004581,1505,180,20,True,T1590 - Reconnaissance: Gather Victim Network Information,0.0003265643719991,{}
stochastic_normalized_fragility,stochastic_normalized_loo_fragility,1515,148,1515,6.389200250036083,1515,180,20,True,TA0011 - Command-and-Control,0.0002557555296927,{}
stochastic_normalized_fragility,stochastic_normalized_loo_fragility,1515,149,1525,6.552939250017516,1525,180,20,True,TA0011 - Command-and-Control,0.0001831416095162,{}
stochastic_normalized_fragility,stochastic_normalized_loo_fragility,1515,150,1535,6.578568457975052,1535,180,20,True,TA0011 - Command-and-Control,0.0001848032202556,{}
stochastic_normalized_fragility,stochastic_normalized_loo_fragility,1515,151,1545,7.30638645903673,1545,180,20,True,T1036 - Defense Evasion: Masquerading,0.0003566445539238,{}
stochastic_normalized_fragility,stochastic_normalized_loo_fragility,1515,152,1555,6.827502792002633,1555,180,20,True,T1036 - Defense Evasion: Masquerading,0.0003402742123398,{}
stochastic_normalized_fragility,stochastic_normalized_loo_fragility,1515,153,1565,7.008015749976039,1565,180,20,True,T1036 - Defense Evasion: Masquerading,0.0002437183702674,{}
stochastic_normalized_fragility,stochastic_normalized_loo_fragility,1515,154,1575,7.099761249963194,1575,180,20,True,T1036 - Defense Evasion: Masquerading,0.0002320441774534,{}
stochastic_normalized_fragility,stochastic_normalized_loo_fragility,1515,155,1585,7.4512975830584764,1585,180,20,True,TA0011 - Command-and-Control,0.0003358228235894,{}
stochastic_normalized_fragility,stochastic_normalized_loo_fragility,1515,156,1595,7.579911459004507,1595,180,20,True,T1036 - Defense Evasion: Masquerading,0.0002445832928247,{}
stochastic_normalized_fragility,stochastic_normalized_loo_fragility,1515,157,1605,6.869285166962072,1605,180,20,True,TA0011 - Command-and-Control,0.0002743640328741,{}
stochastic_normalized_fragility,stochastic_normalized_loo_fragility,1515,158,1615,7.029788582934998,1615,180,20,True,TA0011 - Command-and-Control,0.0002700356248375,{}
stochastic_normalized_fragility,stochastic_normalized_loo_fragility,1515,159,1625,7.21805787505582,1625,180,20,True,T1595 - Reconnaissance: Active Scanning,0.0002394620852637,{}
stochastic_normalized_fragility,stochastic_normalized_loo_fragility,1515,160,1635,6.978196499985643,1635,180,20,True,TA0011 - Command-and-Control,0.00021747246497,{}
stochastic_normalized_fragility,stochastic_normalized_loo_fragility,1515,161,1645,7.670012999908067,1645,180,20,True,T1036 - Defense Evasion: Masquerading,0.0001755838015309,{}
stochastic_normalized_fragility,stochastic_normalized_loo_fragility,1515,162,1655,7.525523041957058,1655,180,20,True,T1583.005 - Resource Development: Acquire Botnet,0.0001764214331949,{}
stochastic_normalized_fragility,stochastic_normalized_loo_fragility,1515,163,1665,7.292620916035958,1665,180,20,True,T1498.002 - Impact: Reflection/Amplification Attack,0.0001632619839021,{}
stochastic_normalized_fragility,stochastic_normalized_loo_fragility,1515,164,1675,7.605979583924636,1675,180,20,True,T1583.005 - Resource Development: Acquire Botnet,0.0002496731078808,{}
stochastic_normalized_fragility,stochastic_normalized_loo_fragility,1515,165,1685,7.746340833022259,1685,180,20,True,T1583.005 - Resource Development: Acquire Botnet,0.00024487153233,{}
stochastic_normalized_fragility,stochastic_normalized_loo_fragility,1515,166,1695,7.748383334022947,1695,180,20,True,T1583.005 - Resource Development: Acquire Botnet,0.0002356609585953,{}
stochastic_normalized_fragility,stochastic_normalized_loo_fragility,1515,167,1705,7.30403891694732,1705,180,20,True,T1583.005 - Resource Development: Acquire Botnet,0.0002222394017658,{}
stochastic_normalized_fragility,stochastic_normalized_loo_fragility,1515,168,1715,8.14347904198803,1715,180,20,True,T1584.005 - Resource Development: Build/Compromise Botnet,0.0002252634206624,{}
stochastic_normalized_fragility,stochastic_normalized_loo_fragility,1515,169,1725,7.767941791913472,1725,180,20,True,T1584.005 - Resource Development: Build/Compromise Botnet,0.0003893087170765,{}
stochastic_normalized_fragility,stochastic_normalized_loo_fragility,1515,170,1735,8.126511541078798,1735,180,20,True,T1036 - Defense Evasion: Masquerading,0.0002132586820864,{}
stochastic_normalized_fragility,stochastic_normalized_loo_fragility,1515,171,1745,7.923908666940406,1745,180,20,True,T1036 - Defense Evasion: Masquerading,0.0001948758214739,{}
stochastic_normalized_fragility,stochastic_normalized_loo_fragility,1515,172,1755,7.447766750003211,1755,180,20,True,T1036 - Defense Evasion: Masquerading,0.0003393253998446,{}
stochastic_normalized_fragility,stochastic_normalized_loo_fragility,1515,173,1765,7.662235458032228,1765,180,20,True,T1036 - Defense Evasion: Masquerading,0.0003317845689655,{}
stochastic_normalized_fragility,stochastic_normalized_loo_fragility,1515,174,1775,7.619329665903933,1775,180,20,True,T1036 - Defense Evasion: Masquerading,0.0003032228914455,{}
stochastic_normalized_fragility,stochastic_normalized_loo_fragility,1515,175,1785,8.118237417074852,1785,180,20,True,T1036 - Defense Evasion: Masquerading,0.0003211614689174,{}
stochastic_normalized_fragility,stochastic_normalized_loo_fragility,1515,176,1795,7.392882666084915,1795,180,20,True,T1036 - Defense Evasion: Masquerading,0.000341981124167,{}
stochastic_normalized_fragility,stochastic_normalized_loo_fragility,1616,1,45,0.8182564580347389,45,45,20,False,T1584.005 - Resource Development: Build/Compromise Botnet,0.0007349864173294,{}
stochastic_normalized_fragility,stochastic_normalized_loo_fragility,1616,2,55,0.8904868330573663,55,55,20,False,T1498.002 - Impact: Reflection/Amplification Attack,0.0007945979243179,{}
stochastic_normalized_fragility,stochastic_normalized_loo_fragility,1616,3,65,1.085164292016998,65,65,20,False,T1584.005 - Resource Development: Build/Compromise Botnet,0.0004602847172239,{}
stochastic_normalized_fragility,stochastic_normalized_loo_fragility,1616,4,75,1.3687686249613762,75,75,20,False,T1498.001 - Impact: Direct Network Flood,0.0002561290969674,{}
stochastic_normalized_fragility,stochastic_normalized_loo_fragility,1616,5,85,1.37665420898702,85,85,20,False,T1590 - Reconnaissance: Gather Victim Network Information,0.000300823149101,{}
stochastic_normalized_fragility,stochastic_normalized_loo_fragility,1616,6,95,1.7562547080451625,95,95,20,False,T1036 - Defense Evasion: Masquerading,0.0002558972930501,{}
stochastic_normalized_fragility,stochastic_normalized_loo_fragility,1616,7,105,1.6387930000200868,105,105,20,False,T1583.005 - Resource Development: Acquire Botnet,0.0002061052214352,{}
stochastic_normalized_fragility,stochastic_normalized_loo_fragility,1616,8,115,1.9664925830438733,115,115,20,False,TA0011 - Command-and-Control,0.0003048782134951,{}
stochastic_normalized_fragility,stochastic_normalized_loo_fragility,1616,9,125,2.1100152500439435,125,125,20,False,TA0011 - Command-and-Control,0.0003613968892527,{}
stochastic_normalized_fragility,stochastic_normalized_loo_fragility,1616,10,135,2.4387517920695245,135,135,20,False,TA0011 - Command-and-Control,0.0002724273376385,{}
stochastic_normalized_fragility,stochastic_normalized_loo_fragility,1616,11,145,2.393170000053942,145,144,20,True,TA0011 - Command-and-Control,0.0002386228138477,{}
stochastic_normalized_fragility,stochastic_normalized_loo_fragility,1616,12,155,2.6061252920189872,155,151,20,True,T1590 - Reconnaissance: Gather Victim Network Information,0.0004227919609464,{}
stochastic_normalized_fragility,stochastic_normalized_loo_fragility,1616,13,165,3.5176821660716087,165,159,20,True,TA0011 - Command-and-Control,0.0004730173241938,{}
stochastic_normalized_fragility,stochastic_normalized_loo_fragility,1616,14,175,3.698437041020952,175,167,20,True,T1584.005 - Resource Development: Build/Compromise Botnet,0.0003811864850142,{}
stochastic_normalized_fragility,stochastic_normalized_loo_fragility,1616,15,185,3.2124214159557596,185,172,20,True,T1036 - Defense Evasion: Masquerading,0.0002209888573602,{}
stochastic_normalized_fragility,stochastic_normalized_loo_fragility,1616,16,195,3.743280833004974,195,176,20,True,T1583.005 - Resource Development: Acquire Botnet,0.0002022507016166,{}
stochastic_normalized_fragility,stochastic_normalized_loo_fragility,1616,17,205,3.1676710420288146,205,177,20,True,T1036 - Defense Evasion: Masquerading,0.000175235216065,{}
stochastic_normalized_fragility,stochastic_normalized_loo_fragility,1616,18,215,3.2215001250151545,215,178,20,True,T1583.005 - Resource Development: Acquire Botnet,0.0001736644357728,{}
stochastic_normalized_fragility,stochastic_normalized_loo_fragility,1616,19,225,3.639273750013672,225,180,20,True,T1583.005 - Resource Development: Acquire Botnet,0.0001945862485773,{}
stochastic_normalized_fragility,stochastic_normalized_loo_fragility,1616,20,235,3.773622042033822,235,180,20,True,T1583.005 - Resource Development: Acquire Botnet,0.0002412282793602,{}
stochastic_normalized_fragility,stochastic_normalized_loo_fragility,1616,21,245,3.6764604169875383,245,180,20,True,T1583.005 - Resource Development: Acquire Botnet,0.0001838036800671,{}
stochastic_normalized_fragility,stochastic_normalized_loo_fragility,1616,22,255,3.264354708022438,255,180,20,True,T1036 - Defense Evasion: Masquerading,0.0001541568523216,{}
stochastic_normalized_fragility,stochastic_normalized_loo_fragility,1616,23,265,3.503530666930601,265,180,20,True,T1583.005 - Resource Development: Acquire Botnet,0.0001899131476661,{}
stochastic_normalized_fragility,stochastic_normalized_loo_fragility,1616,24,275,2.7087823749752715,275,180,20,True,T1583.005 - Resource Development: Acquire Botnet,0.0001638846450628,{}
stochastic_normalized_fragility,stochastic_normalized_loo_fragility,1616,25,285,2.5042830830207095,285,180,20,True,T1583.005 - Resource Development: Acquire Botnet,0.00018248764962,{}
stochastic_normalized_fragility,stochastic_normalized_loo_fragility,1616,26,295,2.4775617090053856,295,180,20,True,T1036 - Defense Evasion: Masquerading,0.0001565185388687,{}
stochastic_normalized_fragility,stochastic_normalized_loo_fragility,1616,27,305,2.4631710830144584,305,180,20,True,T1498.002 - Impact: Reflection/Amplification Attack,0.0002227074144319,{}
stochastic_normalized_fragility,stochastic_normalized_loo_fragility,1616,28,315,2.5299165829783306,315,180,20,True,TA0011 - Command-and-Control,0.00022021977419,{}
stochastic_normalized_fragility,stochastic_normalized_loo_fragility,1616,29,325,2.582002291921526,325,180,20,True,T1036 - Defense Evasion: Masquerading,0.0002171485843121,{}
stochastic_normalized_fragility,stochastic_normalized_loo_fragility,1616,30,335,3.629814333049581,335,180,20,True,T1583.005 - Resource Development: Acquire Botnet,0.0001867697703588,{}
stochastic_normalized_fragility,stochastic_normalized_loo_fragility,1616,31,345,3.586073208018206,345,180,20,True,T1583.005 - Resource Development: Acquire Botnet,0.0002253162637738,{}
stochastic_normalized_fragility,stochastic_normalized_loo_fragility,1616,32,355,3.6733778339112177,355,180,20,True,T1036 - Defense Evasion: Masquerading,0.0001824708004296,{}
stochastic_normalized_fragility,stochastic_normalized_loo_fragility,1616,33,365,3.781606666976586,365,180,20,True,T1583.005 - Resource Development: Acquire Botnet,0.0001974331767852,{}
stochastic_normalized_fragility,stochastic_normalized_loo_fragility,1616,34,375,3.7730167080881074,375,180,20,True,T1583.005 - Resource Development: Acquire Botnet,0.0002408927051201,{}
stochastic_normalized_fragility,stochastic_normalized_loo_fragility,1616,35,385,4.368822416989133,385,180,20,True,T1590 - Reconnaissance: Gather Victim Network Information,0.0003298671312593,{}
stochastic_normalized_fragility,stochastic_normalized_loo_fragility,1616,36,395,4.997868957929313,395,180,20,True,T1583.005 - Resource Development: Acquire Botnet,0.0002485597508552,{}
stochastic_normalized_fragility,stochastic_normalized_loo_fragility,1616,37,405,4.756783375050873,405,180,20,True,T1590 - Reconnaissance: Gather Victim Network Information,0.0003173255004083,{}
stochastic_normalized_fragility,stochastic_normalized_loo_fragility,1616,38,415,4.276315916911699,415,180,20,True,T1583.005 - Resource Development: Acquire Botnet,0.0002918553529034,{}
stochastic_normalized_fragility,stochastic_normalized_loo_fragility,1616,39,425,4.07454708404839,425,180,20,True,T1036 - Defense Evasion: Masquerading,0.0003337774597263,{}
stochastic_normalized_fragility,stochastic_normalized_loo_fragility,1616,40,435,4.408807207946666,435,180,20,True,T1036 - Defense Evasion: Masquerading,0.0003099591690365,{}
stochastic_normalized_fragility,stochastic_normalized_loo_fragility,1616,41,445,4.195032292045653,445,180,20,True,T1498.001 - Impact: Direct Network Flood,0.0003275622879957,{}
stochastic_normalized_fragility,stochastic_normalized_loo_fragility,1616,42,455,5.337868124945089,455,180,20,True,T1036 - Defense Evasion: Masquerading,0.0002655084043072,{}
stochastic_normalized_fragility,stochastic_normalized_loo_fragility,1616,43,465,4.404541416908614,465,180,20,True,T1036 - Defense Evasion: Masquerading,0.0002078308208481,{}
stochastic_normalized_fragility,stochastic_normalized_loo_fragility,1616,44,475,4.317324499948882,475,180,20,True,T1036 - Defense Evasion: Masquerading,0.0003146382407113,{}
stochastic_normalized_fragility,stochastic_normalized_loo_fragility,1616,45,485,4.592694958089851,485,180,20,True,T1583.005 - Resource Development: Acquire Botnet,0.0001617536672651,{}
stochastic_normalized_fragility,stochastic_normalized_loo_fragility,1616,46,495,4.338956875028089,495,180,20,True,T1583.005 - Resource Development: Acquire Botnet,0.0001604477141392,{}
stochastic_normalized_fragility,stochastic_normalized_loo_fragility,1616,47,505,5.9059600830078125,505,180,20,True,T1036 - Defense Evasion: Masquerading,0.0001945153018646,{}
stochastic_normalized_fragility,stochastic_normalized_loo_fragility,1616,48,515,6.066245416062884,515,180,20,True,T1590 - Reconnaissance: Gather Victim Network Information,0.0003042867680529,{}
stochastic_normalized_fragility,stochastic_normalized_loo_fragility,1616,49,525,5.821944499970414,525,180,20,True,TA0011 - Command-and-Control,0.0003604401720903,{}
stochastic_normalized_fragility,stochastic_normalized_loo_fragility,1616,50,535,4.582890667021275,535,180,20,True,T1036 - Defense Evasion: Masquerading,0.0002037218771096,{}
stochastic_normalized_fragility,stochastic_normalized_loo_fragility,1616,51,545,5.4890829579671845,545,180,20,True,T1036 - Defense Evasion: Masquerading,0.0002675537166681,{}
stochastic_normalized_fragility,stochastic_normalized_loo_fragility,1616,52,555,5.289558583055623,555,180,20,True,T1036 - Defense Evasion: Masquerading,0.0002451657405891,{}
stochastic_normalized_fragility,stochastic_normalized_loo_fragility,1616,53,565,4.962920374935493,565,180,20,True,T1590 - Reconnaissance: Gather Victim Network Information,0.0003152755542789,{}
stochastic_normalized_fragility,stochastic_normalized_loo_fragility,1616,54,575,4.986744667054154,575,180,20,True,TA0011 - Command-and-Control,0.0002388067024884,{}
stochastic_normalized_fragility,stochastic_normalized_loo_fragility,1616,55,585,5.249883458018303,585,180,20,True,TA0011 - Command-and-Control,0.000566174971011,{}
stochastic_normalized_fragility,stochastic_normalized_loo_fragility,1616,56,595,6.2979043329833075,595,180,20,True,T1590 - Reconnaissance: Gather Victim Network Information,0.0003904071927415,{}
stochastic_normalized_fragility,stochastic_normalized_loo_fragility,1616,57,605,4.740524749970064,605,180,20,True,T1036 - Defense Evasion: Masquerading,0.0002476661414919,{}
stochastic_normalized_fragility,stochastic_normalized_loo_fragility,1616,58,615,4.620249415980652,615,180,20,True,T1036 - Defense Evasion: Masquerading,0.0002738254298644,{}
stochastic_normalized_fragility,stochastic_normalized_loo_fragility,1616,59,625,4.434881041990593,625,180,20,True,T1583.005 - Resource Development: Acquire Botnet,0.0002065345462335,{}
stochastic_normalized_fragility,stochastic_normalized_loo_fragility,1616,60,635,4.562361542019062,635,180,20,True,T1583.005 - Resource Development: Acquire Botnet,0.0002433608407005,{}
stochastic_normalized_fragility,stochastic_normalized_loo_fragility,1616,61,645,4.826490625040606,645,180,20,True,T1583.005 - Resource Development: Acquire Botnet,0.000165936997025,{}
stochastic_normalized_fragility,stochastic_normalized_loo_fragility,1616,62,655,4.745539417024702,655,180,20,True,T1583.005 - Resource Development: Acquire Botnet,0.0001952206616808,{}
stochastic_normalized_fragility,stochastic_normalized_loo_fragility,1616,63,665,5.114319417043589,665,180,20,True,T1583.005 - Resource Development: Acquire Botnet,0.0002129311288247,{}
stochastic_normalized_fragility,stochastic_normalized_loo_fragility,1616,64,675,4.525369832990691,675,180,20,True,T1583.005 - Resource Development: Acquire Botnet,0.0002245516007052,{}
stochastic_normalized_fragility,stochastic_normalized_loo_fragility,1616,65,685,4.688379624974914,685,180,20,True,T1583.005 - Resource Development: Acquire Botnet,0.0001885182340717,{}
stochastic_normalized_fragility,stochastic_normalized_loo_fragility,1616,66,695,4.672225541900843,695,180,20,True,T1583.005 - Resource Development: Acquire Botnet,0.0002661872220924,{}
stochastic_normalized_fragility,stochastic_normalized_loo_fragility,1616,67,705,4.757071707979776,705,180,20,True,T1590 - Reconnaissance: Gather Victim Network Information,0.000285662495804,{}
stochastic_normalized_fragility,stochastic_normalized_loo_fragility,1616,68,715,4.744653875008225,715,180,20,True,T1590 - Reconnaissance: Gather Victim Network Information,0.0002030204711105,{}
stochastic_normalized_fragility,stochastic_normalized_loo_fragility,1616,69,725,4.724689665948972,725,180,20,True,T1036 - Defense Evasion: Masquerading,0.0002854226205583,{}
stochastic_normalized_fragility,stochastic_normalized_loo_fragility,1616,70,735,5.044345041969791,735,180,20,True,T1584.005 - Resource Development: Build/Compromise Botnet,0.0004256307690825,{}
stochastic_normalized_fragility,stochastic_normalized_loo_fragility,1616,71,745,5.364973917021416,745,180,20,True,T1036 - Defense Evasion: Masquerading,0.0003326621123993,{}
stochastic_normalized_fragility,stochastic_normalized_loo_fragility,1616,72,755,4.705379499937408,755,180,20,True,T1036 - Defense Evasion: Masquerading,0.0002124453605218,{}
stochastic_normalized_fragility,stochastic_normalized_loo_fragility,1616,73,765,4.806262457976118,765,180,20,True,T1036 - Defense Evasion: Masquerading,0.0001842248210644,{}
stochastic_normalized_fragility,stochastic_normalized_loo_fragility,1616,74,775,4.891485917032696,775,180,20,True,T1036 - Defense Evasion: Masquerading,0.0002504660653373,{}
stochastic_normalized_fragility,stochastic_normalized_loo_fragility,1616,75,785,4.914986709016375,785,180,20,True,T1583.005 - Resource Development: Acquire Botnet,0.0002066544778044,{}
stochastic_normalized_fragility,stochastic_normalized_loo_fragility,1616,76,795,4.630873874993995,795,180,20,True,T1036 - Defense Evasion: Masquerading,0.0002647559154236,{}
stochastic_normalized_fragility,stochastic_normalized_loo_fragility,1616,77,805,5.459244708064944,805,180,20,True,T1036 - Defense Evasion: Masquerading,0.0002379954105416,{}
stochastic_normalized_fragility,stochastic_normalized_loo_fragility,1616,78,815,4.812635291949846,815,180,20,True,T1036 - Defense Evasion: Masquerading,0.0003049180115735,{}
stochastic_normalized_fragility,stochastic_normalized_loo_fragility,1616,79,825,4.745291791041382,825,180,20,True,T1036 - Defense Evasion: Masquerading,0.0004032387465849,{}
stochastic_normalized_fragility,stochastic_normalized_loo_fragility,1616,80,835,4.812946958933026,835,180,20,True,T1036 - Defense Evasion: Masquerading,0.0003818072587519,{}
stochastic_normalized_fragility,stochastic_normalized_loo_fragility,1616,81,845,4.69560845894739,845,180,20,True,T1584.005 - Resource Development: Build/Compromise Botnet,0.0002133833941127,{}
stochastic_normalized_fragility,stochastic_normalized_loo_fragility,1616,82,855,4.790653625037521,855,180,20,True,T1036 - Defense Evasion: Masquerading,0.0002992502784093,{}
stochastic_normalized_fragility,stochastic_normalized_loo_fragility,1616,83,865,4.877704291953705,865,180,20,True,T1583.005 - Resource Development: Acquire Botnet,0.000237368681356,{}
stochastic_normalized_fragility,stochastic_normalized_loo_fragility,1616,84,875,5.507080334005877,875,180,20,True,TA0011 - Command-and-Control,0.0002399614206759,{}
stochastic_normalized_fragility,stochastic_normalized_loo_fragility,1616,85,885,5.311948584043421,885,180,20,True,TA0011 - Command-and-Control,0.0003008044744305,{}
stochastic_normalized_fragility,stochastic_normalized_loo_fragility,1616,86,895,5.629715292016044,895,180,20,True,TA0011 - Command-and-Control,0.0003059996954031,{}
stochastic_normalized_fragility,stochastic_normalized_loo_fragility,1616,87,905,4.821760541060939,905,180,20,True,T1036 - Defense Evasion: Masquerading,0.0003409603387784,{}
stochastic_normalized_fragility,stochastic_normalized_loo_fragility,1616,88,915,4.970414791954681,915,180,20,True,T1583.005 - Resource Development: Acquire Botnet,0.0002340724338231,{}
stochastic_normalized_fragility,stochastic_normalized_loo_fragility,1616,89,925,4.762198250042275,925,180,20,True,T1036 - Defense Evasion: Masquerading,0.0002614119052056,{}
stochastic_normalized_fragility,stochastic_normalized_loo_fragility,1616,90,935,4.959181666956283,935,180,20,True,T1036 - Defense Evasion: Masquerading,0.0002358088595254,{}
stochastic_normalized_fragility,stochastic_normalized_loo_fragility,1616,91,945,5.695438541006297,945,180,20,True,TA0011 - Command-and-Control,0.0002417315104004,{}
stochastic_normalized_fragility,stochastic_normalized_loo_fragility,1616,92,955,4.95311712496914,955,180,20,True,T1583.005 - Resource Development: Acquire Botnet,0.0002053629429779,{}
stochastic_normalized_fragility,stochastic_normalized_loo_fragility,1616,93,965,5.058205583947711,965,180,20,True,T1036 - Defense Evasion: Masquerading,0.000297613475575,{}
stochastic_normalized_fragility,stochastic_normalized_loo_fragility,1616,94,975,5.179436875041574,975,180,20,True,T1590 - Reconnaissance: Gather Victim Network Information,0.0003989900588655,{}
stochastic_normalized_fragility,stochastic_normalized_loo_fragility,1616,95,985,4.961946374969557,985,180,20,True,T1036 - Defense Evasion: Masquerading,0.0002674125870894,{}
stochastic_normalized_fragility,stochastic_normalized_loo_fragility,1616,96,995,4.909431375097483,995,180,20,True,T1590 - Reconnaissance: Gather Victim Network Information,0.000242942466057,{}
stochastic_normalized_fragility,stochastic_normalized_loo_fragility,1616,97,1005,5.439667708007619,1005,180,20,True,T1036 - Defense Evasion: Masquerading,0.0004233020663247,{}
stochastic_normalized_fragility,stochastic_normalized_loo_fragility,1616,98,1015,5.128461958025582,1015,180,20,True,T1583.005 - Resource Development: Acquire Botnet,0.0002620445713108,{}
stochastic_normalized_fragility,stochastic_normalized_loo_fragility,1616,99,1025,4.97052616707515,1025,180,20,True,T1583.005 - Resource Development: Acquire Botnet,0.0002840629095373,{}
stochastic_normalized_fragility,stochastic_normalized_loo_fragility,1616,100,1035,5.2882659590104595,1035,180,20,True,T1036 - Defense Evasion: Masquerading,0.0002223217807416,{}
stochastic_normalized_fragility,stochastic_normalized_loo_fragility,1616,101,1045,5.415356375044212,1045,180,20,True,T1036 - Defense Evasion: Masquerading,0.0002725417412637,{}
stochastic_normalized_fragility,stochastic_normalized_loo_fragility,1616,102,1055,4.726488166954368,1055,180,20,True,T1583.005 - Resource Development: Acquire Botnet,0.0002189755367843,{}
stochastic_normalized_fragility,stochastic_normalized_loo_fragility,1616,103,1065,5.083491500001401,1065,180,20,True,T1583.005 - Resource Development: Acquire Botnet,0.0002637998878704,{}
stochastic_normalized_fragility,stochastic_normalized_loo_fragility,1616,104,1075,4.73476862499956,1075,180,20,True,T1036 - Defense Evasion: Masquerading,0.0001725463416626,{}
stochastic_normalized_fragility,stochastic_normalized_loo_fragility,1616,105,1085,4.805305000045337,1085,180,20,True,T1583.005 - Resource Development: Acquire Botnet,0.0001942691408292,{}
stochastic_normalized_fragility,stochastic_normalized_loo_fragility,1616,106,1095,5.400336457998492,1095,180,20,True,T1583.005 - Resource Development: Acquire Botnet,0.0001834216106469,{}
stochastic_normalized_fragility,stochastic_normalized_loo_fragility,1616,107,1105,5.319448166992515,1105,180,20,True,TA0011 - Command-and-Control,0.000228119055236,{}
stochastic_normalized_fragility,stochastic_normalized_loo_fragility,1616,108,1115,5.20730604196433,1115,180,20,True,T1036 - Defense Evasion: Masquerading,0.0002897886807431,{}
stochastic_normalized_fragility,stochastic_normalized_loo_fragility,1616,109,1125,4.846933999913745,1125,180,20,True,T1036 - Defense Evasion: Masquerading,0.0001714117451369,{}
stochastic_normalized_fragility,stochastic_normalized_loo_fragility,1616,110,1135,5.289503624895588,1135,180,20,True,TA0011 - Command-and-Control,0.0002568535820895,{}
stochastic_normalized_fragility,stochastic_normalized_loo_fragility,1616,111,1145,5.36910341703333,1145,180,20,True,T1036 - Defense Evasion: Masquerading,0.0002212324180793,{}
stochastic_normalized_fragility,stochastic_normalized_loo_fragility,1616,112,1155,5.726777917006984,1155,180,20,True,T1036 - Defense Evasion: Masquerading,0.000247053520504,{}
stochastic_normalized_fragility,stochastic_normalized_loo_fragility,1616,113,1165,5.405104791978374,1165,180,20,True,T1036 - Defense Evasion: Masquerading,0.0003243015480099,{}
stochastic_normalized_fragility,stochastic_normalized_loo_fragility,1616,114,1175,5.197618499980308,1175,180,20,True,T1036 - Defense Evasion: Masquerading,0.0004130584572128,{}
stochastic_normalized_fragility,stochastic_normalized_loo_fragility,1616,115,1185,5.02567716606427,1185,180,20,True,T1036 - Defense Evasion: Masquerading,0.0003026651370048,{}
stochastic_normalized_fragility,stochastic_normalized_loo_fragility,1616,116,1195,5.830729042063467,1195,180,20,True,T1036 - Defense Evasion: Masquerading,0.0002925323837734,{}
stochastic_normalized_fragility,stochastic_normalized_loo_fragility,1616,117,1205,5.844977166969329,1205,180,20,True,T1036 - Defense Evasion: Masquerading,0.0002344744242358,{}
stochastic_normalized_fragility,stochastic_normalized_loo_fragility,1616,118,1215,6.811655208002776,1215,180,20,True,T1036 - Defense Evasion: Masquerading,0.0002914916609293,{}
stochastic_normalized_fragility,stochastic_normalized_loo_fragility,1616,119,1225,6.02670762501657,1225,180,20,True,T1036 - Defense Evasion: Masquerading,0.000216844250522,{}
stochastic_normalized_fragility,stochastic_normalized_loo_fragility,1616,120,1235,5.973014999995939,1235,180,20,True,T1036 - Defense Evasion: Masquerading,0.0003330938113946,{}
stochastic_normalized_fragility,stochastic_normalized_loo_fragility,1616,121,1245,5.52376941696275,1245,180,20,True,T1036 - Defense Evasion: Masquerading,0.0003246228794348,{}
stochastic_normalized_fragility,stochastic_normalized_loo_fragility,1616,122,1255,5.559103791019879,1255,180,20,True,T1036 - Defense Evasion: Masquerading,0.0003627371236836,{}
stochastic_normalized_fragility,stochastic_normalized_loo_fragility,1616,123,1265,5.356985041988082,1265,180,20,True,T1036 - Defense Evasion: Masquerading,0.0004179731125985,{}
stochastic_normalized_fragility,stochastic_normalized_loo_fragility,1616,124,1275,5.786791541031562,1275,180,20,True,TA0011 - Command-and-Control,0.0004313518643035,{}
stochastic_normalized_fragility,stochastic_normalized_loo_fragility,1616,125,1285,5.487109874957241,1285,180,20,True,T1036 - Defense Evasion: Masquerading,0.0003481316469334,{}
stochastic_normalized_fragility,stochastic_normalized_loo_fragility,1616,126,1295,5.3293855839874595,1295,180,20,True,T1036 - Defense Evasion: Masquerading,0.0001885968504044,{}
stochastic_normalized_fragility,stochastic_normalized_loo_fragility,1616,127,1305,5.652187875006348,1305,180,20,True,T1036 - Defense Evasion: Masquerading,0.0002418650847157,{}
stochastic_normalized_fragility,stochastic_normalized_loo_fragility,1616,128,1315,8.43981404195074,1315,180,20,True,T1583.005 - Resource Development: Acquire Botnet,0.0002379722069496,{}
stochastic_normalized_fragility,stochastic_normalized_loo_fragility,1616,129,1325,17.171990207978524,1325,180,20,True,T1583.005 - Resource Development: Acquire Botnet,0.0002014999046418,{}
stochastic_normalized_fragility,stochastic_normalized_loo_fragility,1616,130,1335,6.437385375029407,1335,180,20,True,T1583.005 - Resource Development: Acquire Botnet,0.0002525610253213,{}
stochastic_normalized_fragility,stochastic_normalized_loo_fragility,1616,131,1345,6.797337249969132,1345,180,20,True,T1583.005 - Resource Development: Acquire Botnet,0.0001929673674532,{}
stochastic_normalized_fragility,stochastic_normalized_loo_fragility,1616,132,1355,6.181914084008895,1355,180,20,True,T1036 - Defense Evasion: Masquerading,0.0001717200555167,{}
stochastic_normalized_fragility,stochastic_normalized_loo_fragility,1616,133,1365,5.513190208002925,1365,180,20,True,T1583.005 - Resource Development: Acquire Botnet,0.0002202927136984,{}
stochastic_normalized_fragility,stochastic_normalized_loo_fragility,1616,134,1375,4.820213541039266,1375,180,20,True,T1036 - Defense Evasion: Masquerading,0.0002725250796787,{}
stochastic_normalized_fragility,stochastic_normalized_loo_fragility,1616,135,1385,4.580404042033479,1385,180,20,True,T1036 - Defense Evasion: Masquerading,0.0002202722662447,{}
stochastic_normalized_fragility,stochastic_normalized_loo_fragility,1616,136,1395,5.03093320899643,1395,180,20,True,T1036 - Defense Evasion: Masquerading,0.0002483367532634,{}
stochastic_normalized_fragility,stochastic_normalized_loo_fragility,1616,137,1405,6.765778917004354,1405,180,20,True,T1036 - Defense Evasion: Masquerading,0.0001598995098731,{}
stochastic_normalized_fragility,stochastic_normalized_loo_fragility,1616,138,1415,10.735771500039846,1415,180,20,True,T1583.005 - Resource Development: Acquire Botnet,0.0001808274595972,{}
stochastic_normalized_fragility,stochastic_normalized_loo_fragility,1616,139,1425,8.278966874931939,1425,180,20,True,T1595 - Reconnaissance: Active Scanning,0.0002415245310163,{}
stochastic_normalized_fragility,stochastic_normalized_loo_fragility,1616,140,1435,6.803952167043462,1435,180,20,True,TA0011 - Command-and-Control,0.0001876765998467,{}
stochastic_normalized_fragility,stochastic_normalized_loo_fragility,1616,141,1445,7.996209625038318,1445,180,20,True,TA0011 - Command-and-Control,0.0004081529685825,{}
stochastic_normalized_fragility,stochastic_normalized_loo_fragility,1616,142,1455,7.374580541974865,1455,180,20,True,T1595 - Reconnaissance: Active Scanning,0.0006137695389997,{}
stochastic_normalized_fragility,stochastic_normalized_loo_fragility,1616,143,1465,6.507303708000109,1465,180,20,True,TA0011 - Command-and-Control,0.0002374214500914,{}
stochastic_normalized_fragility,stochastic_normalized_loo_fragility,1616,144,1475,6.364581999951042,1475,180,20,True,T1583.005 - Resource Development: Acquire Botnet,0.0002473552692458,{}
stochastic_normalized_fragility,stochastic_normalized_loo_fragility,1616,145,1485,6.549493375001475,1485,180,20,True,T1036 - Defense Evasion: Masquerading,0.0002627998953068,{}
stochastic_normalized_fragility,stochastic_normalized_loo_fragility,1616,146,1495,6.907487165997736,1495,180,20,True,TA0011 - Command-and-Control,0.0003209532130044,{}
stochastic_normalized_fragility,stochastic_normalized_loo_fragility,1616,147,1505,6.316201749956235,1505,180,20,True,TA0011 - Command-and-Control,0.0002412389476862,{}
stochastic_normalized_fragility,stochastic_normalized_loo_fragility,1616,148,1515,6.849910791032016,1515,180,20,True,TA0011 - Command-and-Control,0.0002653417235188,{}
stochastic_normalized_fragility,stochastic_normalized_loo_fragility,1616,149,1525,6.585108875064179,1525,180,20,True,TA0011 - Command-and-Control,0.0002043877391982,{}
stochastic_normalized_fragility,stochastic_normalized_loo_fragility,1616,150,1535,6.701900084037334,1535,180,20,True,TA0011 - Command-and-Control,0.0001804230419808,{}
stochastic_normalized_fragility,stochastic_normalized_loo_fragility,1616,151,1545,6.972336750011891,1545,180,20,True,T1498.002 - Impact: Reflection/Amplification Attack,0.0002680855534679,{}
stochastic_normalized_fragility,stochastic_normalized_loo_fragility,1616,152,1555,7.069210916990414,1555,180,20,True,T1590 - Reconnaissance: Gather Victim Network Information,0.0002837059951228,{}
stochastic_normalized_fragility,stochastic_normalized_loo_fragility,1616,153,1565,6.626281082979403,1565,180,20,True,T1590 - Reconnaissance: Gather Victim Network Information,0.0004445068540479,{}
stochastic_normalized_fragility,stochastic_normalized_loo_fragility,1616,154,1575,7.130490999901667,1575,180,20,True,TA0011 - Command-and-Control,0.0002451507066334,{}
stochastic_normalized_fragility,stochastic_normalized_loo_fragility,1616,155,1585,7.64244420803152,1585,180,20,True,T1595 - Reconnaissance: Active Scanning,0.0001369610632127,{}
stochastic_normalized_fragility,stochastic_normalized_loo_fragility,1616,156,1595,7.724041209090501,1595,180,20,True,TA0011 - Command-and-Control,0.0003242880420016,{}
stochastic_normalized_fragility,stochastic_normalized_loo_fragility,1616,157,1605,7.0794019169406965,1605,180,20,True,TA0011 - Command-and-Control,0.0002303608530997,{}
stochastic_normalized_fragility,stochastic_normalized_loo_fragility,1616,158,1615,7.174082458019257,1615,180,20,True,TA0011 - Command-and-Control,0.0001835397284047,{}
stochastic_normalized_fragility,stochastic_normalized_loo_fragility,1616,159,1625,6.90620166703593,1625,180,20,True,T1036 - Defense Evasion: Masquerading,0.0003846080266379,{}
stochastic_normalized_fragility,stochastic_normalized_loo_fragility,1616,160,1635,6.810356167028658,1635,180,20,True,T1498.002 - Impact: Reflection/Amplification Attack,0.000457252776445,{}
stochastic_normalized_fragility,stochastic_normalized_loo_fragility,1616,161,1645,7.80544795806054,1645,180,20,True,T1498.002 - Impact: Reflection/Amplification Attack,0.0003602118144821,{}
stochastic_normalized_fragility,stochastic_normalized_loo_fragility,1616,162,1655,7.631330083007924,1655,180,20,True,TA0011 - Command-and-Control,0.0004692697183352,{}
stochastic_normalized_fragility,stochastic_normalized_loo_fragility,1616,163,1665,7.15031616599299,1665,180,20,True,T1583.005 - Resource Development: Acquire Botnet,0.0003388587353811,{}
stochastic_normalized_fragility,stochastic_normalized_loo_fragility,1616,164,1675,7.220280333072878,1675,180,20,True,TA0011 - Command-and-Control,0.0003843320520091,{}
stochastic_normalized_fragility,stochastic_normalized_loo_fragility,1616,165,1685,7.20228045899421,1685,180,20,True,T1590 - Reconnaissance: Gather Victim Network Information,0.000406293368142,{}
stochastic_normalized_fragility,stochastic_normalized_loo_fragility,1616,166,1695,8.064382374985144,1695,180,20,True,T1590 - Reconnaissance: Gather Victim Network Information,0.0004015057872761,{}
stochastic_normalized_fragility,stochastic_normalized_loo_fragility,1616,167,1705,7.351502292091027,1705,180,20,True,T1036 - Defense Evasion: Masquerading,0.0002303977708385,{}
stochastic_normalized_fragility,stochastic_normalized_loo_fragility,1616,168,1715,8.307151957997121,1715,180,20,True,T1595 - Reconnaissance: Active Scanning,0.0003682760025493,{}
stochastic_normalized_fragility,stochastic_normalized_loo_fragility,1616,169,1725,7.704930874984711,1725,180,20,True,T1036 - Defense Evasion: Masquerading,0.0002586125160811,{}
stochastic_normalized_fragility,stochastic_normalized_loo_fragility,1616,170,1735,8.12002220901195,1735,180,20,True,T1036 - Defense Evasion: Masquerading,0.0002257542422888,{}
stochastic_normalized_fragility,stochastic_normalized_loo_fragility,1616,171,1745,7.727313042036258,1745,180,20,True,T1583.005 - Resource Development: Acquire Botnet,0.0002298915240486,{}
stochastic_normalized_fragility,stochastic_normalized_loo_fragility,1616,172,1755,7.5599006249103695,1755,180,20,True,T1036 - Defense Evasion: Masquerading,0.0003441217248601,{}
stochastic_normalized_fragility,stochastic_normalized_loo_fragility,1616,173,1765,7.473606124985963,1765,180,20,True,T1036 - Defense Evasion: Masquerading,0.0002264800836129,{}
stochastic_normalized_fragility,stochastic_normalized_loo_fragility,1616,174,1775,7.391362915979698,1775,180,20,True,T1036 - Defense Evasion: Masquerading,0.0003348472674457,{}
stochastic_normalized_fragility,stochastic_normalized_loo_fragility,1616,175,1785,8.251536375028081,1785,180,20,True,T1036 - Defense Evasion: Masquerading,0.0004068074941949,{}
stochastic_normalized_fragility,stochastic_normalized_loo_fragility,1616,176,1795,7.659626749926247,1795,180,20,True,T1036 - Defense Evasion: Masquerading,0.0003783108364442,{}
stochastic_normalized_fragility,stochastic_normalized_loo_fragility,1717,1,45,0.8004470830783248,45,45,20,False,T1498.002 - Impact: Reflection/Amplification Attack,0.0006808357894326,{}
stochastic_normalized_fragility,stochastic_normalized_loo_fragility,1717,2,55,0.8611321659991518,55,55,20,False,T1498.002 - Impact: Reflection/Amplification Attack,0.000754749438033,{}
stochastic_normalized_fragility,stochastic_normalized_loo_fragility,1717,3,65,1.0614424999803305,65,65,20,False,T1590 - Reconnaissance: Gather Victim Network Information,0.0005136627156968,{}
stochastic_normalized_fragility,stochastic_normalized_loo_fragility,1717,4,75,1.1959860000060871,75,75,20,False,T1036 - Defense Evasion: Masquerading,0.0002314776232995,{}
stochastic_normalized_fragility,stochastic_normalized_loo_fragility,1717,5,85,1.4767198329791429,85,85,20,False,T1583.005 - Resource Development: Acquire Botnet,0.0002438967122743,{}
stochastic_normalized_fragility,stochastic_normalized_loo_fragility,1717,6,95,1.6667932500131428,95,95,20,False,T1583.005 - Resource Development: Acquire Botnet,0.0003124925890909,{}
stochastic_normalized_fragility,stochastic_normalized_loo_fragility,1717,7,105,1.831407666904852,105,105,20,False,T1583.005 - Resource Development: Acquire Botnet,0.0003243932981682,{}
stochastic_normalized_fragility,stochastic_normalized_loo_fragility,1717,8,115,2.0915924590080976,115,115,20,False,T1583.005 - Resource Development: Acquire Botnet,0.0002718624771471,{}
stochastic_normalized_fragility,stochastic_normalized_loo_fragility,1717,9,125,1.9279270420083776,125,125,20,False,T1583.005 - Resource Development: Acquire Botnet,0.0003336405162652,{}
stochastic_normalized_fragility,stochastic_normalized_loo_fragility,1717,10,135,2.314454291947186,135,135,20,False,T1584.005 - Resource Development: Build/Compromise Botnet,0.0002255960160255,{}
stochastic_normalized_fragility,stochastic_normalized_loo_fragility,1717,11,145,2.5236787499161437,145,144,20,True,T1583.005 - Resource Development: Acquire Botnet,0.0001910807328465,{}
stochastic_normalized_fragility,stochastic_normalized_loo_fragility,1717,12,155,2.625713458051905,155,153,20,True,T1583.005 - Resource Development: Acquire Botnet,0.0001867552538625,{}
stochastic_normalized_fragility,stochastic_normalized_loo_fragility,1717,13,165,3.144629041897133,165,159,20,True,T1036 - Defense Evasion: Masquerading,0.0001857185088047,{}
stochastic_normalized_fragility,stochastic_normalized_loo_fragility,1717,14,175,3.754841417074203,175,168,20,True,TA0011 - Command-and-Control,0.0002712346721177,{}
stochastic_normalized_fragility,stochastic_normalized_loo_fragility,1717,15,185,3.4305580420186743,185,174,20,True,TA0011 - Command-and-Control,0.0002223931889968,{}
stochastic_normalized_fragility,stochastic_normalized_loo_fragility,1717,16,195,2.9419713329989463,195,177,20,True,T1036 - Defense Evasion: Masquerading,0.0001789527632972,{}
stochastic_normalized_fragility,stochastic_normalized_loo_fragility,1717,17,205,3.1358411670662463,205,178,20,True,T1583.005 - Resource Development: Acquire Botnet,0.0001603174004203,{}
stochastic_normalized_fragility,stochastic_normalized_loo_fragility,1717,18,215,3.4588781249476597,215,179,20,True,T1036 - Defense Evasion: Masquerading,0.0002210774951428,{}
stochastic_normalized_fragility,stochastic_normalized_loo_fragility,1717,19,225,3.696472582989372,225,180,20,True,T1036 - Defense Evasion: Masquerading,0.0002429750759545,{}
stochastic_normalized_fragility,stochastic_normalized_loo_fragility,1717,20,235,3.764464666019194,235,180,20,True,T1583.005 - Resource Development: Acquire Botnet,0.0002107815544956,{}
stochastic_normalized_fragility,stochastic_normalized_loo_fragility,1717,21,245,3.276067249942571,245,180,20,True,T1583.005 - Resource Development: Acquire Botnet,0.0001864088845484,{}
stochastic_normalized_fragility,stochastic_normalized_loo_fragility,1717,22,255,3.490796917001717,255,180,20,True,T1583.005 - Resource Development: Acquire Botnet,0.0002134299514423,{}
stochastic_normalized_fragility,stochastic_normalized_loo_fragility,1717,23,265,3.40059791598469,265,180,20,True,T1036 - Defense Evasion: Masquerading,0.0002091495169478,{}
stochastic_normalized_fragility,stochastic_normalized_loo_fragility,1717,24,275,3.1352695419918746,275,180,20,True,T1036 - Defense Evasion: Masquerading,0.0001895302789928,{}
stochastic_normalized_fragility,stochastic_normalized_loo_fragility,1717,25,285,2.56490812508855,285,180,20,True,TA0011 - Command-and-Control,0.0003102687576631,{}
stochastic_normalized_fragility,stochastic_normalized_loo_fragility,1717,26,295,2.4849036660743877,295,180,20,True,T1583.005 - Resource Development: Acquire Botnet,0.0002178128863868,{}
stochastic_normalized_fragility,stochastic_normalized_loo_fragility,1717,27,305,2.5443123339209706,305,180,20,True,T1583.005 - Resource Development: Acquire Botnet,0.0001551190823526,{}
stochastic_normalized_fragility,stochastic_normalized_loo_fragility,1717,28,315,2.544462916092016,315,180,20,True,T1583.005 - Resource Development: Acquire Botnet,0.0001602409935419,{}
stochastic_normalized_fragility,stochastic_normalized_loo_fragility,1717,29,325,2.545532083022408,325,180,20,True,TA0011 - Command-and-Control,0.0002254042492238,{}
stochastic_normalized_fragility,stochastic_normalized_loo_fragility,1717,30,335,3.6815515840426087,335,180,20,True,TA0011 - Command-and-Control,0.0003657910357223,{}
stochastic_normalized_fragility,stochastic_normalized_loo_fragility,1717,31,345,3.606923625105992,345,180,20,True,TA0011 - Command-and-Control,0.0003530167021966,{}
stochastic_normalized_fragility,stochastic_normalized_loo_fragility,1717,32,355,3.830887707998045,355,180,20,True,TA0011 - Command-and-Control,0.0004783467012118,{}
stochastic_normalized_fragility,stochastic_normalized_loo_fragility,1717,33,365,3.73529870796483,365,180,20,True,T1036 - Defense Evasion: Masquerading,0.0004249443459898,{}
stochastic_normalized_fragility,stochastic_normalized_loo_fragility,1717,34,375,3.821341041009873,375,180,20,True,T1036 - Defense Evasion: Masquerading,0.0004614713315001,{}
stochastic_normalized_fragility,stochastic_normalized_loo_fragility,1717,35,385,4.628266499959864,385,180,20,True,T1036 - Defense Evasion: Masquerading,0.0003003089121807,{}
stochastic_normalized_fragility,stochastic_normalized_loo_fragility,1717,36,395,5.052330708946101,395,180,20,True,T1036 - Defense Evasion: Masquerading,0.0003296656514998,{}
stochastic_normalized_fragility,stochastic_normalized_loo_fragility,1717,37,405,4.469339499948546,405,180,20,True,T1036 - Defense Evasion: Masquerading,0.0002959351391437,{}
stochastic_normalized_fragility,stochastic_normalized_loo_fragility,1717,38,415,4.259103666059673,415,180,20,True,T1583.005 - Resource Development: Acquire Botnet,0.0001975127633646,{}
stochastic_normalized_fragility,stochastic_normalized_loo_fragility,1717,39,425,4.401938874972984,425,180,20,True,T1583.005 - Resource Development: Acquire Botnet,0.0002515941460228,{}
stochastic_normalized_fragility,stochastic_normalized_loo_fragility,1717,40,435,4.393619374954142,435,180,20,True,T1036 - Defense Evasion: Masquerading,0.0002658253040242,{}
stochastic_normalized_fragility,stochastic_normalized_loo_fragility,1717,41,445,4.103462166036479,445,180,20,True,T1036 - Defense Evasion: Masquerading,0.0002598592024962,{}
stochastic_normalized_fragility,stochastic_normalized_loo_fragility,1717,42,455,5.417313499958254,455,180,20,True,T1036 - Defense Evasion: Masquerading,0.0001611914935799,{}
stochastic_normalized_fragility,stochastic_normalized_loo_fragility,1717,43,465,4.520127707975917,465,180,20,True,T1036 - Defense Evasion: Masquerading,0.0003149449901779,{}
stochastic_normalized_fragility,stochastic_normalized_loo_fragility,1717,44,475,4.159903040970676,475,180,20,True,T1036 - Defense Evasion: Masquerading,0.0002950224160086,{}
stochastic_normalized_fragility,stochastic_normalized_loo_fragility,1717,45,485,4.370528583996929,485,180,20,True,T1036 - Defense Evasion: Masquerading,0.0003682552734497,{}
stochastic_normalized_fragility,stochastic_normalized_loo_fragility,1717,46,495,4.5717783339787275,495,180,20,True,T1036 - Defense Evasion: Masquerading,0.0002008849998633,{}
stochastic_normalized_fragility,stochastic_normalized_loo_fragility,1717,47,505,5.302214875002392,505,180,20,True,T1583.005 - Resource Development: Acquire Botnet,0.0001740925868408,{}
stochastic_normalized_fragility,stochastic_normalized_loo_fragility,1717,48,515,6.759213334065862,515,180,20,True,T1584.005 - Resource Development: Build/Compromise Botnet,0.0002235637120016,{}
stochastic_normalized_fragility,stochastic_normalized_loo_fragility,1717,49,525,5.336103416979313,525,180,20,True,TA0011 - Command-and-Control,0.0001856753278918,{}
stochastic_normalized_fragility,stochastic_normalized_loo_fragility,1717,50,535,4.872088707983494,535,180,20,True,T1583.005 - Resource Development: Acquire Botnet,0.0002278861816635,{}
stochastic_normalized_fragility,stochastic_normalized_loo_fragility,1717,51,545,5.217953542014584,545,180,20,True,TA0011 - Command-and-Control,0.0002262396492666,{}
stochastic_normalized_fragility,stochastic_normalized_loo_fragility,1717,52,555,5.05989554093685,555,180,20,True,T1036 - Defense Evasion: Masquerading,0.0003211880244037,{}
stochastic_normalized_fragility,stochastic_normalized_loo_fragility,1717,53,565,4.946649833000265,565,180,20,True,T1036 - Defense Evasion: Masquerading,0.0003279395370255,{}
stochastic_normalized_fragility,stochastic_normalized_loo_fragility,1717,54,575,4.969264541985467,575,180,20,True,T1036 - Defense Evasion: Masquerading,0.0002295211184364,{}
stochastic_normalized_fragility,stochastic_normalized_loo_fragility,1717,55,585,5.047426625038497,585,180,20,True,T1036 - Defense Evasion: Masquerading,0.0001918017370925,{}
stochastic_normalized_fragility,stochastic_normalized_loo_fragility,1717,56,595,6.514649250078946,595,180,20,True,T1036 - Defense Evasion: Masquerading,0.0001655339825716,{}
stochastic_normalized_fragility,stochastic_normalized_loo_fragility,1717,57,605,4.544281915994361,605,180,20,True,T1590 - Reconnaissance: Gather Victim Network Information,0.0005476483830929,{}
stochastic_normalized_fragility,stochastic_normalized_loo_fragility,1717,58,615,4.740834707976319,615,180,20,True,T1590 - Reconnaissance: Gather Victim Network Information,0.000376317911767,{}
stochastic_normalized_fragility,stochastic_normalized_loo_fragility,1717,59,625,4.533707875059918,625,180,20,True,T1590 - Reconnaissance: Gather Victim Network Information,0.0003782107197299,{}
stochastic_normalized_fragility,stochastic_normalized_loo_fragility,1717,60,635,4.688394165947102,635,180,20,True,T1583.005 - Resource Development: Acquire Botnet,0.0002564684937311,{}
stochastic_normalized_fragility,stochastic_normalized_loo_fragility,1717,61,645,4.715685375034809,645,180,20,True,T1036 - Defense Evasion: Masquerading,0.0002255137944293,{}
stochastic_normalized_fragility,stochastic_normalized_loo_fragility,1717,62,655,4.784105374943465,655,180,20,True,T1036 - Defense Evasion: Masquerading,0.0002959574210529,{}
stochastic_normalized_fragility,stochastic_normalized_loo_fragility,1717,63,665,5.021954625030048,665,180,20,True,T1590 - Reconnaissance: Gather Victim Network Information,0.0003717811965231,{}
stochastic_normalized_fragility,stochastic_normalized_loo_fragility,1717,64,675,4.777068500057794,675,180,20,True,TA0011 - Command-and-Control,0.0002443686833825,{}
stochastic_normalized_fragility,stochastic_normalized_loo_fragility,1717,65,685,4.6799922089558095,685,180,20,True,TA0011 - Command-and-Control,0.0002032536171042,{}
stochastic_normalized_fragility,stochastic_normalized_loo_fragility,1717,66,695,4.642824541893788,695,180,20,True,T1583.005 - Resource Development: Acquire Botnet,0.000231623089444,{}
stochastic_normalized_fragility,stochastic_normalized_loo_fragility,1717,67,705,4.58022012503352,705,180,20,True,T1583.005 - Resource Development: Acquire Botnet,0.0002250005476237,{}
stochastic_normalized_fragility,stochastic_normalized_loo_fragility,1717,68,715,4.438067041919567,715,180,20,True,T1583.005 - Resource Development: Acquire Botnet,0.0002101671990079,{}
stochastic_normalized_fragility,stochastic_normalized_loo_fragility,1717,69,725,4.64418833295349,725,180,20,True,T1583.005 - Resource Development: Acquire Botnet,0.0002069181912371,{}
stochastic_normalized_fragility,stochastic_normalized_loo_fragility,1717,70,735,5.096723208902404,735,180,20,True,T1583.005 - Resource Development: Acquire Botnet,0.0003271040557299,{}
stochastic_normalized_fragility,stochastic_normalized_loo_fragility,1717,71,745,5.380918082897551,745,180,20,True,T1583.005 - Resource Development: Acquire Botnet,0.0003151046786107,{}
stochastic_normalized_fragility,stochastic_normalized_loo_fragility,1717,72,755,5.0724672499345616,755,180,20,True,T1498.002 - Impact: Reflection/Amplification Attack,0.0003990460091351,{}
stochastic_normalized_fragility,stochastic_normalized_loo_fragility,1717,73,765,4.89878491696436,765,180,20,True,T1583.005 - Resource Development: Acquire Botnet,0.0002562428962487,{}
stochastic_normalized_fragility,stochastic_normalized_loo_fragility,1717,74,775,4.7855963330948725,775,180,20,True,T1036 - Defense Evasion: Masquerading,0.0003315739733206,{}
stochastic_normalized_fragility,stochastic_normalized_loo_fragility,1717,75,785,4.722520540934056,785,180,20,True,T1595 - Reconnaissance: Active Scanning,0.0002725043760412,{}
stochastic_normalized_fragility,stochastic_normalized_loo_fragility,1717,76,795,4.739121499937028,795,180,20,True,T1583.005 - Resource Development: Acquire Botnet,0.0002648539753093,{}
stochastic_normalized_fragility,stochastic_normalized_loo_fragility,1717,77,805,5.428795791929588,805,180,20,True,T1583.005 - Resource Development: Acquire Botnet,0.0003247435894141,{}
stochastic_normalized_fragility,stochastic_normalized_loo_fragility,1717,78,815,4.959617916028947,815,180,20,True,T1583.005 - Resource Development: Acquire Botnet,0.0002202307494056,{}
stochastic_normalized_fragility,stochastic_normalized_loo_fragility,1717,79,825,4.794044875074178,825,180,20,True,T1583.005 - Resource Development: Acquire Botnet,0.00021745597282,{}
stochastic_normalized_fragility,stochastic_normalized_loo_fragility,1717,80,835,4.625956958974712,835,180,20,True,T1590 - Reconnaissance: Gather Victim Network Information,0.0002390278801924,{}
stochastic_normalized_fragility,stochastic_normalized_loo_fragility,1717,81,845,4.946926624979824,845,180,20,True,T1590 - Reconnaissance: Gather Victim Network Information,0.0004722578684378,{}
stochastic_normalized_fragility,stochastic_normalized_loo_fragility,1717,82,855,4.933890916989185,855,180,20,True,T1036 - Defense Evasion: Masquerading,0.00024209097097,{}
stochastic_normalized_fragility,stochastic_normalized_loo_fragility,1717,83,865,4.9425349169177935,865,180,20,True,T1036 - Defense Evasion: Masquerading,0.0002656157137284,{}
stochastic_normalized_fragility,stochastic_normalized_loo_fragility,1717,84,875,5.3730190839851275,875,180,20,True,T1036 - Defense Evasion: Masquerading,0.0003617347295187,{}
stochastic_normalized_fragility,stochastic_normalized_loo_fragility,1717,85,885,4.852062333957292,885,180,20,True,T1036 - Defense Evasion: Masquerading,0.0004618085320954,{}
stochastic_normalized_fragility,stochastic_normalized_loo_fragility,1717,86,895,5.411581457941793,895,180,20,True,T1036 - Defense Evasion: Masquerading,0.0004547316862712,{}
stochastic_normalized_fragility,stochastic_normalized_loo_fragility,1717,87,905,4.825175125035457,905,180,20,True,T1583.005 - Resource Development: Acquire Botnet,0.0003470247386816,{}
stochastic_normalized_fragility,stochastic_normalized_loo_fragility,1717,88,915,5.073727917042561,915,180,20,True,T1498.001 - Impact: Direct Network Flood,0.0003442159969835,{}
stochastic_normalized_fragility,stochastic_normalized_loo_fragility,1717,89,925,4.824945917003788,925,180,20,True,TA0011 - Command-and-Control,0.0002907065759296,{}
stochastic_normalized_fragility,stochastic_normalized_loo_fragility,1717,90,935,4.93500983400736,935,180,20,True,T1036 - Defense Evasion: Masquerading,0.0003020381056747,{}
stochastic_normalized_fragility,stochastic_normalized_loo_fragility,1717,91,945,5.556156083010137,945,180,20,True,T1595 - Reconnaissance: Active Scanning,0.0005253523488741,{}
stochastic_normalized_fragility,stochastic_normalized_loo_fragility,1717,92,955,5.0698236669413745,955,180,20,True,T1595 - Reconnaissance: Active Scanning,0.0002662284836189,{}
stochastic_normalized_fragility,stochastic_normalized_loo_fragility,1717,93,965,4.993396457983181,965,180,20,True,T1595 - Reconnaissance: Active Scanning,0.0003002287210917,{}
stochastic_normalized_fragility,stochastic_normalized_loo_fragility,1717,94,975,5.153461583075114,975,180,20,True,T1036 - Defense Evasion: Masquerading,0.0002478468297924,{}
stochastic_normalized_fragility,stochastic_normalized_loo_fragility,1717,95,985,4.996433291933499,985,180,20,True,TA0011 - Command-and-Control,0.0002844236897354,{}
stochastic_normalized_fragility,stochastic_normalized_loo_fragility,1717,96,995,4.945386916981079,995,180,20,True,T1036 - Defense Evasion: Masquerading,0.0002981168574087,{}
stochastic_normalized_fragility,stochastic_normalized_loo_fragility,1717,97,1005,5.307219624985009,1005,180,20,True,T1036 - Defense Evasion: Masquerading,0.0003689441935547,{}
stochastic_normalized_fragility,stochastic_normalized_loo_fragility,1717,98,1015,5.7192120420513675,1015,180,20,True,T1036 - Defense Evasion: Masquerading,0.0003788898111294,{}
stochastic_normalized_fragility,stochastic_normalized_loo_fragility,1717,99,1025,4.8786248749820516,1025,180,20,True,T1590 - Reconnaissance: Gather Victim Network Information,0.0003223008729638,{}
stochastic_normalized_fragility,stochastic_normalized_loo_fragility,1717,100,1035,5.042295958963223,1035,180,20,True,T1583.005 - Resource Development: Acquire Botnet,0.0002427525036811,{}
stochastic_normalized_fragility,stochastic_normalized_loo_fragility,1717,101,1045,5.568547875038348,1045,180,20,True,T1036 - Defense Evasion: Masquerading,0.000231526015208,{}
stochastic_normalized_fragility,stochastic_normalized_loo_fragility,1717,102,1055,5.063191625056788,1055,180,20,True,T1036 - Defense Evasion: Masquerading,0.0001731302209767,{}
stochastic_normalized_fragility,stochastic_normalized_loo_fragility,1717,103,1065,5.113919958006591,1065,180,20,True,T1583.005 - Resource Development: Acquire Botnet,0.0001795027987649,{}
stochastic_normalized_fragility,stochastic_normalized_loo_fragility,1717,104,1075,4.753062208066694,1075,180,20,True,T1583.005 - Resource Development: Acquire Botnet,0.0002108923842352,{}
stochastic_normalized_fragility,stochastic_normalized_loo_fragility,1717,105,1085,4.648722540936433,1085,180,20,True,T1036 - Defense Evasion: Masquerading,0.0002100330040941,{}
stochastic_normalized_fragility,stochastic_normalized_loo_fragility,1717,106,1095,5.38265937496908,1095,180,20,True,T1036 - Defense Evasion: Masquerading,0.000197417649786,{}
stochastic_normalized_fragility,stochastic_normalized_loo_fragility,1717,107,1105,5.192428832990117,1105,180,20,True,T1583.005 - Resource Development: Acquire Botnet,0.0001716154834514,{}
stochastic_normalized_fragility,stochastic_normalized_loo_fragility,1717,108,1115,4.9637848330894485,1115,180,20,True,T1584.005 - Resource Development: Build/Compromise Botnet,0.0001629256478635,{}
stochastic_normalized_fragility,stochastic_normalized_loo_fragility,1717,109,1125,4.87752141605597,1125,180,20,True,T1571 - Defense Evasion: Non-Standard Port,0.0002866392979875,{}
stochastic_normalized_fragility,stochastic_normalized_loo_fragility,1717,110,1135,5.292072625015862,1135,180,20,True,T1036 - Defense Evasion: Masquerading,0.0003846504153603,{}
stochastic_normalized_fragility,stochastic_normalized_loo_fragility,1717,111,1145,5.237031999975443,1145,180,20,True,T1036 - Defense Evasion: Masquerading,0.0001891637170954,{}
stochastic_normalized_fragility,stochastic_normalized_loo_fragility,1717,112,1155,5.435991666978225,1155,180,20,True,T1036 - Defense Evasion: Masquerading,0.0001803287062227,{}
stochastic_normalized_fragility,stochastic_normalized_loo_fragility,1717,113,1165,5.367684666998684,1165,180,20,True,T1036 - Defense Evasion: Masquerading,0.0002501563346019,{}
stochastic_normalized_fragility,stochastic_normalized_loo_fragility,1717,114,1175,5.20119691605214,1175,180,20,True,T1036 - Defense Evasion: Masquerading,0.0002494622454809,{}
stochastic_normalized_fragility,stochastic_normalized_loo_fragility,1717,115,1185,4.992484082933515,1185,180,20,True,T1036 - Defense Evasion: Masquerading,0.0003694389177935,{}
stochastic_normalized_fragility,stochastic_normalized_loo_fragility,1717,116,1195,5.745774333016016,1195,180,20,True,T1036 - Defense Evasion: Masquerading,0.0003795493620226,{}
stochastic_normalized_fragility,stochastic_normalized_loo_fragility,1717,117,1205,5.825605750083923,1205,180,20,True,TA0011 - Command-and-Control,0.0003072609492217,{}
stochastic_normalized_fragility,stochastic_normalized_loo_fragility,1717,118,1215,6.274405415984802,1215,180,20,True,T1583.005 - Resource Development: Acquire Botnet,0.0002551335100325,{}
stochastic_normalized_fragility,stochastic_normalized_loo_fragility,1717,119,1225,5.95136783295311,1225,180,20,True,T1036 - Defense Evasion: Masquerading,0.0002520698610447,{}
stochastic_normalized_fragility,stochastic_normalized_loo_fragility,1717,120,1235,6.644272958976217,1235,180,20,True,T1036 - Defense Evasion: Masquerading,0.0003029149644407,{}
stochastic_normalized_fragility,stochastic_normalized_loo_fragility,1717,121,1245,5.447686416911893,1245,180,20,True,T1571 - Defense Evasion: Non-Standard Port,0.0002969519668683,{}
stochastic_normalized_fragility,stochastic_normalized_loo_fragility,1717,122,1255,5.579905624967068,1255,180,20,True,T1498.002 - Impact: Reflection/Amplification Attack,0.0002898832068354,{}
stochastic_normalized_fragility,stochastic_normalized_loo_fragility,1717,123,1265,5.368067708914168,1265,180,20,True,T1036 - Defense Evasion: Masquerading,0.0003101757558164,{}
stochastic_normalized_fragility,stochastic_normalized_loo_fragility,1717,124,1275,5.568258541985415,1275,180,20,True,T1036 - Defense Evasion: Masquerading,0.0002976029597296,{}
stochastic_normalized_fragility,stochastic_normalized_loo_fragility,1717,125,1285,5.39255891693756,1285,180,20,True,TA0011 - Command-and-Control,0.000251800653818,{}
stochastic_normalized_fragility,stochastic_normalized_loo_fragility,1717,126,1295,5.47905449999962,1295,180,20,True,T1583.005 - Resource Development: Acquire Botnet,0.0002220576468579,{}
stochastic_normalized_fragility,stochastic_normalized_loo_fragility,1717,127,1305,5.298975959070958,1305,180,20,True,T1036 - Defense Evasion: Masquerading,0.0002025127395398,{}
stochastic_normalized_fragility,stochastic_normalized_loo_fragility,1717,128,1315,5.5548843330470845,1315,180,20,True,T1036 - Defense Evasion: Masquerading,0.000239675038332,{}
stochastic_normalized_fragility,stochastic_normalized_loo_fragility,1717,129,1325,17.74251962499693,1325,180,20,True,T1036 - Defense Evasion: Masquerading,0.0002154337588109,{}
stochastic_normalized_fragility,stochastic_normalized_loo_fragility,1717,130,1335,9.014000749913976,1335,180,20,True,T1036 - Defense Evasion: Masquerading,0.0002427397067159,{}
stochastic_normalized_fragility,stochastic_normalized_loo_fragility,1717,131,1345,6.607397040934302,1345,180,20,True,T1036 - Defense Evasion: Masquerading,0.0003362181177389,{}
stochastic_normalized_fragility,stochastic_normalized_loo_fragility,1717,132,1355,6.11370824999176,1355,180,20,True,T1583.005 - Resource Development: Acquire Botnet,0.0003621270136595,{}
stochastic_normalized_fragility,stochastic_normalized_loo_fragility,1717,133,1365,6.5222632921068,1365,180,20,True,TA0011 - Command-and-Control,0.0003353946652859,{}
stochastic_normalized_fragility,stochastic_normalized_loo_fragility,1717,134,1375,4.078547999961302,1375,180,20,True,T1036 - Defense Evasion: Masquerading,0.0003263322292864,{}
stochastic_normalized_fragility,stochastic_normalized_loo_fragility,1717,135,1385,4.793488375027664,1385,180,20,True,T1595 - Reconnaissance: Active Scanning,0.0003343891956969,{}
stochastic_normalized_fragility,stochastic_normalized_loo_fragility,1717,136,1395,5.440426332992502,1395,180,20,True,T1036 - Defense Evasion: Masquerading,0.0002699744843537,{}
stochastic_normalized_fragility,stochastic_normalized_loo_fragility,1717,137,1405,4.268443583045155,1405,180,20,True,TA0011 - Command-and-Control,0.0003379568594506,{}
stochastic_normalized_fragility,stochastic_normalized_loo_fragility,1717,138,1415,12.233790249913,1415,180,20,True,T1595 - Reconnaissance: Active Scanning,0.0002596382614307,{}
stochastic_normalized_fragility,stochastic_normalized_loo_fragility,1717,139,1425,7.14606758300215,1425,180,20,True,TA0011 - Command-and-Control,0.0003411975813972,{}
stochastic_normalized_fragility,stochastic_normalized_loo_fragility,1717,140,1435,7.783326625009067,1435,180,20,True,T1036 - Defense Evasion: Masquerading,0.000218165282606,{}
stochastic_normalized_fragility,stochastic_normalized_loo_fragility,1717,141,1445,7.662501791957766,1445,180,20,True,T1036 - Defense Evasion: Masquerading,0.0001963052602078,{}
stochastic_normalized_fragility,stochastic_normalized_loo_fragility,1717,142,1455,7.683678084053099,1455,180,20,True,T1583.005 - Resource Development: Acquire Botnet,0.000164888628654,{}
stochastic_normalized_fragility,stochastic_normalized_loo_fragility,1717,143,1465,6.322544292081147,1465,180,20,True,T1583.005 - Resource Development: Acquire Botnet,0.0002058592423399,{}
stochastic_normalized_fragility,stochastic_normalized_loo_fragility,1717,144,1475,6.182284750044346,1475,180,20,True,T1036 - Defense Evasion: Masquerading,0.0002508009999245,{}
stochastic_normalized_fragility,stochastic_normalized_loo_fragility,1717,145,1485,6.1844292499590665,1485,180,20,True,T1583.005 - Resource Development: Acquire Botnet,0.0001682179944779,{}
stochastic_normalized_fragility,stochastic_normalized_loo_fragility,1717,146,1495,6.504838000051677,1495,180,20,True,T1036 - Defense Evasion: Masquerading,0.0002430196791436,{}
stochastic_normalized_fragility,stochastic_normalized_loo_fragility,1717,147,1505,6.874850832973607,1505,180,20,True,T1036 - Defense Evasion: Masquerading,0.0002518290998458,{}
stochastic_normalized_fragility,stochastic_normalized_loo_fragility,1717,148,1515,6.622784084058367,1515,180,20,True,T1583.005 - Resource Development: Acquire Botnet,0.0003923410908397,{}
stochastic_normalized_fragility,stochastic_normalized_loo_fragility,1717,149,1525,6.650030374992639,1525,180,20,True,T1036 - Defense Evasion: Masquerading,0.0002946865837478,{}
stochastic_normalized_fragility,stochastic_normalized_loo_fragility,1717,150,1535,6.782611708040349,1535,180,20,True,T1036 - Defense Evasion: Masquerading,0.0002635027185465,{}
stochastic_normalized_fragility,stochastic_normalized_loo_fragility,1717,151,1545,6.638510416029021,1545,180,20,True,T1583.005 - Resource Development: Acquire Botnet,0.0001965284659389,{}
stochastic_normalized_fragility,stochastic_normalized_loo_fragility,1717,152,1555,7.291015958995558,1555,180,20,True,T1036 - Defense Evasion: Masquerading,0.0001970816221535,{}
stochastic_normalized_fragility,stochastic_normalized_loo_fragility,1717,153,1565,7.067029291996732,1565,180,20,True,T1583.005 - Resource Development: Acquire Botnet,0.0002383175690521,{}
stochastic_normalized_fragility,stochastic_normalized_loo_fragility,1717,154,1575,6.798841999960132,1575,180,20,True,T1036 - Defense Evasion: Masquerading,0.000239930217859,{}
stochastic_normalized_fragility,stochastic_normalized_loo_fragility,1717,155,1585,6.92417791695334,1585,180,20,True,T1583.005 - Resource Development: Acquire Botnet,0.0002023232915327,{}
stochastic_normalized_fragility,stochastic_normalized_loo_fragility,1717,156,1595,7.297688249964267,1595,180,20,True,T1583.005 - Resource Development: Acquire Botnet,0.0002235968849156,{}
stochastic_normalized_fragility,stochastic_normalized_loo_fragility,1717,157,1605,7.587080750032328,1605,180,20,True,T1583.005 - Resource Development: Acquire Botnet,0.0002954714652508,{}
stochastic_normalized_fragility,stochastic_normalized_loo_fragility,1717,158,1615,6.990956916008145,1615,180,20,True,T1583.005 - Resource Development: Acquire Botnet,0.0002656339006075,{}
stochastic_normalized_fragility,stochastic_normalized_loo_fragility,1717,159,1625,7.014376999926753,1625,180,20,True,T1036 - Defense Evasion: Masquerading,0.0002360030774106,{}
stochastic_normalized_fragility,stochastic_normalized_loo_fragility,1717,160,1635,7.061494499910623,1635,180,20,True,T1036 - Defense Evasion: Masquerading,0.0001968159077514,{}
stochastic_normalized_fragility,stochastic_normalized_loo_fragility,1717,161,1645,7.35070970794186,1645,180,20,True,T1036 - Defense Evasion: Masquerading,0.0002674513544379,{}
stochastic_normalized_fragility,stochastic_normalized_loo_fragility,1717,162,1655,7.742499249987304,1655,180,20,True,T1595 - Reconnaissance: Active Scanning,0.0003113529291493,{}
stochastic_normalized_fragility,stochastic_normalized_loo_fragility,1717,163,1665,7.428733166889288,1665,180,20,True,TA0011 - Command-and-Control,0.0003807754217044,{}
stochastic_normalized_fragility,stochastic_normalized_loo_fragility,1717,164,1675,7.184742916026153,1675,180,20,True,T1583.005 - Resource Development: Acquire Botnet,0.0001978769645986,{}
stochastic_normalized_fragility,stochastic_normalized_loo_fragility,1717,165,1685,7.235727125080302,1685,180,20,True,T1036 - Defense Evasion: Masquerading,0.0002423506394705,{}
stochastic_normalized_fragility,stochastic_normalized_loo_fragility,1717,166,1695,7.818106916965917,1695,180,20,True,T1036 - Defense Evasion: Masquerading,0.0002383803481316,{}
stochastic_normalized_fragility,stochastic_normalized_loo_fragility,1717,167,1705,7.097414624993689,1705,180,20,True,T1036 - Defense Evasion: Masquerading,0.0001965191051353,{}
stochastic_normalized_fragility,stochastic_normalized_loo_fragility,1717,168,1715,7.338323250063695,1715,180,20,True,T1036 - Defense Evasion: Masquerading,0.0002721983972612,{}
stochastic_normalized_fragility,stochastic_normalized_loo_fragility,1717,169,1725,8.128341792034917,1725,180,20,True,T1036 - Defense Evasion: Masquerading,0.0002071192396107,{}
stochastic_normalized_fragility,stochastic_normalized_loo_fragility,1717,170,1735,7.696412666933611,1735,180,20,True,T1583.005 - Resource Development: Acquire Botnet,0.0003123020128693,{}
stochastic_normalized_fragility,stochastic_normalized_loo_fragility,1717,171,1745,8.146925500012003,1745,180,20,True,TA0011 - Command-and-Control,0.0003494817290975,{}
stochastic_normalized_fragility,stochastic_normalized_loo_fragility,1717,172,1755,7.844037082977593,1755,180,20,True,T1036 - Defense Evasion: Masquerading,0.0002981311450563,{}
stochastic_normalized_fragility,stochastic_normalized_loo_fragility,1717,173,1765,7.378327124984935,1765,180,20,True,T1036 - Defense Evasion: Masquerading,0.0002843994012513,{}
stochastic_normalized_fragility,stochastic_normalized_loo_fragility,1717,174,1775,7.258928833995014,1775,180,20,True,T1036 - Defense Evasion: Masquerading,0.0001688950530921,{}
stochastic_normalized_fragility,stochastic_normalized_loo_fragility,1717,175,1785,7.747873916989192,1785,180,20,True,T1036 - Defense Evasion: Masquerading,0.0001655730887381,{}
stochastic_normalized_fragility,stochastic_normalized_loo_fragility,1717,176,1795,8.132164084003307,1795,180,20,True,T1036 - Defense Evasion: Masquerading,0.0001708480012247,{}
stochastic_normalized_fragility,stochastic_normalized_loo_fragility,1818,1,45,0.8570454160217196,45,45,20,False,T1498.002 - Impact: Reflection/Amplification Attack,0.000528511693725,{}
stochastic_normalized_fragility,stochastic_normalized_loo_fragility,1818,2,55,0.8874287499347702,55,55,20,False,T1584.005 - Resource Development: Build/Compromise Botnet,0.0005913518380949,{}
stochastic_normalized_fragility,stochastic_normalized_loo_fragility,1818,3,65,1.0667370840674266,65,65,20,False,TA0011 - Command-and-Control,0.0004240617388236,{}
stochastic_normalized_fragility,stochastic_normalized_loo_fragility,1818,4,75,1.1963084579911083,75,75,20,False,TA0011 - Command-and-Control,0.0004411933671219,{}
stochastic_normalized_fragility,stochastic_normalized_loo_fragility,1818,5,85,1.3196442920016125,85,85,20,False,TA0011 - Command-and-Control,0.0004846200469569,{}
stochastic_normalized_fragility,stochastic_normalized_loo_fragility,1818,6,95,1.603854291024618,95,95,20,False,T1583.005 - Resource Development: Acquire Botnet,0.0004225611744678,{}
stochastic_normalized_fragility,stochastic_normalized_loo_fragility,1818,7,105,1.6214983749669043,105,105,20,False,T1583.005 - Resource Development: Acquire Botnet,0.00038489892542,{}
stochastic_normalized_fragility,stochastic_normalized_loo_fragility,1818,8,115,2.123953334055841,115,115,20,False,TA0011 - Command-and-Control,0.0003445232729452,{}
stochastic_normalized_fragility,stochastic_normalized_loo_fragility,1818,9,125,2.178253624937497,125,125,20,False,T1583.005 - Resource Development: Acquire Botnet,0.0002672012259266,{}
stochastic_normalized_fragility,stochastic_normalized_loo_fragility,1818,10,135,2.607917500077747,135,135,20,False,T1583.005 - Resource Development: Acquire Botnet,0.0002535715678976,{}
stochastic_normalized_fragility,stochastic_normalized_loo_fragility,1818,11,145,2.681927249999717,145,145,20,False,T1590 - Reconnaissance: Gather Victim Network Information,0.0003302117031393,{}
stochastic_normalized_fragility,stochastic_normalized_loo_fragility,1818,12,155,2.6571672919671983,155,154,20,True,T1590 - Reconnaissance: Gather Victim Network Information,0.0002664150429949,{}
stochastic_normalized_fragility,stochastic_normalized_loo_fragility,1818,13,165,3.159137250040658,165,158,20,True,T1590 - Reconnaissance: Gather Victim Network Information,0.0003103172510807,{}
stochastic_normalized_fragility,stochastic_normalized_loo_fragility,1818,14,175,3.620803249999881,175,162,20,True,T1498.001 - Impact: Direct Network Flood,0.0002923884510463,{}
stochastic_normalized_fragility,stochastic_normalized_loo_fragility,1818,15,185,3.1071892499458045,185,168,20,True,T1583.005 - Resource Development: Acquire Botnet,0.0001918465015583,{}
stochastic_normalized_fragility,stochastic_normalized_loo_fragility,1818,16,195,3.237634541001171,195,173,20,True,T1583.005 - Resource Development: Acquire Botnet,0.0001967362779246,{}
stochastic_normalized_fragility,stochastic_normalized_loo_fragility,1818,17,205,3.172766875009984,205,175,20,True,TA0011 - Command-and-Control,0.0002773135231048,{}
stochastic_normalized_fragility,stochastic_normalized_loo_fragility,1818,18,215,3.009145584073849,215,176,20,True,T1583.005 - Resource Development: Acquire Botnet,0.0002620920916537,{}
stochastic_normalized_fragility,stochastic_normalized_loo_fragility,1818,19,225,3.2861399580724537,225,178,20,True,T1583.005 - Resource Development: Acquire Botnet,0.000229552866324,{}
stochastic_normalized_fragility,stochastic_normalized_loo_fragility,1818,20,235,3.8962642500409856,235,180,20,True,T1583.005 - Resource Development: Acquire Botnet,0.0002392186781707,{}
stochastic_normalized_fragility,stochastic_normalized_loo_fragility,1818,21,245,3.407880791928619,245,180,20,True,T1036 - Defense Evasion: Masquerading,0.000198536403565,{}
stochastic_normalized_fragility,stochastic_normalized_loo_fragility,1818,22,255,3.508883999893442,255,180,20,True,T1036 - Defense Evasion: Masquerading,0.0001707020836014,{}
stochastic_normalized_fragility,stochastic_normalized_loo_fragility,1818,23,265,3.7000663749640808,265,180,20,True,T1036 - Defense Evasion: Masquerading,0.0001950419597344,{}
stochastic_normalized_fragility,stochastic_normalized_loo_fragility,1818,24,275,2.9714375829789788,275,180,20,True,T1036 - Defense Evasion: Masquerading,0.0002167459934747,{}
stochastic_normalized_fragility,stochastic_normalized_loo_fragility,1818,25,285,2.524615708971396,285,180,20,True,T1583.005 - Resource Development: Acquire Botnet,0.0002551319765447,{}
stochastic_normalized_fragility,stochastic_normalized_loo_fragility,1818,26,295,2.502098042052239,295,180,20,True,TA0011 - Command-and-Control,0.000300573680016,{}
stochastic_normalized_fragility,stochastic_normalized_loo_fragility,1818,27,305,2.606050999951549,305,180,20,True,TA0011 - Command-and-Control,0.0003367971966108,{}
stochastic_normalized_fragility,stochastic_normalized_loo_fragility,1818,28,315,2.5334769170731306,315,180,20,True,T1590 - Reconnaissance: Gather Victim Network Information,0.0003305885110614,{}
stochastic_normalized_fragility,stochastic_normalized_loo_fragility,1818,29,325,2.563198292045854,325,180,20,True,T1036 - Defense Evasion: Masquerading,0.0002344677070694,{}
stochastic_normalized_fragility,stochastic_normalized_loo_fragility,1818,30,335,3.4207510829437524,335,180,20,True,T1036 - Defense Evasion: Masquerading,0.0002692215642112,{}
stochastic_normalized_fragility,stochastic_normalized_loo_fragility,1818,31,345,3.5089409579522908,345,180,20,True,TA0011 - Command-and-Control,0.000310039504594,{}
stochastic_normalized_fragility,stochastic_normalized_loo_fragility,1818,32,355,4.147180041996762,355,180,20,True,T1583.005 - Resource Development: Acquire Botnet,0.0002215913907332,{}
stochastic_normalized_fragility,stochastic_normalized_loo_fragility,1818,33,365,3.894447083002888,365,180,20,True,T1583.005 - Resource Development: Acquire Botnet,0.0002254355236696,{}
stochastic_normalized_fragility,stochastic_normalized_loo_fragility,1818,34,375,3.848745708004571,375,180,20,True,T1583.005 - Resource Development: Acquire Botnet,0.0003004970114773,{}
stochastic_normalized_fragility,stochastic_normalized_loo_fragility,1818,35,385,4.776487124967389,385,180,20,True,T1498.001 - Impact: Direct Network Flood,0.0006227560856228,{}
stochastic_normalized_fragility,stochastic_normalized_loo_fragility,1818,36,395,4.885258916998282,395,180,20,True,T1583.005 - Resource Development: Acquire Botnet,0.0002043785491126,{}
stochastic_normalized_fragility,stochastic_normalized_loo_fragility,1818,37,405,4.531243124976754,405,180,20,True,T1583.005 - Resource Development: Acquire Botnet,0.0002627582337749,{}
stochastic_normalized_fragility,stochastic_normalized_loo_fragility,1818,38,415,4.245787958963774,415,180,20,True,T1583.005 - Resource Development: Acquire Botnet,0.000200322909683,{}
stochastic_normalized_fragility,stochastic_normalized_loo_fragility,1818,39,425,4.431881541968323,425,180,20,True,T1036 - Defense Evasion: Masquerading,0.0002874638635497,{}
stochastic_normalized_fragility,stochastic_normalized_loo_fragility,1818,40,435,4.190546750091016,435,180,20,True,T1036 - Defense Evasion: Masquerading,0.0002889696442748,{}
stochastic_normalized_fragility,stochastic_normalized_loo_fragility,1818,41,445,3.95203050004784,445,180,20,True,T1583.005 - Resource Development: Acquire Botnet,0.0003026869415827,{}
stochastic_normalized_fragility,stochastic_normalized_loo_fragility,1818,42,455,5.491300042020157,455,180,20,True,T1583.005 - Resource Development: Acquire Botnet,0.0002284573544038,{}
stochastic_normalized_fragility,stochastic_normalized_loo_fragility,1818,43,465,4.359901958028786,465,180,20,True,T1583.005 - Resource Development: Acquire Botnet,0.000219049132395,{}
stochastic_normalized_fragility,stochastic_normalized_loo_fragility,1818,44,475,4.298878749948926,475,180,20,True,T1583.005 - Resource Development: Acquire Botnet,0.0002798217843261,{}
stochastic_normalized_fragility,stochastic_normalized_loo_fragility,1818,45,485,4.529236000031233,485,180,20,True,T1036 - Defense Evasion: Masquerading,0.0001757424886474,{}
stochastic_normalized_fragility,stochastic_normalized_loo_fragility,1818,46,495,4.419877999927849,495,180,20,True,T1036 - Defense Evasion: Masquerading,0.0001908359900898,{}
stochastic_normalized_fragility,stochastic_normalized_loo_fragility,1818,47,505,5.066458167042583,505,180,20,True,T1584.005 - Resource Development: Build/Compromise Botnet,0.0001862022292779,{}
stochastic_normalized_fragility,stochastic_normalized_loo_fragility,1818,48,515,7.505088582984172,515,180,20,True,TA0011 - Command-and-Control,0.0001994121294507,{}
stochastic_normalized_fragility,stochastic_normalized_loo_fragility,1818,49,525,5.940286749973893,525,180,20,True,TA0011 - Command-and-Control,0.0001977580099538,{}
stochastic_normalized_fragility,stochastic_normalized_loo_fragility,1818,50,535,5.059996124939062,535,180,20,True,T1595 - Reconnaissance: Active Scanning,0.0003101252121423,{}
stochastic_normalized_fragility,stochastic_normalized_loo_fragility,1818,51,545,5.181288665975444,545,180,20,True,T1595 - Reconnaissance: Active Scanning,0.0003945959411615,{}
stochastic_normalized_fragility,stochastic_normalized_loo_fragility,1818,52,555,4.942373917088844,555,180,20,True,T1036 - Defense Evasion: Masquerading,0.000205073737853,{}
stochastic_normalized_fragility,stochastic_normalized_loo_fragility,1818,53,565,4.594131666934118,565,180,20,True,T1036 - Defense Evasion: Masquerading,0.0002212007006766,{}
stochastic_normalized_fragility,stochastic_normalized_loo_fragility,1818,54,575,4.7148519159527496,575,180,20,True,T1036 - Defense Evasion: Masquerading,0.0002106855042629,{}
stochastic_normalized_fragility,stochastic_normalized_loo_fragility,1818,55,585,5.0474275830201805,585,180,20,True,T1036 - Defense Evasion: Masquerading,0.0002662147699816,{}
stochastic_normalized_fragility,stochastic_normalized_loo_fragility,1818,56,595,6.229129332932644,595,180,20,True,T1036 - Defense Evasion: Masquerading,0.0002324359968595,{}
stochastic_normalized_fragility,stochastic_normalized_loo_fragility,1818,57,605,4.865144875016995,605,180,20,True,T1036 - Defense Evasion: Masquerading,0.0002466814604611,{}
stochastic_normalized_fragility,stochastic_normalized_loo_fragility,1818,58,615,4.575163000030443,615,180,20,True,T1036 - Defense Evasion: Masquerading,0.0002018817713523,{}
stochastic_normalized_fragility,stochastic_normalized_loo_fragility,1818,59,625,4.506502875010483,625,180,20,True,T1583.005 - Resource Development: Acquire Botnet,0.000229673123617,{}
stochastic_normalized_fragility,stochastic_normalized_loo_fragility,1818,60,635,4.7752903329674155,635,180,20,True,T1583.005 - Resource Development: Acquire Botnet,0.000170545926455,{}
stochastic_normalized_fragility,stochastic_normalized_loo_fragility,1818,61,645,4.681055374909192,645,180,20,True,T1036 - Defense Evasion: Masquerading,0.0001758390561982,{}
stochastic_normalized_fragility,stochastic_normalized_loo_fragility,1818,62,655,4.632221874897368,655,180,20,True,TA0011 - Command-and-Control,0.0002456119199815,{}
stochastic_normalized_fragility,stochastic_normalized_loo_fragility,1818,63,665,5.033432500087656,665,180,20,True,TA0011 - Command-and-Control,0.0002478661915332,{}
stochastic_normalized_fragility,stochastic_normalized_loo_fragility,1818,64,675,4.557924000080675,675,180,20,True,TA0011 - Command-and-Control,0.0002324920160345,{}
stochastic_normalized_fragility,stochastic_normalized_loo_fragility,1818,65,685,4.446118874941021,685,180,20,True,T1583.005 - Resource Development: Acquire Botnet,0.0002572970049577,{}
stochastic_normalized_fragility,stochastic_normalized_loo_fragility,1818,66,695,4.768397709005512,695,180,20,True,T1590 - Reconnaissance: Gather Victim Network Information,0.0003290215099658,{}
stochastic_normalized_fragility,stochastic_normalized_loo_fragility,1818,67,705,4.422921125078574,705,180,20,True,TA0011 - Command-and-Control,0.0003235848877399,{}
stochastic_normalized_fragility,stochastic_normalized_loo_fragility,1818,68,715,4.314887125045061,715,180,20,True,TA0011 - Command-and-Control,0.0003479799569037,{}
stochastic_normalized_fragility,stochastic_normalized_loo_fragility,1818,69,725,4.797846750007011,725,180,20,True,T1583.005 - Resource Development: Acquire Botnet,0.0002328361967804,{}
stochastic_normalized_fragility,stochastic_normalized_loo_fragility,1818,70,735,5.16182120796293,735,180,20,True,TA0011 - Command-and-Control,0.0003939855106793,{}
stochastic_normalized_fragility,stochastic_normalized_loo_fragility,1818,71,745,5.464496500091627,745,180,20,True,TA0011 - Command-and-Control,0.0002454857736525,{}
stochastic_normalized_fragility,stochastic_normalized_loo_fragility,1818,72,755,4.918063375051133,755,180,20,True,T1590 - Reconnaissance: Gather Victim Network Information,0.0002576227843882,{}
stochastic_normalized_fragility,stochastic_normalized_loo_fragility,1818,73,765,4.698058500071056,765,180,20,True,T1583.005 - Resource Development: Acquire Botnet,0.0001878149674448,{}
stochastic_normalized_fragility,stochastic_normalized_loo_fragility,1818,74,775,4.841761999996379,775,180,20,True,T1036 - Defense Evasion: Masquerading,0.0001948288298756,{}
stochastic_normalized_fragility,stochastic_normalized_loo_fragility,1818,75,785,4.803806542069651,785,180,20,True,T1583.005 - Resource Development: Acquire Botnet,0.0001893622224525,{}
stochastic_normalized_fragility,stochastic_normalized_loo_fragility,1818,76,795,4.609703707974404,795,180,20,True,T1036 - Defense Evasion: Masquerading,0.0002065397630308,{}
stochastic_normalized_fragility,stochastic_normalized_loo_fragility,1818,77,805,5.024000791017897,805,180,20,True,T1036 - Defense Evasion: Masquerading,0.0001927529206465,{}
stochastic_normalized_fragility,stochastic_normalized_loo_fragility,1818,78,815,5.141934416024014,815,180,20,True,T1595 - Reconnaissance: Active Scanning,0.0003408521805203,{}
stochastic_normalized_fragility,stochastic_normalized_loo_fragility,1818,79,825,4.7246993749868125,825,180,20,True,T1036 - Defense Evasion: Masquerading,0.0003363262525841,{}
stochastic_normalized_fragility,stochastic_normalized_loo_fragility,1818,80,835,5.066339124925435,835,180,20,True,T1595 - Reconnaissance: Active Scanning,0.0003774489794634,{}
stochastic_normalized_fragility,stochastic_normalized_loo_fragility,1818,81,845,4.757729999953881,845,180,20,True,T1583.005 - Resource Development: Acquire Botnet,0.0002545331290821,{}
stochastic_normalized_fragility,stochastic_normalized_loo_fragility,1818,82,855,4.933408749988303,855,180,20,True,T1583.005 - Resource Development: Acquire Botnet,0.0002704968247545,{}
stochastic_normalized_fragility,stochastic_normalized_loo_fragility,1818,83,865,4.79590104194358,865,180,20,True,T1583.005 - Resource Development: Acquire Botnet,0.0002125475124296,{}
stochastic_normalized_fragility,stochastic_normalized_loo_fragility,1818,84,875,5.4598681250354275,875,180,20,True,TA0011 - Command-and-Control,0.0003363534295242,{}
stochastic_normalized_fragility,stochastic_normalized_loo_fragility,1818,85,885,5.000662750098854,885,180,20,True,TA0011 - Command-and-Control,0.0003091389550144,{}
stochastic_normalized_fragility,stochastic_normalized_loo_fragility,1818,86,895,5.4729045409476385,895,180,20,True,T1583.005 - Resource Development: Acquire Botnet,0.000293587008254,{}
stochastic_normalized_fragility,stochastic_normalized_loo_fragility,1818,87,905,4.68131841707509,905,180,20,True,T1571 - Defense Evasion: Non-Standard Port,0.0003784303194701,{}
stochastic_normalized_fragility,stochastic_normalized_loo_fragility,1818,88,915,4.719761791988276,915,180,20,True,T1583.005 - Resource Development: Acquire Botnet,0.000328214319941,{}
stochastic_normalized_fragility,stochastic_normalized_loo_fragility,1818,89,925,5.036483416915871,925,180,20,True,T1036 - Defense Evasion: Masquerading,0.0002660571990126,{}
stochastic_normalized_fragility,stochastic_normalized_loo_fragility,1818,90,935,4.828862707945518,935,180,20,True,T1036 - Defense Evasion: Masquerading,0.000303487472546,{}
stochastic_normalized_fragility,stochastic_normalized_loo_fragility,1818,91,945,5.406348165939562,945,180,20,True,T1036 - Defense Evasion: Masquerading,0.0004362507527362,{}
stochastic_normalized_fragility,stochastic_normalized_loo_fragility,1818,92,955,5.285706792026758,955,180,20,True,T1036 - Defense Evasion: Masquerading,0.0003617414369477,{}
stochastic_normalized_fragility,stochastic_normalized_loo_fragility,1818,93,965,5.401396874920465,965,180,20,True,T1583.005 - Resource Development: Acquire Botnet,0.0002315455057868,{}
stochastic_normalized_fragility,stochastic_normalized_loo_fragility,1818,94,975,4.975508083007298,975,180,20,True,TA0011 - Command-and-Control,0.0002724687200274,{}
stochastic_normalized_fragility,stochastic_normalized_loo_fragility,1818,95,985,5.050118042039685,985,180,20,True,T1583.005 - Resource Development: Acquire Botnet,0.0002440122596376,{}
stochastic_normalized_fragility,stochastic_normalized_loo_fragility,1818,96,995,5.043385625001974,995,180,20,True,T1595 - Reconnaissance: Active Scanning,0.0003863760962582,{}
stochastic_normalized_fragility,stochastic_normalized_loo_fragility,1818,97,1005,5.096108916099183,1005,180,20,True,TA0011 - Command-and-Control,0.0004097749493073,{}
stochastic_normalized_fragility,stochastic_normalized_loo_fragility,1818,98,1015,5.54585966700688,1015,180,20,True,T1036 - Defense Evasion: Masquerading,0.0003998459931457,{}
stochastic_normalized_fragility,stochastic_normalized_loo_fragility,1818,99,1025,4.951450291904621,1025,180,20,True,T1036 - Defense Evasion: Masquerading,0.0003039322194197,{}
stochastic_normalized_fragility,stochastic_normalized_loo_fragility,1818,100,1035,4.93581041705329,1035,180,20,True,T1590 - Reconnaissance: Gather Victim Network Information,0.0003056465389144,{}
stochastic_normalized_fragility,stochastic_normalized_loo_fragility,1818,101,1045,5.853618207969703,1045,180,20,True,T1036 - Defense Evasion: Masquerading,0.0002632048432419,{}
stochastic_normalized_fragility,stochastic_normalized_loo_fragility,1818,102,1055,5.0453282500384375,1055,180,20,True,T1590 - Reconnaissance: Gather Victim Network Information,0.0003232219627863,{}
stochastic_normalized_fragility,stochastic_normalized_loo_fragility,1818,103,1065,4.8444920419715345,1065,180,20,True,T1590 - Reconnaissance: Gather Victim Network Information,0.000283530703447,{}
stochastic_normalized_fragility,stochastic_normalized_loo_fragility,1818,104,1075,5.184349708026275,1075,180,20,True,T1590 - Reconnaissance: Gather Victim Network Information,0.0003968455173588,{}
stochastic_normalized_fragility,stochastic_normalized_loo_fragility,1818,105,1085,4.821064958930947,1085,180,20,True,T1583.005 - Resource Development: Acquire Botnet,0.0002395608089234,{}
stochastic_normalized_fragility,stochastic_normalized_loo_fragility,1818,106,1095,5.248661291087046,1095,180,20,True,T1583.005 - Resource Development: Acquire Botnet,0.0002090064347028,{}
stochastic_normalized_fragility,stochastic_normalized_loo_fragility,1818,107,1105,5.368940416024998,1105,180,20,True,T1036 - Defense Evasion: Masquerading,0.0002389349772354,{}
stochastic_normalized_fragility,stochastic_normalized_loo_fragility,1818,108,1115,5.007793833035976,1115,180,20,True,T1036 - Defense Evasion: Masquerading,0.0004180568340833,{}
stochastic_normalized_fragility,stochastic_normalized_loo_fragility,1818,109,1125,4.953317874926142,1125,180,20,True,T1590 - Reconnaissance: Gather Victim Network Information,0.0003560282310468,{}
stochastic_normalized_fragility,stochastic_normalized_loo_fragility,1818,110,1135,5.181912499945611,1135,180,20,True,T1583.005 - Resource Development: Acquire Botnet,0.0003937181554519,{}
stochastic_normalized_fragility,stochastic_normalized_loo_fragility,1818,111,1145,5.371120916912332,1145,180,20,True,T1590 - Reconnaissance: Gather Victim Network Information,0.0003003167409851,{}
stochastic_normalized_fragility,stochastic_normalized_loo_fragility,1818,112,1155,5.676920833066106,1155,180,20,True,T1036 - Defense Evasion: Masquerading,0.000245834394941,{}
stochastic_normalized_fragility,stochastic_normalized_loo_fragility,1818,113,1165,5.028561625047587,1165,180,20,True,T1583.005 - Resource Development: Acquire Botnet,0.0002263538388944,{}
stochastic_normalized_fragility,stochastic_normalized_loo_fragility,1818,114,1175,5.229148458922282,1175,180,20,True,T1036 - Defense Evasion: Masquerading,0.0002271412878256,{}
stochastic_normalized_fragility,stochastic_normalized_loo_fragility,1818,115,1185,5.164715499966405,1185,180,20,True,T1036 - Defense Evasion: Masquerading,0.0001886975596835,{}
stochastic_normalized_fragility,stochastic_normalized_loo_fragility,1818,116,1195,5.875020207953639,1195,180,20,True,T1583.005 - Resource Development: Acquire Botnet,0.000220077375611,{}
stochastic_normalized_fragility,stochastic_normalized_loo_fragility,1818,117,1205,5.820646499982104,1205,180,20,True,T1583.005 - Resource Development: Acquire Botnet,0.0002344966370199,{}
stochastic_normalized_fragility,stochastic_normalized_loo_fragility,1818,118,1215,6.65115762501955,1215,180,20,True,T1583.005 - Resource Development: Acquire Botnet,0.0002175682931706,{}
stochastic_normalized_fragility,stochastic_normalized_loo_fragility,1818,119,1225,5.787740124971606,1225,180,20,True,T1583.005 - Resource Development: Acquire Botnet,0.0001925671982614,{}
stochastic_normalized_fragility,stochastic_normalized_loo_fragility,1818,120,1235,6.641937958076596,1235,180,20,True,T1036 - Defense Evasion: Masquerading,0.000216266165803,{}
stochastic_normalized_fragility,stochastic_normalized_loo_fragility,1818,121,1245,5.29777008399833,1245,180,20,True,T1036 - Defense Evasion: Masquerading,0.0002044173261621,{}
stochastic_normalized_fragility,stochastic_normalized_loo_fragility,1818,122,1255,5.382358958013356,1255,180,20,True,T1583.005 - Resource Development: Acquire Botnet,0.0002107319582529,{}
stochastic_normalized_fragility,stochastic_normalized_loo_fragility,1818,123,1265,5.267173291998915,1265,180,20,True,T1036 - Defense Evasion: Masquerading,0.0003097922351252,{}
stochastic_normalized_fragility,stochastic_normalized_loo_fragility,1818,124,1275,5.85969320894219,1275,180,20,True,T1036 - Defense Evasion: Masquerading,0.0002006779903291,{}
stochastic_normalized_fragility,stochastic_normalized_loo_fragility,1818,125,1285,5.889818458002992,1285,180,20,True,T1583.005 - Resource Development: Acquire Botnet,0.00017031871381,{}
stochastic_normalized_fragility,stochastic_normalized_loo_fragility,1818,126,1295,5.795162625028752,1295,180,20,True,T1583.005 - Resource Development: Acquire Botnet,0.0001850458415066,{}
stochastic_normalized_fragility,stochastic_normalized_loo_fragility,1818,127,1305,5.530777417006902,1305,180,20,True,T1036 - Defense Evasion: Masquerading,0.0001995234068062,{}
stochastic_normalized_fragility,stochastic_normalized_loo_fragility,1818,128,1315,5.78252112492919,1315,180,20,True,T1036 - Defense Evasion: Masquerading,0.0002072648004413,{}
stochastic_normalized_fragility,stochastic_normalized_loo_fragility,1818,129,1325,19.48895104206167,1325,180,20,True,T1036 - Defense Evasion: Masquerading,0.0002780830638233,{}
stochastic_normalized_fragility,stochastic_normalized_loo_fragility,1818,130,1335,7.146698124939576,1335,180,20,True,T1595 - Reconnaissance: Active Scanning,0.0003804291172759,{}
stochastic_normalized_fragility,stochastic_normalized_loo_fragility,1818,131,1345,6.777145916945301,1345,180,20,True,T1571 - Defense Evasion: Non-Standard Port,0.0003875627397846,{}
stochastic_normalized_fragility,stochastic_normalized_loo_fragility,1818,132,1355,6.180284457979724,1355,180,20,True,T1583.005 - Resource Development: Acquire Botnet,0.0001959663878465,{}
stochastic_normalized_fragility,stochastic_normalized_loo_fragility,1818,133,1365,5.754391041002236,1365,180,20,True,T1583.005 - Resource Development: Acquire Botnet,0.0002958187505964,{}
stochastic_normalized_fragility,stochastic_normalized_loo_fragility,1818,134,1375,4.806684792041779,1375,180,20,True,TA0011 - Command-and-Control,0.0003495683852018,{}
stochastic_normalized_fragility,stochastic_normalized_loo_fragility,1818,135,1385,4.198196707991883,1385,180,20,True,T1583.005 - Resource Development: Acquire Botnet,0.0003622643249456,{}
stochastic_normalized_fragility,stochastic_normalized_loo_fragility,1818,136,1395,5.320271541946568,1395,180,20,True,T1036 - Defense Evasion: Masquerading,0.0003019385698239,{}
stochastic_normalized_fragility,stochastic_normalized_loo_fragility,1818,137,1405,5.906840582960285,1405,180,20,True,T1036 - Defense Evasion: Masquerading,0.0002496207891215,{}
stochastic_normalized_fragility,stochastic_normalized_loo_fragility,1818,138,1415,10.625564082991332,1415,180,20,True,T1583.005 - Resource Development: Acquire Botnet,0.0001891894059593,{}
stochastic_normalized_fragility,stochastic_normalized_loo_fragility,1818,139,1425,7.20123337500263,1425,180,20,True,T1583.005 - Resource Development: Acquire Botnet,0.0002407325664739,{}
stochastic_normalized_fragility,stochastic_normalized_loo_fragility,1818,140,1435,7.434033749974333,1435,180,20,True,T1583.005 - Resource Development: Acquire Botnet,0.0002459453614926,{}
stochastic_normalized_fragility,stochastic_normalized_loo_fragility,1818,141,1445,7.767391875036992,1445,180,20,True,T1036 - Defense Evasion: Masquerading,0.0002198788512354,{}
stochastic_normalized_fragility,stochastic_normalized_loo_fragility,1818,142,1455,7.695824000053108,1455,180,20,True,T1036 - Defense Evasion: Masquerading,0.0002512142361853,{}
stochastic_normalized_fragility,stochastic_normalized_loo_fragility,1818,143,1465,6.45596933295019,1465,180,20,True,T1036 - Defense Evasion: Masquerading,0.0002148521081976,{}
stochastic_normalized_fragility,stochastic_normalized_loo_fragility,1818,144,1475,6.447823083028197,1475,180,20,True,T1583.005 - Resource Development: Acquire Botnet,0.0002541803718997,{}
stochastic_normalized_fragility,stochastic_normalized_loo_fragility,1818,145,1485,6.303984833997674,1485,180,20,True,T1583.005 - Resource Development: Acquire Botnet,0.0002024405045724,{}
stochastic_normalized_fragility,stochastic_normalized_loo_fragility,1818,146,1495,6.932429500040598,1495,180,20,True,T1583.005 - Resource Development: Acquire Botnet,0.0002070239338147,{}
stochastic_normalized_fragility,stochastic_normalized_loo_fragility,1818,147,1505,6.925181875005364,1505,180,20,True,T1036 - Defense Evasion: Masquerading,0.0002071727067172,{}
stochastic_normalized_fragility,stochastic_normalized_loo_fragility,1818,148,1515,6.5758960420498624,1515,180,20,True,T1036 - Defense Evasion: Masquerading,0.0002319787833803,{}
stochastic_normalized_fragility,stochastic_normalized_loo_fragility,1818,149,1525,6.846393708954565,1525,180,20,True,T1036 - Defense Evasion: Masquerading,0.0002195971787646,{}
stochastic_normalized_fragility,stochastic_normalized_loo_fragility,1818,150,1535,6.819219166063704,1535,180,20,True,T1583.005 - Resource Development: Acquire Botnet,0.0001899178111883,{}
stochastic_normalized_fragility,stochastic_normalized_loo_fragility,1818,151,1545,6.928948833025061,1545,180,20,True,T1583.005 - Resource Development: Acquire Botnet,0.0002394515251183,{}
stochastic_normalized_fragility,stochastic_normalized_loo_fragility,1818,152,1555,6.715945957927033,1555,180,20,True,T1583.005 - Resource Development: Acquire Botnet,0.0002521149370869,{}
stochastic_normalized_fragility,stochastic_normalized_loo_fragility,1818,153,1565,6.855732458061539,1565,180,20,True,T1583.005 - Resource Development: Acquire Botnet,0.0002251875887189,{}
stochastic_normalized_fragility,stochastic_normalized_loo_fragility,1818,154,1575,6.88524299999699,1575,180,20,True,T1590 - Reconnaissance: Gather Victim Network Information,0.0002089304204698,{}
stochastic_normalized_fragility,stochastic_normalized_loo_fragility,1818,155,1585,7.423599291942082,1585,180,20,True,T1498.001 - Impact: Direct Network Flood,0.0001824673256213,{}
stochastic_normalized_fragility,stochastic_normalized_loo_fragility,1818,156,1595,7.333353040972725,1595,180,20,True,T1036 - Defense Evasion: Masquerading,0.0001772451992079,{}
stochastic_normalized_fragility,stochastic_normalized_loo_fragility,1818,157,1605,7.239736624993384,1605,180,20,True,T1036 - Defense Evasion: Masquerading,0.000264666173817,{}
stochastic_normalized_fragility,stochastic_normalized_loo_fragility,1818,158,1615,6.910128624993376,1615,180,20,True,T1036 - Defense Evasion: Masquerading,0.0002158592891998,{}
stochastic_normalized_fragility,stochastic_normalized_loo_fragility,1818,159,1625,6.902887624921277,1625,180,20,True,T1036 - Defense Evasion: Masquerading,0.0002097054527846,{}
stochastic_normalized_fragility,stochastic_normalized_loo_fragility,1818,160,1635,6.89750500000082,1635,180,20,True,T1498.001 - Impact: Direct Network Flood,0.0001917780020181,{}
stochastic_normalized_fragility,stochastic_normalized_loo_fragility,1818,161,1645,7.998886083019897,1645,180,20,True,TA0011 - Command-and-Control,0.0002429150367024,{}
stochastic_normalized_fragility,stochastic_normalized_loo_fragility,1818,162,1655,7.549937791074626,1655,180,20,True,T1590 - Reconnaissance: Gather Victim Network Information,0.0002021406163655,{}
stochastic_normalized_fragility,stochastic_normalized_loo_fragility,1818,163,1665,7.278707583085634,1665,180,20,True,T1590 - Reconnaissance: Gather Victim Network Information,0.0005108246534442,{}
stochastic_normalized_fragility,stochastic_normalized_loo_fragility,1818,164,1675,7.302574792061932,1675,180,20,True,T1036 - Defense Evasion: Masquerading,0.0002674260967349,{}
stochastic_normalized_fragility,stochastic_normalized_loo_fragility,1818,165,1685,7.148887500050478,1685,180,20,True,T1036 - Defense Evasion: Masquerading,0.0002583205452053,{}
stochastic_normalized_fragility,stochastic_normalized_loo_fragility,1818,166,1695,8.128806750057265,1695,180,20,True,T1036 - Defense Evasion: Masquerading,0.000200020207842,{}
stochastic_normalized_fragility,stochastic_normalized_loo_fragility,1818,167,1705,7.212890582974069,1705,180,20,True,T1583.005 - Resource Development: Acquire Botnet,0.0001798223362986,{}
stochastic_normalized_fragility,stochastic_normalized_loo_fragility,1818,168,1715,8.102492708014324,1715,180,20,True,T1590 - Reconnaissance: Gather Victim Network Information,0.0001678249409627,{}
stochastic_normalized_fragility,stochastic_normalized_loo_fragility,1818,169,1725,7.443106083897874,1725,180,20,True,T1036 - Defense Evasion: Masquerading,0.0002235466068119,{}
stochastic_normalized_fragility,stochastic_normalized_loo_fragility,1818,170,1735,8.133381374995224,1735,180,20,True,T1036 - Defense Evasion: Masquerading,0.0002090406205081,{}
stochastic_normalized_fragility,stochastic_normalized_loo_fragility,1818,171,1745,7.738107833079994,1745,180,20,True,TA0011 - Command-and-Control,0.0002445898630611,{}
stochastic_normalized_fragility,stochastic_normalized_loo_fragility,1818,172,1755,7.538574832957238,1755,180,20,True,T1036 - Defense Evasion: Masquerading,0.0003045210067469,{}
stochastic_normalized_fragility,stochastic_normalized_loo_fragility,1818,173,1765,7.498629083042033,1765,180,20,True,T1583.005 - Resource Development: Acquire Botnet,0.0002474976334333,{}
stochastic_normalized_fragility,stochastic_normalized_loo_fragility,1818,174,1775,7.488003249978647,1775,180,20,True,T1583.005 - Resource Development: Acquire Botnet,0.0002443130032704,{}
stochastic_normalized_fragility,stochastic_normalized_loo_fragility,1818,175,1785,8.149666915996931,1785,180,20,True,T1036 - Defense Evasion: Masquerading,0.0003008449642212,{}
stochastic_normalized_fragility,stochastic_normalized_loo_fragility,1818,176,1795,7.777695292024873,1795,180,20,True,T1498.002 - Impact: Reflection/Amplification Attack,0.0003780412551736,{}
stochastic_normalized_fragility,stochastic_normalized_loo_fragility,1919,1,45,1.7648054999299347,45,45,20,False,T1584.005 - Resource Development: Build/Compromise Botnet,0.0007454624081864,{}
stochastic_normalized_fragility,stochastic_normalized_loo_fragility,1919,2,55,2.0286217919783667,55,55,20,False,T1498.002 - Impact: Reflection/Amplification Attack,0.0008095339564554,{}
stochastic_normalized_fragility,stochastic_normalized_loo_fragility,1919,3,65,2.284534874954261,65,65,20,False,TA0011 - Command-and-Control,0.0003136598593529,{}
stochastic_normalized_fragility,stochastic_normalized_loo_fragility,1919,4,75,2.6249812910100445,75,75,20,False,TA0011 - Command-and-Control,0.0002666796555656,{}
stochastic_normalized_fragility,stochastic_normalized_loo_fragility,1919,5,85,3.2050124160014093,85,85,20,False,T1590 - Reconnaissance: Gather Victim Network Information,0.0003184522701523,{}
stochastic_normalized_fragility,stochastic_normalized_loo_fragility,1919,6,95,3.140961042023264,95,95,20,False,T1498.002 - Impact: Reflection/Amplification Attack,0.00032998425827,{}
stochastic_normalized_fragility,stochastic_normalized_loo_fragility,1919,7,105,3.5377481249161065,105,105,20,False,T1498.001 - Impact: Direct Network Flood,0.000153484175045,{}
stochastic_normalized_fragility,stochastic_normalized_loo_fragility,1919,8,115,3.772884958074428,115,115,20,False,T1036 - Defense Evasion: Masquerading,0.0001648735959381,{}
stochastic_normalized_fragility,stochastic_normalized_loo_fragility,1919,9,125,4.443343457998708,125,125,20,False,T1583.005 - Resource Development: Acquire Botnet,0.0001887788757651,{}
stochastic_normalized_fragility,stochastic_normalized_loo_fragility,1919,10,135,4.777332499972545,135,135,20,False,T1036 - Defense Evasion: Masquerading,0.0001813279721618,{}
stochastic_normalized_fragility,stochastic_normalized_loo_fragility,1919,11,145,5.3644288330106065,145,145,20,False,T1584.005 - Resource Development: Build/Compromise Botnet,0.0002345448794216,{}
stochastic_normalized_fragility,stochastic_normalized_loo_fragility,1919,12,155,5.834773082984611,155,152,20,True,T1583.005 - Resource Development: Acquire Botnet,0.0002279143406043,{}
stochastic_normalized_fragility,stochastic_normalized_loo_fragility,1919,13,165,5.647258916054852,165,159,20,True,T1036 - Defense Evasion: Masquerading,0.0002173367221805,{}
stochastic_normalized_fragility,stochastic_normalized_loo_fragility,1919,14,175,5.656612541992217,175,163,20,True,T1584.005 - Resource Development: Build/Compromise Botnet,0.0001885036630477,{}
stochastic_normalized_fragility,stochastic_normalized_loo_fragility,1919,15,185,5.505694541032426,185,164,20,True,T1498.001 - Impact: Direct Network Flood,0.0002143164235441,{}
stochastic_normalized_fragility,stochastic_normalized_loo_fragility,1919,16,195,7.233677541022189,195,171,20,True,T1498.001 - Impact: Direct Network Flood,0.0002109915729402,{}
stochastic_normalized_fragility,stochastic_normalized_loo_fragility,1919,17,205,6.802763749961741,205,173,20,True,TA0011 - Command-and-Control,0.0001711697300476,{}
stochastic_normalized_fragility,stochastic_normalized_loo_fragility,1919,18,215,6.481540916953236,215,176,20,True,T1036 - Defense Evasion: Masquerading,0.0001833982963428,{}
stochastic_normalized_fragility,stochastic_normalized_loo_fragility,1919,19,225,6.08565379108768,225,177,20,True,TA0011 - Command-and-Control,0.0001876427127046,{}
stochastic_normalized_fragility,stochastic_normalized_loo_fragility,1919,20,235,6.2640912079950795,235,178,20,True,T1036 - Defense Evasion: Masquerading,0.0001962623015401,{}
stochastic_normalized_fragility,stochastic_normalized_loo_fragility,1919,21,245,6.199570249998942,245,179,20,True,T1584.005 - Resource Development: Build/Compromise Botnet,0.0001929869777521,{}
stochastic_normalized_fragility,stochastic_normalized_loo_fragility,1919,22,255,6.6705225829500705,255,180,20,True,T1584.005 - Resource Development: Build/Compromise Botnet,0.00021213836907,{}
stochastic_normalized_fragility,stochastic_normalized_loo_fragility,1919,23,265,7.016054749954492,265,180,20,True,TA0011 - Command-and-Control,0.0002411108982188,{}
stochastic_normalized_fragility,stochastic_normalized_loo_fragility,1919,24,275,6.591865874943323,275,180,20,True,T1036 - Defense Evasion: Masquerading,0.000229174021098,{}
stochastic_normalized_fragility,stochastic_normalized_loo_fragility,1919,25,285,7.577567790984176,285,180,20,True,T1036 - Defense Evasion: Masquerading,0.000280016762231,{}
stochastic_normalized_fragility,stochastic_normalized_loo_fragility,1919,26,295,7.163537750020623,295,180,20,True,TA0011 - Command-and-Control,0.0003022617263039,{}
stochastic_normalized_fragility,stochastic_normalized_loo_fragility,1919,27,305,7.8787187080597505,305,180,20,True,T1590 - Reconnaissance: Gather Victim Network Information,0.0003737871849274,{}
stochastic_normalized_fragility,stochastic_normalized_loo_fragility,1919,28,315,7.817507791914977,315,180,20,True,TA0011 - Command-and-Control,0.0003889678790156,{}
stochastic_normalized_fragility,stochastic_normalized_loo_fragility,1919,29,325,6.681238083052449,325,180,20,True,TA0011 - Command-and-Control,0.0003245168433775,{}
stochastic_normalized_fragility,stochastic_normalized_loo_fragility,1919,30,335,6.605071166995913,335,180,20,True,TA0011 - Command-and-Control,0.000190985287938,{}
stochastic_normalized_fragility,stochastic_normalized_loo_fragility,1919,31,345,6.812307749991305,345,180,20,True,TA0011 - Command-and-Control,0.0004590453978727,{}
stochastic_normalized_fragility,stochastic_normalized_loo_fragility,1919,32,355,7.057853125035763,355,180,20,True,T1036 - Defense Evasion: Masquerading,0.0003488098709338,{}
stochastic_normalized_fragility,stochastic_normalized_loo_fragility,1919,33,365,6.5731748749967664,365,180,20,True,TA0011 - Command-and-Control,0.0003132038918369,{}
stochastic_normalized_fragility,stochastic_normalized_loo_fragility,1919,34,375,7.1089835410239175,375,180,20,True,T1498.002 - Impact: Reflection/Amplification Attack,0.0003865315928807,{}
stochastic_normalized_fragility,stochastic_normalized_loo_fragility,1919,35,385,6.894362417049706,385,180,20,True,T1583.005 - Resource Development: Acquire Botnet,0.0002624094711099,{}
stochastic_normalized_fragility,stochastic_normalized_loo_fragility,1919,36,395,8.023265041061677,395,180,20,True,TA0011 - Command-and-Control,0.0002668326987414,{}
stochastic_normalized_fragility,stochastic_normalized_loo_fragility,1919,37,405,7.527249917038716,405,180,20,True,T1583.005 - Resource Development: Acquire Botnet,0.0002037298553609,{}
stochastic_normalized_fragility,stochastic_normalized_loo_fragility,1919,38,415,6.967086624936201,415,180,20,True,T1036 - Defense Evasion: Masquerading,0.0002312232774744,{}
stochastic_normalized_fragility,stochastic_normalized_loo_fragility,1919,39,425,6.754615457961336,425,180,20,True,T1036 - Defense Evasion: Masquerading,0.0001998949529595,{}
stochastic_normalized_fragility,stochastic_normalized_loo_fragility,1919,40,435,6.669009541976266,435,180,20,True,T1036 - Defense Evasion: Masquerading,0.0001942376417163,{}
stochastic_normalized_fragility,stochastic_normalized_loo_fragility,1919,41,445,7.256106125074439,445,180,20,True,T1036 - Defense Evasion: Masquerading,0.0002944710107262,{}
stochastic_normalized_fragility,stochastic_normalized_loo_fragility,1919,42,455,7.142239417065866,455,180,20,True,T1036 - Defense Evasion: Masquerading,0.000234663998928,{}
stochastic_normalized_fragility,stochastic_normalized_loo_fragility,1919,43,465,7.504603291978128,465,180,20,True,T1036 - Defense Evasion: Masquerading,0.0001932507368986,{}
stochastic_normalized_fragility,stochastic_normalized_loo_fragility,1919,44,475,7.753757250029594,475,180,20,True,T1036 - Defense Evasion: Masquerading,0.0001635114216489,{}
stochastic_normalized_fragility,stochastic_normalized_loo_fragility,1919,45,485,7.302429790957831,485,180,20,True,T1036 - Defense Evasion: Masquerading,0.0001967641528041,{}
stochastic_normalized_fragility,stochastic_normalized_loo_fragility,1919,46,495,6.9501076670130715,495,180,20,True,T1498.002 - Impact: Reflection/Amplification Attack,0.0001896114000945,{}
stochastic_normalized_fragility,stochastic_normalized_loo_fragility,1919,47,505,7.7413690000539646,505,180,20,True,T1036 - Defense Evasion: Masquerading,0.0001755391601316,{}
stochastic_normalized_fragility,stochastic_normalized_loo_fragility,1919,48,515,7.096377708017826,515,180,20,True,T1590 - Reconnaissance: Gather Victim Network Information,0.0004077822445454,{}
stochastic_normalized_fragility,stochastic_normalized_loo_fragility,1919,49,525,7.2184757919749245,525,180,20,True,TA0011 - Command-and-Control,0.0003896989197161,{}
stochastic_normalized_fragility,stochastic_normalized_loo_fragility,1919,50,535,7.009286458021961,535,180,20,True,T1583.005 - Resource Development: Acquire Botnet,0.0003086029571983,{}
stochastic_normalized_fragility,stochastic_normalized_loo_fragility,1919,51,545,6.791187291033566,545,180,20,True,T1036 - Defense Evasion: Masquerading,0.000403044771174,{}
stochastic_normalized_fragility,stochastic_normalized_loo_fragility,1919,52,555,7.945290000061504,555,180,20,True,T1036 - Defense Evasion: Masquerading,0.0003221958635955,{}
stochastic_normalized_fragility,stochastic_normalized_loo_fragility,1919,53,565,7.202788667054847,565,180,20,True,TA0011 - Command-and-Control,0.0004569158872584,{}
stochastic_normalized_fragility,stochastic_normalized_loo_fragility,1919,54,575,7.292138542048633,575,180,20,True,T1583.005 - Resource Development: Acquire Botnet,0.0002522144081382,{}
stochastic_normalized_fragility,stochastic_normalized_loo_fragility,1919,55,585,7.0802834160858765,585,180,20,True,T1036 - Defense Evasion: Masquerading,0.0003557267429264,{}
stochastic_normalized_fragility,stochastic_normalized_loo_fragility,1919,56,595,7.414328458020464,595,180,20,True,T1583.005 - Resource Development: Acquire Botnet,0.0004347375491891,{}
stochastic_normalized_fragility,stochastic_normalized_loo_fragility,1919,57,605,7.617333416943438,605,180,20,True,T1590 - Reconnaissance: Gather Victim Network Information,0.000355145626211,{}
stochastic_normalized_fragility,stochastic_normalized_loo_fragility,1919,58,615,7.179822250036523,615,180,20,True,TA0011 - Command-and-Control,0.0002106843277782,{}
stochastic_normalized_fragility,stochastic_normalized_loo_fragility,1919,59,625,6.962048750021495,625,180,20,True,T1036 - Defense Evasion: Masquerading,0.0001865222857824,{}
stochastic_normalized_fragility,stochastic_normalized_loo_fragility,1919,60,635,7.849175709066912,635,180,20,True,T1036 - Defense Evasion: Masquerading,0.0001844128801733,{}
stochastic_normalized_fragility,stochastic_normalized_loo_fragility,1919,61,645,6.938691250048578,645,180,20,True,T1583.005 - Resource Development: Acquire Botnet,0.0001898101984351,{}
stochastic_normalized_fragility,stochastic_normalized_loo_fragility,1919,62,655,7.7251611249521375,655,180,20,True,T1036 - Defense Evasion: Masquerading,0.0002525926885445,{}
stochastic_normalized_fragility,stochastic_normalized_loo_fragility,1919,63,665,7.960790417040698,665,180,20,True,T1583.005 - Resource Development: Acquire Botnet,0.0003534113635732,{}
stochastic_normalized_fragility,stochastic_normalized_loo_fragility,1919,64,675,7.335085375001654,675,180,20,True,T1583.005 - Resource Development: Acquire Botnet,0.0002498373028309,{}
stochastic_normalized_fragility,stochastic_normalized_loo_fragility,1919,65,685,8.591250333935022,685,180,20,True,T1036 - Defense Evasion: Masquerading,0.0003961397226082,{}
stochastic_normalized_fragility,stochastic_normalized_loo_fragility,1919,66,695,7.875952083035372,695,180,20,True,T1036 - Defense Evasion: Masquerading,0.0004098909958845,{}
stochastic_normalized_fragility,stochastic_normalized_loo_fragility,1919,67,705,7.683798875077628,705,180,20,True,T1590 - Reconnaissance: Gather Victim Network Information,0.0003338895361035,{}
stochastic_normalized_fragility,stochastic_normalized_loo_fragility,1919,68,715,7.142559957923368,715,180,20,True,T1036 - Defense Evasion: Masquerading,0.0002255263088754,{}
stochastic_normalized_fragility,stochastic_normalized_loo_fragility,1919,69,725,6.863768583047204,725,180,20,True,T1036 - Defense Evasion: Masquerading,0.000209784380488,{}
stochastic_normalized_fragility,stochastic_normalized_loo_fragility,1919,70,735,7.788993875030428,735,180,20,True,T1036 - Defense Evasion: Masquerading,0.0001818970450453,{}
stochastic_normalized_fragility,stochastic_normalized_loo_fragility,1919,71,745,5.813900167006068,745,180,20,True,T1498.001 - Impact: Direct Network Flood,0.0003387305688977,{}
stochastic_normalized_fragility,stochastic_normalized_loo_fragility,1919,72,755,4.945140582975,755,180,20,True,TA0011 - Command-and-Control,0.0002489786313568,{}
stochastic_normalized_fragility,stochastic_normalized_loo_fragility,1919,73,765,4.606124708079733,765,180,20,True,TA0011 - Command-and-Control,0.0002389886281691,{}
stochastic_normalized_fragility,stochastic_normalized_loo_fragility,1919,74,775,4.651299958000891,775,180,20,True,T1036 - Defense Evasion: Masquerading,0.000214566266675,{}
stochastic_normalized_fragility,stochastic_normalized_loo_fragility,1919,75,785,4.649879124946892,785,180,20,True,T1498.001 - Impact: Direct Network Flood,0.0003229518137785,{}
stochastic_normalized_fragility,stochastic_normalized_loo_fragility,1919,76,795,4.490693166968413,795,180,20,True,T1036 - Defense Evasion: Masquerading,0.0002399812522523,{}
stochastic_normalized_fragility,stochastic_normalized_loo_fragility,1919,77,805,4.672535959049128,805,180,20,True,T1036 - Defense Evasion: Masquerading,0.0002968960595736,{}
stochastic_normalized_fragility,stochastic_normalized_loo_fragility,1919,78,815,4.727436667075381,815,180,20,True,T1583.005 - Resource Development: Acquire Botnet,0.0002100981885651,{}
stochastic_normalized_fragility,stochastic_normalized_loo_fragility,1919,79,825,4.884535666904412,825,180,20,True,T1583.005 - Resource Development: Acquire Botnet,0.0001708442317868,{}
stochastic_normalized_fragility,stochastic_normalized_loo_fragility,1919,80,835,4.428635124932043,835,180,20,True,T1498.002 - Impact: Reflection/Amplification Attack,0.0003300749880911,{}
stochastic_normalized_fragility,stochastic_normalized_loo_fragility,1919,81,845,4.480727666057646,845,180,20,True,T1036 - Defense Evasion: Masquerading,0.0003339794994226,{}
stochastic_normalized_fragility,stochastic_normalized_loo_fragility,1919,82,855,4.431627499987371,855,180,20,True,T1036 - Defense Evasion: Masquerading,0.0002578813819456,{}
stochastic_normalized_fragility,stochastic_normalized_loo_fragility,1919,83,865,4.477379500051029,865,180,20,True,TA0011 - Command-and-Control,0.0002176814776697,{}
stochastic_normalized_fragility,stochastic_normalized_loo_fragility,1919,84,875,4.621533458004706,875,180,20,True,T1036 - Defense Evasion: Masquerading,0.0002454737497145,{}
stochastic_normalized_fragility,stochastic_normalized_loo_fragility,1919,85,885,4.573384125018492,885,180,20,True,T1498.002 - Impact: Reflection/Amplification Attack,0.0002731883257757,{}
stochastic_normalized_fragility,stochastic_normalized_loo_fragility,1919,86,895,4.549617875018157,895,180,20,True,T1583.005 - Resource Development: Acquire Botnet,0.0002488582550854,{}
stochastic_normalized_fragility,stochastic_normalized_loo_fragility,1919,87,905,5.121015875018202,905,180,20,True,T1583.005 - Resource Development: Acquire Botnet,0.0002266167316716,{}
stochastic_normalized_fragility,stochastic_normalized_loo_fragility,1919,88,915,4.715502834063955,915,180,20,True,T1036 - Defense Evasion: Masquerading,0.0003010516605513,{}
stochastic_normalized_fragility,stochastic_normalized_loo_fragility,1919,89,925,4.725210333941504,925,180,20,True,T1595 - Reconnaissance: Active Scanning,0.0002770752656032,{}
stochastic_normalized_fragility,stochastic_normalized_loo_fragility,1919,90,935,4.67716108309105,935,180,20,True,T1595 - Reconnaissance: Active Scanning,0.0002888847248814,{}
stochastic_normalized_fragility,stochastic_normalized_loo_fragility,1919,91,945,4.564399875001982,945,180,20,True,T1583.005 - Resource Development: Acquire Botnet,0.0003192276170695,{}
stochastic_normalized_fragility,stochastic_normalized_loo_fragility,1919,92,955,4.405278166057542,955,180,20,True,T1036 - Defense Evasion: Masquerading,0.0001753650859235,{}
stochastic_normalized_fragility,stochastic_normalized_loo_fragility,1919,93,965,4.41794299997855,965,180,20,True,T1036 - Defense Evasion: Masquerading,0.0001790707313036,{}
stochastic_normalized_fragility,stochastic_normalized_loo_fragility,1919,94,975,4.572884417022578,975,180,20,True,T1036 - Defense Evasion: Masquerading,0.0002062982233114,{}
stochastic_normalized_fragility,stochastic_normalized_loo_fragility,1919,95,985,4.944069999968633,985,180,20,True,T1036 - Defense Evasion: Masquerading,0.0002139957799473,{}
stochastic_normalized_fragility,stochastic_normalized_loo_fragility,1919,96,995,4.739061083062552,995,180,20,True,T1583.005 - Resource Development: Acquire Botnet,0.0002005520155502,{}
stochastic_normalized_fragility,stochastic_normalized_loo_fragility,1919,97,1005,4.702429833938368,1005,180,20,True,T1590 - Reconnaissance: Gather Victim Network Information,0.0003346397032475,{}
stochastic_normalized_fragility,stochastic_normalized_loo_fragility,1919,98,1015,4.738446249975823,1015,180,20,True,T1583.005 - Resource Development: Acquire Botnet,0.0002878966433782,{}
stochastic_normalized_fragility,stochastic_normalized_loo_fragility,1919,99,1025,5.04495312506333,1025,180,20,True,TA0011 - Command-and-Control,0.0003604256499542,{}
stochastic_normalized_fragility,stochastic_normalized_loo_fragility,1919,100,1035,7.542821374954656,1035,180,20,True,T1036 - Defense Evasion: Masquerading,0.0002012770731449,{}
stochastic_normalized_fragility,stochastic_normalized_loo_fragility,1919,101,1045,8.1788777919719,1045,180,20,True,T1036 - Defense Evasion: Masquerading,0.0003077309442909,{}
stochastic_normalized_fragility,stochastic_normalized_loo_fragility,1919,102,1055,8.090843333047815,1055,180,20,True,T1590 - Reconnaissance: Gather Victim Network Information,0.0003987071545922,{}
stochastic_normalized_fragility,stochastic_normalized_loo_fragility,1919,103,1065,7.723123208037578,1065,180,20,True,T1590 - Reconnaissance: Gather Victim Network Information,0.0003831527999205,{}
stochastic_normalized_fragility,stochastic_normalized_loo_fragility,1919,104,1075,7.84280145901721,1075,180,20,True,T1036 - Defense Evasion: Masquerading,0.0002414332573681,{}
stochastic_normalized_fragility,stochastic_normalized_loo_fragility,1919,105,1085,7.521557167056017,1085,180,20,True,T1036 - Defense Evasion: Masquerading,0.0001741263649774,{}
stochastic_normalized_fragility,stochastic_normalized_loo_fragility,1919,106,1095,8.635581417009234,1095,180,20,True,T1036 - Defense Evasion: Masquerading,0.0002371281075132,{}
stochastic_normalized_fragility,stochastic_normalized_loo_fragility,1919,107,1105,8.383025208953768,1105,180,20,True,T1036 - Defense Evasion: Masquerading,0.000311774324307,{}
stochastic_normalized_fragility,stochastic_normalized_loo_fragility,1919,108,1115,8.14420700003393,1115,180,20,True,T1590 - Reconnaissance: Gather Victim Network Information,0.0004942207177284,{}
stochastic_normalized_fragility,stochastic_normalized_loo_fragility,1919,109,1125,7.898811375023797,1125,180,20,True,T1036 - Defense Evasion: Masquerading,0.0004666778568446,{}
stochastic_normalized_fragility,stochastic_normalized_loo_fragility,1919,110,1135,8.715762958978303,1135,180,20,True,T1036 - Defense Evasion: Masquerading,0.0004256095327013,{}
stochastic_normalized_fragility,stochastic_normalized_loo_fragility,1919,111,1145,7.964174915920012,1145,180,20,True,T1036 - Defense Evasion: Masquerading,0.0002672794889742,{}
stochastic_normalized_fragility,stochastic_normalized_loo_fragility,1919,112,1155,8.787862874916755,1155,180,20,True,T1590 - Reconnaissance: Gather Victim Network Information,0.0003063513828146,{}
stochastic_normalized_fragility,stochastic_normalized_loo_fragility,1919,113,1165,8.3337498329347,1165,180,20,True,T1590 - Reconnaissance: Gather Victim Network Information,0.0002473849508465,{}
stochastic_normalized_fragility,stochastic_normalized_loo_fragility,1919,114,1175,8.648646249901503,1175,180,20,True,T1590 - Reconnaissance: Gather Victim Network Information,0.0002354201148916,{}
stochastic_normalized_fragility,stochastic_normalized_loo_fragility,1919,115,1185,9.017907583038324,1185,180,20,True,T1590 - Reconnaissance: Gather Victim Network Information,0.0002124665870399,{}
stochastic_normalized_fragility,stochastic_normalized_loo_fragility,1919,116,1195,8.03543633397203,1195,180,20,True,T1036 - Defense Evasion: Masquerading,0.0001708460697418,{}
stochastic_normalized_fragility,stochastic_normalized_loo_fragility,1919,117,1205,7.93554729106836,1205,180,20,True,T1036 - Defense Evasion: Masquerading,0.000508867942026,{}
stochastic_normalized_fragility,stochastic_normalized_loo_fragility,1919,118,1215,7.964175833039917,1215,180,20,True,T1583.005 - Resource Development: Acquire Botnet,0.0002561885523208,{}
stochastic_normalized_fragility,stochastic_normalized_loo_fragility,1919,119,1225,8.46896587498486,1225,180,20,True,T1583.005 - Resource Development: Acquire Botnet,0.0002509173517698,{}
stochastic_normalized_fragility,stochastic_normalized_loo_fragility,1919,120,1235,7.8222999590216205,1235,180,20,True,T1036 - Defense Evasion: Masquerading,0.0001673613678791,{}
stochastic_normalized_fragility,stochastic_normalized_loo_fragility,1919,121,1245,7.950144000002183,1245,180,20,True,T1036 - Defense Evasion: Masquerading,0.0001919696653289,{}
stochastic_normalized_fragility,stochastic_normalized_loo_fragility,1919,122,1255,8.048503083060496,1255,180,20,True,T1036 - Defense Evasion: Masquerading,0.000181503753242,{}
stochastic_normalized_fragility,stochastic_normalized_loo_fragility,1919,123,1265,8.098364042001776,1265,180,20,True,T1498.001 - Impact: Direct Network Flood,0.0001906236135867,{}
stochastic_normalized_fragility,stochastic_normalized_loo_fragility,1919,124,1275,8.323132375022396,1275,180,20,True,T1036 - Defense Evasion: Masquerading,0.0001883320568888,{}
stochastic_normalized_fragility,stochastic_normalized_loo_fragility,1919,125,1285,7.857716750004329,1285,180,20,True,T1036 - Defense Evasion: Masquerading,0.0001870911596943,{}
stochastic_normalized_fragility,stochastic_normalized_loo_fragility,1919,126,1295,8.389661625027657,1295,180,20,True,TA0011 - Command-and-Control,0.0002173844914605,{}
stochastic_normalized_fragility,stochastic_normalized_loo_fragility,1919,127,1305,7.8355722919804975,1305,180,20,True,T1036 - Defense Evasion: Masquerading,0.0002262677736461,{}
stochastic_normalized_fragility,stochastic_normalized_loo_fragility,1919,128,1315,8.882943874923512,1315,180,20,True,T1036 - Defense Evasion: Masquerading,0.0002455269551966,{}
stochastic_normalized_fragility,stochastic_normalized_loo_fragility,1919,129,1325,7.693187083001248,1325,180,20,True,T1583.005 - Resource Development: Acquire Botnet,0.0001896238089377,{}
stochastic_normalized_fragility,stochastic_normalized_loo_fragility,1919,130,1335,7.832763958023861,1335,180,20,True,T1583.005 - Resource Development: Acquire Botnet,0.0002048414903602,{}
stochastic_normalized_fragility,stochastic_normalized_loo_fragility,1919,131,1345,8.101944333990104,1345,180,20,True,T1583.005 - Resource Development: Acquire Botnet,0.0002637031385495,{}
stochastic_normalized_fragility,stochastic_normalized_loo_fragility,1919,132,1355,8.033559959032573,1355,180,20,True,T1583.005 - Resource Development: Acquire Botnet,0.000213312062282,{}
stochastic_normalized_fragility,stochastic_normalized_loo_fragility,1919,133,1365,8.676531082950532,1365,180,20,True,T1036 - Defense Evasion: Masquerading,0.0002426353029817,{}
stochastic_normalized_fragility,stochastic_normalized_loo_fragility,1919,134,1375,8.490251041948795,1375,180,20,True,T1036 - Defense Evasion: Masquerading,0.0002319946017151,{}
stochastic_normalized_fragility,stochastic_normalized_loo_fragility,1919,135,1385,7.915302624925971,1385,180,20,True,T1036 - Defense Evasion: Masquerading,0.0002962789484862,{}
stochastic_normalized_fragility,stochastic_normalized_loo_fragility,1919,136,1395,8.277700374950655,1395,180,20,True,T1036 - Defense Evasion: Masquerading,0.0003163507067658,{}
stochastic_normalized_fragility,stochastic_normalized_loo_fragility,1919,137,1405,8.888675666064955,1405,180,20,True,T1036 - Defense Evasion: Masquerading,0.0001886246756872,{}
stochastic_normalized_fragility,stochastic_normalized_loo_fragility,1919,138,1415,8.69497374992352,1415,180,20,True,T1036 - Defense Evasion: Masquerading,0.0001999348016965,{}
stochastic_normalized_fragility,stochastic_normalized_loo_fragility,1919,139,1425,8.810960041009821,1425,180,20,True,T1583.005 - Resource Development: Acquire Botnet,0.0001733234140018,{}
stochastic_normalized_fragility,stochastic_normalized_loo_fragility,1919,140,1435,9.051456291927025,1435,180,20,True,T1583.005 - Resource Development: Acquire Botnet,0.0002331182213394,{}
stochastic_normalized_fragility,stochastic_normalized_loo_fragility,1919,141,1445,9.059315291931853,1445,180,20,True,T1036 - Defense Evasion: Masquerading,0.0001882162616376,{}
stochastic_normalized_fragility,stochastic_normalized_loo_fragility,1919,142,1455,8.579742709058337,1455,180,20,True,T1036 - Defense Evasion: Masquerading,0.0002162481690826,{}
stochastic_normalized_fragility,stochastic_normalized_loo_fragility,1919,143,1465,8.041608541971073,1465,180,20,True,T1036 - Defense Evasion: Masquerading,0.0002985506187843,{}
stochastic_normalized_fragility,stochastic_normalized_loo_fragility,1919,144,1475,8.273757499991916,1475,180,20,True,T1036 - Defense Evasion: Masquerading,0.0002970287238467,{}
stochastic_normalized_fragility,stochastic_normalized_loo_fragility,1919,145,1485,8.983096125070006,1485,180,20,True,T1036 - Defense Evasion: Masquerading,0.0002527410715118,{}
stochastic_normalized_fragility,stochastic_normalized_loo_fragility,1919,146,1495,8.534312625066377,1495,180,20,True,T1036 - Defense Evasion: Masquerading,0.0002707262864066,{}
stochastic_normalized_fragility,stochastic_normalized_loo_fragility,1919,147,1505,8.646336792036891,1505,180,20,True,T1036 - Defense Evasion: Masquerading,0.0002357473901815,{}
stochastic_normalized_fragility,stochastic_normalized_loo_fragility,1919,148,1515,9.059565874980764,1515,180,20,True,T1036 - Defense Evasion: Masquerading,0.000222855659105,{}
stochastic_normalized_fragility,stochastic_normalized_loo_fragility,1919,149,1525,9.282906207954513,1525,180,20,True,T1036 - Defense Evasion: Masquerading,0.0002710299050003,{}
stochastic_normalized_fragility,stochastic_normalized_loo_fragility,1919,150,1535,8.992250874987803,1535,180,20,True,T1036 - Defense Evasion: Masquerading,0.000276446549951,{}
stochastic_normalized_fragility,stochastic_normalized_loo_fragility,1919,151,1545,8.284171708044596,1545,180,20,True,T1498.002 - Impact: Reflection/Amplification Attack,0.0002239163778412,{}
stochastic_normalized_fragility,stochastic_normalized_loo_fragility,1919,152,1555,8.742238458013162,1555,180,20,True,T1036 - Defense Evasion: Masquerading,0.0004493710194716,{}
stochastic_normalized_fragility,stochastic_normalized_loo_fragility,1919,153,1565,9.909770458005369,1565,180,20,True,T1036 - Defense Evasion: Masquerading,0.0002283427175597,{}
stochastic_normalized_fragility,stochastic_normalized_loo_fragility,1919,154,1575,8.977009457885288,1575,180,20,True,T1036 - Defense Evasion: Masquerading,0.0002085219975957,{}
stochastic_normalized_fragility,stochastic_normalized_loo_fragility,1919,155,1585,8.842111875070259,1585,180,20,True,T1036 - Defense Evasion: Masquerading,0.0002412009629981,{}
stochastic_normalized_fragility,stochastic_normalized_loo_fragility,1919,156,1595,8.724942500004545,1595,180,20,True,T1590 - Reconnaissance: Gather Victim Network Information,0.0002993878864852,{}
stochastic_normalized_fragility,stochastic_normalized_loo_fragility,1919,157,1605,8.949820459005423,1605,180,20,True,T1590 - Reconnaissance: Gather Victim Network Information,0.000355811608143,{}
stochastic_normalized_fragility,stochastic_normalized_loo_fragility,1919,158,1615,8.99625675007701,1615,180,20,True,T1036 - Defense Evasion: Masquerading,0.0002776995946713,{}
stochastic_normalized_fragility,stochastic_normalized_loo_fragility,1919,159,1625,8.240035834023729,1625,180,20,True,TA0011 - Command-and-Control,0.0002470569062897,{}
stochastic_normalized_fragility,stochastic_normalized_loo_fragility,1919,160,1635,8.742729207966477,1635,180,20,True,T1584.005 - Resource Development: Build/Compromise Botnet,0.0001909143437627,{}
stochastic_normalized_fragility,stochastic_normalized_loo_fragility,1919,161,1645,8.707814124994911,1645,180,20,True,T1584.005 - Resource Development: Build/Compromise Botnet,0.0001778622585754,{}
stochastic_normalized_fragility,stochastic_normalized_loo_fragility,1919,162,1655,8.616741374949925,1655,180,20,True,T1584.005 - Resource Development: Build/Compromise Botnet,0.0002034209219734,{}
stochastic_normalized_fragility,stochastic_normalized_loo_fragility,1919,163,1665,8.171385124907829,1665,180,20,True,T1584.005 - Resource Development: Build/Compromise Botnet,0.0002296983338974,{}
stochastic_normalized_fragility,stochastic_normalized_loo_fragility,1919,164,1675,8.190619958913885,1675,180,20,True,T1036 - Defense Evasion: Masquerading,0.0001854900272633,{}
stochastic_normalized_fragility,stochastic_normalized_loo_fragility,1919,165,1685,8.243554625078104,1685,180,20,True,T1036 - Defense Evasion: Masquerading,0.000243514661341,{}
stochastic_normalized_fragility,stochastic_normalized_loo_fragility,1919,166,1695,8.93287949997466,1695,180,20,True,T1036 - Defense Evasion: Masquerading,0.0002873030348153,{}
stochastic_normalized_fragility,stochastic_normalized_loo_fragility,1919,167,1705,9.636182500049472,1705,180,20,True,T1036 - Defense Evasion: Masquerading,0.0003377561091775,{}
stochastic_normalized_fragility,stochastic_normalized_loo_fragility,1919,168,1715,8.493489417014644,1715,180,20,True,T1036 - Defense Evasion: Masquerading,0.0002690363512267,{}
stochastic_normalized_fragility,stochastic_normalized_loo_fragility,1919,169,1725,8.395763500011526,1725,180,20,True,T1036 - Defense Evasion: Masquerading,0.0003711730745903,{}
stochastic_normalized_fragility,stochastic_normalized_loo_fragility,1919,170,1735,9.25139312504325,1735,180,20,True,T1583.005 - Resource Development: Acquire Botnet,0.0002719958184225,{}
stochastic_normalized_fragility,stochastic_normalized_loo_fragility,1919,171,1745,9.119687790982423,1745,180,20,True,T1036 - Defense Evasion: Masquerading,0.0004719310586004,{}
stochastic_normalized_fragility,stochastic_normalized_loo_fragility,1919,172,1755,8.88844720798079,1755,180,20,True,T1590 - Reconnaissance: Gather Victim Network Information,0.0003074294282716,{}
stochastic_normalized_fragility,stochastic_normalized_loo_fragility,1919,173,1765,8.589162292075343,1765,180,20,True,T1590 - Reconnaissance: Gather Victim Network Information,0.0003210837409008,{}
stochastic_normalized_fragility,stochastic_normalized_loo_fragility,1919,174,1775,9.074438124895096,1775,180,20,True,T1036 - Defense Evasion: Masquerading,0.0002002167276636,{}
stochastic_normalized_fragility,stochastic_normalized_loo_fragility,1919,175,1785,8.483822000096552,1785,180,20,True,T1036 - Defense Evasion: Masquerading,0.0004784163981442,{}
stochastic_normalized_fragility,stochastic_normalized_loo_fragility,1919,176,1795,8.125500124995597,1795,180,20,True,T1036 - Defense Evasion: Masquerading,0.0003778263047856,{}
stochastic_normalized_fragility,stochastic_normalized_loo_fragility,2020,1,45,1.716520250076428,45,45,20,False,T1584.005 - Resource Development: Build/Compromise Botnet,0.0006874914948993,{}
stochastic_normalized_fragility,stochastic_normalized_loo_fragility,2020,2,55,2.425203708000481,55,55,20,False,T1498.002 - Impact: Reflection/Amplification Attack,0.0006421322431658,{}
stochastic_normalized_fragility,stochastic_normalized_loo_fragility,2020,3,65,2.407987916027196,65,65,20,False,T1584.005 - Resource Development: Build/Compromise Botnet,0.0009428531663255,{}
stochastic_normalized_fragility,stochastic_normalized_loo_fragility,2020,4,75,2.64708933304064,75,75,20,False,T1590 - Reconnaissance: Gather Victim Network Information,0.0007653415536755,{}
stochastic_normalized_fragility,stochastic_normalized_loo_fragility,2020,5,85,2.8867803750326857,85,85,20,False,T1590 - Reconnaissance: Gather Victim Network Information,0.0007434428613743,{}
stochastic_normalized_fragility,stochastic_normalized_loo_fragility,2020,6,95,3.0769255419727415,95,95,20,False,T1498.001 - Impact: Direct Network Flood,0.0006128805388938,{}
stochastic_normalized_fragility,stochastic_normalized_loo_fragility,2020,7,105,3.5783889580052346,105,104,20,True,T1584.005 - Resource Development: Build/Compromise Botnet,0.0007876981403363,{}
stochastic_normalized_fragility,stochastic_normalized_loo_fragility,2020,8,115,3.9588687499053776,115,112,20,True,T1498.001 - Impact: Direct Network Flood,0.0004547469256819,{}
stochastic_normalized_fragility,stochastic_normalized_loo_fragility,2020,9,125,4.22340749995783,125,121,20,True,T1036 - Defense Evasion: Masquerading,0.0006161003721655,{}
stochastic_normalized_fragility,stochastic_normalized_loo_fragility,2020,10,135,5.107976958039217,135,131,20,True,TA0011 - Command-and-Control,0.0003662393990064,{}
stochastic_normalized_fragility,stochastic_normalized_loo_fragility,2020,11,145,5.422076375107281,145,138,20,True,T1590 - Reconnaissance: Gather Victim Network Information,0.0004551166437521,{}
stochastic_normalized_fragility,stochastic_normalized_loo_fragility,2020,12,155,5.40228224999737,155,145,20,True,T1583.005 - Resource Development: Acquire Botnet,0.0001806321749983,{}
stochastic_normalized_fragility,stochastic_normalized_loo_fragility,2020,13,165,5.105621374910697,165,152,20,True,T1583.005 - Resource Development: Acquire Botnet,0.0001932998245086,{}
stochastic_normalized_fragility,stochastic_normalized_loo_fragility,2020,14,175,5.2842769579729065,175,157,20,True,T1036 - Defense Evasion: Masquerading,0.000172974447881,{}
stochastic_normalized_fragility,stochastic_normalized_loo_fragility,2020,15,185,5.727471249992959,185,163,20,True,T1583.005 - Resource Development: Acquire Botnet,0.0001957889216402,{}
stochastic_normalized_fragility,stochastic_normalized_loo_fragility,2020,16,195,7.990642959019169,195,168,20,True,T1583.005 - Resource Development: Acquire Botnet,0.0002109999090436,{}
stochastic_normalized_fragility,stochastic_normalized_loo_fragility,2020,17,205,6.473446167074144,205,173,20,True,T1584.005 - Resource Development: Build/Compromise Botnet,0.0001925935327896,{}
stochastic_normalized_fragility,stochastic_normalized_loo_fragility,2020,18,215,6.210394625086337,215,174,20,True,TA0011 - Command-and-Control,0.0002717360590282,{}
stochastic_normalized_fragility,stochastic_normalized_loo_fragility,2020,19,225,6.460555290919729,225,177,20,True,TA0011 - Command-and-Control,0.0002043952395675,{}
stochastic_normalized_fragility,stochastic_normalized_loo_fragility,2020,20,235,6.141820625052787,235,177,20,True,T1036 - Defense Evasion: Masquerading,0.0001786623160985,{}
stochastic_normalized_fragility,stochastic_normalized_loo_fragility,2020,21,245,6.32000737497583,245,178,20,True,T1036 - Defense Evasion: Masquerading,0.00021342642667,{}
stochastic_normalized_fragility,stochastic_normalized_loo_fragility,2020,22,255,7.326944292057306,255,178,20,True,T1036 - Defense Evasion: Masquerading,0.0002717695934796,{}
stochastic_normalized_fragility,stochastic_normalized_loo_fragility,2020,23,265,6.495775916962884,265,179,20,True,T1583.005 - Resource Development: Acquire Botnet,0.0003229580982119,{}
stochastic_normalized_fragility,stochastic_normalized_loo_fragility,2020,24,275,7.533776583033614,275,180,20,True,T1583.005 - Resource Development: Acquire Botnet,0.0002199409379616,{}
stochastic_normalized_fragility,stochastic_normalized_loo_fragility,2020,25,285,7.0284937910037115,285,180,20,True,T1583.005 - Resource Development: Acquire Botnet,0.0002494422701445,{}
stochastic_normalized_fragility,stochastic_normalized_loo_fragility,2020,26,295,7.636453208047897,295,180,20,True,TA0011 - Command-and-Control,0.0003233405852241,{}
stochastic_normalized_fragility,stochastic_normalized_loo_fragility,2020,27,305,7.645351625047624,305,180,20,True,TA0011 - Command-and-Control,0.0002683237674086,{}
stochastic_normalized_fragility,stochastic_normalized_loo_fragility,2020,28,315,7.409252958954312,315,180,20,True,T1590 - Reconnaissance: Gather Victim Network Information,0.000417977503997,{}
stochastic_normalized_fragility,stochastic_normalized_loo_fragility,2020,29,325,6.589909082977101,325,180,20,True,T1036 - Defense Evasion: Masquerading,0.0003882155057798,{}
stochastic_normalized_fragility,stochastic_normalized_loo_fragility,2020,30,335,6.544542832998559,335,180,20,True,T1595 - Reconnaissance: Active Scanning,0.0003782319327722,{}
stochastic_normalized_fragility,stochastic_normalized_loo_fragility,2020,31,345,6.6610109999310225,345,180,20,True,T1498.001 - Impact: Direct Network Flood,0.0002247878393432,{}
stochastic_normalized_fragility,stochastic_normalized_loo_fragility,2020,32,355,7.017486916971393,355,180,20,True,T1036 - Defense Evasion: Masquerading,0.0002236754734185,{}
stochastic_normalized_fragility,stochastic_normalized_loo_fragility,2020,33,365,6.819569707964547,365,180,20,True,T1036 - Defense Evasion: Masquerading,0.000161909007427,{}
stochastic_normalized_fragility,stochastic_normalized_loo_fragility,2020,34,375,6.71797862497624,375,180,20,True,T1036 - Defense Evasion: Masquerading,0.0002094804153159,{}
stochastic_normalized_fragility,stochastic_normalized_loo_fragility,2020,35,385,6.896799584035762,385,180,20,True,T1590 - Reconnaissance: Gather Victim Network Information,0.0002565318269568,{}
stochastic_normalized_fragility,stochastic_normalized_loo_fragility,2020,36,395,7.971989125013351,395,180,20,True,TA0011 - Command-and-Control,0.0002918140501093,{}
stochastic_normalized_fragility,stochastic_normalized_loo_fragility,2020,37,405,7.727311499998905,405,180,20,True,T1036 - Defense Evasion: Masquerading,0.0002535494547254,{}
stochastic_normalized_fragility,stochastic_normalized_loo_fragility,2020,38,415,6.914522958919406,415,180,20,True,T1036 - Defense Evasion: Masquerading,0.000295259045236,{}
stochastic_normalized_fragility,stochastic_normalized_loo_fragility,2020,39,425,6.538315832964145,425,180,20,True,TA0011 - Command-and-Control,0.0003247948766914,{}
stochastic_normalized_fragility,stochastic_normalized_loo_fragility,2020,40,435,6.747160290949978,435,180,20,True,T1036 - Defense Evasion: Masquerading,0.000216320586433,{}
stochastic_normalized_fragility,stochastic_normalized_loo_fragility,2020,41,445,6.995457582990639,445,180,20,True,TA0011 - Command-and-Control,0.0002773287651439,{}
stochastic_normalized_fragility,stochastic_normalized_loo_fragility,2020,42,455,7.892819750006311,455,180,20,True,TA0011 - Command-and-Control,0.0001803956351547,{}
stochastic_normalized_fragility,stochastic_normalized_loo_fragility,2020,43,465,6.944052874925546,465,180,20,True,T1590 - Reconnaissance: Gather Victim Network Information,0.0002508528903132,{}
stochastic_normalized_fragility,stochastic_normalized_loo_fragility,2020,44,475,7.842744749970734,475,180,20,True,T1590 - Reconnaissance: Gather Victim Network Information,0.0002591986737796,{}
stochastic_normalized_fragility,stochastic_normalized_loo_fragility,2020,45,485,6.811684541055001,485,180,20,True,T1590 - Reconnaissance: Gather Victim Network Information,0.0003476051427663,{}
stochastic_normalized_fragility,stochastic_normalized_loo_fragility,2020,46,495,6.992204417008907,495,180,20,True,T1595 - Reconnaissance: Active Scanning,0.0003729204745565,{}
stochastic_normalized_fragility,stochastic_normalized_loo_fragility,2020,47,505,7.572133042034693,505,180,20,True,T1595 - Reconnaissance: Active Scanning,0.0004736905291586,{}
stochastic_normalized_fragility,stochastic_normalized_loo_fragility,2020,48,515,6.794741458026692,515,180,20,True,T1595 - Reconnaissance: Active Scanning,0.0001881419935755,{}
stochastic_normalized_fragility,stochastic_normalized_loo_fragility,2020,49,525,7.215283958008513,525,180,20,True,T1590 - Reconnaissance: Gather Victim Network Information,0.0002092744957059,{}
stochastic_normalized_fragility,stochastic_normalized_loo_fragility,2020,50,535,7.023205499979667,535,180,20,True,T1583.005 - Resource Development: Acquire Botnet,0.0001670630405523,{}
stochastic_normalized_fragility,stochastic_normalized_loo_fragility,2020,51,545,7.011917166993953,545,180,20,True,T1036 - Defense Evasion: Masquerading,0.0001757074047161,{}
stochastic_normalized_fragility,stochastic_normalized_loo_fragility,2020,52,555,8.064589499961585,555,180,20,True,T1036 - Defense Evasion: Masquerading,0.0002075258527378,{}
stochastic_normalized_fragility,stochastic_normalized_loo_fragility,2020,53,565,7.154899041983299,565,180,20,True,T1036 - Defense Evasion: Masquerading,0.0002883221426921,{}
stochastic_normalized_fragility,stochastic_normalized_loo_fragility,2020,54,575,7.108321125037037,575,180,20,True,TA0011 - Command-and-Control,0.0003904818807608,{}
stochastic_normalized_fragility,stochastic_normalized_loo_fragility,2020,55,585,7.388468167046085,585,180,20,True,T1590 - Reconnaissance: Gather Victim Network Information,0.0004328437128419,{}
stochastic_normalized_fragility,stochastic_normalized_loo_fragility,2020,56,595,7.176607792032883,595,180,20,True,T1590 - Reconnaissance: Gather Victim Network Information,0.0003264949076547,{}
stochastic_normalized_fragility,stochastic_normalized_loo_fragility,2020,57,605,7.882761041983031,605,180,20,True,T1583.005 - Resource Development: Acquire Botnet,0.0002316798926515,{}
stochastic_normalized_fragility,stochastic_normalized_loo_fragility,2020,58,615,7.178413916029967,615,180,20,True,T1036 - Defense Evasion: Masquerading,0.000258201168423,{}
stochastic_normalized_fragility,stochastic_normalized_loo_fragility,2020,59,625,7.085256499936804,625,180,20,True,T1036 - Defense Evasion: Masquerading,0.0002378675140591,{}
stochastic_normalized_fragility,stochastic_normalized_loo_fragility,2020,60,635,7.80788733297959,635,180,20,True,T1036 - Defense Evasion: Masquerading,0.000247067217573,{}
stochastic_normalized_fragility,stochastic_normalized_loo_fragility,2020,61,645,7.115919874981046,645,180,20,True,T1036 - Defense Evasion: Masquerading,0.0003458738769601,{}
stochastic_normalized_fragility,stochastic_normalized_loo_fragility,2020,62,655,7.689198207925074,655,180,20,True,T1595 - Reconnaissance: Active Scanning,0.0003509597385933,{}
stochastic_normalized_fragility,stochastic_normalized_loo_fragility,2020,63,665,7.7176974170142785,665,180,20,True,T1036 - Defense Evasion: Masquerading,0.0002713488971275,{}
stochastic_normalized_fragility,stochastic_normalized_loo_fragility,2020,64,675,7.130517499987036,675,180,20,True,T1583.005 - Resource Development: Acquire Botnet,0.0002660224146283,{}
stochastic_normalized_fragility,stochastic_normalized_loo_fragility,2020,65,685,8.925059792003594,685,180,20,True,T1583.005 - Resource Development: Acquire Botnet,0.0002431662210355,{}
stochastic_normalized_fragility,stochastic_normalized_loo_fragility,2020,66,695,8.151859959005378,695,180,20,True,T1590 - Reconnaissance: Gather Victim Network Information,0.0003883359262277,{}
stochastic_normalized_fragility,stochastic_normalized_loo_fragility,2020,67,705,7.202915249974467,705,180,20,True,T1584.005 - Resource Development: Build/Compromise Botnet,0.0003236592858025,{}
stochastic_normalized_fragility,stochastic_normalized_loo_fragility,2020,68,715,7.043153499951586,715,180,20,True,T1583.005 - Resource Development: Acquire Botnet,0.0003955895433582,{}
stochastic_normalized_fragility,stochastic_normalized_loo_fragility,2020,69,725,7.1530424589291215,725,180,20,True,TA0011 - Command-and-Control,0.0004458747364787,{}
stochastic_normalized_fragility,stochastic_normalized_loo_fragility,2020,70,735,7.8289214160759,735,180,20,True,T1036 - Defense Evasion: Masquerading,0.0004892749584613,{}
stochastic_normalized_fragility,stochastic_normalized_loo_fragility,2020,71,745,5.32604979199823,745,180,20,True,T1036 - Defense Evasion: Masquerading,0.0004313516999485,{}
stochastic_normalized_fragility,stochastic_normalized_loo_fragility,2020,72,755,4.636390749947168,755,180,20,True,TA0011 - Command-and-Control,0.0002712010378221,{}
stochastic_normalized_fragility,stochastic_normalized_loo_fragility,2020,73,765,4.64143795799464,765,180,20,True,T1590 - Reconnaissance: Gather Victim Network Information,0.0002602321259743,{}
stochastic_normalized_fragility,stochastic_normalized_loo_fragility,2020,74,775,4.635311999940313,775,180,20,True,T1036 - Defense Evasion: Masquerading,0.0002956701339939,{}
stochastic_normalized_fragility,stochastic_normalized_loo_fragility,2020,75,785,4.641691541997716,785,180,20,True,T1036 - Defense Evasion: Masquerading,0.0002661092679403,{}
stochastic_normalized_fragility,stochastic_normalized_loo_fragility,2020,76,795,4.5904726249864325,795,180,20,True,T1036 - Defense Evasion: Masquerading,0.0002416987951357,{}
stochastic_normalized_fragility,stochastic_normalized_loo_fragility,2020,77,805,4.698618625057861,805,180,20,True,T1590 - Reconnaissance: Gather Victim Network Information,0.0002655089372475,{}
stochastic_normalized_fragility,stochastic_normalized_loo_fragility,2020,78,815,4.7467273339862,815,180,20,True,T1595 - Reconnaissance: Active Scanning,0.0002619990114075,{}
stochastic_normalized_fragility,stochastic_normalized_loo_fragility,2020,79,825,4.914660125039518,825,180,20,True,T1036 - Defense Evasion: Masquerading,0.0003975328294297,{}
stochastic_normalized_fragility,stochastic_normalized_loo_fragility,2020,80,835,4.506416584015824,835,180,20,True,T1595 - Reconnaissance: Active Scanning,0.0002246404147303,{}
stochastic_normalized_fragility,stochastic_normalized_loo_fragility,2020,81,845,4.476414833101444,845,180,20,True,TA0011 - Command-and-Control,0.0002761162514835,{}
stochastic_normalized_fragility,stochastic_normalized_loo_fragility,2020,82,855,4.447597249993123,855,180,20,True,T1583.005 - Resource Development: Acquire Botnet,0.0002200029203449,{}
stochastic_normalized_fragility,stochastic_normalized_loo_fragility,2020,83,865,4.555403667036444,865,180,20,True,T1595 - Reconnaissance: Active Scanning,0.0002330375307173,{}
stochastic_normalized_fragility,stochastic_normalized_loo_fragility,2020,84,875,4.682623125030659,875,180,20,True,T1583.005 - Resource Development: Acquire Botnet,0.0002045787775982,{}
stochastic_normalized_fragility,stochastic_normalized_loo_fragility,2020,85,885,4.5345824169926345,885,180,20,True,T1036 - Defense Evasion: Masquerading,0.000276911439337,{}
stochastic_normalized_fragility,stochastic_normalized_loo_fragility,2020,86,895,4.87397845799569,895,180,20,True,T1583.005 - Resource Development: Acquire Botnet,0.000293852658227,{}
stochastic_normalized_fragility,stochastic_normalized_loo_fragility,2020,87,905,4.839609459042549,905,180,20,True,T1036 - Defense Evasion: Masquerading,0.00028972633189,{}
stochastic_normalized_fragility,stochastic_normalized_loo_fragility,2020,88,915,4.680643333005719,915,180,20,True,T1036 - Defense Evasion: Masquerading,0.0002875336622444,{}
stochastic_normalized_fragility,stochastic_normalized_loo_fragility,2020,89,925,4.760599333094433,925,180,20,True,T1036 - Defense Evasion: Masquerading,0.0001754701350317,{}
stochastic_normalized_fragility,stochastic_normalized_loo_fragility,2020,90,935,4.650399166974239,935,180,20,True,T1036 - Defense Evasion: Masquerading,0.0001835490950343,{}
stochastic_normalized_fragility,stochastic_normalized_loo_fragility,2020,91,945,4.537410208024085,945,180,20,True,T1036 - Defense Evasion: Masquerading,0.0002990346040738,{}
stochastic_normalized_fragility,stochastic_normalized_loo_fragility,2020,92,955,4.421000082977116,955,180,20,True,T1583.005 - Resource Development: Acquire Botnet,0.0002320757406814,{}
stochastic_normalized_fragility,stochastic_normalized_loo_fragility,2020,93,965,4.435782458051108,965,180,20,True,T1583.005 - Resource Development: Acquire Botnet,0.0002297537178059,{}
stochastic_normalized_fragility,stochastic_normalized_loo_fragility,2020,94,975,4.8009419169975445,975,180,20,True,T1036 - Defense Evasion: Masquerading,0.0002787978156246,{}
stochastic_normalized_fragility,stochastic_normalized_loo_fragility,2020,95,985,4.701348540955223,985,180,20,True,T1036 - Defense Evasion: Masquerading,0.0002809400663994,{}
stochastic_normalized_fragility,stochastic_normalized_loo_fragility,2020,96,995,4.635204459074885,995,180,20,True,T1036 - Defense Evasion: Masquerading,0.0003145168182531,{}
stochastic_normalized_fragility,stochastic_normalized_loo_fragility,2020,97,1005,4.82000716694165,1005,180,20,True,T1036 - Defense Evasion: Masquerading,0.000319927772732,{}
stochastic_normalized_fragility,stochastic_normalized_loo_fragility,2020,98,1015,4.753997292020358,1015,180,20,True,T1036 - Defense Evasion: Masquerading,0.0002873816797531,{}
stochastic_normalized_fragility,stochastic_normalized_loo_fragility,2020,99,1025,6.094395583961159,1025,180,20,True,T1583.005 - Resource Development: Acquire Botnet,0.0002281848777232,{}
stochastic_normalized_fragility,stochastic_normalized_loo_fragility,2020,100,1035,7.255919082905166,1035,180,20,True,T1036 - Defense Evasion: Masquerading,0.0001780338235621,{}
stochastic_normalized_fragility,stochastic_normalized_loo_fragility,2020,101,1045,8.368116457946599,1045,180,20,True,T1583.005 - Resource Development: Acquire Botnet,0.0002102005242802,{}
stochastic_normalized_fragility,stochastic_normalized_loo_fragility,2020,102,1055,8.121238959021866,1055,180,20,True,T1036 - Defense Evasion: Masquerading,0.0003325935778433,{}
stochastic_normalized_fragility,stochastic_normalized_loo_fragility,2020,103,1065,7.667070791940205,1065,180,20,True,T1036 - Defense Evasion: Masquerading,0.0002822989135521,{}
stochastic_normalized_fragility,stochastic_normalized_loo_fragility,2020,104,1075,7.87745308293961,1075,180,20,True,TA0011 - Command-and-Control,0.0003054185138217,{}
stochastic_normalized_fragility,stochastic_normalized_loo_fragility,2020,105,1085,8.390253834077157,1085,180,20,True,TA0011 - Command-and-Control,0.0003348630785583,{}
stochastic_normalized_fragility,stochastic_normalized_loo_fragility,2020,106,1095,8.04212674999144,1095,180,20,True,TA0011 - Command-and-Control,0.0003715577758627,{}
stochastic_normalized_fragility,stochastic_normalized_loo_fragility,2020,107,1105,7.989069249946624,1105,180,20,True,TA0011 - Command-and-Control,0.0004035867776225,{}
stochastic_normalized_fragility,stochastic_normalized_loo_fragility,2020,108,1115,7.984670666046441,1115,180,20,True,T1036 - Defense Evasion: Masquerading,0.0002151279261225,{}
stochastic_normalized_fragility,stochastic_normalized_loo_fragility,2020,109,1125,7.812993500032462,1125,180,20,True,T1036 - Defense Evasion: Masquerading,0.0002405240304784,{}
stochastic_normalized_fragility,stochastic_normalized_loo_fragility,2020,110,1135,8.889073374914005,1135,180,20,True,T1036 - Defense Evasion: Masquerading,0.000318666940957,{}
stochastic_normalized_fragility,stochastic_normalized_loo_fragility,2020,111,1145,8.457410042057745,1145,180,20,True,T1036 - Defense Evasion: Masquerading,0.0002089249350579,{}
stochastic_normalized_fragility,stochastic_normalized_loo_fragility,2020,112,1155,8.76889295806177,1155,180,20,True,T1590 - Reconnaissance: Gather Victim Network Information,0.0002004759018417,{}
stochastic_normalized_fragility,stochastic_normalized_loo_fragility,2020,113,1165,8.509763208101504,1165,180,20,True,T1590 - Reconnaissance: Gather Victim Network Information,0.0002695835819596,{}
stochastic_normalized_fragility,stochastic_normalized_loo_fragility,2020,114,1175,8.576865874929354,1175,180,20,True,T1590 - Reconnaissance: Gather Victim Network Information,0.0002590285331708,{}
stochastic_normalized_fragility,stochastic_normalized_loo_fragility,2020,115,1185,8.461941416026093,1185,180,20,True,T1590 - Reconnaissance: Gather Victim Network Information,0.0003914605426614,{}
stochastic_normalized_fragility,stochastic_normalized_loo_fragility,2020,116,1195,8.16478912497405,1195,180,20,True,T1036 - Defense Evasion: Masquerading,0.0001699050457173,{}
stochastic_normalized_fragility,stochastic_normalized_loo_fragility,2020,117,1205,8.149174915975891,1205,180,20,True,T1036 - Defense Evasion: Masquerading,0.0001767765888125,{}
stochastic_normalized_fragility,stochastic_normalized_loo_fragility,2020,118,1215,8.077432375052013,1215,180,20,True,T1583.005 - Resource Development: Acquire Botnet,0.0001607982752276,{}
stochastic_normalized_fragility,stochastic_normalized_loo_fragility,2020,119,1225,8.835842041997239,1225,180,20,True,T1036 - Defense Evasion: Masquerading,0.0002309729499706,{}
stochastic_normalized_fragility,stochastic_normalized_loo_fragility,2020,120,1235,7.792669416987337,1235,180,20,True,T1036 - Defense Evasion: Masquerading,0.0002114154541626,{}
stochastic_normalized_fragility,stochastic_normalized_loo_fragility,2020,121,1245,8.188478208961897,1245,180,20,True,T1036 - Defense Evasion: Masquerading,0.0002392037042223,{}
stochastic_normalized_fragility,stochastic_normalized_loo_fragility,2020,122,1255,7.99722041701898,1255,180,20,True,T1036 - Defense Evasion: Masquerading,0.000207520879875,{}
stochastic_normalized_fragility,stochastic_normalized_loo_fragility,2020,123,1265,9.026895208051428,1265,180,20,True,T1583.005 - Resource Development: Acquire Botnet,0.0002139499244946,{}
stochastic_normalized_fragility,stochastic_normalized_loo_fragility,2020,124,1275,7.814136749948375,1275,180,20,True,T1036 - Defense Evasion: Masquerading,0.000264491857627,{}
stochastic_normalized_fragility,stochastic_normalized_loo_fragility,2020,125,1285,8.412960916990414,1285,180,20,True,T1036 - Defense Evasion: Masquerading,0.0002850650698971,{}
stochastic_normalized_fragility,stochastic_normalized_loo_fragility,2020,126,1295,7.852975374902599,1295,180,20,True,T1583.005 - Resource Development: Acquire Botnet,0.0002629602506021,{}
stochastic_normalized_fragility,stochastic_normalized_loo_fragility,2020,127,1305,8.689051041961648,1305,180,20,True,T1498.002 - Impact: Reflection/Amplification Attack,0.0002550069610175,{}
stochastic_normalized_fragility,stochastic_normalized_loo_fragility,2020,128,1315,8.136323458980769,1315,180,20,True,T1590 - Reconnaissance: Gather Victim Network Information,0.0002205665563211,{}
stochastic_normalized_fragility,stochastic_normalized_loo_fragility,2020,129,1325,8.01117637497373,1325,180,20,True,T1590 - Reconnaissance: Gather Victim Network Information,0.0003873538003005,{}
stochastic_normalized_fragility,stochastic_normalized_loo_fragility,2020,130,1335,8.267828000010923,1335,180,20,True,TA0011 - Command-and-Control,0.0002291313902616,{}
stochastic_normalized_fragility,stochastic_normalized_loo_fragility,2020,131,1345,7.947895415942185,1345,180,20,True,T1036 - Defense Evasion: Masquerading,0.0002468865440008,{}
stochastic_normalized_fragility,stochastic_normalized_loo_fragility,2020,132,1355,8.61036754201632,1355,180,20,True,T1584.005 - Resource Development: Build/Compromise Botnet,0.000260385165121,{}
stochastic_normalized_fragility,stochastic_normalized_loo_fragility,2020,133,1365,7.996086333994754,1365,180,20,True,T1584.005 - Resource Development: Build/Compromise Botnet,0.0001638203140023,{}
stochastic_normalized_fragility,stochastic_normalized_loo_fragility,2020,134,1375,8.296497542061843,1375,180,20,True,T1036 - Defense Evasion: Masquerading,0.0001671172258374,{}
stochastic_normalized_fragility,stochastic_normalized_loo_fragility,2020,135,1385,8.021992750000209,1385,180,20,True,T1498.001 - Impact: Direct Network Flood,0.0002752372162456,{}
stochastic_normalized_fragility,stochastic_normalized_loo_fragility,2020,136,1395,8.718012791010551,1395,180,20,True,T1583.005 - Resource Development: Acquire Botnet,0.00026313463999,{}
stochastic_normalized_fragility,stochastic_normalized_loo_fragility,2020,137,1405,8.50201112497598,1405,180,20,True,T1498.001 - Impact: Direct Network Flood,0.0002652545049759,{}
stochastic_normalized_fragility,stochastic_normalized_loo_fragility,2020,138,1415,9.300525999977252,1415,180,20,True,TA0011 - Command-and-Control,0.0002294771514759,{}
stochastic_normalized_fragility,stochastic_normalized_loo_fragility,2020,139,1425,8.78895408299286,1425,180,20,True,TA0011 - Command-and-Control,0.0003960913284143,{}
stochastic_normalized_fragility,stochastic_normalized_loo_fragility,2020,140,1435,8.65631841600407,1435,180,20,True,T1036 - Defense Evasion: Masquerading,0.0003020610385806,{}
stochastic_normalized_fragility,stochastic_normalized_loo_fragility,2020,141,1445,8.35150045901537,1445,180,20,True,T1036 - Defense Evasion: Masquerading,0.0002728281664832,{}
stochastic_normalized_fragility,stochastic_normalized_loo_fragility,2020,142,1455,8.469970917096362,1455,180,20,True,T1036 - Defense Evasion: Masquerading,0.0001740974276381,{}
stochastic_normalized_fragility,stochastic_normalized_loo_fragility,2020,143,1465,8.550462540937588,1465,180,20,True,T1584.005 - Resource Development: Build/Compromise Botnet,0.0002486018122771,{}
stochastic_normalized_fragility,stochastic_normalized_loo_fragility,2020,144,1475,8.932413500035182,1475,180,20,True,T1036 - Defense Evasion: Masquerading,0.0002125621555124,{}
stochastic_normalized_fragility,stochastic_normalized_loo_fragility,2020,145,1485,8.604485959047452,1485,180,20,True,T1036 - Defense Evasion: Masquerading,0.0002430275043605,{}
stochastic_normalized_fragility,stochastic_normalized_loo_fragility,2020,146,1495,8.60696674999781,1495,180,20,True,T1036 - Defense Evasion: Masquerading,0.0002751248353437,{}
stochastic_normalized_fragility,stochastic_normalized_loo_fragility,2020,147,1505,8.276788334012963,1505,180,20,True,T1583.005 - Resource Development: Acquire Botnet,0.0002030282411855,{}
stochastic_normalized_fragility,stochastic_normalized_loo_fragility,2020,148,1515,9.155947334016671,1515,180,20,True,T1584.005 - Resource Development: Build/Compromise Botnet,0.0002329854711215,{}
stochastic_normalized_fragility,stochastic_normalized_loo_fragility,2020,149,1525,9.584732542047275,1525,180,20,True,T1498.002 - Impact: Reflection/Amplification Attack,0.0002693971572003,{}
stochastic_normalized_fragility,stochastic_normalized_loo_fragility,2020,150,1535,8.006816625013016,1535,180,20,True,T1595 - Reconnaissance: Active Scanning,0.0003868667969676,{}
stochastic_normalized_fragility,stochastic_normalized_loo_fragility,2020,151,1545,8.354675209033303,1545,180,20,True,T1036 - Defense Evasion: Masquerading,0.0006096377843192,{}
stochastic_normalized_fragility,stochastic_normalized_loo_fragility,2020,152,1555,8.143314124899916,1555,180,20,True,T1595 - Reconnaissance: Active Scanning,0.0007925189596732,{}
stochastic_normalized_fragility,stochastic_normalized_loo_fragility,2020,153,1565,10.155432333005592,1565,180,20,True,T1036 - Defense Evasion: Masquerading,0.0005911327957101,{}
stochastic_normalized_fragility,stochastic_normalized_loo_fragility,2020,154,1575,8.768603082979098,1575,180,20,True,T1036 - Defense Evasion: Masquerading,0.0005458954562299,{}
stochastic_normalized_fragility,stochastic_normalized_loo_fragility,2020,155,1585,8.469739124993794,1585,180,20,True,T1036 - Defense Evasion: Masquerading,0.0002171960911946,{}
stochastic_normalized_fragility,stochastic_normalized_loo_fragility,2020,156,1595,8.472387165995315,1595,180,20,True,TA0011 - Command-and-Control,0.0003757321949191,{}
stochastic_normalized_fragility,stochastic_normalized_loo_fragility,2020,157,1605,9.97968162491452,1605,180,20,True,T1036 - Defense Evasion: Masquerading,0.0004008079540176,{}
stochastic_normalized_fragility,stochastic_normalized_loo_fragility,2020,158,1615,8.315717791905627,1615,180,20,True,T1583.005 - Resource Development: Acquire Botnet,0.0001824811432801,{}
stochastic_normalized_fragility,stochastic_normalized_loo_fragility,2020,159,1625,8.546175582916476,1625,180,20,True,T1583.005 - Resource Development: Acquire Botnet,0.0001857868628186,{}
stochastic_normalized_fragility,stochastic_normalized_loo_fragility,2020,160,1635,8.088587875012308,1635,180,20,True,T1583.005 - Resource Development: Acquire Botnet,0.0002361079402872,{}
stochastic_normalized_fragility,stochastic_normalized_loo_fragility,2020,161,1645,9.15493579104077,1645,180,20,True,T1583.005 - Resource Development: Acquire Botnet,0.0003183808690647,{}
stochastic_normalized_fragility,stochastic_normalized_loo_fragility,2020,162,1655,8.485595916979946,1655,180,20,True,T1498.002 - Impact: Reflection/Amplification Attack,0.0004490429311149,{}
stochastic_normalized_fragility,stochastic_normalized_loo_fragility,2020,163,1665,8.280968750012107,1665,180,20,True,T1498.001 - Impact: Direct Network Flood,0.0003952687898172,{}
stochastic_normalized_fragility,stochastic_normalized_loo_fragility,2020,164,1675,8.758577040978707,1675,180,20,True,TA0011 - Command-and-Control,0.0002913379270067,{}
stochastic_normalized_fragility,stochastic_normalized_loo_fragility,2020,165,1685,8.853375249891542,1685,180,20,True,T1584.005 - Resource Development: Build/Compromise Botnet,0.0002973384985263,{}
stochastic_normalized_fragility,stochastic_normalized_loo_fragility,2020,166,1695,9.444804292055778,1695,180,20,True,T1036 - Defense Evasion: Masquerading,0.0002505775019759,{}
stochastic_normalized_fragility,stochastic_normalized_loo_fragility,2020,167,1705,8.995920041925274,1705,180,20,True,T1036 - Defense Evasion: Masquerading,0.0002824348872746,{}
stochastic_normalized_fragility,stochastic_normalized_loo_fragility,2020,168,1715,8.512530624982901,1715,180,20,True,T1036 - Defense Evasion: Masquerading,0.0003561876012095,{}
stochastic_normalized_fragility,stochastic_normalized_loo_fragility,2020,169,1725,8.265638542012312,1725,180,20,True,T1036 - Defense Evasion: Masquerading,0.0003135946941818,{}
stochastic_normalized_fragility,stochastic_normalized_loo_fragility,2020,170,1735,9.978611500002444,1735,180,20,True,T1584.005 - Resource Development: Build/Compromise Botnet,0.0002702859584935,{}
stochastic_normalized_fragility,stochastic_normalized_loo_fragility,2020,171,1745,9.005194584024139,1745,180,20,True,T1584.005 - Resource Development: Build/Compromise Botnet,0.0002907394764686,{}
stochastic_normalized_fragility,stochastic_normalized_loo_fragility,2020,172,1755,8.754705208004452,1755,180,20,True,T1584.005 - Resource Development: Build/Compromise Botnet,0.0002218854392369,{}
stochastic_normalized_fragility,stochastic_normalized_loo_fragility,2020,173,1765,8.54652387497481,1765,180,20,True,T1036 - Defense Evasion: Masquerading,0.000312713453777,{}
stochastic_normalized_fragility,stochastic_normalized_loo_fragility,2020,174,1775,9.412770416936835,1775,180,20,True,T1036 - Defense Evasion: Masquerading,0.0002334371158848,{}
stochastic_normalized_fragility,stochastic_normalized_loo_fragility,2020,175,1785,8.756483332952484,1785,180,20,True,T1036 - Defense Evasion: Masquerading,0.0005050223134175,{}
stochastic_normalized_fragility,stochastic_normalized_loo_fragility,2020,176,1795,8.231658749980852,1795,180,20,True,T1036 - Defense Evasion: Masquerading,0.0003568613103074,{}
stochastic_normalized_fragility,stochastic_normalized_loo_fragility,2121,1,45,1.7611598749645054,45,45,20,False,T1584.005 - Resource Development: Build/Compromise Botnet,0.0006005492684151,{}
stochastic_normalized_fragility,stochastic_normalized_loo_fragility,2121,2,55,2.0667021670378745,55,55,20,False,T1590 - Reconnaissance: Gather Victim Network Information,0.0003674365334465,{}
stochastic_normalized_fragility,stochastic_normalized_loo_fragility,2121,3,65,2.250961000099778,65,65,20,False,T1590 - Reconnaissance: Gather Victim Network Information,0.0003259172994694,{}
stochastic_normalized_fragility,stochastic_normalized_loo_fragility,2121,4,75,2.55877804197371,75,75,20,False,TA0011 - Command-and-Control,0.0003572802428503,{}
stochastic_normalized_fragility,stochastic_normalized_loo_fragility,2121,5,85,2.8572605000808835,85,85,20,False,TA0011 - Command-and-Control,0.0003716494550901,{}
stochastic_normalized_fragility,stochastic_normalized_loo_fragility,2121,6,95,3.1717456249753013,95,95,20,False,T1498.002 - Impact: Reflection/Amplification Attack,0.0004550314980325,{}
stochastic_normalized_fragility,stochastic_normalized_loo_fragility,2121,7,105,3.5719461670378223,105,105,20,False,T1036 - Defense Evasion: Masquerading,0.0003474884409042,{}
stochastic_normalized_fragility,stochastic_normalized_loo_fragility,2121,8,115,4.029015792068094,115,115,20,False,T1583.005 - Resource Development: Acquire Botnet,0.0004385408411587,{}
stochastic_normalized_fragility,stochastic_normalized_loo_fragility,2121,9,125,4.970503166085109,125,125,20,False,T1583.005 - Resource Development: Acquire Botnet,0.0004159867425257,{}
stochastic_normalized_fragility,stochastic_normalized_loo_fragility,2121,10,135,4.766108832904138,135,134,20,True,T1583.005 - Resource Development: Acquire Botnet,0.0002777649021344,{}
stochastic_normalized_fragility,stochastic_normalized_loo_fragility,2121,11,145,5.434807957964949,145,143,20,True,T1583.005 - Resource Development: Acquire Botnet,0.000236793126041,{}
stochastic_normalized_fragility,stochastic_normalized_loo_fragility,2121,12,155,5.301319707999937,155,152,20,True,T1583.005 - Resource Development: Acquire Botnet,0.0002092305210027,{}
stochastic_normalized_fragility,stochastic_normalized_loo_fragility,2121,13,165,5.537813166039996,165,159,20,True,T1583.005 - Resource Development: Acquire Botnet,0.0001855340594968,{}
stochastic_normalized_fragility,stochastic_normalized_loo_fragility,2121,14,175,5.564775665989146,175,164,20,True,T1583.005 - Resource Development: Acquire Botnet,0.0001874160695857,{}
stochastic_normalized_fragility,stochastic_normalized_loo_fragility,2121,15,185,6.638281875057146,185,168,20,True,T1583.005 - Resource Development: Acquire Botnet,0.0001653360379253,{}
stochastic_normalized_fragility,stochastic_normalized_loo_fragility,2121,16,195,7.249921874958091,195,172,20,True,T1595 - Reconnaissance: Active Scanning,0.0001870833847623,{}
stochastic_normalized_fragility,stochastic_normalized_loo_fragility,2121,17,205,6.401679959031753,205,174,20,True,T1583.005 - Resource Development: Acquire Botnet,0.0001903826141799,{}
stochastic_normalized_fragility,stochastic_normalized_loo_fragility,2121,18,215,6.029648250085302,215,175,20,True,T1583.005 - Resource Development: Acquire Botnet,0.0002056823487624,{}
stochastic_normalized_fragility,stochastic_normalized_loo_fragility,2121,19,225,6.632480125059374,225,178,20,True,T1583.005 - Resource Development: Acquire Botnet,0.00015821434356,{}
stochastic_normalized_fragility,stochastic_normalized_loo_fragility,2121,20,235,6.206311833928339,235,179,20,True,TA0011 - Command-and-Control,0.0001741993210204,{}
stochastic_normalized_fragility,stochastic_normalized_loo_fragility,2121,21,245,7.016266374965198,245,179,20,True,TA0011 - Command-and-Control,0.0002632560604165,{}
stochastic_normalized_fragility,stochastic_normalized_loo_fragility,2121,22,255,6.667018583975732,255,179,20,True,T1583.005 - Resource Development: Acquire Botnet,0.0001976716025354,{}
stochastic_normalized_fragility,stochastic_normalized_loo_fragility,2121,23,265,6.482424666988663,265,180,20,True,TA0011 - Command-and-Control,0.0002390925034703,{}
stochastic_normalized_fragility,stochastic_normalized_loo_fragility,2121,24,275,7.596102167037316,275,180,20,True,TA0011 - Command-and-Control,0.0003966472129608,{}
stochastic_normalized_fragility,stochastic_normalized_loo_fragility,2121,25,285,6.9457211249973625,285,180,20,True,TA0011 - Command-and-Control,0.0002872028278601,{}
stochastic_normalized_fragility,stochastic_normalized_loo_fragility,2121,26,295,7.910292166983709,295,180,20,True,TA0011 - Command-and-Control,0.0003129531994746,{}
stochastic_normalized_fragility,stochastic_normalized_loo_fragility,2121,27,305,8.222614291938953,305,180,20,True,T1036 - Defense Evasion: Masquerading,0.0002136179122875,{}
stochastic_normalized_fragility,stochastic_normalized_loo_fragility,2121,28,315,6.54001266695559,315,180,20,True,T1036 - Defense Evasion: Masquerading,0.0001900472977078,{}
stochastic_normalized_fragility,stochastic_normalized_loo_fragility,2121,29,325,6.594879874959588,325,180,20,True,T1036 - Defense Evasion: Masquerading,0.0001886341126037,{}
stochastic_normalized_fragility,stochastic_normalized_loo_fragility,2121,30,335,6.657980249961838,335,180,20,True,T1036 - Defense Evasion: Masquerading,0.0003145451415151,{}
stochastic_normalized_fragility,stochastic_normalized_loo_fragility,2121,31,345,6.898880416993052,345,180,20,True,T1583.005 - Resource Development: Acquire Botnet,0.0001799584148979,{}
stochastic_normalized_fragility,stochastic_normalized_loo_fragility,2121,32,355,7.010263875010423,355,180,20,True,T1036 - Defense Evasion: Masquerading,0.0003317678111221,{}
stochastic_normalized_fragility,stochastic_normalized_loo_fragility,2121,33,365,6.560149832977913,365,180,20,True,T1036 - Defense Evasion: Masquerading,0.0002943922343317,{}
stochastic_normalized_fragility,stochastic_normalized_loo_fragility,2121,34,375,6.86285312497057,375,180,20,True,TA0011 - Command-and-Control,0.0002195793284249,{}
stochastic_normalized_fragility,stochastic_normalized_loo_fragility,2121,35,385,7.244901250000112,385,180,20,True,TA0011 - Command-and-Control,0.0002305318456627,{}
stochastic_normalized_fragility,stochastic_normalized_loo_fragility,2121,36,395,7.286428166902624,395,180,20,True,TA0011 - Command-and-Control,0.0002711275397521,{}
stochastic_normalized_fragility,stochastic_normalized_loo_fragility,2121,37,405,7.433641916955821,405,180,20,True,TA0011 - Command-and-Control,0.000230571968968,{}
stochastic_normalized_fragility,stochastic_normalized_loo_fragility,2121,38,415,6.875555666047148,415,180,20,True,T1583.005 - Resource Development: Acquire Botnet,0.0001806848407606,{}
stochastic_normalized_fragility,stochastic_normalized_loo_fragility,2121,39,425,7.024644540972076,425,180,20,True,T1590 - Reconnaissance: Gather Victim Network Information,0.0002422759062333,{}
stochastic_normalized_fragility,stochastic_normalized_loo_fragility,2121,40,435,7.055458249989897,435,180,20,True,TA0011 - Command-and-Control,0.0002843855320567,{}
stochastic_normalized_fragility,stochastic_normalized_loo_fragility,2121,41,445,7.720630166004412,445,180,20,True,TA0011 - Command-and-Control,0.0004022545642693,{}
stochastic_normalized_fragility,stochastic_normalized_loo_fragility,2121,42,455,7.517707000020891,455,180,20,True,TA0011 - Command-and-Control,0.0003873252501063,{}
stochastic_normalized_fragility,stochastic_normalized_loo_fragility,2121,43,465,8.152874666964635,465,180,20,True,T1036 - Defense Evasion: Masquerading,0.0003041274390338,{}
stochastic_normalized_fragility,stochastic_normalized_loo_fragility,2121,44,475,7.227891374961473,475,180,20,True,T1036 - Defense Evasion: Masquerading,0.000199502563097,{}
stochastic_normalized_fragility,stochastic_normalized_loo_fragility,2121,45,485,6.983839374966919,485,180,20,True,T1590 - Reconnaissance: Gather Victim Network Information,0.0002214432905569,{}
stochastic_normalized_fragility,stochastic_normalized_loo_fragility,2121,46,495,7.905200167093426,495,180,20,True,TA0011 - Command-and-Control,0.0003194276656055,{}
stochastic_normalized_fragility,stochastic_normalized_loo_fragility,2121,47,505,7.1121792079648,505,180,20,True,T1583.005 - Resource Development: Acquire Botnet,0.000207154912086,{}
stochastic_normalized_fragility,stochastic_normalized_loo_fragility,2121,48,515,7.155633999966085,515,180,20,True,T1583.005 - Resource Development: Acquire Botnet,0.000203415590142,{}
stochastic_normalized_fragility,stochastic_normalized_loo_fragility,2121,49,525,7.123543792054988,525,180,20,True,T1595 - Reconnaissance: Active Scanning,0.000343530801469,{}
stochastic_normalized_fragility,stochastic_normalized_loo_fragility,2121,50,535,7.0951337920269,535,180,20,True,T1036 - Defense Evasion: Masquerading,0.0002549794295867,{}
stochastic_normalized_fragility,stochastic_normalized_loo_fragility,2121,51,545,7.900044707930647,545,180,20,True,T1590 - Reconnaissance: Gather Victim Network Information,0.0003365816756802,{}
stochastic_normalized_fragility,stochastic_normalized_loo_fragility,2121,52,555,7.236888375016861,555,180,20,True,T1583.005 - Resource Development: Acquire Botnet,0.0002747677725797,{}
stochastic_normalized_fragility,stochastic_normalized_loo_fragility,2121,53,565,7.237285166978836,565,180,20,True,T1583.005 - Resource Development: Acquire Botnet,0.0001841904822848,{}
stochastic_normalized_fragility,stochastic_normalized_loo_fragility,2121,54,575,7.462304332992062,575,180,20,True,T1036 - Defense Evasion: Masquerading,0.0002251340199719,{}
stochastic_normalized_fragility,stochastic_normalized_loo_fragility,2121,55,585,7.425850541912951,585,180,20,True,TA0011 - Command-and-Control,0.0002543147326278,{}
stochastic_normalized_fragility,stochastic_normalized_loo_fragility,2121,56,595,7.943723000003956,595,180,20,True,T1583.005 - Resource Development: Acquire Botnet,0.0003166858353467,{}
stochastic_normalized_fragility,stochastic_normalized_loo_fragility,2121,57,605,7.357498083962128,605,180,20,True,TA0011 - Command-and-Control,0.0004267834413432,{}
stochastic_normalized_fragility,stochastic_normalized_loo_fragility,2121,58,615,7.218594042002223,615,180,20,True,TA0011 - Command-and-Control,0.0002734302000507,{}
stochastic_normalized_fragility,stochastic_normalized_loo_fragility,2121,59,625,7.805538916960359,625,180,20,True,T1590 - Reconnaissance: Gather Victim Network Information,0.0002702930257481,{}
stochastic_normalized_fragility,stochastic_normalized_loo_fragility,2121,60,635,6.999686124967411,635,180,20,True,T1590 - Reconnaissance: Gather Victim Network Information,0.000532262287517,{}
stochastic_normalized_fragility,stochastic_normalized_loo_fragility,2121,61,645,7.770666957949288,645,180,20,True,T1036 - Defense Evasion: Masquerading,0.0005000154364551,{}
stochastic_normalized_fragility,stochastic_normalized_loo_fragility,2121,62,655,7.752985958009958,655,180,20,True,T1036 - Defense Evasion: Masquerading,0.0004828711041627,{}
stochastic_normalized_fragility,stochastic_normalized_loo_fragility,2121,63,665,7.092781499959528,665,180,20,True,T1590 - Reconnaissance: Gather Victim Network Information,0.0003996393453766,{}
stochastic_normalized_fragility,stochastic_normalized_loo_fragility,2121,64,675,8.977127582998946,675,180,20,True,T1584.005 - Resource Development: Build/Compromise Botnet,0.0003487799903844,{}
stochastic_normalized_fragility,stochastic_normalized_loo_fragility,2121,65,685,7.759563457919285,685,180,20,True,T1584.005 - Resource Development: Build/Compromise Botnet,0.0003485516803258,{}
stochastic_normalized_fragility,stochastic_normalized_loo_fragility,2121,66,695,7.35329495894257,695,180,20,True,T1584.005 - Resource Development: Build/Compromise Botnet,0.0004591449849567,{}
stochastic_normalized_fragility,stochastic_normalized_loo_fragility,2121,67,705,7.183009583037347,705,180,20,True,T1584.005 - Resource Development: Build/Compromise Botnet,0.0004910047719552,{}
stochastic_normalized_fragility,stochastic_normalized_loo_fragility,2121,68,715,7.168661333969794,715,180,20,True,TA0011 - Command-and-Control,0.0003639566804602,{}
stochastic_normalized_fragility,stochastic_normalized_loo_fragility,2121,69,725,7.927987791015767,725,180,20,True,T1590 - Reconnaissance: Gather Victim Network Information,0.0004274058110908,{}
stochastic_normalized_fragility,stochastic_normalized_loo_fragility,2121,70,735,5.348310332978144,735,180,20,True,T1595 - Reconnaissance: Active Scanning,0.0002988801106173,{}
stochastic_normalized_fragility,stochastic_normalized_loo_fragility,2121,71,745,4.8302027500467375,745,180,20,True,T1590 - Reconnaissance: Gather Victim Network Information,0.0003466782780916,{}
stochastic_normalized_fragility,stochastic_normalized_loo_fragility,2121,72,755,4.5917750840308145,755,180,20,True,T1036 - Defense Evasion: Masquerading,0.0003119694069964,{}
stochastic_normalized_fragility,stochastic_normalized_loo_fragility,2121,73,765,4.70863091701176,765,180,20,True,T1590 - Reconnaissance: Gather Victim Network Information,0.0002975894849312,{}
stochastic_normalized_fragility,stochastic_normalized_loo_fragility,2121,74,775,4.672659041942097,775,180,20,True,TA0011 - Command-and-Control,0.0003067789576741,{}
stochastic_normalized_fragility,stochastic_normalized_loo_fragility,2121,75,785,4.6056658329907805,785,180,20,True,T1595 - Reconnaissance: Active Scanning,0.000347564351231,{}
stochastic_normalized_fragility,stochastic_normalized_loo_fragility,2121,76,795,4.668529542046599,795,180,20,True,TA0011 - Command-and-Control,0.0002130172916613,{}
stochastic_normalized_fragility,stochastic_normalized_loo_fragility,2121,77,805,4.801583166001365,805,180,20,True,T1583.005 - Resource Development: Acquire Botnet,0.0002674373941532,{}
stochastic_normalized_fragility,stochastic_normalized_loo_fragility,2121,78,815,4.865585749968886,815,180,20,True,T1583.005 - Resource Development: Acquire Botnet,0.0002107293235574,{}
stochastic_normalized_fragility,stochastic_normalized_loo_fragility,2121,79,825,4.517959833028726,825,180,20,True,T1583.005 - Resource Development: Acquire Botnet,0.0001813555003746,{}
stochastic_normalized_fragility,stochastic_normalized_loo_fragility,2121,80,835,4.401572040980682,835,180,20,True,T1583.005 - Resource Development: Acquire Botnet,0.0002140242152206,{}
stochastic_normalized_fragility,stochastic_normalized_loo_fragility,2121,81,845,4.489508374943398,845,180,20,True,T1583.005 - Resource Development: Acquire Botnet,0.0001961960919557,{}
stochastic_normalized_fragility,stochastic_normalized_loo_fragility,2121,82,855,4.509153833030723,855,180,20,True,T1583.005 - Resource Development: Acquire Botnet,0.0001751261547054,{}
stochastic_normalized_fragility,stochastic_normalized_loo_fragility,2121,83,865,4.715384417097084,865,180,20,True,T1583.005 - Resource Development: Acquire Botnet,0.0001838999287342,{}
stochastic_normalized_fragility,stochastic_normalized_loo_fragility,2121,84,875,4.573999334010296,875,180,20,True,T1036 - Defense Evasion: Masquerading,0.0002184447440185,{}
stochastic_normalized_fragility,stochastic_normalized_loo_fragility,2121,85,885,4.812325665960088,885,180,20,True,T1036 - Defense Evasion: Masquerading,0.0001874663676558,{}
stochastic_normalized_fragility,stochastic_normalized_loo_fragility,2121,86,895,5.057853083941154,895,180,20,True,T1583.005 - Resource Development: Acquire Botnet,0.0002880726352445,{}
stochastic_normalized_fragility,stochastic_normalized_loo_fragility,2121,87,905,4.667682875064202,905,180,20,True,T1036 - Defense Evasion: Masquerading,0.0001784082643481,{}
stochastic_normalized_fragility,stochastic_normalized_loo_fragility,2121,88,915,4.776499209110625,915,180,20,True,T1583.005 - Resource Development: Acquire Botnet,0.0002773755145741,{}
stochastic_normalized_fragility,stochastic_normalized_loo_fragility,2121,89,925,4.5914618340320885,925,180,20,True,T1583.005 - Resource Development: Acquire Botnet,0.0003309007158889,{}
stochastic_normalized_fragility,stochastic_normalized_loo_fragility,2121,90,935,4.628691417048685,935,180,20,True,T1036 - Defense Evasion: Masquerading,0.0004353754247376,{}
stochastic_normalized_fragility,stochastic_normalized_loo_fragility,2121,91,945,4.467139875050634,945,180,20,True,TA0011 - Command-and-Control,0.000267972467376,{}
stochastic_normalized_fragility,stochastic_normalized_loo_fragility,2121,92,955,4.385244083008729,955,180,20,True,T1036 - Defense Evasion: Masquerading,0.000241068659609,{}
stochastic_normalized_fragility,stochastic_normalized_loo_fragility,2121,93,965,5.04963762499392,965,180,20,True,T1036 - Defense Evasion: Masquerading,0.0002499865127812,{}
stochastic_normalized_fragility,stochastic_normalized_loo_fragility,2121,94,975,4.658187458058819,975,180,20,True,T1036 - Defense Evasion: Masquerading,0.0002909926641845,{}
stochastic_normalized_fragility,stochastic_normalized_loo_fragility,2121,95,985,4.698742041015066,985,180,20,True,T1036 - Defense Evasion: Masquerading,0.000287678899981,{}
stochastic_normalized_fragility,stochastic_normalized_loo_fragility,2121,96,995,4.725040375022218,995,180,20,True,TA0011 - Command-and-Control,0.0002939239285671,{}
stochastic_normalized_fragility,stochastic_normalized_loo_fragility,2121,97,1005,4.706479292013682,1005,180,20,True,T1036 - Defense Evasion: Masquerading,0.0003111525820965,{}
stochastic_normalized_fragility,stochastic_normalized_loo_fragility,2121,98,1015,6.2311188749736175,1015,180,20,True,T1583.005 - Resource Development: Acquire Botnet,0.0003247168615539,{}
stochastic_normalized_fragility,stochastic_normalized_loo_fragility,2121,99,1025,7.2306099579436705,1025,180,20,True,T1036 - Defense Evasion: Masquerading,0.0002484327326673,{}
stochastic_normalized_fragility,stochastic_normalized_loo_fragility,2121,100,1035,8.498666667030193,1035,180,20,True,T1036 - Defense Evasion: Masquerading,0.0002381417379483,{}
stochastic_normalized_fragility,stochastic_normalized_loo_fragility,2121,101,1045,7.801091625005938,1045,180,20,True,T1036 - Defense Evasion: Masquerading,0.0002920925604869,{}
stochastic_normalized_fragility,stochastic_normalized_loo_fragility,2121,102,1055,7.541887040948495,1055,180,20,True,TA0011 - Command-and-Control,0.0004646710262002,{}
stochastic_normalized_fragility,stochastic_normalized_loo_fragility,2121,103,1065,8.189551457995549,1065,180,20,True,T1590 - Reconnaissance: Gather Victim Network Information,0.0006232962978796,{}
stochastic_normalized_fragility,stochastic_normalized_loo_fragility,2121,104,1075,8.489688457921147,1075,180,20,True,T1590 - Reconnaissance: Gather Victim Network Information,0.0005304678693619,{}
stochastic_normalized_fragility,stochastic_normalized_loo_fragility,2121,105,1085,8.27519466704689,1085,180,20,True,T1590 - Reconnaissance: Gather Victim Network Information,0.0004589343580751,{}
stochastic_normalized_fragility,stochastic_normalized_loo_fragility,2121,106,1095,7.890118208015338,1095,180,20,True,T1498.002 - Impact: Reflection/Amplification Attack,0.0002296241671003,{}
stochastic_normalized_fragility,stochastic_normalized_loo_fragility,2121,107,1105,7.963177041034214,1105,180,20,True,T1590 - Reconnaissance: Gather Victim Network Information,0.0002477218900359,{}
stochastic_normalized_fragility,stochastic_normalized_loo_fragility,2121,108,1115,7.990708875004202,1115,180,20,True,T1036 - Defense Evasion: Masquerading,0.0001739271044827,{}
stochastic_normalized_fragility,stochastic_normalized_loo_fragility,2121,109,1125,8.755500125000253,1125,180,20,True,T1036 - Defense Evasion: Masquerading,0.0002521341489682,{}
stochastic_normalized_fragility,stochastic_normalized_loo_fragility,2121,110,1135,8.305064917076379,1135,180,20,True,T1036 - Defense Evasion: Masquerading,0.0002036032189398,{}
stochastic_normalized_fragility,stochastic_normalized_loo_fragility,2121,111,1145,8.54565108299721,1145,180,20,True,T1036 - Defense Evasion: Masquerading,0.0001990032759592,{}
stochastic_normalized_fragility,stochastic_normalized_loo_fragility,2121,112,1155,8.352930500055663,1155,180,20,True,T1036 - Defense Evasion: Masquerading,0.0001874462281477,{}
stochastic_normalized_fragility,stochastic_normalized_loo_fragility,2121,113,1165,8.734430707991123,1165,180,20,True,TA0011 - Command-and-Control,0.0002073078839093,{}
stochastic_normalized_fragility,stochastic_normalized_loo_fragility,2121,114,1175,8.793286042055115,1175,180,20,True,T1590 - Reconnaissance: Gather Victim Network Information,0.0002107274775643,{}
stochastic_normalized_fragility,stochastic_normalized_loo_fragility,2121,115,1185,8.149799874983728,1185,180,20,True,T1590 - Reconnaissance: Gather Victim Network Information,0.0003350217455031,{}
stochastic_normalized_fragility,stochastic_normalized_loo_fragility,2121,116,1195,8.508837000001222,1195,180,20,True,T1036 - Defense Evasion: Masquerading,0.0003413759139756,{}
stochastic_normalized_fragility,stochastic_normalized_loo_fragility,2121,117,1205,7.842369957943447,1205,180,20,True,T1590 - Reconnaissance: Gather Victim Network Information,0.0003487476383615,{}
stochastic_normalized_fragility,stochastic_normalized_loo_fragility,2121,118,1215,9.009086666046642,1215,180,20,True,T1036 - Defense Evasion: Masquerading,0.0003646161343722,{}
stochastic_normalized_fragility,stochastic_normalized_loo_fragility,2121,119,1225,7.672079041018151,1225,180,20,True,T1036 - Defense Evasion: Masquerading,0.0003600266388983,{}
stochastic_normalized_fragility,stochastic_normalized_loo_fragility,2121,120,1235,8.149033290916122,1235,180,20,True,TA0011 - Command-and-Control,0.0003070476970078,{}
stochastic_normalized_fragility,stochastic_normalized_loo_fragility,2121,121,1245,7.776419165893458,1245,180,20,True,T1036 - Defense Evasion: Masquerading,0.000223503309507,{}
stochastic_normalized_fragility,stochastic_normalized_loo_fragility,2121,122,1255,9.102100625052117,1255,180,20,True,T1583.005 - Resource Development: Acquire Botnet,0.0002857517448962,{}
stochastic_normalized_fragility,stochastic_normalized_loo_fragility,2121,123,1265,8.038782084011473,1265,180,20,True,T1036 - Defense Evasion: Masquerading,0.0002389431564961,{}
stochastic_normalized_fragility,stochastic_normalized_loo_fragility,2121,124,1275,8.539101000060327,1275,180,20,True,T1036 - Defense Evasion: Masquerading,0.0003017303592099,{}
stochastic_normalized_fragility,stochastic_normalized_loo_fragility,2121,125,1285,7.617841833969578,1285,180,20,True,T1498.002 - Impact: Reflection/Amplification Attack,0.0002833127894255,{}
stochastic_normalized_fragility,stochastic_normalized_loo_fragility,2121,126,1295,9.001379666966386,1295,180,20,True,T1036 - Defense Evasion: Masquerading,0.0003497705308478,{}
stochastic_normalized_fragility,stochastic_normalized_loo_fragility,2121,127,1305,7.95155637501739,1305,180,20,True,T1036 - Defense Evasion: Masquerading,0.0002357700523424,{}
stochastic_normalized_fragility,stochastic_normalized_loo_fragility,2121,128,1315,8.28484079206828,1315,180,20,True,T1583.005 - Resource Development: Acquire Botnet,0.0001661721168748,{}
stochastic_normalized_fragility,stochastic_normalized_loo_fragility,2121,129,1325,8.359239166951738,1325,180,20,True,T1036 - Defense Evasion: Masquerading,0.0003686101802312,{}
stochastic_normalized_fragility,stochastic_normalized_loo_fragility,2121,130,1335,8.112121790996753,1335,180,20,True,T1583.005 - Resource Development: Acquire Botnet,0.0003654728745307,{}
stochastic_normalized_fragility,stochastic_normalized_loo_fragility,2121,131,1345,8.791728082927875,1345,180,20,True,T1036 - Defense Evasion: Masquerading,0.0002143614611019,{}
stochastic_normalized_fragility,stochastic_normalized_loo_fragility,2121,132,1355,7.914865165948868,1355,180,20,True,T1036 - Defense Evasion: Masquerading,0.0002650314936672,{}
stochastic_normalized_fragility,stochastic_normalized_loo_fragility,2121,133,1365,7.997113083023578,1365,180,20,True,T1036 - Defense Evasion: Masquerading,0.0004853341429413,{}
stochastic_normalized_fragility,stochastic_normalized_loo_fragility,2121,134,1375,8.266011832980439,1375,180,20,True,T1583.005 - Resource Development: Acquire Botnet,0.0002473854514968,{}
stochastic_normalized_fragility,stochastic_normalized_loo_fragility,2121,135,1385,8.456571249989793,1385,180,20,True,T1583.005 - Resource Development: Acquire Botnet,0.0001822862014575,{}
stochastic_normalized_fragility,stochastic_normalized_loo_fragility,2121,136,1395,8.582485874998383,1395,180,20,True,T1583.005 - Resource Development: Acquire Botnet,0.0002299039432526,{}
stochastic_normalized_fragility,stochastic_normalized_loo_fragility,2121,137,1405,9.13359058299102,1405,180,20,True,T1036 - Defense Evasion: Masquerading,0.0001790677439452,{}
stochastic_normalized_fragility,stochastic_normalized_loo_fragility,2121,138,1415,8.777885749936104,1415,180,20,True,T1498.001 - Impact: Direct Network Flood,0.0001680928536196,{}
stochastic_normalized_fragility,stochastic_normalized_loo_fragility,2121,139,1425,8.619864874985069,1425,180,20,True,T1036 - Defense Evasion: Masquerading,0.0001559346238459,{}
stochastic_normalized_fragility,stochastic_normalized_loo_fragility,2121,140,1435,8.24428375007119,1435,180,20,True,T1036 - Defense Evasion: Masquerading,0.0001468779322824,{}
stochastic_normalized_fragility,stochastic_normalized_loo_fragility,2121,141,1445,8.310900791082531,1445,180,20,True,T1036 - Defense Evasion: Masquerading,0.0003275759479518,{}
stochastic_normalized_fragility,stochastic_normalized_loo_fragility,2121,142,1455,8.409302790998481,1455,180,20,True,TA0011 - Command-and-Control,0.0002805219037127,{}
stochastic_normalized_fragility,stochastic_normalized_loo_fragility,2121,143,1465,8.333915958064608,1465,180,20,True,T1036 - Defense Evasion: Masquerading,0.0003404892328289,{}
stochastic_normalized_fragility,stochastic_normalized_loo_fragility,2121,144,1475,8.909392250003293,1475,180,20,True,T1590 - Reconnaissance: Gather Victim Network Information,0.0002974361233156,{}
stochastic_normalized_fragility,stochastic_normalized_loo_fragility,2121,145,1485,8.48300583299715,1485,180,20,True,T1036 - Defense Evasion: Masquerading,0.0001847441058683,{}
stochastic_normalized_fragility,stochastic_normalized_loo_fragility,2121,146,1495,8.595006791059859,1495,180,20,True,T1036 - Defense Evasion: Masquerading,0.0001800942281814,{}
stochastic_normalized_fragility,stochastic_normalized_loo_fragility,2121,147,1505,9.176247957977466,1505,180,20,True,T1036 - Defense Evasion: Masquerading,0.0001625755205151,{}
stochastic_normalized_fragility,stochastic_normalized_loo_fragility,2121,148,1515,9.71965820796322,1515,180,20,True,T1583.005 - Resource Development: Acquire Botnet,0.0002221081650754,{}
stochastic_normalized_fragility,stochastic_normalized_loo_fragility,2121,149,1525,8.252574249985628,1525,180,20,True,T1583.005 - Resource Development: Acquire Botnet,0.0001963593017017,{}
stochastic_normalized_fragility,stochastic_normalized_loo_fragility,2121,150,1535,8.584314959007315,1535,180,20,True,T1036 - Defense Evasion: Masquerading,0.000397253580403,{}
stochastic_normalized_fragility,stochastic_normalized_loo_fragility,2121,151,1545,8.201722125057131,1545,180,20,True,T1036 - Defense Evasion: Masquerading,0.0002826980769875,{}
stochastic_normalized_fragility,stochastic_normalized_loo_fragility,2121,152,1555,10.387797333998606,1555,180,20,True,T1036 - Defense Evasion: Masquerading,0.0002966629145759,{}
stochastic_normalized_fragility,stochastic_normalized_loo_fragility,2121,153,1565,8.745380332926288,1565,180,20,True,TA0011 - Command-and-Control,0.0003179609152339,{}
stochastic_normalized_fragility,stochastic_normalized_loo_fragility,2121,154,1575,8.589063624967821,1575,180,20,True,T1583.005 - Resource Development: Acquire Botnet,0.000193991039234,{}
stochastic_normalized_fragility,stochastic_normalized_loo_fragility,2121,155,1585,8.60797566594556,1585,180,20,True,T1583.005 - Resource Development: Acquire Botnet,0.0002278237931543,{}
stochastic_normalized_fragility,stochastic_normalized_loo_fragility,2121,156,1595,9.931560540921057,1595,180,20,True,TA0011 - Command-and-Control,0.0003796505346107,{}
stochastic_normalized_fragility,stochastic_normalized_loo_fragility,2121,157,1605,7.922258916078135,1605,180,20,True,T1036 - Defense Evasion: Masquerading,0.0004036043675654,{}
stochastic_normalized_fragility,stochastic_normalized_loo_fragility,2121,158,1615,8.752946750028059,1615,180,20,True,T1590 - Reconnaissance: Gather Victim Network Information,0.0004544131248951,{}
stochastic_normalized_fragility,stochastic_normalized_loo_fragility,2121,159,1625,8.133196249953471,1625,180,20,True,T1590 - Reconnaissance: Gather Victim Network Information,0.0004165081830934,{}
stochastic_normalized_fragility,stochastic_normalized_loo_fragility,2121,160,1635,8.994515332975425,1635,180,20,True,T1583.005 - Resource Development: Acquire Botnet,0.0002571698810134,{}
stochastic_normalized_fragility,stochastic_normalized_loo_fragility,2121,161,1645,8.479562374996021,1645,180,20,True,T1584.005 - Resource Development: Build/Compromise Botnet,0.0006321517462219,{}
stochastic_normalized_fragility,stochastic_normalized_loo_fragility,2121,162,1655,8.099290457903408,1655,180,20,True,T1590 - Reconnaissance: Gather Victim Network Information,0.0004600959527931,{}
stochastic_normalized_fragility,stochastic_normalized_loo_fragility,2121,163,1665,8.579563167062588,1665,180,20,True,T1036 - Defense Evasion: Masquerading,0.000195644059529,{}
stochastic_normalized_fragility,stochastic_normalized_loo_fragility,2121,164,1675,9.238879667012952,1675,180,20,True,TA0011 - Command-and-Control,0.0001861143491778,{}
stochastic_normalized_fragility,stochastic_normalized_loo_fragility,2121,165,1685,9.661500375019386,1685,180,20,True,T1036 - Defense Evasion: Masquerading,0.0002753409769259,{}
stochastic_normalized_fragility,stochastic_normalized_loo_fragility,2121,166,1695,8.698114834027365,1695,180,20,True,T1036 - Defense Evasion: Masquerading,0.0001874904289215,{}
stochastic_normalized_fragility,stochastic_normalized_loo_fragility,2121,167,1705,8.395572167006321,1705,180,20,True,T1036 - Defense Evasion: Masquerading,0.0002091609029365,{}
stochastic_normalized_fragility,stochastic_normalized_loo_fragility,2121,168,1715,8.426110874977894,1715,180,20,True,T1036 - Defense Evasion: Masquerading,0.0002003719936322,{}
stochastic_normalized_fragility,stochastic_normalized_loo_fragility,2121,169,1725,10.011534541961735,1725,180,20,True,T1036 - Defense Evasion: Masquerading,0.0002265569527288,{}
stochastic_normalized_fragility,stochastic_normalized_loo_fragility,2121,170,1735,8.594590540975332,1735,180,20,True,T1590 - Reconnaissance: Gather Victim Network Information,0.0003051553533421,{}
stochastic_normalized_fragility,stochastic_normalized_loo_fragility,2121,171,1745,8.609573374968022,1745,180,20,True,T1036 - Defense Evasion: Masquerading,0.0006222520055355,{}
stochastic_normalized_fragility,stochastic_normalized_loo_fragility,2121,172,1755,8.943947000079788,1755,180,20,True,T1595 - Reconnaissance: Active Scanning,0.0002396658234541,{}
stochastic_normalized_fragility,stochastic_normalized_loo_fragility,2121,173,1765,9.575351333012804,1765,180,20,True,TA0011 - Command-and-Control,0.000263069219427,{}
stochastic_normalized_fragility,stochastic_normalized_loo_fragility,2121,174,1775,8.198203667066991,1775,180,20,True,T1583.005 - Resource Development: Acquire Botnet,0.0002313950471547,{}
stochastic_normalized_fragility,stochastic_normalized_loo_fragility,2121,175,1785,8.646308708004653,1785,180,20,True,T1583.005 - Resource Development: Acquire Botnet,0.0002380908946792,{}
stochastic_normalized_fragility,stochastic_normalized_loo_fragility,2121,176,1795,8.147574124974199,1795,180,20,True,T1036 - Defense Evasion: Masquerading,0.0003308994739391,{}
stochastic_normalized_fragility,stochastic_normalized_loo_fragility,2222,1,45,1.6995591670274734,45,45,20,False,T1584.005 - Resource Development: Build/Compromise Botnet,0.0005567918480213,{}
stochastic_normalized_fragility,stochastic_normalized_loo_fragility,2222,2,55,1.9176055419957263,55,55,20,False,T1590 - Reconnaissance: Gather Victim Network Information,0.0005778434712177,{}
stochastic_normalized_fragility,stochastic_normalized_loo_fragility,2222,3,65,2.161230083089322,65,65,20,False,T1584.005 - Resource Development: Build/Compromise Botnet,0.0007519850855239,{}
stochastic_normalized_fragility,stochastic_normalized_loo_fragility,2222,4,75,2.567149957991205,75,75,20,False,TA0011 - Command-and-Control,0.0004533194696924,{}
stochastic_normalized_fragility,stochastic_normalized_loo_fragility,2222,5,85,2.810294874943793,85,85,20,False,T1590 - Reconnaissance: Gather Victim Network Information,0.0004677875494725,{}
stochastic_normalized_fragility,stochastic_normalized_loo_fragility,2222,6,95,3.1832807089667767,95,95,20,False,T1498.002 - Impact: Reflection/Amplification Attack,0.0002597987245576,{}
stochastic_normalized_fragility,stochastic_normalized_loo_fragility,2222,7,105,3.707903791917488,105,105,20,False,T1498.002 - Impact: Reflection/Amplification Attack,0.0001863460352743,{}
stochastic_normalized_fragility,stochastic_normalized_loo_fragility,2222,8,115,4.3011292919982225,115,115,20,False,TA0011 - Command-and-Control,0.0002227315850813,{}
stochastic_normalized_fragility,stochastic_normalized_loo_fragility,2222,9,125,4.913396416930482,125,125,20,False,T1036 - Defense Evasion: Masquerading,0.0002002859691045,{}
stochastic_normalized_fragility,stochastic_normalized_loo_fragility,2222,10,135,5.287826708052307,135,135,20,False,T1583.005 - Resource Development: Acquire Botnet,0.000175459758417,{}
stochastic_normalized_fragility,stochastic_normalized_loo_fragility,2222,11,145,5.063308833981864,145,145,20,False,T1583.005 - Resource Development: Acquire Botnet,0.0001714803220263,{}
stochastic_normalized_fragility,stochastic_normalized_loo_fragility,2222,12,155,5.244907165993936,155,154,20,True,T1036 - Defense Evasion: Masquerading,0.000255543712411,{}
stochastic_normalized_fragility,stochastic_normalized_loo_fragility,2222,13,165,5.33823162491899,165,162,20,True,T1584.005 - Resource Development: Build/Compromise Botnet,0.0001570577831472,{}
stochastic_normalized_fragility,stochastic_normalized_loo_fragility,2222,14,175,5.847160000004806,175,166,20,True,T1584.005 - Resource Development: Build/Compromise Botnet,0.0002375649698248,{}
stochastic_normalized_fragility,stochastic_normalized_loo_fragility,2222,15,185,7.727717333007604,185,170,20,True,T1583.005 - Resource Development: Acquire Botnet,0.0001617171089158,{}
stochastic_normalized_fragility,stochastic_normalized_loo_fragility,2222,16,195,6.5650878340238705,195,171,20,True,T1036 - Defense Evasion: Masquerading,0.000167042764992,{}
stochastic_normalized_fragility,stochastic_normalized_loo_fragility,2222,17,205,6.3303775830427185,205,176,20,True,T1583.005 - Resource Development: Acquire Botnet,0.0001872521348832,{}
stochastic_normalized_fragility,stochastic_normalized_loo_fragility,2222,18,215,6.679539041011594,215,177,20,True,T1595 - Reconnaissance: Active Scanning,0.0001745949268959,{}
stochastic_normalized_fragility,stochastic_normalized_loo_fragility,2222,19,225,6.293997082975693,225,178,20,True,T1036 - Defense Evasion: Masquerading,0.0001944006579296,{}
stochastic_normalized_fragility,stochastic_normalized_loo_fragility,2222,20,235,6.762353791971691,235,179,20,True,TA0011 - Command-and-Control,0.000245819793772,{}
stochastic_normalized_fragility,stochastic_normalized_loo_fragility,2222,21,245,6.697961000027135,245,180,20,True,TA0011 - Command-and-Control,0.0003164008685527,{}
stochastic_normalized_fragility,stochastic_normalized_loo_fragility,2222,22,255,6.61487449996639,255,180,20,True,T1036 - Defense Evasion: Masquerading,0.0001809838264526,{}
stochastic_normalized_fragility,stochastic_normalized_loo_fragility,2222,23,265,7.339445416931994,265,180,20,True,T1036 - Defense Evasion: Masquerading,0.0002583256203561,{}
stochastic_normalized_fragility,stochastic_normalized_loo_fragility,2222,24,275,6.996454125037417,275,180,20,True,T1036 - Defense Evasion: Masquerading,0.0003058473283468,{}
stochastic_normalized_fragility,stochastic_normalized_loo_fragility,2222,25,285,7.547991666942835,285,180,20,True,T1590 - Reconnaissance: Gather Victim Network Information,0.0003740773758922,{}
stochastic_normalized_fragility,stochastic_normalized_loo_fragility,2222,26,295,7.283959207939915,295,180,20,True,T1590 - Reconnaissance: Gather Victim Network Information,0.0003107210994649,{}
stochastic_normalized_fragility,stochastic_normalized_loo_fragility,2222,27,305,7.590098917018622,305,180,20,True,TA0011 - Command-and-Control,0.0003697888203627,{}
stochastic_normalized_fragility,stochastic_normalized_loo_fragility,2222,28,315,6.591166541096754,315,180,20,True,TA0011 - Command-and-Control,0.0002587171903028,{}
stochastic_normalized_fragility,stochastic_normalized_loo_fragility,2222,29,325,6.498943625018001,325,180,20,True,T1036 - Defense Evasion: Masquerading,0.0002954131605096,{}
stochastic_normalized_fragility,stochastic_normalized_loo_fragility,2222,30,335,6.849960208986886,335,180,20,True,T1036 - Defense Evasion: Masquerading,0.000391492582335,{}
stochastic_normalized_fragility,stochastic_normalized_loo_fragility,2222,31,345,7.305490999948233,345,180,20,True,T1498.002 - Impact: Reflection/Amplification Attack,0.0002793486891967,{}
stochastic_normalized_fragility,stochastic_normalized_loo_fragility,2222,32,355,6.542932332959026,355,180,20,True,T1036 - Defense Evasion: Masquerading,0.0001840263716156,{}
stochastic_normalized_fragility,stochastic_normalized_loo_fragility,2222,33,365,6.60070479195565,365,180,20,True,TA0011 - Command-and-Control,0.000301543420467,{}
stochastic_normalized_fragility,stochastic_normalized_loo_fragility,2222,34,375,7.053903375053778,375,180,20,True,TA0011 - Command-and-Control,0.000336016697904,{}
stochastic_normalized_fragility,stochastic_normalized_loo_fragility,2222,35,385,7.546825833036564,385,180,20,True,T1583.005 - Resource Development: Acquire Botnet,0.0003412603125351,{}
stochastic_normalized_fragility,stochastic_normalized_loo_fragility,2222,36,395,7.408899666974321,395,180,20,True,T1036 - Defense Evasion: Masquerading,0.0003015572777262,{}
stochastic_normalized_fragility,stochastic_normalized_loo_fragility,2222,37,405,7.149669417063706,405,180,20,True,T1036 - Defense Evasion: Masquerading,0.0002570441979577,{}
stochastic_normalized_fragility,stochastic_normalized_loo_fragility,2222,38,415,6.54519687499851,415,180,20,True,T1036 - Defense Evasion: Masquerading,0.0002190284843245,{}
stochastic_normalized_fragility,stochastic_normalized_loo_fragility,2222,39,425,7.22647220804356,425,180,20,True,T1584.005 - Resource Development: Build/Compromise Botnet,0.0003175889289241,{}
stochastic_normalized_fragility,stochastic_normalized_loo_fragility,2222,40,435,7.075646833050996,435,180,20,True,TA0011 - Command-and-Control,0.0002730053235571,{}
stochastic_normalized_fragility,stochastic_normalized_loo_fragility,2222,41,445,7.7818323749816045,445,180,20,True,TA0011 - Command-and-Control,0.0003067579279059,{}
stochastic_normalized_fragility,stochastic_normalized_loo_fragility,2222,42,455,7.12151954206638,455,180,20,True,T1036 - Defense Evasion: Masquerading,0.0002902647146575,{}
stochastic_normalized_fragility,stochastic_normalized_loo_fragility,2222,43,465,7.834079958032817,465,180,20,True,T1590 - Reconnaissance: Gather Victim Network Information,0.0003491305301468,{}
stochastic_normalized_fragility,stochastic_normalized_loo_fragility,2222,44,475,6.8708049160195515,475,180,20,True,TA0011 - Command-and-Control,0.0003796219182397,{}
stochastic_normalized_fragility,stochastic_normalized_loo_fragility,2222,45,485,6.907706000027247,485,180,20,True,TA0011 - Command-and-Control,0.0002178954144219,{}
stochastic_normalized_fragility,stochastic_normalized_loo_fragility,2222,46,495,7.205942458007485,495,180,20,True,T1583.005 - Resource Development: Acquire Botnet,0.0002358117260146,{}
stochastic_normalized_fragility,stochastic_normalized_loo_fragility,2222,47,505,7.070594749995507,505,180,20,True,T1583.005 - Resource Development: Acquire Botnet,0.0002237455810648,{}
stochastic_normalized_fragility,stochastic_normalized_loo_fragility,2222,48,515,7.534270083997399,515,180,20,True,T1036 - Defense Evasion: Masquerading,0.0002488834202169,{}
stochastic_normalized_fragility,stochastic_normalized_loo_fragility,2222,49,525,7.174903917009942,525,180,20,True,T1583.005 - Resource Development: Acquire Botnet,0.0002396152557679,{}
stochastic_normalized_fragility,stochastic_normalized_loo_fragility,2222,50,535,7.046897415886633,535,180,20,True,T1036 - Defense Evasion: Masquerading,0.0002561647100777,{}
stochastic_normalized_fragility,stochastic_normalized_loo_fragility,2222,51,545,7.880989458062686,545,180,20,True,T1595 - Reconnaissance: Active Scanning,0.0003181229115324,{}
stochastic_normalized_fragility,stochastic_normalized_loo_fragility,2222,52,555,7.496912167058326,555,180,20,True,T1583.005 - Resource Development: Acquire Botnet,0.0003084901534984,{}
stochastic_normalized_fragility,stochastic_normalized_loo_fragility,2222,53,565,6.860022083041258,565,180,20,True,T1583.005 - Resource Development: Acquire Botnet,0.0002371404105087,{}
stochastic_normalized_fragility,stochastic_normalized_loo_fragility,2222,54,575,7.239192832959816,575,180,20,True,T1583.005 - Resource Development: Acquire Botnet,0.0004816621728731,{}
stochastic_normalized_fragility,stochastic_normalized_loo_fragility,2222,55,585,7.356452082982287,585,180,20,True,T1498.001 - Impact: Direct Network Flood,0.0004710318630042,{}
stochastic_normalized_fragility,stochastic_normalized_loo_fragility,2222,56,595,8.15679691603873,595,180,20,True,T1036 - Defense Evasion: Masquerading,0.0002505860913906,{}
stochastic_normalized_fragility,stochastic_normalized_loo_fragility,2222,57,605,7.148992124944925,605,180,20,True,T1583.005 - Resource Development: Acquire Botnet,0.0002995779386036,{}
stochastic_normalized_fragility,stochastic_normalized_loo_fragility,2222,58,615,7.119229209027253,615,180,20,True,T1595 - Reconnaissance: Active Scanning,0.0003112879723509,{}
stochastic_normalized_fragility,stochastic_normalized_loo_fragility,2222,59,625,8.099492667010054,625,180,20,True,T1595 - Reconnaissance: Active Scanning,0.0003384691980811,{}
stochastic_normalized_fragility,stochastic_normalized_loo_fragility,2222,60,635,7.39757816598285,635,180,20,True,T1583.005 - Resource Development: Acquire Botnet,0.000317478638042,{}
stochastic_normalized_fragility,stochastic_normalized_loo_fragility,2222,61,645,7.393182583968155,645,180,20,True,TA0011 - Command-and-Control,0.000266448298987,{}
stochastic_normalized_fragility,stochastic_normalized_loo_fragility,2222,62,655,7.615796416997909,655,180,20,True,T1036 - Defense Evasion: Masquerading,0.0001908005230626,{}
stochastic_normalized_fragility,stochastic_normalized_loo_fragility,2222,63,665,7.518899374990724,665,180,20,True,T1595 - Reconnaissance: Active Scanning,0.0002236461839841,{}
stochastic_normalized_fragility,stochastic_normalized_loo_fragility,2222,64,675,8.320694666937925,675,180,20,True,TA0011 - Command-and-Control,0.0002822798262561,{}
stochastic_normalized_fragility,stochastic_normalized_loo_fragility,2222,65,685,7.960584583925083,685,180,20,True,T1036 - Defense Evasion: Masquerading,0.0003079052979537,{}
stochastic_normalized_fragility,stochastic_normalized_loo_fragility,2222,66,695,7.540124416933395,695,180,20,True,T1590 - Reconnaissance: Gather Victim Network Information,0.0006592322429433,{}
stochastic_normalized_fragility,stochastic_normalized_loo_fragility,2222,67,705,7.276543834013864,705,180,20,True,T1036 - Defense Evasion: Masquerading,0.0002984130345233,{}
stochastic_normalized_fragility,stochastic_normalized_loo_fragility,2222,68,715,6.889590000035241,715,180,20,True,T1036 - Defense Evasion: Masquerading,0.0002820034057613,{}
stochastic_normalized_fragility,stochastic_normalized_loo_fragility,2222,69,725,7.493497374933213,725,180,20,True,T1036 - Defense Evasion: Masquerading,0.0001762516527317,{}
stochastic_normalized_fragility,stochastic_normalized_loo_fragility,2222,70,735,5.340732957934961,735,180,20,True,T1036 - Defense Evasion: Masquerading,0.000178466226285,{}
stochastic_normalized_fragility,stochastic_normalized_loo_fragility,2222,71,745,4.6526188750285655,745,180,20,True,T1036 - Defense Evasion: Masquerading,0.0002080647437443,{}
stochastic_normalized_fragility,stochastic_normalized_loo_fragility,2222,72,755,4.575739249936305,755,180,20,True,T1595 - Reconnaissance: Active Scanning,0.000237118621881,{}
stochastic_normalized_fragility,stochastic_normalized_loo_fragility,2222,73,765,4.636618083924986,765,180,20,True,T1595 - Reconnaissance: Active Scanning,0.0002778040313083,{}
stochastic_normalized_fragility,stochastic_normalized_loo_fragility,2222,74,775,4.653699041926302,775,180,20,True,T1036 - Defense Evasion: Masquerading,0.0002518760677301,{}
stochastic_normalized_fragility,stochastic_normalized_loo_fragility,2222,75,785,4.5975892500719056,785,180,20,True,TA0011 - Command-and-Control,0.0003952592119494,{}
stochastic_normalized_fragility,stochastic_normalized_loo_fragility,2222,76,795,4.685427625081502,795,180,20,True,TA0011 - Command-and-Control,0.0002422222300205,{}
stochastic_normalized_fragility,stochastic_normalized_loo_fragility,2222,77,805,4.826875375001691,805,180,20,True,T1036 - Defense Evasion: Masquerading,0.0002353005115676,{}
stochastic_normalized_fragility,stochastic_normalized_loo_fragility,2222,78,815,4.71167187509127,815,180,20,True,T1583.005 - Resource Development: Acquire Botnet,0.0003072606304884,{}
stochastic_normalized_fragility,stochastic_normalized_loo_fragility,2222,79,825,4.454894082969986,825,180,20,True,TA0011 - Command-and-Control,0.0004346427093038,{}
stochastic_normalized_fragility,stochastic_normalized_loo_fragility,2222,80,835,4.424649290973321,835,180,20,True,TA0011 - Command-and-Control,0.0004502899937973,{}
stochastic_normalized_fragility,stochastic_normalized_loo_fragility,2222,81,845,4.527202917030081,845,180,20,True,T1584.005 - Resource Development: Build/Compromise Botnet,0.0004372684609392,{}
stochastic_normalized_fragility,stochastic_normalized_loo_fragility,2222,82,855,4.567775167059153,855,180,20,True,T1036 - Defense Evasion: Masquerading,0.0002768505852904,{}
stochastic_normalized_fragility,stochastic_normalized_loo_fragility,2222,83,865,4.653566249995492,865,180,20,True,T1036 - Defense Evasion: Masquerading,0.0003857770811682,{}
stochastic_normalized_fragility,stochastic_normalized_loo_fragility,2222,84,875,4.533555833040737,875,180,20,True,TA0011 - Command-and-Control,0.0003319353826953,{}
stochastic_normalized_fragility,stochastic_normalized_loo_fragility,2222,85,885,4.964556667022407,885,180,20,True,T1036 - Defense Evasion: Masquerading,0.0002771053116514,{}
stochastic_normalized_fragility,stochastic_normalized_loo_fragility,2222,86,895,4.780952291912399,895,180,20,True,T1583.005 - Resource Development: Acquire Botnet,0.0002026325262633,{}
stochastic_normalized_fragility,stochastic_normalized_loo_fragility,2222,87,905,4.677207708940841,905,180,20,True,T1036 - Defense Evasion: Masquerading,0.0002418295554798,{}
stochastic_normalized_fragility,stochastic_normalized_loo_fragility,2222,88,915,4.7154357499675825,915,180,20,True,T1036 - Defense Evasion: Masquerading,0.0002165657634138,{}
stochastic_normalized_fragility,stochastic_normalized_loo_fragility,2222,89,925,4.545449541998096,925,180,20,True,T1583.005 - Resource Development: Acquire Botnet,0.000174269199044,{}
stochastic_normalized_fragility,stochastic_normalized_loo_fragility,2222,90,935,4.448825208004564,935,180,20,True,T1583.005 - Resource Development: Acquire Botnet,0.000167363530021,{}
stochastic_normalized_fragility,stochastic_normalized_loo_fragility,2222,91,945,4.426879417034797,945,180,20,True,T1036 - Defense Evasion: Masquerading,0.00020542484858,{}
stochastic_normalized_fragility,stochastic_normalized_loo_fragility,2222,92,955,4.409652875037864,955,180,20,True,T1583.005 - Resource Development: Acquire Botnet,0.0002086836810003,{}
stochastic_normalized_fragility,stochastic_normalized_loo_fragility,2222,93,965,4.857930458034389,965,180,20,True,TA0011 - Command-and-Control,0.0004110608732739,{}
stochastic_normalized_fragility,stochastic_normalized_loo_fragility,2222,94,975,4.779386583948508,975,180,20,True,T1036 - Defense Evasion: Masquerading,0.000348311007276,{}
stochastic_normalized_fragility,stochastic_normalized_loo_fragility,2222,95,985,4.767101000063121,985,180,20,True,T1036 - Defense Evasion: Masquerading,0.0003213272914161,{}
stochastic_normalized_fragility,stochastic_normalized_loo_fragility,2222,96,995,4.659707916085608,995,180,20,True,T1036 - Defense Evasion: Masquerading,0.0002035724762851,{}
stochastic_normalized_fragility,stochastic_normalized_loo_fragility,2222,97,1005,4.748749042046256,1005,180,20,True,T1036 - Defense Evasion: Masquerading,0.0002282769059847,{}
stochastic_normalized_fragility,stochastic_normalized_loo_fragility,2222,98,1015,6.475512916920707,1015,180,20,True,T1036 - Defense Evasion: Masquerading,0.0002407565655394,{}
stochastic_normalized_fragility,stochastic_normalized_loo_fragility,2222,99,1025,7.3554346250602975,1025,180,20,True,TA0011 - Command-and-Control,0.0003128122067249,{}
stochastic_normalized_fragility,stochastic_normalized_loo_fragility,2222,100,1035,8.291902165976353,1035,180,20,True,TA0011 - Command-and-Control,0.0004053260552238,{}
stochastic_normalized_fragility,stochastic_normalized_loo_fragility,2222,101,1045,7.643167249974795,1045,180,20,True,T1036 - Defense Evasion: Masquerading,0.0003770059635488,{}
stochastic_normalized_fragility,stochastic_normalized_loo_fragility,2222,102,1055,7.486678417073563,1055,180,20,True,T1583.005 - Resource Development: Acquire Botnet,0.0003082759979947,{}
stochastic_normalized_fragility,stochastic_normalized_loo_fragility,2222,103,1065,7.911674999981187,1065,180,20,True,TA0011 - Command-and-Control,0.0003441691101298,{}
stochastic_normalized_fragility,stochastic_normalized_loo_fragility,2222,104,1075,8.49636908294633,1075,180,20,True,T1036 - Defense Evasion: Masquerading,0.0007236738774738,{}
stochastic_normalized_fragility,stochastic_normalized_loo_fragility,2222,105,1085,8.156429041991942,1085,180,20,True,T1590 - Reconnaissance: Gather Victim Network Information,0.0003282008904255,{}
stochastic_normalized_fragility,stochastic_normalized_loo_fragility,2222,106,1095,8.17516066704411,1095,180,20,True,T1583.005 - Resource Development: Acquire Botnet,0.0003716553351429,{}
stochastic_normalized_fragility,stochastic_normalized_loo_fragility,2222,107,1105,8.134329625056125,1105,180,20,True,T1590 - Reconnaissance: Gather Victim Network Information,0.0002965391559751,{}
stochastic_normalized_fragility,stochastic_normalized_loo_fragility,2222,108,1115,7.907903917017393,1115,180,20,True,T1036 - Defense Evasion: Masquerading,0.0003600862851201,{}
stochastic_normalized_fragility,stochastic_normalized_loo_fragility,2222,109,1125,8.67518179200124,1125,180,20,True,T1583.005 - Resource Development: Acquire Botnet,0.000264235485652,{}
stochastic_normalized_fragility,stochastic_normalized_loo_fragility,2222,110,1135,8.554182167048566,1135,180,20,True,T1583.005 - Resource Development: Acquire Botnet,0.0002862847003741,{}
stochastic_normalized_fragility,stochastic_normalized_loo_fragility,2222,111,1145,8.064460832974873,1145,180,20,True,T1498.002 - Impact: Reflection/Amplification Attack,0.0002686715038696,{}
stochastic_normalized_fragility,stochastic_normalized_loo_fragility,2222,112,1155,8.184093042043969,1155,180,20,True,T1498.001 - Impact: Direct Network Flood,0.0002151968431941,{}
stochastic_normalized_fragility,stochastic_normalized_loo_fragility,2222,113,1165,8.460561000043526,1165,180,20,True,T1498.001 - Impact: Direct Network Flood,0.0002131898985632,{}
stochastic_normalized_fragility,stochastic_normalized_loo_fragility,2222,114,1175,8.362878582905978,1175,180,20,True,T1571 - Defense Evasion: Non-Standard Port,0.0002089927770092,{}
stochastic_normalized_fragility,stochastic_normalized_loo_fragility,2222,115,1185,8.169162083999254,1185,180,20,True,T1583.005 - Resource Development: Acquire Botnet,0.0002142057332446,{}
stochastic_normalized_fragility,stochastic_normalized_loo_fragility,2222,116,1195,8.132246166933328,1195,180,20,True,T1590 - Reconnaissance: Gather Victim Network Information,0.0002696389193542,{}
stochastic_normalized_fragility,stochastic_normalized_loo_fragility,2222,117,1205,7.9644712910521775,1205,180,20,True,T1036 - Defense Evasion: Masquerading,0.0002592852021591,{}
stochastic_normalized_fragility,stochastic_normalized_loo_fragility,2222,118,1215,8.792720083962195,1215,180,20,True,T1036 - Defense Evasion: Masquerading,0.0003082653100608,{}
stochastic_normalized_fragility,stochastic_normalized_loo_fragility,2222,119,1225,7.638693124987185,1225,180,20,True,T1036 - Defense Evasion: Masquerading,0.0002392939019242,{}
stochastic_normalized_fragility,stochastic_normalized_loo_fragility,2222,120,1235,8.15682812500745,1235,180,20,True,T1036 - Defense Evasion: Masquerading,0.0002179499261463,{}
stochastic_normalized_fragility,stochastic_normalized_loo_fragility,2222,121,1245,8.339600875042379,1245,180,20,True,T1036 - Defense Evasion: Masquerading,0.0002609591694535,{}
stochastic_normalized_fragility,stochastic_normalized_loo_fragility,2222,122,1255,8.7759849159047,1255,180,20,True,T1590 - Reconnaissance: Gather Victim Network Information,0.0002910540200235,{}
stochastic_normalized_fragility,stochastic_normalized_loo_fragility,2222,123,1265,7.981208459008485,1265,180,20,True,T1590 - Reconnaissance: Gather Victim Network Information,0.000312207622986,{}
stochastic_normalized_fragility,stochastic_normalized_loo_fragility,2222,124,1275,8.19257616600953,1275,180,20,True,T1036 - Defense Evasion: Masquerading,0.0002519605575597,{}
stochastic_normalized_fragility,stochastic_normalized_loo_fragility,2222,125,1285,8.01521441701334,1285,180,20,True,T1595 - Reconnaissance: Active Scanning,0.0002603937411336,{}
stochastic_normalized_fragility,stochastic_normalized_loo_fragility,2222,126,1295,8.606325417058542,1295,180,20,True,T1036 - Defense Evasion: Masquerading,0.0002192134227592,{}
stochastic_normalized_fragility,stochastic_normalized_loo_fragility,2222,127,1305,8.173116457997821,1305,180,20,True,TA0011 - Command-and-Control,0.0003043955896786,{}
stochastic_normalized_fragility,stochastic_normalized_loo_fragility,2222,128,1315,7.8666949580656365,1315,180,20,True,T1036 - Defense Evasion: Masquerading,0.0004332275638285,{}
stochastic_normalized_fragility,stochastic_normalized_loo_fragility,2222,129,1325,8.344647417077795,1325,180,20,True,T1595 - Reconnaissance: Active Scanning,0.0003055716068141,{}
stochastic_normalized_fragility,stochastic_normalized_loo_fragility,2222,130,1335,7.792999707977288,1335,180,20,True,T1036 - Defense Evasion: Masquerading,0.0003047384511615,{}
stochastic_normalized_fragility,stochastic_normalized_loo_fragility,2222,131,1345,8.938874416984618,1345,180,20,True,T1595 - Reconnaissance: Active Scanning,0.0003321923572018,{}
stochastic_normalized_fragility,stochastic_normalized_loo_fragility,2222,132,1355,8.278841834049672,1355,180,20,True,T1595 - Reconnaissance: Active Scanning,0.0003029900964058,{}
stochastic_normalized_fragility,stochastic_normalized_loo_fragility,2222,133,1365,8.066884708940051,1365,180,20,True,T1036 - Defense Evasion: Masquerading,0.0003650241417595,{}
stochastic_normalized_fragility,stochastic_normalized_loo_fragility,2222,134,1375,8.065049041993916,1375,180,20,True,T1583.005 - Resource Development: Acquire Botnet,0.0002222370995613,{}
stochastic_normalized_fragility,stochastic_normalized_loo_fragility,2222,135,1385,8.790164124919102,1385,180,20,True,T1036 - Defense Evasion: Masquerading,0.0001999231792803,{}
stochastic_normalized_fragility,stochastic_normalized_loo_fragility,2222,136,1395,8.618954874924384,1395,180,20,True,T1584.005 - Resource Development: Build/Compromise Botnet,0.0002160826144304,{}
stochastic_normalized_fragility,stochastic_normalized_loo_fragility,2222,137,1405,9.666155459010042,1405,180,20,True,T1584.005 - Resource Development: Build/Compromise Botnet,0.0002144988785477,{}
stochastic_normalized_fragility,stochastic_normalized_loo_fragility,2222,138,1415,9.010247500031255,1415,180,20,True,T1036 - Defense Evasion: Masquerading,0.0002154062615594,{}
stochastic_normalized_fragility,stochastic_normalized_loo_fragility,2222,139,1425,8.691906582913361,1425,180,20,True,T1036 - Defense Evasion: Masquerading,0.0002170956366081,{}
stochastic_normalized_fragility,stochastic_normalized_loo_fragility,2222,140,1435,8.225642333040014,1435,180,20,True,T1036 - Defense Evasion: Masquerading,0.0002543708170468,{}
stochastic_normalized_fragility,stochastic_normalized_loo_fragility,2222,141,1445,8.25664933398366,1445,180,20,True,T1583.005 - Resource Development: Acquire Botnet,0.0002775252191109,{}
stochastic_normalized_fragility,stochastic_normalized_loo_fragility,2222,142,1455,8.34018137503881,1455,180,20,True,TA0011 - Command-and-Control,0.0002960297158387,{}
stochastic_normalized_fragility,stochastic_normalized_loo_fragility,2222,143,1465,9.283526916988194,1465,180,20,True,TA0011 - Command-and-Control,0.000387640878394,{}
stochastic_normalized_fragility,stochastic_normalized_loo_fragility,2222,144,1475,8.737343917018734,1475,180,20,True,T1036 - Defense Evasion: Masquerading,0.0003005717244848,{}
stochastic_normalized_fragility,stochastic_normalized_loo_fragility,2222,145,1485,8.421190042048693,1485,180,20,True,TA0011 - Command-and-Control,0.0003666015595102,{}
stochastic_normalized_fragility,stochastic_normalized_loo_fragility,2222,146,1495,8.703045999980532,1495,180,20,True,TA0011 - Command-and-Control,0.00034267044404,{}
stochastic_normalized_fragility,stochastic_normalized_loo_fragility,2222,147,1505,8.602620749967173,1505,180,20,True,TA0011 - Command-and-Control,0.0003840892017534,{}
stochastic_normalized_fragility,stochastic_normalized_loo_fragility,2222,148,1515,9.256494083092548,1515,180,20,True,TA0011 - Command-and-Control,0.0003664165295985,{}
stochastic_normalized_fragility,stochastic_normalized_loo_fragility,2222,149,1525,8.571860125055537,1525,180,20,True,TA0011 - Command-and-Control,0.0003881340851522,{}
stochastic_normalized_fragility,stochastic_normalized_loo_fragility,2222,150,1535,8.230532124987803,1535,180,20,True,T1036 - Defense Evasion: Masquerading,0.000410294779839,{}
stochastic_normalized_fragility,stochastic_normalized_loo_fragility,2222,151,1545,8.096877750009298,1545,180,20,True,TA0011 - Command-and-Control,0.0004111471624301,{}
stochastic_normalized_fragility,stochastic_normalized_loo_fragility,2222,152,1555,10.227171457954682,1555,180,20,True,T1595 - Reconnaissance: Active Scanning,0.0003095196926206,{}
stochastic_normalized_fragility,stochastic_normalized_loo_fragility,2222,153,1565,8.922692290972918,1565,180,20,True,T1036 - Defense Evasion: Masquerading,0.0002237406357735,{}
stochastic_normalized_fragility,stochastic_normalized_loo_fragility,2222,154,1575,8.643322707968764,1575,180,20,True,T1036 - Defense Evasion: Masquerading,0.0002855656764772,{}
stochastic_normalized_fragility,stochastic_normalized_loo_fragility,2222,155,1585,8.72333741595503,1585,180,20,True,T1583.005 - Resource Development: Acquire Botnet,0.0001777752820745,{}
stochastic_normalized_fragility,stochastic_normalized_loo_fragility,2222,156,1595,9.905752666993068,1595,180,20,True,T1583.005 - Resource Development: Acquire Botnet,0.0002210272246898,{}
stochastic_normalized_fragility,stochastic_normalized_loo_fragility,2222,157,1605,8.019173249951564,1605,180,20,True,T1595 - Reconnaissance: Active Scanning,0.0001819032860839,{}
stochastic_normalized_fragility,stochastic_normalized_loo_fragility,2222,158,1615,8.31292937498074,1615,180,20,True,T1583.005 - Resource Development: Acquire Botnet,0.0001851138620667,{}
stochastic_normalized_fragility,stochastic_normalized_loo_fragility,2222,159,1625,8.33120187500026,1625,180,20,True,T1583.005 - Resource Development: Acquire Botnet,0.0001871672224459,{}
stochastic_normalized_fragility,stochastic_normalized_loo_fragility,2222,160,1635,9.492208000039682,1635,180,20,True,T1036 - Defense Evasion: Masquerading,0.0002096405860235,{}
stochastic_normalized_fragility,stochastic_normalized_loo_fragility,2222,161,1645,8.320865457993932,1645,180,20,True,T1036 - Defense Evasion: Masquerading,0.0002189400916847,{}
stochastic_normalized_fragility,stochastic_normalized_loo_fragility,2222,162,1655,8.092619207920507,1655,180,20,True,T1590 - Reconnaissance: Gather Victim Network Information,0.0004316859910816,{}
stochastic_normalized_fragility,stochastic_normalized_loo_fragility,2222,163,1665,8.820065167034045,1665,180,20,True,T1590 - Reconnaissance: Gather Victim Network Information,0.0003572026441049,{}
stochastic_normalized_fragility,stochastic_normalized_loo_fragility,2222,164,1675,9.023335041012617,1675,180,20,True,TA0011 - Command-and-Control,0.0002482582369302,{}
stochastic_normalized_fragility,stochastic_normalized_loo_fragility,2222,165,1685,9.457380624953656,1685,180,20,True,T1036 - Defense Evasion: Masquerading,0.0002037448829867,{}
stochastic_normalized_fragility,stochastic_normalized_loo_fragility,2222,166,1695,8.617267749970779,1695,180,20,True,T1036 - Defense Evasion: Masquerading,0.0002691689997101,{}
stochastic_normalized_fragility,stochastic_normalized_loo_fragility,2222,167,1705,8.451436916948296,1705,180,20,True,T1036 - Defense Evasion: Masquerading,0.0003940691463116,{}
stochastic_normalized_fragility,stochastic_normalized_loo_fragility,2222,168,1715,8.23808704095427,1715,180,20,True,T1036 - Defense Evasion: Masquerading,0.0004272306687172,{}
stochastic_normalized_fragility,stochastic_normalized_loo_fragility,2222,169,1725,9.775599584099837,1725,180,20,True,T1595 - Reconnaissance: Active Scanning,0.0006122892932082,{}
stochastic_normalized_fragility,stochastic_normalized_loo_fragility,2222,170,1735,8.398591125034727,1735,180,20,True,T1036 - Defense Evasion: Masquerading,0.0003405562577603,{}
stochastic_normalized_fragility,stochastic_normalized_loo_fragility,2222,171,1745,8.508052042103373,1745,180,20,True,T1036 - Defense Evasion: Masquerading,0.0002678367036573,{}
stochastic_normalized_fragility,stochastic_normalized_loo_fragility,2222,172,1755,8.701280916924588,1755,180,20,True,T1036 - Defense Evasion: Masquerading,0.0002582872728488,{}
stochastic_normalized_fragility,stochastic_normalized_loo_fragility,2222,173,1765,9.345327125047334,1765,180,20,True,T1036 - Defense Evasion: Masquerading,0.0002999052147557,{}
stochastic_normalized_fragility,stochastic_normalized_loo_fragility,2222,174,1775,8.463567915954627,1775,180,20,True,T1036 - Defense Evasion: Masquerading,0.0002918253352381,{}
stochastic_normalized_fragility,stochastic_normalized_loo_fragility,2222,175,1785,8.243302084039897,1785,180,20,True,T1036 - Defense Evasion: Masquerading,0.0003640557239015,{}
stochastic_normalized_fragility,stochastic_normalized_loo_fragility,2222,176,1795,8.165793666965328,1795,180,20,True,T1036 - Defense Evasion: Masquerading,0.0003261013198249,{}
stochastic_normalized_fragility,stochastic_normalized_loo_fragility,2323,1,45,1.5513248749775812,45,45,20,False,T1584.005 - Resource Development: Build/Compromise Botnet,0.000612240231582,{}
stochastic_normalized_fragility,stochastic_normalized_loo_fragility,2323,2,55,2.0323041250230744,55,55,20,False,T1584.005 - Resource Development: Build/Compromise Botnet,0.0007350408445263,{}
stochastic_normalized_fragility,stochastic_normalized_loo_fragility,2323,3,65,2.261095833964646,65,65,20,False,TA0011 - Command-and-Control,0.0004674655695186,{}
stochastic_normalized_fragility,stochastic_normalized_loo_fragility,2323,4,75,2.5051371660083532,75,75,20,False,T1590 - Reconnaissance: Gather Victim Network Information,0.0001830308730904,{}
stochastic_normalized_fragility,stochastic_normalized_loo_fragility,2323,5,85,2.93104004196357,85,85,20,False,T1036 - Defense Evasion: Masquerading,0.0001773466202409,{}
stochastic_normalized_fragility,stochastic_normalized_loo_fragility,2323,6,95,3.3332332499558106,95,95,20,False,T1036 - Defense Evasion: Masquerading,0.0001642050948601,{}
stochastic_normalized_fragility,stochastic_normalized_loo_fragility,2323,7,105,3.885551708051935,105,105,20,False,T1036 - Defense Evasion: Masquerading,0.0001783045287633,{}
stochastic_normalized_fragility,stochastic_normalized_loo_fragility,2323,8,115,4.4819030408980325,115,115,20,False,T1036 - Defense Evasion: Masquerading,0.0001935646956474,{}
stochastic_normalized_fragility,stochastic_normalized_loo_fragility,2323,9,125,4.325269500026479,125,125,20,False,T1583.005 - Resource Development: Acquire Botnet,0.0002012856449961,{}
stochastic_normalized_fragility,stochastic_normalized_loo_fragility,2323,10,135,5.13775366707705,135,130,20,True,T1583.005 - Resource Development: Acquire Botnet,0.0003509797265778,{}
stochastic_normalized_fragility,stochastic_normalized_loo_fragility,2323,11,145,5.050061124959029,145,137,20,True,T1583.005 - Resource Development: Acquire Botnet,0.0002794827241387,{}
stochastic_normalized_fragility,stochastic_normalized_loo_fragility,2323,12,155,4.858001625048928,155,144,20,True,T1583.005 - Resource Development: Acquire Botnet,0.0003628310233532,{}
stochastic_normalized_fragility,stochastic_normalized_loo_fragility,2323,13,165,5.0675392909906805,165,151,20,True,T1583.005 - Resource Development: Acquire Botnet,0.0003320966736467,{}
stochastic_normalized_fragility,stochastic_normalized_loo_fragility,2323,14,175,5.606529957964085,175,158,20,True,T1498.001 - Impact: Direct Network Flood,0.000217940786159,{}
stochastic_normalized_fragility,stochastic_normalized_loo_fragility,2323,15,185,7.582672000047751,185,164,20,True,T1583.005 - Resource Development: Acquire Botnet,0.0002220744122577,{}
stochastic_normalized_fragility,stochastic_normalized_loo_fragility,2323,16,195,6.3916730410419405,195,169,20,True,TA0011 - Command-and-Control,0.0002623144699716,{}
stochastic_normalized_fragility,stochastic_normalized_loo_fragility,2323,17,205,6.6005818750709295,205,175,20,True,T1036 - Defense Evasion: Masquerading,0.0001964466349853,{}
stochastic_normalized_fragility,stochastic_normalized_loo_fragility,2323,18,215,6.493688915972598,215,176,20,True,T1036 - Defense Evasion: Masquerading,0.0001869167814905,{}
stochastic_normalized_fragility,stochastic_normalized_loo_fragility,2323,19,225,6.34664112504106,225,176,20,True,T1036 - Defense Evasion: Masquerading,0.0002105456750293,{}
stochastic_normalized_fragility,stochastic_normalized_loo_fragility,2323,20,235,7.007919832947664,235,177,20,True,T1583.005 - Resource Development: Acquire Botnet,0.0002031303546147,{}
stochastic_normalized_fragility,stochastic_normalized_loo_fragility,2323,21,245,6.773716458003037,245,178,20,True,T1583.005 - Resource Development: Acquire Botnet,0.0002707989144792,{}
stochastic_normalized_fragility,stochastic_normalized_loo_fragility,2323,22,255,6.190513291046955,255,178,20,True,T1583.005 - Resource Development: Acquire Botnet,0.0002985311503056,{}
stochastic_normalized_fragility,stochastic_normalized_loo_fragility,2323,23,265,7.560161874978803,265,179,20,True,T1583.005 - Resource Development: Acquire Botnet,0.0003385154547092,{}
stochastic_normalized_fragility,stochastic_normalized_loo_fragility,2323,24,275,6.998325375025161,275,179,20,True,T1583.005 - Resource Development: Acquire Botnet,0.0003824180076829,{}
stochastic_normalized_fragility,stochastic_normalized_loo_fragility,2323,25,285,7.56807045894675,285,180,20,True,T1036 - Defense Evasion: Masquerading,0.0002083240670201,{}
stochastic_normalized_fragility,stochastic_normalized_loo_fragility,2323,26,295,8.044217457994819,295,180,20,True,TA0011 - Command-and-Control,0.0003819007472019,{}
stochastic_normalized_fragility,stochastic_normalized_loo_fragility,2323,27,305,7.396003708941862,305,180,20,True,T1590 - Reconnaissance: Gather Victim Network Information,0.0003686822521056,{}
stochastic_normalized_fragility,stochastic_normalized_loo_fragility,2323,28,315,6.87119316693861,315,180,20,True,T1036 - Defense Evasion: Masquerading,0.0004383379858269,{}
stochastic_normalized_fragility,stochastic_normalized_loo_fragility,2323,29,325,6.669320457964204,325,180,20,True,T1036 - Defense Evasion: Masquerading,0.000338644043818,{}
stochastic_normalized_fragility,stochastic_normalized_loo_fragility,2323,30,335,6.669974250020459,335,180,20,True,T1036 - Defense Evasion: Masquerading,0.000195944076466,{}
stochastic_normalized_fragility,stochastic_normalized_loo_fragility,2323,31,345,7.372584957978688,345,180,20,True,T1036 - Defense Evasion: Masquerading,0.0002028265451258,{}
stochastic_normalized_fragility,stochastic_normalized_loo_fragility,2323,32,355,6.30175479198806,355,180,20,True,T1036 - Defense Evasion: Masquerading,0.0002199414825191,{}
stochastic_normalized_fragility,stochastic_normalized_loo_fragility,2323,33,365,6.769550875062123,365,180,20,True,T1583.005 - Resource Development: Acquire Botnet,0.0002314694845387,{}
stochastic_normalized_fragility,stochastic_normalized_loo_fragility,2323,34,375,7.195339540950954,375,180,20,True,TA0011 - Command-and-Control,0.000246165387986,{}
stochastic_normalized_fragility,stochastic_normalized_loo_fragility,2323,35,385,7.535774125019088,385,180,20,True,T1036 - Defense Evasion: Masquerading,0.0001992046499787,{}
stochastic_normalized_fragility,stochastic_normalized_loo_fragility,2323,36,395,7.595694707939401,395,180,20,True,T1583.005 - Resource Development: Acquire Botnet,0.000229383600583,{}
stochastic_normalized_fragility,stochastic_normalized_loo_fragility,2323,37,405,6.854209124925546,405,180,20,True,T1590 - Reconnaissance: Gather Victim Network Information,0.0003930856776347,{}
stochastic_normalized_fragility,stochastic_normalized_loo_fragility,2323,38,415,6.610006624949165,415,180,20,True,T1036 - Defense Evasion: Masquerading,0.0002564925390198,{}
stochastic_normalized_fragility,stochastic_normalized_loo_fragility,2323,39,425,6.992182667017914,425,180,20,True,T1583.005 - Resource Development: Acquire Botnet,0.0001618468906962,{}
stochastic_normalized_fragility,stochastic_normalized_loo_fragility,2323,40,435,6.942354207974859,435,180,20,True,T1583.005 - Resource Development: Acquire Botnet,0.0002407814288342,{}
stochastic_normalized_fragility,stochastic_normalized_loo_fragility,2323,41,445,7.93127287493553,445,180,20,True,TA0011 - Command-and-Control,0.0001828795091501,{}
stochastic_normalized_fragility,stochastic_normalized_loo_fragility,2323,42,455,7.616648333962075,455,180,20,True,T1595 - Reconnaissance: Active Scanning,0.0001788925049755,{}
stochastic_normalized_fragility,stochastic_normalized_loo_fragility,2323,43,465,7.172818167018704,465,180,20,True,T1036 - Defense Evasion: Masquerading,0.0002150777663827,{}
stochastic_normalized_fragility,stochastic_normalized_loo_fragility,2323,44,475,7.043378624948673,475,180,20,True,T1036 - Defense Evasion: Masquerading,0.0002689643785237,{}
stochastic_normalized_fragility,stochastic_normalized_loo_fragility,2323,45,485,6.9828188749961555,485,180,20,True,TA0011 - Command-and-Control,0.0002505563897592,{}
stochastic_normalized_fragility,stochastic_normalized_loo_fragility,2323,46,495,7.884796832920983,495,180,20,True,T1590 - Reconnaissance: Gather Victim Network Information,0.0004144315222079,{}
stochastic_normalized_fragility,stochastic_normalized_loo_fragility,2323,47,505,6.857114208047278,505,180,20,True,T1036 - Defense Evasion: Masquerading,0.0003683447614672,{}
stochastic_normalized_fragility,stochastic_normalized_loo_fragility,2323,48,515,7.167580125038512,515,180,20,True,TA0011 - Command-and-Control,0.0003189290682873,{}
stochastic_normalized_fragility,stochastic_normalized_loo_fragility,2323,49,525,7.0118203749880195,525,180,20,True,T1036 - Defense Evasion: Masquerading,0.000215157538166,{}
stochastic_normalized_fragility,stochastic_normalized_loo_fragility,2323,50,535,7.188647375092842,535,180,20,True,T1036 - Defense Evasion: Masquerading,0.0002119453857747,{}
stochastic_normalized_fragility,stochastic_normalized_loo_fragility,2323,51,545,8.175778041942976,545,180,20,True,T1583.005 - Resource Development: Acquire Botnet,0.0003255217947117,{}
stochastic_normalized_fragility,stochastic_normalized_loo_fragility,2323,52,555,7.161086541018449,555,180,20,True,TA0011 - Command-and-Control,0.0003191284983506,{}
stochastic_normalized_fragility,stochastic_normalized_loo_fragility,2323,53,565,7.211717083002441,565,180,20,True,T1583.005 - Resource Development: Acquire Botnet,0.0002071068904761,{}
stochastic_normalized_fragility,stochastic_normalized_loo_fragility,2323,54,575,7.333683458040468,575,180,20,True,T1036 - Defense Evasion: Masquerading,0.0002110268663287,{}
stochastic_normalized_fragility,stochastic_normalized_loo_fragility,2323,55,585,7.704212416894734,585,180,20,True,T1036 - Defense Evasion: Masquerading,0.000237598854433,{}
stochastic_normalized_fragility,stochastic_normalized_loo_fragility,2323,56,595,7.62885149999056,595,180,20,True,T1036 - Defense Evasion: Masquerading,0.000187077327808,{}
stochastic_normalized_fragility,stochastic_normalized_loo_fragility,2323,57,605,7.25219491601456,605,180,20,True,T1584.005 - Resource Development: Build/Compromise Botnet,0.000263590982352,{}
stochastic_normalized_fragility,stochastic_normalized_loo_fragility,2323,58,615,8.34861058392562,615,180,20,True,T1498.001 - Impact: Direct Network Flood,0.0003263849267737,{}
stochastic_normalized_fragility,stochastic_normalized_loo_fragility,2323,59,625,7.25031187501736,625,180,20,True,T1036 - Defense Evasion: Masquerading,0.0002011597180885,{}
stochastic_normalized_fragility,stochastic_normalized_loo_fragility,2323,60,635,7.499171708012,635,180,20,True,T1583.005 - Resource Development: Acquire Botnet,0.0001860107222336,{}
stochastic_normalized_fragility,stochastic_normalized_loo_fragility,2323,61,645,7.848503042012453,645,180,20,True,TA0011 - Command-and-Control,0.0002347254918516,{}
stochastic_normalized_fragility,stochastic_normalized_loo_fragility,2323,62,655,7.520225042011589,655,180,20,True,T1583.005 - Resource Development: Acquire Botnet,0.0001521164886391,{}
stochastic_normalized_fragility,stochastic_normalized_loo_fragility,2323,63,665,8.39914729190059,665,180,20,True,T1583.005 - Resource Development: Acquire Botnet,0.0002435662798654,{}
stochastic_normalized_fragility,stochastic_normalized_loo_fragility,2323,64,675,7.833567416993901,675,180,20,True,T1583.005 - Resource Development: Acquire Botnet,0.0002416517779208,{}
stochastic_normalized_fragility,stochastic_normalized_loo_fragility,2323,65,685,7.85793508309871,685,180,20,True,T1036 - Defense Evasion: Masquerading,0.0003044232704478,{}
stochastic_normalized_fragility,stochastic_normalized_loo_fragility,2323,66,695,7.247145375004038,695,180,20,True,T1583.005 - Resource Development: Acquire Botnet,0.0002412221341055,{}
stochastic_normalized_fragility,stochastic_normalized_loo_fragility,2323,67,705,7.25852329202462,705,180,20,True,T1583.005 - Resource Development: Acquire Botnet,0.0002889546716025,{}
stochastic_normalized_fragility,stochastic_normalized_loo_fragility,2323,68,715,7.235929458984174,715,180,20,True,T1583.005 - Resource Development: Acquire Botnet,0.0002824990003076,{}
stochastic_normalized_fragility,stochastic_normalized_loo_fragility,2323,69,725,6.204660208080895,725,180,20,True,T1583.005 - Resource Development: Acquire Botnet,0.0002594168349351,{}
stochastic_normalized_fragility,stochastic_normalized_loo_fragility,2323,70,735,5.1519078749697655,735,180,20,True,T1498.001 - Impact: Direct Network Flood,0.0001668609085541,{}
stochastic_normalized_fragility,stochastic_normalized_loo_fragility,2323,71,745,4.610048666014336,745,180,20,True,T1595 - Reconnaissance: Active Scanning,0.000175596342203,{}
stochastic_normalized_fragility,stochastic_normalized_loo_fragility,2323,72,755,4.632696916931309,755,180,20,True,T1595 - Reconnaissance: Active Scanning,0.0001782903060202,{}
stochastic_normalized_fragility,stochastic_normalized_loo_fragility,2323,73,765,4.622190875001252,765,180,20,True,T1595 - Reconnaissance: Active Scanning,0.0002394540518221,{}
stochastic_normalized_fragility,stochastic_normalized_loo_fragility,2323,74,775,4.694580749957822,775,180,20,True,T1036 - Defense Evasion: Masquerading,0.0002607080153915,{}
stochastic_normalized_fragility,stochastic_normalized_loo_fragility,2323,75,785,4.7036621670704335,785,180,20,True,T1583.005 - Resource Development: Acquire Botnet,0.0001738602837094,{}
stochastic_normalized_fragility,stochastic_normalized_loo_fragility,2323,76,795,4.768827166990377,795,180,20,True,TA0011 - Command-and-Control,0.0002360865320143,{}
stochastic_normalized_fragility,stochastic_normalized_loo_fragility,2323,77,805,4.948950667050667,805,180,20,True,T1584.005 - Resource Development: Build/Compromise Botnet,0.0002892715286586,{}
stochastic_normalized_fragility,stochastic_normalized_loo_fragility,2323,78,815,4.4872832499677315,815,180,20,True,T1584.005 - Resource Development: Build/Compromise Botnet,0.000286791893849,{}
stochastic_normalized_fragility,stochastic_normalized_loo_fragility,2323,79,825,4.499534000060521,825,180,20,True,T1583.005 - Resource Development: Acquire Botnet,0.0002679809555918,{}
stochastic_normalized_fragility,stochastic_normalized_loo_fragility,2323,80,835,4.407425291952677,835,180,20,True,T1583.005 - Resource Development: Acquire Botnet,0.0002151573745776,{}
stochastic_normalized_fragility,stochastic_normalized_loo_fragility,2323,81,845,4.543579041957855,845,180,20,True,T1583.005 - Resource Development: Acquire Botnet,0.0001701090622896,{}
stochastic_normalized_fragility,stochastic_normalized_loo_fragility,2323,82,855,4.7300592079991475,855,180,20,True,T1583.005 - Resource Development: Acquire Botnet,0.0001771232173758,{}
stochastic_normalized_fragility,stochastic_normalized_loo_fragility,2323,83,865,4.617410875041969,865,180,20,True,T1583.005 - Resource Development: Acquire Botnet,0.0001866768112978,{}
stochastic_normalized_fragility,stochastic_normalized_loo_fragility,2323,84,875,4.6277450419729576,875,180,20,True,T1590 - Reconnaissance: Gather Victim Network Information,0.0002678968434162,{}
stochastic_normalized_fragility,stochastic_normalized_loo_fragility,2323,85,885,5.130542750004679,885,180,20,True,TA0011 - Command-and-Control,0.0003949101689672,{}
stochastic_normalized_fragility,stochastic_normalized_loo_fragility,2323,86,895,4.831392541993409,895,180,20,True,T1036 - Defense Evasion: Masquerading,0.0003826714996394,{}
stochastic_normalized_fragility,stochastic_normalized_loo_fragility,2323,87,905,4.836770083988085,905,180,20,True,T1590 - Reconnaissance: Gather Victim Network Information,0.000500679787926,{}
stochastic_normalized_fragility,stochastic_normalized_loo_fragility,2323,88,915,4.635100916959345,915,180,20,True,TA0011 - Command-and-Control,0.0003795118717029,{}
stochastic_normalized_fragility,stochastic_normalized_loo_fragility,2323,89,925,4.6038251660065725,925,180,20,True,TA0011 - Command-and-Control,0.0003244485030188,{}
stochastic_normalized_fragility,stochastic_normalized_loo_fragility,2323,90,935,4.454938667011447,935,180,20,True,TA0011 - Command-and-Control,0.0003977108233941,{}
stochastic_normalized_fragility,stochastic_normalized_loo_fragility,2323,91,945,4.423957832972519,945,180,20,True,T1036 - Defense Evasion: Masquerading,0.0002039966030696,{}
stochastic_normalized_fragility,stochastic_normalized_loo_fragility,2323,92,955,4.618159042089246,955,180,20,True,T1583.005 - Resource Development: Acquire Botnet,0.000224991807761,{}
stochastic_normalized_fragility,stochastic_normalized_loo_fragility,2323,93,965,4.882290082983673,965,180,20,True,T1583.005 - Resource Development: Acquire Botnet,0.0001887517034113,{}
stochastic_normalized_fragility,stochastic_normalized_loo_fragility,2323,94,975,4.823587042046711,975,180,20,True,T1583.005 - Resource Development: Acquire Botnet,0.0001967463399327,{}
stochastic_normalized_fragility,stochastic_normalized_loo_fragility,2323,95,985,4.675502208061516,985,180,20,True,T1583.005 - Resource Development: Acquire Botnet,0.0001967876139839,{}
stochastic_normalized_fragility,stochastic_normalized_loo_fragility,2323,96,995,4.77191454207059,995,180,20,True,T1036 - Defense Evasion: Masquerading,0.0002272241402432,{}
stochastic_normalized_fragility,stochastic_normalized_loo_fragility,2323,97,1005,5.472640458960086,1005,180,20,True,T1583.005 - Resource Development: Acquire Botnet,0.0002589967016262,{}
stochastic_normalized_fragility,stochastic_normalized_loo_fragility,2323,98,1015,7.313081917003728,1015,180,20,True,T1036 - Defense Evasion: Masquerading,0.000359647037944,{}
stochastic_normalized_fragility,stochastic_normalized_loo_fragility,2323,99,1025,8.15782208298333,1025,180,20,True,T1584.005 - Resource Development: Build/Compromise Botnet,0.000307245659054,{}
stochastic_normalized_fragility,stochastic_normalized_loo_fragility,2323,100,1035,8.177376208011992,1035,180,20,True,TA0011 - Command-and-Control,0.0001958547365777,{}
stochastic_normalized_fragility,stochastic_normalized_loo_fragility,2323,101,1045,7.728419875027612,1045,180,20,True,T1583.005 - Resource Development: Acquire Botnet,0.0002362290381433,{}
stochastic_normalized_fragility,stochastic_normalized_loo_fragility,2323,102,1055,7.453168167034164,1055,180,20,True,T1584.005 - Resource Development: Build/Compromise Botnet,0.0002216806360815,{}
stochastic_normalized_fragility,stochastic_normalized_loo_fragility,2323,103,1065,7.920003124978393,1065,180,20,True,TA0011 - Command-and-Control,0.0002327312986353,{}
stochastic_normalized_fragility,stochastic_normalized_loo_fragility,2323,104,1075,8.6580614579143,1075,180,20,True,T1036 - Defense Evasion: Masquerading,0.000395660022974,{}
stochastic_normalized_fragility,stochastic_normalized_loo_fragility,2323,105,1085,8.210736499982886,1085,180,20,True,T1590 - Reconnaissance: Gather Victim Network Information,0.0003540136144222,{}
stochastic_normalized_fragility,stochastic_normalized_loo_fragility,2323,106,1095,7.832844999968074,1095,180,20,True,T1036 - Defense Evasion: Masquerading,0.0001815261966514,{}
stochastic_normalized_fragility,stochastic_normalized_loo_fragility,2323,107,1105,7.809067499940284,1105,180,20,True,T1036 - Defense Evasion: Masquerading,0.000234498629989,{}
stochastic_normalized_fragility,stochastic_normalized_loo_fragility,2323,108,1115,8.650629666051827,1115,180,20,True,T1498.002 - Impact: Reflection/Amplification Attack,0.0002769688387621,{}
stochastic_normalized_fragility,stochastic_normalized_loo_fragility,2323,109,1125,8.173904625000432,1125,180,20,True,T1036 - Defense Evasion: Masquerading,0.0003465589401215,{}
stochastic_normalized_fragility,stochastic_normalized_loo_fragility,2323,110,1135,9.127728125080466,1135,180,20,True,T1036 - Defense Evasion: Masquerading,0.0003639162980114,{}
stochastic_normalized_fragility,stochastic_normalized_loo_fragility,2323,111,1145,8.111815124982968,1145,180,20,True,T1036 - Defense Evasion: Masquerading,0.0002973135075461,{}
stochastic_normalized_fragility,stochastic_normalized_loo_fragility,2323,112,1155,8.47518179193139,1155,180,20,True,T1590 - Reconnaissance: Gather Victim Network Information,0.0002393661403882,{}
stochastic_normalized_fragility,stochastic_normalized_loo_fragility,2323,113,1165,8.888178708963096,1165,180,20,True,T1036 - Defense Evasion: Masquerading,0.0001834710873384,{}
stochastic_normalized_fragility,stochastic_normalized_loo_fragility,2323,114,1175,8.08312158298213,1175,180,20,True,T1036 - Defense Evasion: Masquerading,0.0002328780637446,{}
stochastic_normalized_fragility,stochastic_normalized_loo_fragility,2323,115,1185,7.99019108293578,1185,180,20,True,T1583.005 - Resource Development: Acquire Botnet,0.0001774721210468,{}
stochastic_normalized_fragility,stochastic_normalized_loo_fragility,2323,116,1195,7.909159125061706,1195,180,20,True,T1583.005 - Resource Development: Acquire Botnet,0.0003516203552171,{}
stochastic_normalized_fragility,stochastic_normalized_loo_fragility,2323,117,1205,8.447372583090328,1205,180,20,True,T1583.005 - Resource Development: Acquire Botnet,0.0002200804831605,{}
stochastic_normalized_fragility,stochastic_normalized_loo_fragility,2323,118,1215,7.975505042006262,1215,180,20,True,T1583.005 - Resource Development: Acquire Botnet,0.0002085125404178,{}
stochastic_normalized_fragility,stochastic_normalized_loo_fragility,2323,119,1225,8.160814417060465,1225,180,20,True,T1583.005 - Resource Development: Acquire Botnet,0.0002200571651084,{}
stochastic_normalized_fragility,stochastic_normalized_loo_fragility,2323,120,1235,8.012473500100896,1235,180,20,True,T1583.005 - Resource Development: Acquire Botnet,0.0002001682779593,{}
stochastic_normalized_fragility,stochastic_normalized_loo_fragility,2323,121,1245,8.625831791898236,1245,180,20,True,T1590 - Reconnaissance: Gather Victim Network Information,0.000312861615356,{}
stochastic_normalized_fragility,stochastic_normalized_loo_fragility,2323,122,1255,8.152843000018038,1255,180,20,True,T1583.005 - Resource Development: Acquire Botnet,0.0001701257833494,{}
stochastic_normalized_fragility,stochastic_normalized_loo_fragility,2323,123,1265,7.861135291983373,1265,180,20,True,T1583.005 - Resource Development: Acquire Botnet,0.0001961388806054,{}
stochastic_normalized_fragility,stochastic_normalized_loo_fragility,2323,124,1275,8.62926320801489,1275,180,20,True,T1036 - Defense Evasion: Masquerading,0.0001901874369726,{}
stochastic_normalized_fragility,stochastic_normalized_loo_fragility,2323,125,1285,8.094773874967359,1285,180,20,True,T1036 - Defense Evasion: Masquerading,0.0002496320100952,{}
stochastic_normalized_fragility,stochastic_normalized_loo_fragility,2323,126,1295,8.597494999994524,1295,180,20,True,T1036 - Defense Evasion: Masquerading,0.0002416656711184,{}
stochastic_normalized_fragility,stochastic_normalized_loo_fragility,2323,127,1305,7.259467124938965,1305,180,20,True,T1036 - Defense Evasion: Masquerading,0.0002635102829702,{}
stochastic_normalized_fragility,stochastic_normalized_loo_fragility,2323,128,1315,8.096843666979112,1315,180,20,True,T1583.005 - Resource Development: Acquire Botnet,0.0001914799873697,{}
stochastic_normalized_fragility,stochastic_normalized_loo_fragility,2323,129,1325,8.45402654109057,1325,180,20,True,T1583.005 - Resource Development: Acquire Botnet,0.0002152908133255,{}
stochastic_normalized_fragility,stochastic_normalized_loo_fragility,2323,130,1335,8.889702749904245,1335,180,20,True,T1036 - Defense Evasion: Masquerading,0.0003364448414769,{}
stochastic_normalized_fragility,stochastic_normalized_loo_fragility,2323,131,1345,8.255892499932088,1345,180,20,True,T1036 - Defense Evasion: Masquerading,0.0002944689930405,{}
stochastic_normalized_fragility,stochastic_normalized_loo_fragility,2323,132,1355,8.006141250021756,1355,180,20,True,T1583.005 - Resource Development: Acquire Botnet,0.0002701197804296,{}
stochastic_normalized_fragility,stochastic_normalized_loo_fragility,2323,133,1365,7.974944665911608,1365,180,20,True,T1036 - Defense Evasion: Masquerading,0.0003045117818893,{}
stochastic_normalized_fragility,stochastic_normalized_loo_fragility,2323,134,1375,8.919818375026807,1375,180,20,True,T1036 - Defense Evasion: Masquerading,0.0002446236049782,{}
stochastic_normalized_fragility,stochastic_normalized_loo_fragility,2323,135,1385,8.806289916974492,1385,180,20,True,TA0011 - Command-and-Control,0.0002779892089972,{}
stochastic_normalized_fragility,stochastic_normalized_loo_fragility,2323,136,1395,9.315843250020407,1395,180,20,True,TA0011 - Command-and-Control,0.0003342858536979,{}
stochastic_normalized_fragility,stochastic_normalized_loo_fragility,2323,137,1405,8.118942167027853,1405,180,20,True,TA0011 - Command-and-Control,0.0004990238329446,{}
stochastic_normalized_fragility,stochastic_normalized_loo_fragility,2323,138,1415,8.822111624991521,1415,180,20,True,TA0011 - Command-and-Control,0.0005197092506742,{}
stochastic_normalized_fragility,stochastic_normalized_loo_fragility,2323,139,1425,9.19428287493065,1425,180,20,True,TA0011 - Command-and-Control,0.0005692260874137,{}
stochastic_normalized_fragility,stochastic_normalized_loo_fragility,2323,140,1435,8.361696082982235,1435,180,20,True,T1036 - Defense Evasion: Masquerading,0.0002175530960585,{}
stochastic_normalized_fragility,stochastic_normalized_loo_fragility,2323,141,1445,8.029825625009835,1445,180,20,True,T1036 - Defense Evasion: Masquerading,0.0001732304736728,{}
stochastic_normalized_fragility,stochastic_normalized_loo_fragility,2323,142,1455,8.539749542018399,1455,180,20,True,T1583.005 - Resource Development: Acquire Botnet,0.0001768968733658,{}
stochastic_normalized_fragility,stochastic_normalized_loo_fragility,2323,143,1465,9.329256792087108,1465,180,20,True,T1036 - Defense Evasion: Masquerading,0.0001717281737949,{}
stochastic_normalized_fragility,stochastic_normalized_loo_fragility,2323,144,1475,8.163245582953095,1475,180,20,True,T1036 - Defense Evasion: Masquerading,0.0001986278771948,{}
stochastic_normalized_fragility,stochastic_normalized_loo_fragility,2323,145,1485,8.032251083059236,1485,180,20,True,T1036 - Defense Evasion: Masquerading,0.0001855766915787,{}
stochastic_normalized_fragility,stochastic_normalized_loo_fragility,2323,146,1495,9.007493500015698,1495,180,20,True,T1036 - Defense Evasion: Masquerading,0.00025200219012,{}
stochastic_normalized_fragility,stochastic_normalized_loo_fragility,2323,147,1505,9.18000779103022,1505,180,20,True,TA0011 - Command-and-Control,0.0002712545875432,{}
stochastic_normalized_fragility,stochastic_normalized_loo_fragility,2323,148,1515,9.12747370894067,1515,180,20,True,T1583.005 - Resource Development: Acquire Botnet,0.000232628960888,{}
stochastic_normalized_fragility,stochastic_normalized_loo_fragility,2323,149,1525,8.298046041978523,1525,180,20,True,T1036 - Defense Evasion: Masquerading,0.0002745586035371,{}
stochastic_normalized_fragility,stochastic_normalized_loo_fragility,2323,150,1535,8.475428374949843,1535,180,20,True,T1036 - Defense Evasion: Masquerading,0.0002510053536758,{}
stochastic_normalized_fragility,stochastic_normalized_loo_fragility,2323,151,1545,9.704019334050829,1545,180,20,True,T1590 - Reconnaissance: Gather Victim Network Information,0.0003195117431253,{}
stochastic_normalized_fragility,stochastic_normalized_loo_fragility,2323,152,1555,9.348685374949127,1555,180,20,True,TA0011 - Command-and-Control,0.0002591039255452,{}
stochastic_normalized_fragility,stochastic_normalized_loo_fragility,2323,153,1565,8.384140374953859,1565,180,20,True,T1036 - Defense Evasion: Masquerading,0.0002199176603853,{}
stochastic_normalized_fragility,stochastic_normalized_loo_fragility,2323,154,1575,8.447819374967366,1575,180,20,True,T1036 - Defense Evasion: Masquerading,0.0002126490413677,{}
stochastic_normalized_fragility,stochastic_normalized_loo_fragility,2323,155,1585,9.317803999991156,1585,180,20,True,T1036 - Defense Evasion: Masquerading,0.0002567975515498,{}
stochastic_normalized_fragility,stochastic_normalized_loo_fragility,2323,156,1595,8.729264957946725,1595,180,20,True,T1590 - Reconnaissance: Gather Victim Network Information,0.000286818353035,{}
stochastic_normalized_fragility,stochastic_normalized_loo_fragility,2323,157,1605,8.167325624963269,1605,180,20,True,T1590 - Reconnaissance: Gather Victim Network Information,0.0004153395672833,{}
stochastic_normalized_fragility,stochastic_normalized_loo_fragility,2323,158,1615,8.40887195803225,1615,180,20,True,T1036 - Defense Evasion: Masquerading,0.0002755091615816,{}
stochastic_normalized_fragility,stochastic_normalized_loo_fragility,2323,159,1625,8.428281875094399,1625,180,20,True,T1036 - Defense Evasion: Masquerading,0.0004721569862627,{}
stochastic_normalized_fragility,stochastic_normalized_loo_fragility,2323,160,1635,9.011069749947636,1635,180,20,True,TA0011 - Command-and-Control,0.0003350862946453,{}
stochastic_normalized_fragility,stochastic_normalized_loo_fragility,2323,161,1645,8.051545792026445,1645,180,20,True,TA0011 - Command-and-Control,0.0004927764977963,{}
stochastic_normalized_fragility,stochastic_normalized_loo_fragility,2323,162,1655,8.238817709032446,1655,180,20,True,TA0011 - Command-and-Control,0.0002591374831341,{}
stochastic_normalized_fragility,stochastic_normalized_loo_fragility,2323,163,1665,8.527641125023365,1665,180,20,True,T1036 - Defense Evasion: Masquerading,0.0003097518847079,{}
stochastic_normalized_fragility,stochastic_normalized_loo_fragility,2323,164,1675,8.676912207971327,1675,180,20,True,T1036 - Defense Evasion: Masquerading,0.0003437359170149,{}
stochastic_normalized_fragility,stochastic_normalized_loo_fragility,2323,165,1685,9.878309082938358,1685,180,20,True,T1036 - Defense Evasion: Masquerading,0.0003432049536599,{}
stochastic_normalized_fragility,stochastic_normalized_loo_fragility,2323,166,1695,8.6319120839471,1695,180,20,True,T1583.005 - Resource Development: Acquire Botnet,0.0001791217252196,{}
stochastic_normalized_fragility,stochastic_normalized_loo_fragility,2323,167,1705,8.518339834059589,1705,180,20,True,T1590 - Reconnaissance: Gather Victim Network Information,0.000187967980777,{}
stochastic_normalized_fragility,stochastic_normalized_loo_fragility,2323,168,1715,9.738647083984688,1715,180,20,True,T1590 - Reconnaissance: Gather Victim Network Information,0.000159755665455,{}
stochastic_normalized_fragility,stochastic_normalized_loo_fragility,2323,169,1725,9.077360082999803,1725,180,20,True,T1583.005 - Resource Development: Acquire Botnet,0.0002250191113161,{}
stochastic_normalized_fragility,stochastic_normalized_loo_fragility,2323,170,1735,8.82227733405307,1735,180,20,True,T1590 - Reconnaissance: Gather Victim Network Information,0.0004002106069416,{}
stochastic_normalized_fragility,stochastic_normalized_loo_fragility,2323,171,1745,8.58496091607958,1745,180,20,True,TA0011 - Command-and-Control,0.0003591717217623,{}
stochastic_normalized_fragility,stochastic_normalized_loo_fragility,2323,172,1755,9.04632829199545,1755,180,20,True,TA0011 - Command-and-Control,0.0005335378292671,{}
stochastic_normalized_fragility,stochastic_normalized_loo_fragility,2323,173,1765,8.546453375020064,1765,180,20,True,TA0011 - Command-and-Control,0.0003167077541531,{}
stochastic_normalized_fragility,stochastic_normalized_loo_fragility,2323,174,1775,8.037176124984398,1775,180,20,True,T1036 - Defense Evasion: Masquerading,0.0001948023638454,{}
stochastic_normalized_fragility,stochastic_normalized_loo_fragility,2323,175,1785,8.147353457985446,1785,180,20,True,T1036 - Defense Evasion: Masquerading,0.0001666999143655,{}
stochastic_normalized_fragility,stochastic_normalized_loo_fragility,2323,176,1795,8.554354124935344,1795,180,20,True,TA0011 - Command-and-Control,0.0002240676792846,{}
stochastic_normalized_fragility,stochastic_normalized_loo_fragility,2424,1,45,1.4969992090482265,45,45,20,False,TA0011 - Command-and-Control,0.0007040166472701,{}
stochastic_normalized_fragility,stochastic_normalized_loo_fragility,2424,2,55,1.825931833940558,55,55,20,False,T1498.002 - Impact: Reflection/Amplification Attack,0.0005927914970848,{}
stochastic_normalized_fragility,stochastic_normalized_loo_fragility,2424,3,65,2.1883908750023693,65,65,20,False,T1036 - Defense Evasion: Masquerading,0.0002153788781591,{}
stochastic_normalized_fragility,stochastic_normalized_loo_fragility,2424,4,75,2.4848013329319656,75,75,20,False,T1583.005 - Resource Development: Acquire Botnet,0.0002261900780289,{}
stochastic_normalized_fragility,stochastic_normalized_loo_fragility,2424,5,85,2.9878450830001384,85,85,20,False,T1583.005 - Resource Development: Acquire Botnet,0.0002852563415849,{}
stochastic_normalized_fragility,stochastic_normalized_loo_fragility,2424,6,95,3.3229336669901386,95,95,20,False,T1583.005 - Resource Development: Acquire Botnet,0.0002111890806593,{}
stochastic_normalized_fragility,stochastic_normalized_loo_fragility,2424,7,105,3.770973209058866,105,105,20,False,T1583.005 - Resource Development: Acquire Botnet,0.0002024088066613,{}
stochastic_normalized_fragility,stochastic_normalized_loo_fragility,2424,8,115,4.4107866251142696,115,115,20,False,T1583.005 - Resource Development: Acquire Botnet,0.0001959387475307,{}
stochastic_normalized_fragility,stochastic_normalized_loo_fragility,2424,9,125,4.515409666928463,125,125,20,False,T1583.005 - Resource Development: Acquire Botnet,0.0002247318162053,{}
stochastic_normalized_fragility,stochastic_normalized_loo_fragility,2424,10,135,5.245885333046317,135,135,20,False,T1583.005 - Resource Development: Acquire Botnet,0.0002076966113717,{}
stochastic_normalized_fragility,stochastic_normalized_loo_fragility,2424,11,145,5.1520064999349415,145,142,20,True,T1583.005 - Resource Development: Acquire Botnet,0.0002051328281064,{}
stochastic_normalized_fragility,stochastic_normalized_loo_fragility,2424,12,155,5.166621541022323,155,150,20,True,T1583.005 - Resource Development: Acquire Botnet,0.0002116022118774,{}
stochastic_normalized_fragility,stochastic_normalized_loo_fragility,2424,13,165,5.459576749941334,165,159,20,True,T1583.005 - Resource Development: Acquire Botnet,0.0002398163753467,{}
stochastic_normalized_fragility,stochastic_normalized_loo_fragility,2424,14,175,5.639068291056901,175,162,20,True,T1583.005 - Resource Development: Acquire Botnet,0.0002241413367693,{}
stochastic_normalized_fragility,stochastic_normalized_loo_fragility,2424,15,185,7.771093250019476,185,169,20,True,T1595 - Reconnaissance: Active Scanning,0.0002463062652452,{}
stochastic_normalized_fragility,stochastic_normalized_loo_fragility,2424,16,195,6.501349584083073,195,176,20,True,T1583.005 - Resource Development: Acquire Botnet,0.0002221299037817,{}
stochastic_normalized_fragility,stochastic_normalized_loo_fragility,2424,17,205,6.335388666950166,205,180,20,True,T1595 - Reconnaissance: Active Scanning,0.0002173091163053,{}
stochastic_normalized_fragility,stochastic_normalized_loo_fragility,2424,18,215,6.676090375054628,215,180,20,True,TA0011 - Command-and-Control,0.0001717469618136,{}
stochastic_normalized_fragility,stochastic_normalized_loo_fragility,2424,19,225,6.254528583027422,225,180,20,True,T1036 - Defense Evasion: Masquerading,0.0003307532036277,{}
stochastic_normalized_fragility,stochastic_normalized_loo_fragility,2424,20,235,6.8796104160137475,235,180,20,True,T1583.005 - Resource Development: Acquire Botnet,0.000261302030578,{}
stochastic_normalized_fragility,stochastic_normalized_loo_fragility,2424,21,245,6.933052707929164,245,180,20,True,T1583.005 - Resource Development: Acquire Botnet,0.0002067861536056,{}
stochastic_normalized_fragility,stochastic_normalized_loo_fragility,2424,22,255,6.486775083001703,255,180,20,True,T1583.005 - Resource Development: Acquire Botnet,0.0001914796567584,{}
stochastic_normalized_fragility,stochastic_normalized_loo_fragility,2424,23,265,7.684381125029176,265,180,20,True,TA0011 - Command-and-Control,0.0002428762685173,{}
stochastic_normalized_fragility,stochastic_normalized_loo_fragility,2424,24,275,6.630751332966611,275,180,20,True,TA0011 - Command-and-Control,0.0003164265781891,{}
stochastic_normalized_fragility,stochastic_normalized_loo_fragility,2424,25,285,7.830389125039801,285,180,20,True,TA0011 - Command-and-Control,0.0003127043437982,{}
stochastic_normalized_fragility,stochastic_normalized_loo_fragility,2424,26,295,7.921168584027328,295,180,20,True,TA0011 - Command-and-Control,0.0003088843454796,{}
stochastic_normalized_fragility,stochastic_normalized_loo_fragility,2424,27,305,6.721984624979086,305,180,20,True,TA0011 - Command-and-Control,0.0002833279422039,{}
stochastic_normalized_fragility,stochastic_normalized_loo_fragility,2424,28,315,6.674365959013812,315,180,20,True,T1036 - Defense Evasion: Masquerading,0.0002022644268509,{}
stochastic_normalized_fragility,stochastic_normalized_loo_fragility,2424,29,325,6.641786791966297,325,180,20,True,T1036 - Defense Evasion: Masquerading,0.0001767685303512,{}
stochastic_normalized_fragility,stochastic_normalized_loo_fragility,2424,30,335,6.356153124943376,335,180,20,True,TA0011 - Command-and-Control,0.0003487056044967,{}
stochastic_normalized_fragility,stochastic_normalized_loo_fragility,2424,31,345,7.277278708992526,345,180,20,True,T1583.005 - Resource Development: Acquire Botnet,0.0003130178651883,{}
stochastic_normalized_fragility,stochastic_normalized_loo_fragility,2424,32,355,6.558265874977224,355,180,20,True,T1036 - Defense Evasion: Masquerading,0.0002002596167159,{}
stochastic_normalized_fragility,stochastic_normalized_loo_fragility,2424,33,365,6.921721249935217,365,180,20,True,T1036 - Defense Evasion: Masquerading,0.000135088271682,{}
stochastic_normalized_fragility,stochastic_normalized_loo_fragility,2424,34,375,7.09508304100018,375,180,20,True,T1036 - Defense Evasion: Masquerading,0.0001985085642096,{}
stochastic_normalized_fragility,stochastic_normalized_loo_fragility,2424,35,385,7.197113499976695,385,180,20,True,T1590 - Reconnaissance: Gather Victim Network Information,0.0003501671770977,{}
stochastic_normalized_fragility,stochastic_normalized_loo_fragility,2424,36,395,7.405257874983363,395,180,20,True,T1583.005 - Resource Development: Acquire Botnet,0.0002288636370364,{}
stochastic_normalized_fragility,stochastic_normalized_loo_fragility,2424,37,405,6.9650486670434475,405,180,20,True,T1498.001 - Impact: Direct Network Flood,0.0002615641031377,{}
stochastic_normalized_fragility,stochastic_normalized_loo_fragility,2424,38,415,6.806526708998717,415,180,20,True,TA0011 - Command-and-Control,0.0003574006435148,{}
stochastic_normalized_fragility,stochastic_normalized_loo_fragility,2424,39,425,7.044941749889404,425,180,20,True,T1590 - Reconnaissance: Gather Victim Network Information,0.0002570261764397,{}
stochastic_normalized_fragility,stochastic_normalized_loo_fragility,2424,40,435,7.102258417056873,435,180,20,True,T1590 - Reconnaissance: Gather Victim Network Information,0.0002996857452125,{}
stochastic_normalized_fragility,stochastic_normalized_loo_fragility,2424,41,445,7.872398666921072,445,180,20,True,T1590 - Reconnaissance: Gather Victim Network Information,0.0003242484279185,{}
stochastic_normalized_fragility,stochastic_normalized_loo_fragility,2424,42,455,7.658124707988463,455,180,20,True,T1590 - Reconnaissance: Gather Victim Network Information,0.0004698744512157,{}
stochastic_normalized_fragility,stochastic_normalized_loo_fragility,2424,43,465,6.961350874975324,465,180,20,True,T1583.005 - Resource Development: Acquire Botnet,0.0001982970155195,{}
stochastic_normalized_fragility,stochastic_normalized_loo_fragility,2424,44,475,6.715616540983319,475,180,20,True,T1583.005 - Resource Development: Acquire Botnet,0.0001884402804817,{}
stochastic_normalized_fragility,stochastic_normalized_loo_fragility,2424,45,485,7.0854861250845715,485,180,20,True,T1498.001 - Impact: Direct Network Flood,0.0001872844183382,{}
stochastic_normalized_fragility,stochastic_normalized_loo_fragility,2424,46,495,7.7399147499818355,495,180,20,True,T1036 - Defense Evasion: Masquerading,0.0002480041294131,{}
stochastic_normalized_fragility,stochastic_normalized_loo_fragility,2424,47,505,7.068693500012159,505,180,20,True,T1583.005 - Resource Development: Acquire Botnet,0.0001662204366802,{}
stochastic_normalized_fragility,stochastic_normalized_loo_fragility,2424,48,515,7.104035833966918,515,180,20,True,T1583.005 - Resource Development: Acquire Botnet,0.0001881375598768,{}
stochastic_normalized_fragility,stochastic_normalized_loo_fragility,2424,49,525,7.093809458077885,525,180,20,True,T1583.005 - Resource Development: Acquire Botnet,0.0001864190959174,{}
stochastic_normalized_fragility,stochastic_normalized_loo_fragility,2424,50,535,7.181744958041236,535,180,20,True,T1583.005 - Resource Development: Acquire Botnet,0.0001728648527345,{}
stochastic_normalized_fragility,stochastic_normalized_loo_fragility,2424,51,545,7.977072708890773,545,180,20,True,T1583.005 - Resource Development: Acquire Botnet,0.0002068733970112,{}
stochastic_normalized_fragility,stochastic_normalized_loo_fragility,2424,52,555,7.120075082988478,555,180,20,True,T1595 - Reconnaissance: Active Scanning,0.0001799707806005,{}
stochastic_normalized_fragility,stochastic_normalized_loo_fragility,2424,53,565,7.2770893750712276,565,180,20,True,T1595 - Reconnaissance: Active Scanning,0.0001919669724983,{}
stochastic_normalized_fragility,stochastic_normalized_loo_fragility,2424,54,575,7.053333375020884,575,180,20,True,T1583.005 - Resource Development: Acquire Botnet,0.0002144913006194,{}
stochastic_normalized_fragility,stochastic_normalized_loo_fragility,2424,55,585,8.336400665924884,585,180,20,True,T1583.005 - Resource Development: Acquire Botnet,0.0001782259690339,{}
stochastic_normalized_fragility,stochastic_normalized_loo_fragility,2424,56,595,7.447311416035518,595,180,20,True,T1583.005 - Resource Development: Acquire Botnet,0.0002261791683123,{}
stochastic_normalized_fragility,stochastic_normalized_loo_fragility,2424,57,605,7.118218749994412,605,180,20,True,T1036 - Defense Evasion: Masquerading,0.0004675866127741,{}
stochastic_normalized_fragility,stochastic_normalized_loo_fragility,2424,58,615,8.111687875003554,615,180,20,True,T1036 - Defense Evasion: Masquerading,0.0004182497646663,{}
stochastic_normalized_fragility,stochastic_normalized_loo_fragility,2424,59,625,6.978511207969859,625,180,20,True,T1590 - Reconnaissance: Gather Victim Network Information,0.0004260773881932,{}
stochastic_normalized_fragility,stochastic_normalized_loo_fragility,2424,60,635,7.894982249941677,635,180,20,True,T1036 - Defense Evasion: Masquerading,0.0004509810619203,{}
stochastic_normalized_fragility,stochastic_normalized_loo_fragility,2424,61,645,7.624373459024355,645,180,20,True,T1036 - Defense Evasion: Masquerading,0.0004317352685618,{}
stochastic_normalized_fragility,stochastic_normalized_loo_fragility,2424,62,655,7.45677299995441,655,180,20,True,T1036 - Defense Evasion: Masquerading,0.0003876395835435,{}
stochastic_normalized_fragility,stochastic_normalized_loo_fragility,2424,63,665,8.114181375014596,665,180,20,True,T1583.005 - Resource Development: Acquire Botnet,0.0003868504322977,{}
stochastic_normalized_fragility,stochastic_normalized_loo_fragility,2424,64,675,8.016470791888423,675,180,20,True,T1036 - Defense Evasion: Masquerading,0.0002088514089559,{}
stochastic_normalized_fragility,stochastic_normalized_loo_fragility,2424,65,685,7.786808458040468,685,180,20,True,T1583.005 - Resource Development: Acquire Botnet,0.0001989187530948,{}
stochastic_normalized_fragility,stochastic_normalized_loo_fragility,2424,66,695,7.007075709057972,695,180,20,True,T1036 - Defense Evasion: Masquerading,0.0002355080720069,{}
stochastic_normalized_fragility,stochastic_normalized_loo_fragility,2424,67,705,7.236901166965254,705,180,20,True,T1590 - Reconnaissance: Gather Victim Network Information,0.0003397547077984,{}
stochastic_normalized_fragility,stochastic_normalized_loo_fragility,2424,68,715,7.05483366700355,715,180,20,True,T1590 - Reconnaissance: Gather Victim Network Information,0.0004293818733917,{}
stochastic_normalized_fragility,stochastic_normalized_loo_fragility,2424,69,725,6.5713966669281945,725,180,20,True,T1590 - Reconnaissance: Gather Victim Network Information,0.0003906209241288,{}
stochastic_normalized_fragility,stochastic_normalized_loo_fragility,2424,70,735,5.2970202919095755,735,180,20,True,T1036 - Defense Evasion: Masquerading,0.0003068675923166,{}
stochastic_normalized_fragility,stochastic_normalized_loo_fragility,2424,71,745,4.654406917048618,745,180,20,True,T1590 - Reconnaissance: Gather Victim Network Information,0.0002835293310077,{}
stochastic_normalized_fragility,stochastic_normalized_loo_fragility,2424,72,755,4.651997167035006,755,180,20,True,T1036 - Defense Evasion: Masquerading,0.0002041326956182,{}
stochastic_normalized_fragility,stochastic_normalized_loo_fragility,2424,73,765,4.65056233399082,765,180,20,True,T1595 - Reconnaissance: Active Scanning,0.0001468363621459,{}
stochastic_normalized_fragility,stochastic_normalized_loo_fragility,2424,74,775,4.606253999983892,775,180,20,True,T1583.005 - Resource Development: Acquire Botnet,0.0001728795492091,{}
stochastic_normalized_fragility,stochastic_normalized_loo_fragility,2424,75,785,4.6323781670071185,785,180,20,True,T1583.005 - Resource Development: Acquire Botnet,0.0002250465485461,{}
stochastic_normalized_fragility,stochastic_normalized_loo_fragility,2424,76,795,4.717992708901875,795,180,20,True,TA0011 - Command-and-Control,0.0003036139100953,{}
stochastic_normalized_fragility,stochastic_normalized_loo_fragility,2424,77,805,5.053248499985784,805,180,20,True,TA0011 - Command-and-Control,0.0003638802587241,{}
stochastic_normalized_fragility,stochastic_normalized_loo_fragility,2424,78,815,4.45276162493974,815,180,20,True,TA0011 - Command-and-Control,0.0002815437806741,{}
stochastic_normalized_fragility,stochastic_normalized_loo_fragility,2424,79,825,4.478330292040482,825,180,20,True,T1036 - Defense Evasion: Masquerading,0.0002276498071054,{}
stochastic_normalized_fragility,stochastic_normalized_loo_fragility,2424,80,835,4.429213874973357,835,180,20,True,TA0011 - Command-and-Control,0.0001919415088052,{}
stochastic_normalized_fragility,stochastic_normalized_loo_fragility,2424,81,845,4.425618999986909,845,180,20,True,T1036 - Defense Evasion: Masquerading,0.0002662458235651,{}
stochastic_normalized_fragility,stochastic_normalized_loo_fragility,2424,82,855,4.616259749978781,855,180,20,True,T1036 - Defense Evasion: Masquerading,0.0001975705212228,{}
stochastic_normalized_fragility,stochastic_normalized_loo_fragility,2424,83,865,4.69034220802132,865,180,20,True,T1036 - Defense Evasion: Masquerading,0.0002590996617072,{}
stochastic_normalized_fragility,stochastic_normalized_loo_fragility,2424,84,875,4.5686599999899045,875,180,20,True,T1036 - Defense Evasion: Masquerading,0.0001929546407717,{}
stochastic_normalized_fragility,stochastic_normalized_loo_fragility,2424,85,885,5.119974875007756,885,180,20,True,T1595 - Reconnaissance: Active Scanning,0.0002287460717495,{}
stochastic_normalized_fragility,stochastic_normalized_loo_fragility,2424,86,895,4.602892874972895,895,180,20,True,T1583.005 - Resource Development: Acquire Botnet,0.0002227847679023,{}
stochastic_normalized_fragility,stochastic_normalized_loo_fragility,2424,87,905,4.577635457972065,905,180,20,True,T1583.005 - Resource Development: Acquire Botnet,0.0001859356417672,{}
stochastic_normalized_fragility,stochastic_normalized_loo_fragility,2424,88,915,4.761501915985718,915,180,20,True,T1036 - Defense Evasion: Masquerading,0.0002028603268093,{}
stochastic_normalized_fragility,stochastic_normalized_loo_fragility,2424,89,925,4.605127165908925,925,180,20,True,T1036 - Defense Evasion: Masquerading,0.0001741628136545,{}
stochastic_normalized_fragility,stochastic_normalized_loo_fragility,2424,90,935,4.447969249915332,935,180,20,True,T1583.005 - Resource Development: Acquire Botnet,0.0002924065354286,{}
stochastic_normalized_fragility,stochastic_normalized_loo_fragility,2424,91,945,4.404488249914721,945,180,20,True,T1583.005 - Resource Development: Acquire Botnet,0.0003041999381674,{}
stochastic_normalized_fragility,stochastic_normalized_loo_fragility,2424,92,955,4.42555495898705,955,180,20,True,T1036 - Defense Evasion: Masquerading,0.0002998277498449,{}
stochastic_normalized_fragility,stochastic_normalized_loo_fragility,2424,93,965,4.877688125008717,965,180,20,True,T1036 - Defense Evasion: Masquerading,0.0002382328371362,{}
stochastic_normalized_fragility,stochastic_normalized_loo_fragility,2424,94,975,4.725311000016518,975,180,20,True,T1036 - Defense Evasion: Masquerading,0.000265449813557,{}
stochastic_normalized_fragility,stochastic_normalized_loo_fragility,2424,95,985,4.64035324996803,985,180,20,True,T1036 - Defense Evasion: Masquerading,0.0001952447362083,{}
stochastic_normalized_fragility,stochastic_normalized_loo_fragility,2424,96,995,4.69907145795878,995,180,20,True,T1036 - Defense Evasion: Masquerading,0.0002526804885961,{}
stochastic_normalized_fragility,stochastic_normalized_loo_fragility,2424,97,1005,4.680431334068999,1005,180,20,True,T1036 - Defense Evasion: Masquerading,0.0003611297290413,{}
stochastic_normalized_fragility,stochastic_normalized_loo_fragility,2424,98,1015,6.93177249992732,1015,180,20,True,T1036 - Defense Evasion: Masquerading,0.0002541944808049,{}
stochastic_normalized_fragility,stochastic_normalized_loo_fragility,2424,99,1025,7.607924625044689,1025,180,20,True,T1036 - Defense Evasion: Masquerading,0.0002432747508753,{}
stochastic_normalized_fragility,stochastic_normalized_loo_fragility,2424,100,1035,8.255381624912843,1035,180,20,True,T1036 - Defense Evasion: Masquerading,0.0002705021261023,{}
stochastic_normalized_fragility,stochastic_normalized_loo_fragility,2424,101,1045,7.658247958053835,1045,180,20,True,T1036 - Defense Evasion: Masquerading,0.00023986725883,{}
stochastic_normalized_fragility,stochastic_normalized_loo_fragility,2424,102,1055,7.324236041051336,1055,180,20,True,T1036 - Defense Evasion: Masquerading,0.0001865804492543,{}
stochastic_normalized_fragility,stochastic_normalized_loo_fragility,2424,103,1065,7.82849733310286,1065,180,20,True,T1590 - Reconnaissance: Gather Victim Network Information,0.0003259602855702,{}
stochastic_normalized_fragility,stochastic_normalized_loo_fragility,2424,104,1075,8.115580708021298,1075,180,20,True,TA0011 - Command-and-Control,0.0003774575885976,{}
stochastic_normalized_fragility,stochastic_normalized_loo_fragility,2424,105,1085,8.135377375059761,1085,180,20,True,T1036 - Defense Evasion: Masquerading,0.0003866675383608,{}
stochastic_normalized_fragility,stochastic_normalized_loo_fragility,2424,106,1095,7.827129416982643,1095,180,20,True,T1036 - Defense Evasion: Masquerading,0.0002179070956162,{}
stochastic_normalized_fragility,stochastic_normalized_loo_fragility,2424,107,1105,7.804339832975529,1105,180,20,True,T1036 - Defense Evasion: Masquerading,0.0001920965593576,{}
stochastic_normalized_fragility,stochastic_normalized_loo_fragility,2424,108,1115,8.003825542051345,1115,180,20,True,T1036 - Defense Evasion: Masquerading,0.0002186974817293,{}
stochastic_normalized_fragility,stochastic_normalized_loo_fragility,2424,109,1125,8.57234354200773,1125,180,20,True,T1595 - Reconnaissance: Active Scanning,0.0002175511061885,{}
stochastic_normalized_fragility,stochastic_normalized_loo_fragility,2424,110,1135,9.1423519999953,1135,180,20,True,T1583.005 - Resource Development: Acquire Botnet,0.0002620275194601,{}
stochastic_normalized_fragility,stochastic_normalized_loo_fragility,2424,111,1145,8.35663499997463,1145,180,20,True,T1036 - Defense Evasion: Masquerading,0.000383182377062,{}
stochastic_normalized_fragility,stochastic_normalized_loo_fragility,2424,112,1155,7.987125292071141,1155,180,20,True,T1036 - Defense Evasion: Masquerading,0.0003040419331721,{}
stochastic_normalized_fragility,stochastic_normalized_loo_fragility,2424,113,1165,9.015564083005302,1165,180,20,True,T1036 - Defense Evasion: Masquerading,0.000176922877492,{}
stochastic_normalized_fragility,stochastic_normalized_loo_fragility,2424,114,1175,8.132652250002138,1175,180,20,True,T1036 - Defense Evasion: Masquerading,0.0001767994734071,{}
stochastic_normalized_fragility,stochastic_normalized_loo_fragility,2424,115,1185,8.383094666991383,1185,180,20,True,TA0011 - Command-and-Control,0.0003678241639667,{}
stochastic_normalized_fragility,stochastic_normalized_loo_fragility,2424,116,1195,7.9707502499222755,1195,180,20,True,T1036 - Defense Evasion: Masquerading,0.0002759576013042,{}
stochastic_normalized_fragility,stochastic_normalized_loo_fragility,2424,117,1205,8.025362250045873,1205,180,20,True,TA0011 - Command-and-Control,0.0002766758694043,{}
stochastic_normalized_fragility,stochastic_normalized_loo_fragility,2424,118,1215,8.567030583042651,1215,180,20,True,TA0011 - Command-and-Control,0.0002807409769854,{}
stochastic_normalized_fragility,stochastic_normalized_loo_fragility,2424,119,1225,7.620434334035963,1225,180,20,True,T1036 - Defense Evasion: Masquerading,0.0003032084437087,{}
stochastic_normalized_fragility,stochastic_normalized_loo_fragility,2424,120,1235,7.683436541934498,1235,180,20,True,T1036 - Defense Evasion: Masquerading,0.0002315900548339,{}
stochastic_normalized_fragility,stochastic_normalized_loo_fragility,2424,121,1245,7.792751749977469,1245,180,20,True,T1036 - Defense Evasion: Masquerading,0.0002464675064972,{}
stochastic_normalized_fragility,stochastic_normalized_loo_fragility,2424,122,1255,8.969752167002298,1255,180,20,True,T1584.005 - Resource Development: Build/Compromise Botnet,0.0005300993179031,{}
stochastic_normalized_fragility,stochastic_normalized_loo_fragility,2424,123,1265,7.618393916985951,1265,180,20,True,T1590 - Reconnaissance: Gather Victim Network Information,0.0005114913608754,{}
stochastic_normalized_fragility,stochastic_normalized_loo_fragility,2424,124,1275,8.158937415922992,1275,180,20,True,T1590 - Reconnaissance: Gather Victim Network Information,0.0003781541450164,{}
stochastic_normalized_fragility,stochastic_normalized_loo_fragility,2424,125,1285,7.959005582961254,1285,180,20,True,T1590 - Reconnaissance: Gather Victim Network Information,0.0002250482831501,{}
stochastic_normalized_fragility,stochastic_normalized_loo_fragility,2424,126,1295,8.851505582919344,1295,180,20,True,T1036 - Defense Evasion: Masquerading,0.0001780081860922,{}
stochastic_normalized_fragility,stochastic_normalized_loo_fragility,2424,127,1305,8.563614999991842,1305,180,20,True,T1036 - Defense Evasion: Masquerading,0.0002540815569903,{}
stochastic_normalized_fragility,stochastic_normalized_loo_fragility,2424,128,1315,7.710804000031203,1315,180,20,True,T1036 - Defense Evasion: Masquerading,0.0001883865569088,{}
stochastic_normalized_fragility,stochastic_normalized_loo_fragility,2424,129,1325,8.065365249989554,1325,180,20,True,T1583.005 - Resource Development: Acquire Botnet,0.0002185694747708,{}
stochastic_normalized_fragility,stochastic_normalized_loo_fragility,2424,130,1335,7.744193833088502,1335,180,20,True,TA0011 - Command-and-Control,0.000237325741447,{}
stochastic_normalized_fragility,stochastic_normalized_loo_fragility,2424,131,1345,8.547897333046421,1345,180,20,True,T1583.005 - Resource Development: Acquire Botnet,0.0002277673607312,{}
stochastic_normalized_fragility,stochastic_normalized_loo_fragility,2424,132,1355,7.906435666955076,1355,180,20,True,T1036 - Defense Evasion: Masquerading,0.0002031845722323,{}
stochastic_normalized_fragility,stochastic_normalized_loo_fragility,2424,133,1365,8.193650832981803,1365,180,20,True,TA0011 - Command-and-Control,0.0002621925169371,{}
stochastic_normalized_fragility,stochastic_normalized_loo_fragility,2424,134,1375,8.074511458049528,1375,180,20,True,T1036 - Defense Evasion: Masquerading,0.0002119988841527,{}
stochastic_normalized_fragility,stochastic_normalized_loo_fragility,2424,135,1385,8.45827125001233,1385,180,20,True,T1036 - Defense Evasion: Masquerading,0.0002483685473543,{}
stochastic_normalized_fragility,stochastic_normalized_loo_fragility,2424,136,1395,8.74691879202146,1395,180,20,True,T1036 - Defense Evasion: Masquerading,0.0001991486101286,{}
stochastic_normalized_fragility,stochastic_normalized_loo_fragility,2424,137,1405,9.28894533298444,1405,180,20,True,T1583.005 - Resource Development: Acquire Botnet,0.0001952471904127,{}
stochastic_normalized_fragility,stochastic_normalized_loo_fragility,2424,138,1415,8.19482358393725,1415,180,20,True,T1036 - Defense Evasion: Masquerading,0.0002398881575841,{}
stochastic_normalized_fragility,stochastic_normalized_loo_fragility,2424,139,1425,8.796496374998242,1425,180,20,True,T1036 - Defense Evasion: Masquerading,0.0002415070668364,{}
stochastic_normalized_fragility,stochastic_normalized_loo_fragility,2424,140,1435,8.564798083039932,1435,180,20,True,T1583.005 - Resource Development: Acquire Botnet,0.0002429251173313,{}
stochastic_normalized_fragility,stochastic_normalized_loo_fragility,2424,141,1445,8.51927762501873,1445,180,20,True,T1498.002 - Impact: Reflection/Amplification Attack,0.0002024154754593,{}
stochastic_normalized_fragility,stochastic_normalized_loo_fragility,2424,142,1455,7.960724834003486,1455,180,20,True,TA0011 - Command-and-Control,0.0001898980138783,{}
stochastic_normalized_fragility,stochastic_normalized_loo_fragility,2424,143,1465,8.652082666987553,1465,180,20,True,TA0011 - Command-and-Control,0.0004183933987372,{}
stochastic_normalized_fragility,stochastic_normalized_loo_fragility,2424,144,1475,9.008965959073976,1475,180,20,True,T1036 - Defense Evasion: Masquerading,0.0002146629847543,{}
stochastic_normalized_fragility,stochastic_normalized_loo_fragility,2424,145,1485,8.472741583944298,1485,180,20,True,TA0011 - Command-and-Control,0.0002561168714213,{}
stochastic_normalized_fragility,stochastic_normalized_loo_fragility,2424,146,1495,8.653860041988082,1495,180,20,True,T1036 - Defense Evasion: Masquerading,0.0003025307880935,{}
stochastic_normalized_fragility,stochastic_normalized_loo_fragility,2424,147,1505,8.887921999907121,1505,180,20,True,T1036 - Defense Evasion: Masquerading,0.0002311766782375,{}
stochastic_normalized_fragility,stochastic_normalized_loo_fragility,2424,148,1515,9.144566332921386,1515,180,20,True,T1036 - Defense Evasion: Masquerading,0.0003741712223663,{}
stochastic_normalized_fragility,stochastic_normalized_loo_fragility,2424,149,1525,8.364042041939683,1525,180,20,True,T1036 - Defense Evasion: Masquerading,0.0002818060887772,{}
stochastic_normalized_fragility,stochastic_normalized_loo_fragility,2424,150,1535,8.32531966699753,1535,180,20,True,T1036 - Defense Evasion: Masquerading,0.0002976894849432,{}
stochastic_normalized_fragility,stochastic_normalized_loo_fragility,2424,151,1545,8.610248041921295,1545,180,20,True,T1036 - Defense Evasion: Masquerading,0.0002134190565303,{}
stochastic_normalized_fragility,stochastic_normalized_loo_fragility,2424,152,1555,10.122430666000582,1555,180,20,True,T1583.005 - Resource Development: Acquire Botnet,0.0002431662272393,{}
stochastic_normalized_fragility,stochastic_normalized_loo_fragility,2424,153,1565,8.820535209029913,1565,180,20,True,TA0011 - Command-and-Control,0.0002429494541079,{}
stochastic_normalized_fragility,stochastic_normalized_loo_fragility,2424,154,1575,8.341188708902337,1575,180,20,True,T1036 - Defense Evasion: Masquerading,0.0004205175602571,{}
stochastic_normalized_fragility,stochastic_normalized_loo_fragility,2424,155,1585,8.390474208048545,1585,180,20,True,T1590 - Reconnaissance: Gather Victim Network Information,0.0004450477267281,{}
stochastic_normalized_fragility,stochastic_normalized_loo_fragility,2424,156,1595,9.388944000005722,1595,180,20,True,T1583.005 - Resource Development: Acquire Botnet,0.0002973753710866,{}
stochastic_normalized_fragility,stochastic_normalized_loo_fragility,2424,157,1605,8.489769708015956,1605,180,20,True,T1583.005 - Resource Development: Acquire Botnet,0.0003045598031112,{}
stochastic_normalized_fragility,stochastic_normalized_loo_fragility,2424,158,1615,8.326777125010267,1615,180,20,True,T1583.005 - Resource Development: Acquire Botnet,0.0002206619788058,{}
stochastic_normalized_fragility,stochastic_normalized_loo_fragility,2424,159,1625,8.364737708005123,1625,180,20,True,T1036 - Defense Evasion: Masquerading,0.0002436738162778,{}
stochastic_normalized_fragility,stochastic_normalized_loo_fragility,2424,160,1635,8.66443150001578,1635,180,20,True,T1036 - Defense Evasion: Masquerading,0.0002656294150286,{}
stochastic_normalized_fragility,stochastic_normalized_loo_fragility,2424,161,1645,8.343952832976356,1645,180,20,True,T1036 - Defense Evasion: Masquerading,0.0002502037614148,{}
stochastic_normalized_fragility,stochastic_normalized_loo_fragility,2424,162,1655,8.407474625040777,1655,180,20,True,T1583.005 - Resource Development: Acquire Botnet,0.0002290928705042,{}
stochastic_normalized_fragility,stochastic_normalized_loo_fragility,2424,163,1665,8.74841770902276,1665,180,20,True,T1583.005 - Resource Development: Acquire Botnet,0.0002465478959589,{}
stochastic_normalized_fragility,stochastic_normalized_loo_fragility,2424,164,1675,8.455028124968521,1675,180,20,True,T1036 - Defense Evasion: Masquerading,0.0001694751011943,{}
stochastic_normalized_fragility,stochastic_normalized_loo_fragility,2424,165,1685,9.462647791951897,1685,180,20,True,T1036 - Defense Evasion: Masquerading,0.0001842174249737,{}
stochastic_normalized_fragility,stochastic_normalized_loo_fragility,2424,166,1695,8.91501849994529,1695,180,20,True,T1036 - Defense Evasion: Masquerading,0.0001874761873357,{}
stochastic_normalized_fragility,stochastic_normalized_loo_fragility,2424,167,1705,8.604204292059876,1705,180,20,True,T1036 - Defense Evasion: Masquerading,0.0002900428348757,{}
stochastic_normalized_fragility,stochastic_normalized_loo_fragility,2424,168,1715,8.457024457980879,1715,180,20,True,T1036 - Defense Evasion: Masquerading,0.0003259144327778,{}
stochastic_normalized_fragility,stochastic_normalized_loo_fragility,2424,169,1725,9.909217457985504,1725,180,20,True,TA0011 - Command-and-Control,0.0003168770497032,{}
stochastic_normalized_fragility,stochastic_normalized_loo_fragility,2424,170,1735,8.384300917037763,1735,180,20,True,T1583.005 - Resource Development: Acquire Botnet,0.0002007848794302,{}
stochastic_normalized_fragility,stochastic_normalized_loo_fragility,2424,171,1745,8.519416083930992,1745,180,20,True,T1583.005 - Resource Development: Acquire Botnet,0.0002111174454231,{}
stochastic_normalized_fragility,stochastic_normalized_loo_fragility,2424,172,1755,8.606183082913049,1755,180,20,True,TA0011 - Command-and-Control,0.0001959829209482,{}
stochastic_normalized_fragility,stochastic_normalized_loo_fragility,2424,173,1765,9.22705041593872,1765,180,20,True,TA0011 - Command-and-Control,0.0002337445167854,{}
stochastic_normalized_fragility,stochastic_normalized_loo_fragility,2424,174,1775,8.47516379202716,1775,180,20,True,T1583.005 - Resource Development: Acquire Botnet,0.000190537820833,{}
stochastic_normalized_fragility,stochastic_normalized_loo_fragility,2424,175,1785,8.396979000070132,1785,180,20,True,TA0011 - Command-and-Control,0.0003429047940215,{}
stochastic_normalized_fragility,stochastic_normalized_loo_fragility,2424,176,1795,8.249661625013687,1795,180,20,True,T1036 - Defense Evasion: Masquerading,0.0001765147541601,{}
stochastic_normalized_fragility,stochastic_normalized_loo_fragility,2525,1,45,1.5621119169518352,45,45,20,False,T1584.005 - Resource Development: Build/Compromise Botnet,0.0006657009329982,{}
stochastic_normalized_fragility,stochastic_normalized_loo_fragility,2525,2,55,1.813116000033915,55,55,20,False,T1498.002 - Impact: Reflection/Amplification Attack,0.0009880178998302,{}
stochastic_normalized_fragility,stochastic_normalized_loo_fragility,2525,3,65,2.1876642080023885,65,65,20,False,T1584.005 - Resource Development: Build/Compromise Botnet,0.0008437277703179,{}
stochastic_normalized_fragility,stochastic_normalized_loo_fragility,2525,4,75,2.4346400829963386,75,75,20,False,T1036 - Defense Evasion: Masquerading,0.0004431674271892,{}
stochastic_normalized_fragility,stochastic_normalized_loo_fragility,2525,5,85,2.8525084590073675,85,85,20,False,T1583.005 - Resource Development: Acquire Botnet,0.0004916450736036,{}
stochastic_normalized_fragility,stochastic_normalized_loo_fragility,2525,6,95,3.354303250089288,95,95,20,False,T1583.005 - Resource Development: Acquire Botnet,0.0003507836502475,{}
stochastic_normalized_fragility,stochastic_normalized_loo_fragility,2525,7,105,3.912903791991994,105,105,20,False,T1583.005 - Resource Development: Acquire Botnet,0.0003769311778504,{}
stochastic_normalized_fragility,stochastic_normalized_loo_fragility,2525,8,115,4.510003332979977,115,115,20,False,T1583.005 - Resource Development: Acquire Botnet,0.0003843986433035,{}
stochastic_normalized_fragility,stochastic_normalized_loo_fragility,2525,9,125,4.9411445839796215,125,125,20,False,T1583.005 - Resource Development: Acquire Botnet,0.000369082469505,{}
stochastic_normalized_fragility,stochastic_normalized_loo_fragility,2525,10,135,5.24046104203444,135,134,20,True,T1583.005 - Resource Development: Acquire Botnet,0.0001989244241479,{}
stochastic_normalized_fragility,stochastic_normalized_loo_fragility,2525,11,145,4.847244833013974,145,143,20,True,T1583.005 - Resource Development: Acquire Botnet,0.0002387923194053,{}
stochastic_normalized_fragility,stochastic_normalized_loo_fragility,2525,12,155,4.891220833058469,155,149,20,True,T1583.005 - Resource Development: Acquire Botnet,0.0002565720539532,{}
stochastic_normalized_fragility,stochastic_normalized_loo_fragility,2525,13,165,5.3757845419459045,165,158,20,True,T1583.005 - Resource Development: Acquire Botnet,0.0001916914529711,{}
stochastic_normalized_fragility,stochastic_normalized_loo_fragility,2525,14,175,7.0529994170647115,175,162,20,True,T1584.005 - Resource Development: Build/Compromise Botnet,0.0002041238959379,{}
stochastic_normalized_fragility,stochastic_normalized_loo_fragility,2525,15,185,6.121204834082164,185,166,20,True,T1590 - Reconnaissance: Gather Victim Network Information,0.0001638488712468,{}
stochastic_normalized_fragility,stochastic_normalized_loo_fragility,2525,16,195,6.0359774170210585,195,167,20,True,T1583.005 - Resource Development: Acquire Botnet,0.0002220754390595,{}
stochastic_normalized_fragility,stochastic_normalized_loo_fragility,2525,17,205,5.884520500083454,205,170,20,True,T1583.005 - Resource Development: Acquire Botnet,0.0002257830612234,{}
stochastic_normalized_fragility,stochastic_normalized_loo_fragility,2525,18,215,6.120993458083831,215,172,20,True,T1583.005 - Resource Development: Acquire Botnet,0.0003322609443509,{}
stochastic_normalized_fragility,stochastic_normalized_loo_fragility,2525,19,225,6.498402709024958,225,173,20,True,TA0011 - Command-and-Control,0.0002044244083837,{}
stochastic_normalized_fragility,stochastic_normalized_loo_fragility,2525,20,235,6.637400417006575,235,176,20,True,T1583.005 - Resource Development: Acquire Botnet,0.000256077013547,{}
stochastic_normalized_fragility,stochastic_normalized_loo_fragility,2525,21,245,6.623358374927193,245,178,20,True,T1036 - Defense Evasion: Masquerading,0.0001799359128105,{}
stochastic_normalized_fragility,stochastic_normalized_loo_fragility,2525,22,255,6.676973583991639,255,178,20,True,TA0011 - Command-and-Control,0.0002632700172971,{}
stochastic_normalized_fragility,stochastic_normalized_loo_fragility,2525,23,265,7.440221708035096,265,178,20,True,T1583.005 - Resource Development: Acquire Botnet,0.0001959181963936,{}
stochastic_normalized_fragility,stochastic_normalized_loo_fragility,2525,24,275,7.2143628330668435,275,178,20,True,T1036 - Defense Evasion: Masquerading,0.0002153596927574,{}
stochastic_normalized_fragility,stochastic_normalized_loo_fragility,2525,25,285,7.486651542014442,285,179,20,True,T1036 - Defense Evasion: Masquerading,0.0002919658716728,{}
stochastic_normalized_fragility,stochastic_normalized_loo_fragility,2525,26,295,7.916296832961962,295,180,20,True,T1498.002 - Impact: Reflection/Amplification Attack,0.000207503930909,{}
stochastic_normalized_fragility,stochastic_normalized_loo_fragility,2525,27,305,6.559385249973275,305,180,20,True,T1036 - Defense Evasion: Masquerading,0.0002136516264607,{}
stochastic_normalized_fragility,stochastic_normalized_loo_fragility,2525,28,315,6.210189791978337,315,180,20,True,T1583.005 - Resource Development: Acquire Botnet,0.0002106958787013,{}
stochastic_normalized_fragility,stochastic_normalized_loo_fragility,2525,29,325,6.740304375067353,325,180,20,True,T1036 - Defense Evasion: Masquerading,0.0002316213420148,{}
stochastic_normalized_fragility,stochastic_normalized_loo_fragility,2525,30,335,7.042931208037771,335,180,20,True,T1036 - Defense Evasion: Masquerading,0.0002591313483426,{}
stochastic_normalized_fragility,stochastic_normalized_loo_fragility,2525,31,345,6.960047791013494,345,180,20,True,TA0011 - Command-and-Control,0.0002741148747015,{}
stochastic_normalized_fragility,stochastic_normalized_loo_fragility,2525,32,355,6.704405415919609,355,180,20,True,T1036 - Defense Evasion: Masquerading,0.0003429711353285,{}
stochastic_normalized_fragility,stochastic_normalized_loo_fragility,2525,33,365,7.11656250001397,365,180,20,True,T1571 - Defense Evasion: Non-Standard Port,0.000305742954466,{}
stochastic_normalized_fragility,stochastic_normalized_loo_fragility,2525,34,375,7.655469708028249,375,180,20,True,T1583.005 - Resource Development: Acquire Botnet,0.0001840090929042,{}
stochastic_normalized_fragility,stochastic_normalized_loo_fragility,2525,35,385,7.438348790979944,385,180,20,True,TA0011 - Command-and-Control,0.0002041818469551,{}
stochastic_normalized_fragility,stochastic_normalized_loo_fragility,2525,36,395,7.404165874933824,395,180,20,True,T1584.005 - Resource Development: Build/Compromise Botnet,0.0002625983315942,{}
stochastic_normalized_fragility,stochastic_normalized_loo_fragility,2525,37,405,6.988845041953027,405,180,20,True,T1036 - Defense Evasion: Masquerading,0.000215191660492,{}
stochastic_normalized_fragility,stochastic_normalized_loo_fragility,2525,38,415,6.766239457996562,415,180,20,True,T1036 - Defense Evasion: Masquerading,0.0001607909877079,{}
stochastic_normalized_fragility,stochastic_normalized_loo_fragility,2525,39,425,6.956422250019386,425,180,20,True,T1036 - Defense Evasion: Masquerading,0.0001663810862566,{}
stochastic_normalized_fragility,stochastic_normalized_loo_fragility,2525,40,435,7.37741904205177,435,180,20,True,T1583.005 - Resource Development: Acquire Botnet,0.0001741866603696,{}
stochastic_normalized_fragility,stochastic_normalized_loo_fragility,2525,41,445,7.572146165999584,445,180,20,True,T1036 - Defense Evasion: Masquerading,0.000316619927143,{}
stochastic_normalized_fragility,stochastic_normalized_loo_fragility,2525,42,455,8.100162041955628,455,180,20,True,T1036 - Defense Evasion: Masquerading,0.0002418410917975,{}
stochastic_normalized_fragility,stochastic_normalized_loo_fragility,2525,43,465,7.2738052499480546,465,180,20,True,TA0011 - Command-and-Control,0.0002082286255825,{}
stochastic_normalized_fragility,stochastic_normalized_loo_fragility,2525,44,475,6.699641332961619,475,180,20,True,T1036 - Defense Evasion: Masquerading,0.0002063112692533,{}
stochastic_normalized_fragility,stochastic_normalized_loo_fragility,2525,45,485,7.483270540949888,485,180,20,True,T1036 - Defense Evasion: Masquerading,0.0002059492505662,{}
stochastic_normalized_fragility,stochastic_normalized_loo_fragility,2525,46,495,6.868708874913864,495,180,20,True,T1036 - Defense Evasion: Masquerading,0.0002317328274435,{}
stochastic_normalized_fragility,stochastic_normalized_loo_fragility,2525,47,505,7.02878262498416,505,180,20,True,T1036 - Defense Evasion: Masquerading,0.0002060349260582,{}
stochastic_normalized_fragility,stochastic_normalized_loo_fragility,2525,48,515,6.832740125013515,515,180,20,True,T1036 - Defense Evasion: Masquerading,0.000262798686556,{}
stochastic_normalized_fragility,stochastic_normalized_loo_fragility,2525,49,525,7.165701040998101,525,180,20,True,T1036 - Defense Evasion: Masquerading,0.0003748816458248,{}
stochastic_normalized_fragility,stochastic_normalized_loo_fragility,2525,50,535,8.023533375002444,535,180,20,True,T1498.001 - Impact: Direct Network Flood,0.0002519024537575,{}
stochastic_normalized_fragility,stochastic_normalized_loo_fragility,2525,51,545,7.467225458938628,545,180,20,True,T1590 - Reconnaissance: Gather Victim Network Information,0.00029748246386,{}
stochastic_normalized_fragility,stochastic_normalized_loo_fragility,2525,52,555,7.118241083924659,555,180,20,True,TA0011 - Command-and-Control,0.0003299709158824,{}
stochastic_normalized_fragility,stochastic_normalized_loo_fragility,2525,53,565,7.529558958020061,565,180,20,True,T1590 - Reconnaissance: Gather Victim Network Information,0.0002239350497473,{}
stochastic_normalized_fragility,stochastic_normalized_loo_fragility,2525,54,575,7.368811499909498,575,180,20,True,T1583.005 - Resource Development: Acquire Botnet,0.0001731974954397,{}
stochastic_normalized_fragility,stochastic_normalized_loo_fragility,2525,55,585,7.519383125007153,585,180,20,True,T1583.005 - Resource Development: Acquire Botnet,0.0001904890317045,{}
stochastic_normalized_fragility,stochastic_normalized_loo_fragility,2525,56,595,7.262658750056289,595,180,20,True,T1583.005 - Resource Development: Acquire Botnet,0.0002091975996506,{}
stochastic_normalized_fragility,stochastic_normalized_loo_fragility,2525,57,605,7.25240058300551,605,180,20,True,T1583.005 - Resource Development: Acquire Botnet,0.000166034039849,{}
stochastic_normalized_fragility,stochastic_normalized_loo_fragility,2525,58,615,8.359546750085428,615,180,20,True,T1583.005 - Resource Development: Acquire Botnet,0.0002125892150498,{}
stochastic_normalized_fragility,stochastic_normalized_loo_fragility,2525,59,625,7.34880695794709,625,180,20,True,T1583.005 - Resource Development: Acquire Botnet,0.0001822553533549,{}
stochastic_normalized_fragility,stochastic_normalized_loo_fragility,2525,60,635,7.903770708013326,635,180,20,True,T1595 - Reconnaissance: Active Scanning,0.0003508188470004,{}
stochastic_normalized_fragility,stochastic_normalized_loo_fragility,2525,61,645,7.956380791962147,645,180,20,True,T1583.005 - Resource Development: Acquire Botnet,0.000212846292053,{}
stochastic_normalized_fragility,stochastic_normalized_loo_fragility,2525,62,655,7.371498334105127,655,180,20,True,TA0011 - Command-and-Control,0.0001665988409176,{}
stochastic_normalized_fragility,stochastic_normalized_loo_fragility,2525,63,665,8.881714834016748,665,180,20,True,T1036 - Defense Evasion: Masquerading,0.0003048976204546,{}
stochastic_normalized_fragility,stochastic_normalized_loo_fragility,2525,64,675,8.031179249985144,675,180,20,True,T1036 - Defense Evasion: Masquerading,0.0003240889734131,{}
stochastic_normalized_fragility,stochastic_normalized_loo_fragility,2525,65,685,7.243574958061799,685,180,20,True,T1036 - Defense Evasion: Masquerading,0.000338776516401,{}
stochastic_normalized_fragility,stochastic_normalized_loo_fragility,2525,66,695,7.06748991610948,695,180,20,True,T1583.005 - Resource Development: Acquire Botnet,0.0003319409923934,{}
stochastic_normalized_fragility,stochastic_normalized_loo_fragility,2525,67,705,7.169596750056371,705,180,20,True,T1583.005 - Resource Development: Acquire Botnet,0.0002761133820555,{}
stochastic_normalized_fragility,stochastic_normalized_loo_fragility,2525,68,715,7.825119207962416,715,180,20,True,T1036 - Defense Evasion: Masquerading,0.0001723921804359,{}
stochastic_normalized_fragility,stochastic_normalized_loo_fragility,2525,69,725,5.337593500036746,725,180,20,True,TA0011 - Command-and-Control,0.0001890960886509,{}
stochastic_normalized_fragility,stochastic_normalized_loo_fragility,2525,70,735,4.959371458971873,735,180,20,True,TA0011 - Command-and-Control,0.0003953212741046,{}
stochastic_normalized_fragility,stochastic_normalized_loo_fragility,2525,71,745,4.597879540990107,745,180,20,True,T1036 - Defense Evasion: Masquerading,0.0004612439582626,{}
stochastic_normalized_fragility,stochastic_normalized_loo_fragility,2525,72,755,4.663354833028279,755,180,20,True,T1583.005 - Resource Development: Acquire Botnet,0.0002010684273078,{}
stochastic_normalized_fragility,stochastic_normalized_loo_fragility,2525,73,765,4.690420416998677,765,180,20,True,T1590 - Reconnaissance: Gather Victim Network Information,0.0002500118061225,{}
stochastic_normalized_fragility,stochastic_normalized_loo_fragility,2525,74,775,4.587530874996446,775,180,20,True,TA0011 - Command-and-Control,0.0002220769066562,{}
stochastic_normalized_fragility,stochastic_normalized_loo_fragility,2525,75,785,4.532943250029348,785,180,20,True,T1595 - Reconnaissance: Active Scanning,0.0004599008143603,{}
stochastic_normalized_fragility,stochastic_normalized_loo_fragility,2525,76,795,4.69681400002446,795,180,20,True,T1036 - Defense Evasion: Masquerading,0.0006463265162779,{}
stochastic_normalized_fragility,stochastic_normalized_loo_fragility,2525,77,805,4.892239416018128,805,180,20,True,T1498.002 - Impact: Reflection/Amplification Attack,0.0004621550444608,{}
stochastic_normalized_fragility,stochastic_normalized_loo_fragility,2525,78,815,4.516882249969058,815,180,20,True,T1595 - Reconnaissance: Active Scanning,0.0003946242690993,{}
stochastic_normalized_fragility,stochastic_normalized_loo_fragility,2525,79,825,4.438348082941957,825,180,20,True,T1036 - Defense Evasion: Masquerading,0.0004334470384094,{}
stochastic_normalized_fragility,stochastic_normalized_loo_fragility,2525,80,835,4.41754541604314,835,180,20,True,T1036 - Defense Evasion: Masquerading,0.0003418659399069,{}
stochastic_normalized_fragility,stochastic_normalized_loo_fragility,2525,81,845,4.556300834054127,845,180,20,True,T1036 - Defense Evasion: Masquerading,0.0001987499349372,{}
stochastic_normalized_fragility,stochastic_normalized_loo_fragility,2525,82,855,4.678416500100866,855,180,20,True,T1036 - Defense Evasion: Masquerading,0.0003266660534041,{}
stochastic_normalized_fragility,stochastic_normalized_loo_fragility,2525,83,865,4.560465541901067,865,180,20,True,T1036 - Defense Evasion: Masquerading,0.0002360992447506,{}
stochastic_normalized_fragility,stochastic_normalized_loo_fragility,2525,84,875,4.666390459053218,875,180,20,True,T1036 - Defense Evasion: Masquerading,0.0003303685919162,{}
stochastic_normalized_fragility,stochastic_normalized_loo_fragility,2525,85,885,4.9661707499763,885,180,20,True,T1498.002 - Impact: Reflection/Amplification Attack,0.0002395365183161,{}
stochastic_normalized_fragility,stochastic_normalized_loo_fragility,2525,86,895,4.740242874948308,895,180,20,True,T1583.005 - Resource Development: Acquire Botnet,0.0002295716435768,{}
stochastic_normalized_fragility,stochastic_normalized_loo_fragility,2525,87,905,4.772201791987754,905,180,20,True,T1498.002 - Impact: Reflection/Amplification Attack,0.0001906944376094,{}
stochastic_normalized_fragility,stochastic_normalized_loo_fragility,2525,88,915,4.606327125104144,915,180,20,True,T1583.005 - Resource Development: Acquire Botnet,0.0001621276283798,{}
stochastic_normalized_fragility,stochastic_normalized_loo_fragility,2525,89,925,4.576068458030932,925,180,20,True,T1583.005 - Resource Development: Acquire Botnet,0.0002602492455372,{}
stochastic_normalized_fragility,stochastic_normalized_loo_fragility,2525,90,935,4.4438074169447646,935,180,20,True,T1036 - Defense Evasion: Masquerading,0.0003220996209031,{}
stochastic_normalized_fragility,stochastic_normalized_loo_fragility,2525,91,945,4.404316000058316,945,180,20,True,T1036 - Defense Evasion: Masquerading,0.000242561361614,{}
stochastic_normalized_fragility,stochastic_normalized_loo_fragility,2525,92,955,4.801718290895224,955,180,20,True,T1036 - Defense Evasion: Masquerading,0.0002763833176054,{}
stochastic_normalized_fragility,stochastic_normalized_loo_fragility,2525,93,965,4.939044374972582,965,180,20,True,T1583.005 - Resource Development: Acquire Botnet,0.0002748157376539,{}
stochastic_normalized_fragility,stochastic_normalized_loo_fragility,2525,94,975,4.652655042009428,975,180,20,True,T1583.005 - Resource Development: Acquire Botnet,0.0001959531169864,{}
stochastic_normalized_fragility,stochastic_normalized_loo_fragility,2525,95,985,4.6663352500181645,985,180,20,True,T1590 - Reconnaissance: Gather Victim Network Information,0.0002660857341824,{}
stochastic_normalized_fragility,stochastic_normalized_loo_fragility,2525,96,995,4.693961707991548,995,180,20,True,T1036 - Defense Evasion: Masquerading,0.0001625989994141,{}
stochastic_normalized_fragility,stochastic_normalized_loo_fragility,2525,97,1005,5.72326337499544,1005,180,20,True,T1036 - Defense Evasion: Masquerading,0.0002209684746623,{}
stochastic_normalized_fragility,stochastic_normalized_loo_fragility,2525,98,1015,7.14074033300858,1015,180,20,True,T1036 - Defense Evasion: Masquerading,0.0002674999984421,{}
stochastic_normalized_fragility,stochastic_normalized_loo_fragility,2525,99,1025,8.029783208970912,1025,180,20,True,T1036 - Defense Evasion: Masquerading,0.0002654529964291,{}
stochastic_normalized_fragility,stochastic_normalized_loo_fragility,2525,100,1035,7.916483042063192,1035,180,20,True,T1036 - Defense Evasion: Masquerading,0.0002535312204919,{}
stochastic_normalized_fragility,stochastic_normalized_loo_fragility,2525,101,1045,7.531516665942036,1045,180,20,True,T1590 - Reconnaissance: Gather Victim Network Information,0.0002758995368518,{}
stochastic_normalized_fragility,stochastic_normalized_loo_fragility,2525,102,1055,7.588928082957864,1055,180,20,True,T1036 - Defense Evasion: Masquerading,0.0002530686712181,{}
stochastic_normalized_fragility,stochastic_normalized_loo_fragility,2525,103,1065,7.731225708965212,1065,180,20,True,T1036 - Defense Evasion: Masquerading,0.0002868065772106,{}
stochastic_normalized_fragility,stochastic_normalized_loo_fragility,2525,104,1075,8.934163917088881,1075,180,20,True,T1036 - Defense Evasion: Masquerading,0.000167922778107,{}
stochastic_normalized_fragility,stochastic_normalized_loo_fragility,2525,105,1085,7.720092791947536,1085,180,20,True,TA0011 - Command-and-Control,0.0001863538293071,{}
stochastic_normalized_fragility,stochastic_normalized_loo_fragility,2525,106,1095,8.284992167027667,1095,180,20,True,TA0011 - Command-and-Control,0.0002161767444442,{}
stochastic_normalized_fragility,stochastic_normalized_loo_fragility,2525,107,1105,7.770874458015896,1105,180,20,True,T1036 - Defense Evasion: Masquerading,0.0002841071931227,{}
stochastic_normalized_fragility,stochastic_normalized_loo_fragility,2525,108,1115,8.842850625049323,1115,180,20,True,TA0011 - Command-and-Control,0.0002507251257475,{}
stochastic_normalized_fragility,stochastic_normalized_loo_fragility,2525,109,1125,8.127082583028823,1125,180,20,True,TA0011 - Command-and-Control,0.000402962575827,{}
stochastic_normalized_fragility,stochastic_normalized_loo_fragility,2525,110,1135,8.591374332900159,1135,180,20,True,T1036 - Defense Evasion: Masquerading,0.0005156758606769,{}
stochastic_normalized_fragility,stochastic_normalized_loo_fragility,2525,111,1145,8.145087499986403,1145,180,20,True,T1036 - Defense Evasion: Masquerading,0.0004472697852202,{}
stochastic_normalized_fragility,stochastic_normalized_loo_fragility,2525,112,1155,8.116366792004555,1155,180,20,True,T1036 - Defense Evasion: Masquerading,0.0004401436558422,{}
stochastic_normalized_fragility,stochastic_normalized_loo_fragility,2525,113,1165,9.081958750030026,1165,180,20,True,T1036 - Defense Evasion: Masquerading,0.000424195623885,{}
stochastic_normalized_fragility,stochastic_normalized_loo_fragility,2525,114,1175,8.729979707975872,1175,180,20,True,T1036 - Defense Evasion: Masquerading,0.0002075395089369,{}
stochastic_normalized_fragility,stochastic_normalized_loo_fragility,2525,115,1185,7.945349292014725,1185,180,20,True,T1036 - Defense Evasion: Masquerading,0.0001714981029256,{}
stochastic_normalized_fragility,stochastic_normalized_loo_fragility,2525,116,1195,8.074417916941456,1195,180,20,True,T1036 - Defense Evasion: Masquerading,0.000199209400449,{}
stochastic_normalized_fragility,stochastic_normalized_loo_fragility,2525,117,1205,8.831058291019872,1205,180,20,True,T1583.005 - Resource Development: Acquire Botnet,0.0002334878875817,{}
stochastic_normalized_fragility,stochastic_normalized_loo_fragility,2525,118,1215,7.874521041987464,1215,180,20,True,TA0011 - Command-and-Control,0.0002458136829121,{}
stochastic_normalized_fragility,stochastic_normalized_loo_fragility,2525,119,1225,7.881530417012982,1225,180,20,True,T1036 - Defense Evasion: Masquerading,0.000207995483417,{}
stochastic_normalized_fragility,stochastic_normalized_loo_fragility,2525,120,1235,8.16111887502484,1235,180,20,True,T1036 - Defense Evasion: Masquerading,0.0002095026007636,{}
stochastic_normalized_fragility,stochastic_normalized_loo_fragility,2525,121,1245,8.740041582961567,1245,180,20,True,T1036 - Defense Evasion: Masquerading,0.000221922408908,{}
stochastic_normalized_fragility,stochastic_normalized_loo_fragility,2525,122,1255,8.046604792005382,1255,180,20,True,T1036 - Defense Evasion: Masquerading,0.0002062810086497,{}
stochastic_normalized_fragility,stochastic_normalized_loo_fragility,2525,123,1265,7.966916334000416,1265,180,20,True,T1583.005 - Resource Development: Acquire Botnet,0.0002737826935864,{}
stochastic_normalized_fragility,stochastic_normalized_loo_fragility,2525,124,1275,8.626374708022922,1275,180,20,True,T1583.005 - Resource Development: Acquire Botnet,0.0002341818958749,{}
stochastic_normalized_fragility,stochastic_normalized_loo_fragility,2525,125,1285,7.773052000091411,1285,180,20,True,T1583.005 - Resource Development: Acquire Botnet,0.0002214803919023,{}
stochastic_normalized_fragility,stochastic_normalized_loo_fragility,2525,126,1295,8.499214665964246,1295,180,20,True,T1590 - Reconnaissance: Gather Victim Network Information,0.0003332574947747,{}
stochastic_normalized_fragility,stochastic_normalized_loo_fragility,2525,127,1305,7.6123627909692,1305,180,20,True,TA0011 - Command-and-Control,0.0002295997094787,{}
stochastic_normalized_fragility,stochastic_normalized_loo_fragility,2525,128,1315,8.298156625009142,1315,180,20,True,T1583.005 - Resource Development: Acquire Botnet,0.0002254299448183,{}
stochastic_normalized_fragility,stochastic_normalized_loo_fragility,2525,129,1325,8.58338204107713,1325,180,20,True,T1583.005 - Resource Development: Acquire Botnet,0.000225280919796,{}
stochastic_normalized_fragility,stochastic_normalized_loo_fragility,2525,130,1335,8.667111166985705,1335,180,20,True,T1498.002 - Impact: Reflection/Amplification Attack,0.0002524565701461,{}
stochastic_normalized_fragility,stochastic_normalized_loo_fragility,2525,131,1345,7.988260125042871,1345,180,20,True,T1590 - Reconnaissance: Gather Victim Network Information,0.0002530204147227,{}
stochastic_normalized_fragility,stochastic_normalized_loo_fragility,2525,132,1355,8.00738345796708,1355,180,20,True,T1036 - Defense Evasion: Masquerading,0.0003317047066857,{}
stochastic_normalized_fragility,stochastic_normalized_loo_fragility,2525,133,1365,8.181558959069662,1365,180,20,True,TA0011 - Command-and-Control,0.000550532647297,{}
stochastic_normalized_fragility,stochastic_normalized_loo_fragility,2525,134,1375,8.06665333302226,1375,180,20,True,TA0011 - Command-and-Control,0.000600927020805,{}
stochastic_normalized_fragility,stochastic_normalized_loo_fragility,2525,135,1385,9.024201374966651,1385,180,20,True,TA0011 - Command-and-Control,0.0004064252679544,{}
stochastic_normalized_fragility,stochastic_normalized_loo_fragility,2525,136,1395,9.036173791042527,1395,180,20,True,TA0011 - Command-and-Control,0.0006462800188762,{}
stochastic_normalized_fragility,stochastic_normalized_loo_fragility,2525,137,1405,8.09267225000076,1405,180,20,True,T1036 - Defense Evasion: Masquerading,0.0005161718298654,{}
stochastic_normalized_fragility,stochastic_normalized_loo_fragility,2525,138,1415,8.869446124997921,1415,180,20,True,T1036 - Defense Evasion: Masquerading,0.0002439985797306,{}
stochastic_normalized_fragility,stochastic_normalized_loo_fragility,2525,139,1425,8.882685582968406,1425,180,20,True,T1595 - Reconnaissance: Active Scanning,0.0003453690797661,{}
stochastic_normalized_fragility,stochastic_normalized_loo_fragility,2525,140,1435,8.07021041691769,1435,180,20,True,T1583.005 - Resource Development: Acquire Botnet,0.0002275066626284,{}
stochastic_normalized_fragility,stochastic_normalized_loo_fragility,2525,141,1445,8.296536791953258,1445,180,20,True,T1583.005 - Resource Development: Acquire Botnet,0.0001984209528812,{}
stochastic_normalized_fragility,stochastic_normalized_loo_fragility,2525,142,1455,8.306372834020294,1455,180,20,True,T1571 - Defense Evasion: Non-Standard Port,0.000305844898655,{}
stochastic_normalized_fragility,stochastic_normalized_loo_fragility,2525,143,1465,9.07901129196398,1465,180,20,True,T1036 - Defense Evasion: Masquerading,0.0002552814111905,{}
stochastic_normalized_fragility,stochastic_normalized_loo_fragility,2525,144,1475,8.507799707935192,1475,180,20,True,T1583.005 - Resource Development: Acquire Botnet,0.0001870897425203,{}
stochastic_normalized_fragility,stochastic_normalized_loo_fragility,2525,145,1485,8.496614375035278,1485,180,20,True,T1583.005 - Resource Development: Acquire Botnet,0.000248971673965,{}
stochastic_normalized_fragility,stochastic_normalized_loo_fragility,2525,146,1495,8.859579166979529,1495,180,20,True,T1036 - Defense Evasion: Masquerading,0.0002170602759808,{}
stochastic_normalized_fragility,stochastic_normalized_loo_fragility,2525,147,1505,9.081390290986748,1505,180,20,True,T1036 - Defense Evasion: Masquerading,0.0002144212535023,{}
stochastic_normalized_fragility,stochastic_normalized_loo_fragility,2525,148,1515,8.45449999999255,1515,180,20,True,T1036 - Defense Evasion: Masquerading,0.0002306103855931,{}
stochastic_normalized_fragility,stochastic_normalized_loo_fragility,2525,149,1525,8.321342083043419,1525,180,20,True,T1036 - Defense Evasion: Masquerading,0.0003399724523906,{}
stochastic_normalized_fragility,stochastic_normalized_loo_fragility,2525,150,1535,8.142122124903835,1535,180,20,True,T1036 - Defense Evasion: Masquerading,0.0004805737227469,{}
stochastic_normalized_fragility,stochastic_normalized_loo_fragility,2525,151,1545,9.750911207986064,1545,180,20,True,T1036 - Defense Evasion: Masquerading,0.000314974147244,{}
stochastic_normalized_fragility,stochastic_normalized_loo_fragility,2525,152,1555,9.038340875064025,1555,180,20,True,T1498.001 - Impact: Direct Network Flood,0.0002789863690709,{}
stochastic_normalized_fragility,stochastic_normalized_loo_fragility,2525,153,1565,8.562484791968018,1565,180,20,True,T1590 - Reconnaissance: Gather Victim Network Information,0.0003483220010596,{}
stochastic_normalized_fragility,stochastic_normalized_loo_fragility,2525,154,1575,8.127354500000365,1575,180,20,True,T1036 - Defense Evasion: Masquerading,0.0003083932071218,{}
stochastic_normalized_fragility,stochastic_normalized_loo_fragility,2525,155,1585,8.905626833089627,1585,180,20,True,T1590 - Reconnaissance: Gather Victim Network Information,0.0002924660050969,{}
stochastic_normalized_fragility,stochastic_normalized_loo_fragility,2525,156,1595,9.10360974993091,1595,180,20,True,TA0011 - Command-and-Control,0.000346549645347,{}
stochastic_normalized_fragility,stochastic_normalized_loo_fragility,2525,157,1605,8.312046458013356,1605,180,20,True,T1036 - Defense Evasion: Masquerading,0.000233513808585,{}
stochastic_normalized_fragility,stochastic_normalized_loo_fragility,2525,158,1615,8.298744083032943,1615,180,20,True,T1036 - Defense Evasion: Masquerading,0.000194159937756,{}
stochastic_normalized_fragility,stochastic_normalized_loo_fragility,2525,159,1625,8.060656417044811,1625,180,20,True,T1036 - Defense Evasion: Masquerading,0.0002100488860032,{}
stochastic_normalized_fragility,stochastic_normalized_loo_fragility,2525,160,1635,9.308526208042167,1635,180,20,True,T1036 - Defense Evasion: Masquerading,0.0002822891628943,{}
stochastic_normalized_fragility,stochastic_normalized_loo_fragility,2525,161,1645,8.729962832992896,1645,180,20,True,T1583.005 - Resource Development: Acquire Botnet,0.0002141661576651,{}
stochastic_normalized_fragility,stochastic_normalized_loo_fragility,2525,162,1655,8.353758916025981,1655,180,20,True,T1583.005 - Resource Development: Acquire Botnet,0.0001956492414501,{}
stochastic_normalized_fragility,stochastic_normalized_loo_fragility,2525,163,1665,8.531175374984741,1665,180,20,True,T1583.005 - Resource Development: Acquire Botnet,0.0001973372268645,{}
stochastic_normalized_fragility,stochastic_normalized_loo_fragility,2525,164,1675,9.40475704090204,1675,180,20,True,T1583.005 - Resource Development: Acquire Botnet,0.0002055821197028,{}
stochastic_normalized_fragility,stochastic_normalized_loo_fragility,2525,165,1685,9.550163958920166,1685,180,20,True,T1036 - Defense Evasion: Masquerading,0.0002389395335845,{}
stochastic_normalized_fragility,stochastic_normalized_loo_fragility,2525,166,1695,8.677929583005607,1695,180,20,True,T1036 - Defense Evasion: Masquerading,0.0002737941413361,{}
stochastic_normalized_fragility,stochastic_normalized_loo_fragility,2525,167,1705,8.376531124929897,1705,180,20,True,T1590 - Reconnaissance: Gather Victim Network Information,0.0003141717255264,{}
stochastic_normalized_fragility,stochastic_normalized_loo_fragility,2525,168,1715,8.72449220798444,1715,180,20,True,T1590 - Reconnaissance: Gather Victim Network Information,0.0004959639736656,{}
stochastic_normalized_fragility,stochastic_normalized_loo_fragility,2525,169,1725,8.649550416041166,1725,180,20,True,T1036 - Defense Evasion: Masquerading,0.0002648199407163,{}
stochastic_normalized_fragility,stochastic_normalized_loo_fragility,2525,170,1735,8.495085208094679,1735,180,20,True,T1036 - Defense Evasion: Masquerading,0.000189928316803,{}
stochastic_normalized_fragility,stochastic_normalized_loo_fragility,2525,171,1745,9.001917541958392,1745,180,20,True,T1036 - Defense Evasion: Masquerading,0.0002225229929223,{}
stochastic_normalized_fragility,stochastic_normalized_loo_fragility,2525,172,1755,9.40192550001666,1755,180,20,True,T1036 - Defense Evasion: Masquerading,0.000197935849995,{}
stochastic_normalized_fragility,stochastic_normalized_loo_fragility,2525,173,1765,8.697289166972041,1765,180,20,True,T1583.005 - Resource Development: Acquire Botnet,0.0001858815937372,{}
stochastic_normalized_fragility,stochastic_normalized_loo_fragility,2525,174,1775,8.464248665957712,1775,180,20,True,T1036 - Defense Evasion: Masquerading,0.0003310182137145,{}
stochastic_normalized_fragility,stochastic_normalized_loo_fragility,2525,175,1785,8.673683415981941,1785,180,20,True,T1036 - Defense Evasion: Masquerading,0.000299042475985,{}
stochastic_normalized_fragility,stochastic_normalized_loo_fragility,2525,176,1795,8.252599709085189,1795,180,20,True,T1036 - Defense Evasion: Masquerading,0.0002799516525712,{}
stochastic_normalized_fragility,stochastic_normalized_loo_fragility,2626,1,45,1.4971770419506356,45,45,20,False,T1498.002 - Impact: Reflection/Amplification Attack,0.0005458194992103,{}
stochastic_normalized_fragility,stochastic_normalized_loo_fragility,2626,2,55,1.6226961669744924,55,55,20,False,T1590 - Reconnaissance: Gather Victim Network Information,0.0004199852776743,{}
stochastic_normalized_fragility,stochastic_normalized_loo_fragility,2626,3,65,2.16502950002905,65,65,20,False,T1590 - Reconnaissance: Gather Victim Network Information,0.0006454882897256,{}
stochastic_normalized_fragility,stochastic_normalized_loo_fragility,2626,4,75,2.5310200420208275,75,75,20,False,TA0011 - Command-and-Control,0.0005789492601997,{}
stochastic_normalized_fragility,stochastic_normalized_loo_fragility,2626,5,85,2.8842774590011686,85,85,20,False,T1590 - Reconnaissance: Gather Victim Network Information,0.000339943908046,{}
stochastic_normalized_fragility,stochastic_normalized_loo_fragility,2626,6,95,3.47207466699183,95,95,20,False,T1036 - Defense Evasion: Masquerading,0.0002896288310829,{}
stochastic_normalized_fragility,stochastic_normalized_loo_fragility,2626,7,105,3.895721208071336,105,105,20,False,TA0011 - Command-and-Control,0.0002829219908508,{}
stochastic_normalized_fragility,stochastic_normalized_loo_fragility,2626,8,115,4.610129792010412,115,115,20,False,T1590 - Reconnaissance: Gather Victim Network Information,0.0002559542949018,{}
stochastic_normalized_fragility,stochastic_normalized_loo_fragility,2626,9,125,4.523092249990441,125,125,20,False,T1583.005 - Resource Development: Acquire Botnet,0.0002082085875204,{}
stochastic_normalized_fragility,stochastic_normalized_loo_fragility,2626,10,135,4.586843624943867,135,135,20,False,T1583.005 - Resource Development: Acquire Botnet,0.0001931800035567,{}
stochastic_normalized_fragility,stochastic_normalized_loo_fragility,2626,11,145,5.030199458007701,145,144,20,True,T1583.005 - Resource Development: Acquire Botnet,0.0002038269974371,{}
stochastic_normalized_fragility,stochastic_normalized_loo_fragility,2626,12,155,5.415278083062731,155,151,20,True,T1583.005 - Resource Development: Acquire Botnet,0.0001727439651827,{}
stochastic_normalized_fragility,stochastic_normalized_loo_fragility,2626,13,165,7.0422734579769894,165,158,20,True,T1583.005 - Resource Development: Acquire Botnet,0.0001696803143219,{}
stochastic_normalized_fragility,stochastic_normalized_loo_fragility,2626,14,175,6.198018874973059,175,163,20,True,T1583.005 - Resource Development: Acquire Botnet,0.0002280894124659,{}
stochastic_normalized_fragility,stochastic_normalized_loo_fragility,2626,15,185,5.985082291997969,185,168,20,True,TA0011 - Command-and-Control,0.0001976085117744,{}
stochastic_normalized_fragility,stochastic_normalized_loo_fragility,2626,16,195,5.945085083018057,195,172,20,True,T1595 - Reconnaissance: Active Scanning,0.0001579993921301,{}
stochastic_normalized_fragility,stochastic_normalized_loo_fragility,2626,17,205,6.247096124920063,205,177,20,True,T1584.005 - Resource Development: Build/Compromise Botnet,0.0001731872730607,{}
stochastic_normalized_fragility,stochastic_normalized_loo_fragility,2626,18,215,5.984181582927704,215,178,20,True,TA0011 - Command-and-Control,0.000186836393854,{}
stochastic_normalized_fragility,stochastic_normalized_loo_fragility,2626,19,225,7.438315500039607,225,179,20,True,T1036 - Defense Evasion: Masquerading,0.0001902624109781,{}
stochastic_normalized_fragility,stochastic_normalized_loo_fragility,2626,20,235,6.927551291999407,235,180,20,True,T1036 - Defense Evasion: Masquerading,0.0001681434949512,{}
stochastic_normalized_fragility,stochastic_normalized_loo_fragility,2626,21,245,7.284120834083296,245,180,20,True,T1036 - Defense Evasion: Masquerading,0.0002138555246773,{}
stochastic_normalized_fragility,stochastic_normalized_loo_fragility,2626,22,255,6.895895041991025,255,180,20,True,T1583.005 - Resource Development: Acquire Botnet,0.0002229024312249,{}
stochastic_normalized_fragility,stochastic_normalized_loo_fragility,2626,23,265,6.795961625059135,265,180,20,True,T1583.005 - Resource Development: Acquire Botnet,0.0002304679827909,{}
stochastic_normalized_fragility,stochastic_normalized_loo_fragility,2626,24,275,7.940516707953066,275,180,20,True,T1583.005 - Resource Development: Acquire Botnet,0.000186281655534,{}
stochastic_normalized_fragility,stochastic_normalized_loo_fragility,2626,25,285,7.705335833015852,285,180,20,True,T1583.005 - Resource Development: Acquire Botnet,0.000158117188009,{}
stochastic_normalized_fragility,stochastic_normalized_loo_fragility,2626,26,295,6.557797207962722,295,180,20,True,T1583.005 - Resource Development: Acquire Botnet,0.0001575156452716,{}
stochastic_normalized_fragility,stochastic_normalized_loo_fragility,2626,27,305,6.634841167018749,305,180,20,True,T1583.005 - Resource Development: Acquire Botnet,0.0001671618998827,{}
stochastic_normalized_fragility,stochastic_normalized_loo_fragility,2626,28,315,6.654039708897471,315,180,20,True,T1583.005 - Resource Development: Acquire Botnet,0.0001653359171905,{}
stochastic_normalized_fragility,stochastic_normalized_loo_fragility,2626,29,325,7.169149792054668,325,180,20,True,TA0011 - Command-and-Control,0.0002277273280601,{}
stochastic_normalized_fragility,stochastic_normalized_loo_fragility,2626,30,335,6.709479417069815,335,180,20,True,T1583.005 - Resource Development: Acquire Botnet,0.0002360767737191,{}
stochastic_normalized_fragility,stochastic_normalized_loo_fragility,2626,31,345,6.950223249965347,345,180,20,True,T1590 - Reconnaissance: Gather Victim Network Information,0.0002172226679739,{}
stochastic_normalized_fragility,stochastic_normalized_loo_fragility,2626,32,355,6.860856125014834,355,180,20,True,T1498.002 - Impact: Reflection/Amplification Attack,0.0003410642106746,{}
stochastic_normalized_fragility,stochastic_normalized_loo_fragility,2626,33,365,7.470401208032854,365,180,20,True,TA0011 - Command-and-Control,0.000423624040605,{}
stochastic_normalized_fragility,stochastic_normalized_loo_fragility,2626,34,375,7.761769041069783,375,180,20,True,TA0011 - Command-and-Control,0.0002886863646898,{}
stochastic_normalized_fragility,stochastic_normalized_loo_fragility,2626,35,385,7.216891332995147,385,180,20,True,TA0011 - Command-and-Control,0.0002836475337958,{}
stochastic_normalized_fragility,stochastic_normalized_loo_fragility,2626,36,395,6.957656875019893,395,180,20,True,T1583.005 - Resource Development: Acquire Botnet,0.0001685351200816,{}
stochastic_normalized_fragility,stochastic_normalized_loo_fragility,2626,37,405,6.777649124967866,405,180,20,True,TA0011 - Command-and-Control,0.0003495410864844,{}
stochastic_normalized_fragility,stochastic_normalized_loo_fragility,2626,38,415,6.93568866699934,415,180,20,True,T1036 - Defense Evasion: Masquerading,0.0004593241164199,{}
stochastic_normalized_fragility,stochastic_normalized_loo_fragility,2626,39,425,7.731634249910712,425,180,20,True,T1036 - Defense Evasion: Masquerading,0.0002076887647711,{}
stochastic_normalized_fragility,stochastic_normalized_loo_fragility,2626,40,435,7.170567958964966,435,180,20,True,TA0011 - Command-and-Control,0.0002037557330814,{}
stochastic_normalized_fragility,stochastic_normalized_loo_fragility,2626,41,445,7.701656833989546,445,180,20,True,TA0011 - Command-and-Control,0.0002457178963239,{}
stochastic_normalized_fragility,stochastic_normalized_loo_fragility,2626,42,455,7.227511582896113,455,180,20,True,T1036 - Defense Evasion: Masquerading,0.0002259049382958,{}
stochastic_normalized_fragility,stochastic_normalized_loo_fragility,2626,43,465,6.731855874997564,465,180,20,True,T1590 - Reconnaissance: Gather Victim Network Information,0.0002590355894732,{}
stochastic_normalized_fragility,stochastic_normalized_loo_fragility,2626,44,475,7.635191208100878,475,180,20,True,T1036 - Defense Evasion: Masquerading,0.0002288970624721,{}
stochastic_normalized_fragility,stochastic_normalized_loo_fragility,2626,45,485,7.073943458031863,485,180,20,True,T1036 - Defense Evasion: Masquerading,0.0001914761946653,{}
stochastic_normalized_fragility,stochastic_normalized_loo_fragility,2626,46,495,6.98241491697263,495,180,20,True,T1036 - Defense Evasion: Masquerading,0.0001968342871886,{}
stochastic_normalized_fragility,stochastic_normalized_loo_fragility,2626,47,505,7.185727958101779,505,180,20,True,T1036 - Defense Evasion: Masquerading,0.0001763152567197,{}
stochastic_normalized_fragility,stochastic_normalized_loo_fragility,2626,48,515,7.106106791994534,515,180,20,True,T1583.005 - Resource Development: Acquire Botnet,0.0002027338120645,{}
stochastic_normalized_fragility,stochastic_normalized_loo_fragility,2626,49,525,8.219143541995436,525,180,20,True,T1498.002 - Impact: Reflection/Amplification Attack,0.0002127006959288,{}
stochastic_normalized_fragility,stochastic_normalized_loo_fragility,2626,50,535,7.333000499987975,535,180,20,True,TA0011 - Command-and-Control,0.0003375862732334,{}
stochastic_normalized_fragility,stochastic_normalized_loo_fragility,2626,51,545,7.0222858330234885,545,180,20,True,TA0011 - Command-and-Control,0.0003125876763224,{}
stochastic_normalized_fragility,stochastic_normalized_loo_fragility,2626,52,555,7.109309041989036,555,180,20,True,T1498.001 - Impact: Direct Network Flood,0.0003855396484478,{}
stochastic_normalized_fragility,stochastic_normalized_loo_fragility,2626,53,565,7.423312291037291,565,180,20,True,TA0011 - Command-and-Control,0.0004242018881442,{}
stochastic_normalized_fragility,stochastic_normalized_loo_fragility,2626,54,575,8.058185499976389,575,180,20,True,T1036 - Defense Evasion: Masquerading,0.0004323979523039,{}
stochastic_normalized_fragility,stochastic_normalized_loo_fragility,2626,55,585,7.08979033306241,585,180,20,True,TA0011 - Command-and-Control,0.0005735065769665,{}
stochastic_normalized_fragility,stochastic_normalized_loo_fragility,2626,56,595,7.533372708945535,595,180,20,True,TA0011 - Command-and-Control,0.000461196909716,{}
stochastic_normalized_fragility,stochastic_normalized_loo_fragility,2626,57,605,8.093966917018406,605,180,20,True,T1036 - Defense Evasion: Masquerading,0.0003860391096786,{}
stochastic_normalized_fragility,stochastic_normalized_loo_fragility,2626,58,615,7.197624541935511,615,180,20,True,T1583.005 - Resource Development: Acquire Botnet,0.0002256644999784,{}
stochastic_normalized_fragility,stochastic_normalized_loo_fragility,2626,59,625,8.080597250023857,625,180,20,True,T1036 - Defense Evasion: Masquerading,0.0002504151450449,{}
stochastic_normalized_fragility,stochastic_normalized_loo_fragility,2626,60,635,7.658375415951014,635,180,20,True,T1036 - Defense Evasion: Masquerading,0.0002864106090158,{}
stochastic_normalized_fragility,stochastic_normalized_loo_fragility,2626,61,645,7.5992240000050515,645,180,20,True,T1590 - Reconnaissance: Gather Victim Network Information,0.0003524619623706,{}
stochastic_normalized_fragility,stochastic_normalized_loo_fragility,2626,62,655,8.960275833960623,655,180,20,True,T1583.005 - Resource Development: Acquire Botnet,0.0004158410947196,{}
stochastic_normalized_fragility,stochastic_normalized_loo_fragility,2626,63,665,8.213641582988203,665,180,20,True,T1036 - Defense Evasion: Masquerading,0.0003119170314922,{}
stochastic_normalized_fragility,stochastic_normalized_loo_fragility,2626,64,675,7.345147541025653,675,180,20,True,T1590 - Reconnaissance: Gather Victim Network Information,0.0002406657314201,{}
stochastic_normalized_fragility,stochastic_normalized_loo_fragility,2626,65,685,6.827667500008829,685,180,20,True,T1583.005 - Resource Development: Acquire Botnet,0.0001668725958633,{}
stochastic_normalized_fragility,stochastic_normalized_loo_fragility,2626,66,695,7.209978375001811,695,180,20,True,TA0011 - Command-and-Control,0.000216353618678,{}
stochastic_normalized_fragility,stochastic_normalized_loo_fragility,2626,67,705,7.762596042011864,705,180,20,True,T1498.001 - Impact: Direct Network Flood,0.0001944438654797,{}
stochastic_normalized_fragility,stochastic_normalized_loo_fragility,2626,68,715,5.43072387506254,715,180,20,True,T1590 - Reconnaissance: Gather Victim Network Information,0.0001834562504202,{}
stochastic_normalized_fragility,stochastic_normalized_loo_fragility,2626,69,725,4.772707458003424,725,180,20,True,T1583.005 - Resource Development: Acquire Botnet,0.000166240995644,{}
stochastic_normalized_fragility,stochastic_normalized_loo_fragility,2626,70,735,4.712677625007927,735,180,20,True,T1036 - Defense Evasion: Masquerading,0.0001977566799413,{}
stochastic_normalized_fragility,stochastic_normalized_loo_fragility,2626,71,745,4.657594042015262,745,180,20,True,TA0011 - Command-and-Control,0.0002205246168466,{}
stochastic_normalized_fragility,stochastic_normalized_loo_fragility,2626,72,755,4.784924958017655,755,180,20,True,T1036 - Defense Evasion: Masquerading,0.0003326360613678,{}
stochastic_normalized_fragility,stochastic_normalized_loo_fragility,2626,73,765,4.656582458061166,765,180,20,True,T1498.002 - Impact: Reflection/Amplification Attack,0.0003617245561189,{}
stochastic_normalized_fragility,stochastic_normalized_loo_fragility,2626,74,775,4.729242083034478,775,180,20,True,T1583.005 - Resource Development: Acquire Botnet,0.0002894676774582,{}
stochastic_normalized_fragility,stochastic_normalized_loo_fragility,2626,75,785,4.974980542086996,785,180,20,True,TA0011 - Command-and-Control,0.0001968970439015,{}
stochastic_normalized_fragility,stochastic_normalized_loo_fragility,2626,76,795,4.673878040979616,795,180,20,True,T1498.002 - Impact: Reflection/Amplification Attack,0.0002158996911559,{}
stochastic_normalized_fragility,stochastic_normalized_loo_fragility,2626,77,805,4.505493292002939,805,180,20,True,T1590 - Reconnaissance: Gather Victim Network Information,0.0006043571369687,{}
stochastic_normalized_fragility,stochastic_normalized_loo_fragility,2626,78,815,4.479043458937667,815,180,20,True,T1036 - Defense Evasion: Masquerading,0.0007263300164013,{}
stochastic_normalized_fragility,stochastic_normalized_loo_fragility,2626,79,825,4.485622999956831,825,180,20,True,T1036 - Defense Evasion: Masquerading,0.0008551597349356,{}
stochastic_normalized_fragility,stochastic_normalized_loo_fragility,2626,80,835,4.5395125419599935,835,180,20,True,T1583.005 - Resource Development: Acquire Botnet,0.0002962618223935,{}
stochastic_normalized_fragility,stochastic_normalized_loo_fragility,2626,81,845,4.7024654999841005,845,180,20,True,T1583.005 - Resource Development: Acquire Botnet,0.0004171903653838,{}
stochastic_normalized_fragility,stochastic_normalized_loo_fragility,2626,82,855,4.580043666996062,855,180,20,True,T1583.005 - Resource Development: Acquire Botnet,0.0003467330497321,{}
stochastic_normalized_fragility,stochastic_normalized_loo_fragility,2626,83,865,5.129734582966194,865,180,20,True,T1036 - Defense Evasion: Masquerading,0.0002081746648985,{}
stochastic_normalized_fragility,stochastic_normalized_loo_fragility,2626,84,875,4.715697292005643,875,180,20,True,T1583.005 - Resource Development: Acquire Botnet,0.0001930182144376,{}
stochastic_normalized_fragility,stochastic_normalized_loo_fragility,2626,85,885,4.683784250053577,885,180,20,True,T1583.005 - Resource Development: Acquire Botnet,0.0002295191455607,{}
stochastic_normalized_fragility,stochastic_normalized_loo_fragility,2626,86,895,4.6993945830035955,895,180,20,True,T1036 - Defense Evasion: Masquerading,0.0002485164317845,{}
stochastic_normalized_fragility,stochastic_normalized_loo_fragility,2626,87,905,4.546769040985964,905,180,20,True,T1583.005 - Resource Development: Acquire Botnet,0.0002103520049835,{}
stochastic_normalized_fragility,stochastic_normalized_loo_fragility,2626,88,915,4.489934167009778,915,180,20,True,T1036 - Defense Evasion: Masquerading,0.0002313538899235,{}
stochastic_normalized_fragility,stochastic_normalized_loo_fragility,2626,89,925,4.465115041937679,925,180,20,True,T1583.005 - Resource Development: Acquire Botnet,0.0001826295281229,{}
stochastic_normalized_fragility,stochastic_normalized_loo_fragility,2626,90,935,4.468901374959387,935,180,20,True,T1036 - Defense Evasion: Masquerading,0.0001812583069546,{}
stochastic_normalized_fragility,stochastic_normalized_loo_fragility,2626,91,945,5.052195917000063,945,180,20,True,T1583.005 - Resource Development: Acquire Botnet,0.0002055518621061,{}
stochastic_normalized_fragility,stochastic_normalized_loo_fragility,2626,92,955,4.824337499914691,955,180,20,True,T1583.005 - Resource Development: Acquire Botnet,0.0001902641448905,{}
stochastic_normalized_fragility,stochastic_normalized_loo_fragility,2626,93,965,4.655988875078037,965,180,20,True,T1036 - Defense Evasion: Masquerading,0.0002149318624635,{}
stochastic_normalized_fragility,stochastic_normalized_loo_fragility,2626,94,975,4.7877004579640925,975,180,20,True,T1036 - Defense Evasion: Masquerading,0.0002319998181982,{}
stochastic_normalized_fragility,stochastic_normalized_loo_fragility,2626,95,985,4.777479791082442,985,180,20,True,T1036 - Defense Evasion: Masquerading,0.000301355900604,{}
stochastic_normalized_fragility,stochastic_normalized_loo_fragility,2626,96,995,6.942053125007078,995,180,20,True,T1590 - Reconnaissance: Gather Victim Network Information,0.0003242454283632,{}
stochastic_normalized_fragility,stochastic_normalized_loo_fragility,2626,97,1005,7.7969667909201235,1005,180,20,True,T1036 - Defense Evasion: Masquerading,0.0002971144171399,{}
stochastic_normalized_fragility,stochastic_normalized_loo_fragility,2626,98,1015,7.949995208997279,1015,180,20,True,T1036 - Defense Evasion: Masquerading,0.0003510900365515,{}
stochastic_normalized_fragility,stochastic_normalized_loo_fragility,2626,99,1025,7.958542249980383,1025,180,20,True,T1036 - Defense Evasion: Masquerading,0.0002638194196624,{}
stochastic_normalized_fragility,stochastic_normalized_loo_fragility,2626,100,1035,7.608093166956678,1035,180,20,True,T1036 - Defense Evasion: Masquerading,0.0001807353864185,{}
stochastic_normalized_fragility,stochastic_normalized_loo_fragility,2626,101,1045,7.724540833034553,1045,180,20,True,T1583.005 - Resource Development: Acquire Botnet,0.0002303688391746,{}
stochastic_normalized_fragility,stochastic_normalized_loo_fragility,2626,102,1055,8.569417375023477,1055,180,20,True,T1583.005 - Resource Development: Acquire Botnet,0.0002134847711308,{}
stochastic_normalized_fragility,stochastic_normalized_loo_fragility,2626,103,1065,7.954471083940007,1065,180,20,True,T1036 - Defense Evasion: Masquerading,0.0002157235963049,{}
stochastic_normalized_fragility,stochastic_normalized_loo_fragility,2626,104,1075,8.1911266669631,1075,180,20,True,TA0011 - Command-and-Control,0.0002461103232674,{}
stochastic_normalized_fragility,stochastic_normalized_loo_fragility,2626,105,1085,7.840192582923919,1085,180,20,True,T1583.005 - Resource Development: Acquire Botnet,0.0002059451100104,{}
stochastic_normalized_fragility,stochastic_normalized_loo_fragility,2626,106,1095,8.216385332983918,1095,180,20,True,TA0011 - Command-and-Control,0.0003040157155752,{}
stochastic_normalized_fragility,stochastic_normalized_loo_fragility,2626,107,1105,8.096379499998875,1105,180,20,True,T1583.005 - Resource Development: Acquire Botnet,0.000294242976108,{}
stochastic_normalized_fragility,stochastic_normalized_loo_fragility,2626,108,1115,9.366509665967897,1115,180,20,True,T1036 - Defense Evasion: Masquerading,0.0001940387479356,{}
stochastic_normalized_fragility,stochastic_normalized_loo_fragility,2626,109,1125,8.60114549996797,1125,180,20,True,T1595 - Reconnaissance: Active Scanning,0.0002247519548613,{}
stochastic_normalized_fragility,stochastic_normalized_loo_fragility,2626,110,1135,8.315686249989085,1135,180,20,True,T1590 - Reconnaissance: Gather Victim Network Information,0.0004867722988144,{}
stochastic_normalized_fragility,stochastic_normalized_loo_fragility,2626,111,1145,8.902518957969733,1145,180,20,True,T1595 - Reconnaissance: Active Scanning,0.0007170200677196,{}
stochastic_normalized_fragility,stochastic_normalized_loo_fragility,2626,112,1155,8.300027500023134,1155,180,20,True,T1595 - Reconnaissance: Active Scanning,0.0006667827431141,{}
stochastic_normalized_fragility,stochastic_normalized_loo_fragility,2626,113,1165,7.8994582910090685,1165,180,20,True,TA0011 - Command-and-Control,0.0005044562202461,{}
stochastic_normalized_fragility,stochastic_normalized_loo_fragility,2626,114,1175,8.090079541085288,1175,180,20,True,TA0011 - Command-and-Control,0.0001967477984444,{}
stochastic_normalized_fragility,stochastic_normalized_loo_fragility,2626,115,1185,8.302590499981306,1185,180,20,True,TA0011 - Command-and-Control,0.0002816906516036,{}
stochastic_normalized_fragility,stochastic_normalized_loo_fragility,2626,116,1195,8.83921616699081,1195,180,20,True,TA0011 - Command-and-Control,0.0003119652613097,{}
stochastic_normalized_fragility,stochastic_normalized_loo_fragility,2626,117,1205,7.854062999947928,1205,180,20,True,T1036 - Defense Evasion: Masquerading,0.0002119037889994,{}
stochastic_normalized_fragility,stochastic_normalized_loo_fragility,2626,118,1215,7.8991654580459,1215,180,20,True,T1036 - Defense Evasion: Masquerading,0.0002838122683475,{}
stochastic_normalized_fragility,stochastic_normalized_loo_fragility,2626,119,1225,7.996309333015233,1225,180,20,True,T1036 - Defense Evasion: Masquerading,0.000615811401454,{}
stochastic_normalized_fragility,stochastic_normalized_loo_fragility,2626,120,1235,8.845689417095855,1235,180,20,True,TA0011 - Command-and-Control,0.0003777537466829,{}
stochastic_normalized_fragility,stochastic_normalized_loo_fragility,2626,121,1245,8.075054500019178,1245,180,20,True,T1583.005 - Resource Development: Acquire Botnet,0.0001636902740609,{}
stochastic_normalized_fragility,stochastic_normalized_loo_fragility,2626,122,1255,8.59849124995526,1255,180,20,True,T1583.005 - Resource Development: Acquire Botnet,0.0001934179717073,{}
stochastic_normalized_fragility,stochastic_normalized_loo_fragility,2626,123,1265,7.867091999971308,1265,180,20,True,T1036 - Defense Evasion: Masquerading,0.0001755562258338,{}
stochastic_normalized_fragility,stochastic_normalized_loo_fragility,2626,124,1275,8.787112917052582,1275,180,20,True,T1583.005 - Resource Development: Acquire Botnet,0.0002780251810106,{}
stochastic_normalized_fragility,stochastic_normalized_loo_fragility,2626,125,1285,8.162825874984264,1285,180,20,True,TA0011 - Command-and-Control,0.0003607770352257,{}
stochastic_normalized_fragility,stochastic_normalized_loo_fragility,2626,126,1295,8.629477000096813,1295,180,20,True,TA0011 - Command-and-Control,0.0002483896678183,{}
stochastic_normalized_fragility,stochastic_normalized_loo_fragility,2626,127,1305,8.197362624923699,1305,180,20,True,T1595 - Reconnaissance: Active Scanning,0.0001861757824712,{}
stochastic_normalized_fragility,stochastic_normalized_loo_fragility,2626,128,1315,8.007441791007295,1315,180,20,True,T1036 - Defense Evasion: Masquerading,0.0002792547548937,{}
stochastic_normalized_fragility,stochastic_normalized_loo_fragility,2626,129,1325,8.018749083043076,1325,180,20,True,T1036 - Defense Evasion: Masquerading,0.0004636933158051,{}
stochastic_normalized_fragility,stochastic_normalized_loo_fragility,2626,130,1335,8.121239374973811,1335,180,20,True,T1036 - Defense Evasion: Masquerading,0.0003039062517655,{}
stochastic_normalized_fragility,stochastic_normalized_loo_fragility,2626,131,1345,8.265927291940898,1345,180,20,True,T1036 - Defense Evasion: Masquerading,0.0002490669343732,{}
stochastic_normalized_fragility,stochastic_normalized_loo_fragility,2626,132,1355,8.099645541980863,1355,180,20,True,T1583.005 - Resource Development: Acquire Botnet,0.0003829249447305,{}
stochastic_normalized_fragility,stochastic_normalized_loo_fragility,2626,133,1365,8.751904665958136,1365,180,20,True,T1036 - Defense Evasion: Masquerading,0.0003225899237482,{}
stochastic_normalized_fragility,stochastic_normalized_loo_fragility,2626,134,1375,8.612269500037655,1375,180,20,True,T1036 - Defense Evasion: Masquerading,0.0003034624344101,{}
stochastic_normalized_fragility,stochastic_normalized_loo_fragility,2626,135,1385,8.536500916001387,1385,180,20,True,T1036 - Defense Evasion: Masquerading,0.0001761749485755,{}
stochastic_normalized_fragility,stochastic_normalized_loo_fragility,2626,136,1395,9.307699416996911,1395,180,20,True,T1036 - Defense Evasion: Masquerading,0.0001708827782427,{}
stochastic_normalized_fragility,stochastic_normalized_loo_fragility,2626,137,1405,8.778037749929354,1405,180,20,True,T1036 - Defense Evasion: Masquerading,0.000234171750781,{}
stochastic_normalized_fragility,stochastic_normalized_loo_fragility,2626,138,1415,8.072346166940406,1415,180,20,True,T1498.002 - Impact: Reflection/Amplification Attack,0.0003759823905783,{}
stochastic_normalized_fragility,stochastic_normalized_loo_fragility,2626,139,1425,8.305374624906108,1425,180,20,True,T1036 - Defense Evasion: Masquerading,0.000330346662578,{}
stochastic_normalized_fragility,stochastic_normalized_loo_fragility,2626,140,1435,8.115661291056313,1435,180,20,True,T1036 - Defense Evasion: Masquerading,0.0001941516920535,{}
stochastic_normalized_fragility,stochastic_normalized_loo_fragility,2626,141,1445,8.898695957963355,1445,180,20,True,T1036 - Defense Evasion: Masquerading,0.0002197646953499,{}
stochastic_normalized_fragility,stochastic_normalized_loo_fragility,2626,142,1455,8.299652541987598,1455,180,20,True,T1583.005 - Resource Development: Acquire Botnet,0.0001761004215322,{}
stochastic_normalized_fragility,stochastic_normalized_loo_fragility,2626,143,1465,8.5244440829847,1465,180,20,True,T1036 - Defense Evasion: Masquerading,0.0002032373349562,{}
stochastic_normalized_fragility,stochastic_normalized_loo_fragility,2626,144,1475,8.570483874995261,1475,180,20,True,T1036 - Defense Evasion: Masquerading,0.0002172819279014,{}
stochastic_normalized_fragility,stochastic_normalized_loo_fragility,2626,145,1485,9.646294125006534,1485,180,20,True,TA0011 - Command-and-Control,0.0001874268020416,{}
stochastic_normalized_fragility,stochastic_normalized_loo_fragility,2626,146,1495,8.569138000020757,1495,180,20,True,TA0011 - Command-and-Control,0.000171269542279,{}
stochastic_normalized_fragility,stochastic_normalized_loo_fragility,2626,147,1505,8.534536499995738,1505,180,20,True,T1583.005 - Resource Development: Acquire Botnet,0.0001612092902644,{}
stochastic_normalized_fragility,stochastic_normalized_loo_fragility,2626,148,1515,8.611970665981062,1515,180,20,True,T1036 - Defense Evasion: Masquerading,0.0002938594931062,{}
stochastic_normalized_fragility,stochastic_normalized_loo_fragility,2626,149,1525,8.788597582955845,1525,180,20,True,T1036 - Defense Evasion: Masquerading,0.0002753527195808,{}
stochastic_normalized_fragility,stochastic_normalized_loo_fragility,2626,150,1535,9.783165750093758,1535,180,20,True,T1036 - Defense Evasion: Masquerading,0.0004832873783606,{}
stochastic_normalized_fragility,stochastic_normalized_loo_fragility,2626,151,1545,8.567657666979358,1545,180,20,True,T1036 - Defense Evasion: Masquerading,0.0002885425502019,{}
stochastic_normalized_fragility,stochastic_normalized_loo_fragility,2626,152,1555,7.905794958001934,1555,180,20,True,T1036 - Defense Evasion: Masquerading,0.0002679611701123,{}
stochastic_normalized_fragility,stochastic_normalized_loo_fragility,2626,153,1565,9.36081679095514,1565,180,20,True,T1036 - Defense Evasion: Masquerading,0.0003495999710921,{}
stochastic_normalized_fragility,stochastic_normalized_loo_fragility,2626,154,1575,9.928693250054494,1575,180,20,True,T1036 - Defense Evasion: Masquerading,0.0002753828066078,{}
stochastic_normalized_fragility,stochastic_normalized_loo_fragility,2626,155,1585,7.877002916997299,1585,180,20,True,T1036 - Defense Evasion: Masquerading,0.0002785459641919,{}
stochastic_normalized_fragility,stochastic_normalized_loo_fragility,2626,156,1595,8.63272425008472,1595,180,20,True,T1583.005 - Resource Development: Acquire Botnet,0.0003579033127316,{}
stochastic_normalized_fragility,stochastic_normalized_loo_fragility,2626,157,1605,8.35542829206679,1605,180,20,True,T1584.005 - Resource Development: Build/Compromise Botnet,0.000393581452966,{}
stochastic_normalized_fragility,stochastic_normalized_loo_fragility,2626,158,1615,9.277879790985024,1615,180,20,True,T1036 - Defense Evasion: Masquerading,0.0002863240730786,{}
stochastic_normalized_fragility,stochastic_normalized_loo_fragility,2626,159,1625,8.204584375023842,1625,180,20,True,T1036 - Defense Evasion: Masquerading,0.000255567903743,{}
stochastic_normalized_fragility,stochastic_normalized_loo_fragility,2626,160,1635,8.416710959048942,1635,180,20,True,T1036 - Defense Evasion: Masquerading,0.0002885356718619,{}
stochastic_normalized_fragility,stochastic_normalized_loo_fragility,2626,161,1645,8.562529666000046,1645,180,20,True,T1036 - Defense Evasion: Masquerading,0.0002792257251576,{}
stochastic_normalized_fragility,stochastic_normalized_loo_fragility,2626,162,1655,9.14586295792833,1655,180,20,True,T1036 - Defense Evasion: Masquerading,0.0002281969367669,{}
stochastic_normalized_fragility,stochastic_normalized_loo_fragility,2626,163,1665,9.741924791946076,1665,180,20,True,TA0011 - Command-and-Control,0.0001892450442676,{}
stochastic_normalized_fragility,stochastic_normalized_loo_fragility,2626,164,1675,8.98074812500272,1675,180,20,True,T1036 - Defense Evasion: Masquerading,0.0002350350985332,{}
stochastic_normalized_fragility,stochastic_normalized_loo_fragility,2626,165,1685,8.404530250001699,1685,180,20,True,T1036 - Defense Evasion: Masquerading,0.0001838990625067,{}
stochastic_normalized_fragility,stochastic_normalized_loo_fragility,2626,166,1695,9.812672999920323,1695,180,20,True,T1583.005 - Resource Development: Acquire Botnet,0.0001939838753183,{}
stochastic_normalized_fragility,stochastic_normalized_loo_fragility,2626,167,1705,8.817278875038028,1705,180,20,True,T1583.005 - Resource Development: Acquire Botnet,0.0002540808352861,{}
stochastic_normalized_fragility,stochastic_normalized_loo_fragility,2626,168,1715,8.44736254203599,1715,180,20,True,T1036 - Defense Evasion: Masquerading,0.0002781304131339,{}
stochastic_normalized_fragility,stochastic_normalized_loo_fragility,2626,169,1725,8.760883459006436,1725,180,20,True,T1584.005 - Resource Development: Build/Compromise Botnet,0.0002429850253504,{}
stochastic_normalized_fragility,stochastic_normalized_loo_fragility,2626,170,1735,9.183760249987245,1735,180,20,True,T1036 - Defense Evasion: Masquerading,0.0003062675687281,{}
stochastic_normalized_fragility,stochastic_normalized_loo_fragility,2626,171,1745,8.933983957977034,1745,180,20,True,T1583.005 - Resource Development: Acquire Botnet,0.0003043365955591,{}
stochastic_normalized_fragility,stochastic_normalized_loo_fragility,2626,172,1755,8.173382292035967,1755,180,20,True,T1583.005 - Resource Development: Acquire Botnet,0.00033755496918,{}
stochastic_normalized_fragility,stochastic_normalized_loo_fragility,2626,173,1765,8.395012457971461,1765,180,20,True,T1583.005 - Resource Development: Acquire Botnet,0.0003377413082953,{}
stochastic_normalized_fragility,stochastic_normalized_loo_fragility,2626,174,1775,8.28394541691523,1775,180,20,True,T1583.005 - Resource Development: Acquire Botnet,0.0002362030900481,{}
stochastic_normalized_fragility,stochastic_normalized_loo_fragility,2626,175,1785,9.45815729093738,1785,180,20,True,T1583.005 - Resource Development: Acquire Botnet,0.0002405227678305,{}
stochastic_normalized_fragility,stochastic_normalized_loo_fragility,2626,176,1795,8.039706457988359,1795,180,20,True,T1498.001 - Impact: Direct Network Flood,0.0003873173774622,{}
stochastic_normalized_fragility,stochastic_normalized_loo_fragility,2727,1,45,1.799555749981664,45,45,20,False,T1584.005 - Resource Development: Build/Compromise Botnet,0.000601315152951,{}
stochastic_normalized_fragility,stochastic_normalized_loo_fragility,2727,2,55,2.077886583050713,55,55,20,False,T1590 - Reconnaissance: Gather Victim Network Information,0.0005344860635151,{}
stochastic_normalized_fragility,stochastic_normalized_loo_fragility,2727,3,65,2.2566703339107335,65,65,20,False,T1590 - Reconnaissance: Gather Victim Network Information,0.0004556019186203,{}
stochastic_normalized_fragility,stochastic_normalized_loo_fragility,2727,4,75,2.913923625019379,75,75,20,False,T1584.005 - Resource Development: Build/Compromise Botnet,0.0004065877445695,{}
stochastic_normalized_fragility,stochastic_normalized_loo_fragility,2727,5,85,3.2340144580230117,85,85,20,False,TA0011 - Command-and-Control,0.0002930946286715,{}
stochastic_normalized_fragility,stochastic_normalized_loo_fragility,2727,6,95,3.997672457946464,95,95,20,False,T1036 - Defense Evasion: Masquerading,0.000248834715584,{}
stochastic_normalized_fragility,stochastic_normalized_loo_fragility,2727,7,105,4.267743542091921,105,105,20,False,T1036 - Defense Evasion: Masquerading,0.0002423124089369,{}
stochastic_normalized_fragility,stochastic_normalized_loo_fragility,2727,8,115,5.180254749953747,115,115,20,False,T1583.005 - Resource Development: Acquire Botnet,0.0002595123934357,{}
stochastic_normalized_fragility,stochastic_normalized_loo_fragility,2727,9,125,5.074771416024305,125,125,20,False,T1036 - Defense Evasion: Masquerading,0.0002622351503294,{}
stochastic_normalized_fragility,stochastic_normalized_loo_fragility,2727,10,135,5.0175286249723285,135,133,20,True,T1583.005 - Resource Development: Acquire Botnet,0.0002924821636446,{}
stochastic_normalized_fragility,stochastic_normalized_loo_fragility,2727,11,145,5.60141050000675,145,142,20,True,T1583.005 - Resource Development: Acquire Botnet,0.0002834604123797,{}
stochastic_normalized_fragility,stochastic_normalized_loo_fragility,2727,12,155,5.829698790912516,155,148,20,True,T1583.005 - Resource Development: Acquire Botnet,0.0002667275297931,{}
stochastic_normalized_fragility,stochastic_normalized_loo_fragility,2727,13,165,6.401381416944787,165,156,20,True,T1036 - Defense Evasion: Masquerading,0.0003585870677169,{}
stochastic_normalized_fragility,stochastic_normalized_loo_fragility,2727,14,175,7.019737291964702,175,162,20,True,T1583.005 - Resource Development: Acquire Botnet,0.0002992156682309,{}
stochastic_normalized_fragility,stochastic_normalized_loo_fragility,2727,15,185,6.538038875092752,185,166,20,True,T1583.005 - Resource Development: Acquire Botnet,0.0004215649526387,{}
stochastic_normalized_fragility,stochastic_normalized_loo_fragility,2727,16,195,7.165388667024672,195,171,20,True,T1036 - Defense Evasion: Masquerading,0.0001853818829076,{}
stochastic_normalized_fragility,stochastic_normalized_loo_fragility,2727,17,205,7.719068208010867,205,173,20,True,T1583.005 - Resource Development: Acquire Botnet,0.0002130844614768,{}
stochastic_normalized_fragility,stochastic_normalized_loo_fragility,2727,18,215,7.674182166927494,215,174,20,True,T1036 - Defense Evasion: Masquerading,0.0002041156390629,{}
stochastic_normalized_fragility,stochastic_normalized_loo_fragility,2727,19,225,8.554892707965337,225,174,20,True,T1036 - Defense Evasion: Masquerading,0.0003638283483877,{}
stochastic_normalized_fragility,stochastic_normalized_loo_fragility,2727,20,235,7.743734625051729,235,178,20,True,T1583.005 - Resource Development: Acquire Botnet,0.0002923742713125,{}
stochastic_normalized_fragility,stochastic_normalized_loo_fragility,2727,21,245,7.374581040930934,245,179,20,True,T1583.005 - Resource Development: Acquire Botnet,0.0003323795130226,{}
stochastic_normalized_fragility,stochastic_normalized_loo_fragility,2727,22,255,7.054109791992232,255,180,20,True,T1036 - Defense Evasion: Masquerading,0.0002846071142073,{}
stochastic_normalized_fragility,stochastic_normalized_loo_fragility,2727,23,265,9.100739583023824,265,180,20,True,T1036 - Defense Evasion: Masquerading,0.0001917888450633,{}
stochastic_normalized_fragility,stochastic_normalized_loo_fragility,2727,24,275,9.558727500028908,275,180,20,True,T1036 - Defense Evasion: Masquerading,0.0001926315358222,{}
stochastic_normalized_fragility,stochastic_normalized_loo_fragility,2727,25,285,7.2539951669750735,285,180,20,True,T1036 - Defense Evasion: Masquerading,0.0002454302754581,{}
stochastic_normalized_fragility,stochastic_normalized_loo_fragility,2727,26,295,7.045635542017408,295,180,20,True,T1036 - Defense Evasion: Masquerading,0.0003378767362775,{}
stochastic_normalized_fragility,stochastic_normalized_loo_fragility,2727,27,305,8.309129082947038,305,180,20,True,TA0011 - Command-and-Control,0.0003196639321422,{}
stochastic_normalized_fragility,stochastic_normalized_loo_fragility,2727,28,315,9.315621625049973,315,180,20,True,T1036 - Defense Evasion: Masquerading,0.0001697296896843,{}
stochastic_normalized_fragility,stochastic_normalized_loo_fragility,2727,29,325,6.499608375015669,325,180,20,True,T1036 - Defense Evasion: Masquerading,0.000189098996825,{}
stochastic_normalized_fragility,stochastic_normalized_loo_fragility,2727,30,335,5.672661499935202,335,180,20,True,T1036 - Defense Evasion: Masquerading,0.000172528601215,{}
stochastic_normalized_fragility,stochastic_normalized_loo_fragility,2727,31,345,6.288431333028711,345,180,20,True,T1036 - Defense Evasion: Masquerading,0.0002498769832219,{}
stochastic_normalized_fragility,stochastic_normalized_loo_fragility,2727,32,355,5.509401750052348,355,180,20,True,T1036 - Defense Evasion: Masquerading,0.0001885323148834,{}
stochastic_normalized_fragility,stochastic_normalized_loo_fragility,2727,33,365,5.213679749984294,365,180,20,True,T1583.005 - Resource Development: Acquire Botnet,0.0002561523411376,{}
stochastic_normalized_fragility,stochastic_normalized_loo_fragility,2727,34,375,5.428071000031196,375,180,20,True,T1036 - Defense Evasion: Masquerading,0.0001728929862151,{}
stochastic_normalized_fragility,stochastic_normalized_loo_fragility,2727,35,385,5.220042417058721,385,180,20,True,T1583.005 - Resource Development: Acquire Botnet,0.0002104450308339,{}
stochastic_normalized_fragility,stochastic_normalized_loo_fragility,2727,36,395,5.337085583014414,395,180,20,True,T1036 - Defense Evasion: Masquerading,0.0001889393926149,{}
stochastic_normalized_fragility,stochastic_normalized_loo_fragility,2727,37,405,5.234441625070758,405,180,20,True,T1036 - Defense Evasion: Masquerading,0.0001982804087061,{}
stochastic_normalized_fragility,stochastic_normalized_loo_fragility,2727,38,415,5.334517958923243,415,180,20,True,TA0011 - Command-and-Control,0.0001763551366032,{}
stochastic_normalized_fragility,stochastic_normalized_loo_fragility,2727,39,425,5.394662749953568,425,180,20,True,T1583.005 - Resource Development: Acquire Botnet,0.0001924993549519,{}
stochastic_normalized_fragility,stochastic_normalized_loo_fragility,2727,40,435,5.1777177499607205,435,180,20,True,T1583.005 - Resource Development: Acquire Botnet,0.0001975831923108,{}
stochastic_normalized_fragility,stochastic_normalized_loo_fragility,2727,41,445,5.2214086670428514,445,180,20,True,TA0011 - Command-and-Control,0.00026328943113,{}
stochastic_normalized_fragility,stochastic_normalized_loo_fragility,2727,42,455,5.853248000028543,455,180,20,True,TA0011 - Command-and-Control,0.0002386308668695,{}
stochastic_normalized_fragility,stochastic_normalized_loo_fragility,2727,43,465,5.267725332989357,465,180,20,True,TA0011 - Command-and-Control,0.000352372723286,{}
stochastic_normalized_fragility,stochastic_normalized_loo_fragility,2727,44,475,5.1982064170297235,475,180,20,True,TA0011 - Command-and-Control,0.0003708443100822,{}
stochastic_normalized_fragility,stochastic_normalized_loo_fragility,2727,45,485,5.278648916981183,485,180,20,True,T1036 - Defense Evasion: Masquerading,0.0003463450512463,{}
stochastic_normalized_fragility,stochastic_normalized_loo_fragility,2727,46,495,5.164738915977068,495,180,20,True,T1036 - Defense Evasion: Masquerading,0.0002008638711786,{}
stochastic_normalized_fragility,stochastic_normalized_loo_fragility,2727,47,505,5.185655749985017,505,180,20,True,T1590 - Reconnaissance: Gather Victim Network Information,0.0002676585683761,{}
stochastic_normalized_fragility,stochastic_normalized_loo_fragility,2727,48,515,5.2585817920044065,515,180,20,True,T1595 - Reconnaissance: Active Scanning,0.000444505219913,{}
stochastic_normalized_fragility,stochastic_normalized_loo_fragility,2727,49,525,5.393219374935143,525,180,20,True,TA0011 - Command-and-Control,0.0003063807996525,{}
stochastic_normalized_fragility,stochastic_normalized_loo_fragility,2727,50,535,5.4516084579518065,535,180,20,True,TA0011 - Command-and-Control,0.0003350031329675,{}
stochastic_normalized_fragility,stochastic_normalized_loo_fragility,2727,51,545,6.407082667108625,545,180,20,True,T1036 - Defense Evasion: Masquerading,0.0002475516922629,{}
stochastic_normalized_fragility,stochastic_normalized_loo_fragility,2727,52,555,6.63703279197216,555,180,20,True,T1583.005 - Resource Development: Acquire Botnet,0.0002461577530782,{}
stochastic_normalized_fragility,stochastic_normalized_loo_fragility,2727,53,565,6.038805832969956,565,180,20,True,T1583.005 - Resource Development: Acquire Botnet,0.0002093917909533,{}
stochastic_normalized_fragility,stochastic_normalized_loo_fragility,2727,54,575,6.396818500012159,575,180,20,True,T1498.001 - Impact: Direct Network Flood,0.0002238404974631,{}
stochastic_normalized_fragility,stochastic_normalized_loo_fragility,2727,55,585,6.232947540935129,585,180,20,True,T1583.005 - Resource Development: Acquire Botnet,0.0002539531662413,{}
stochastic_normalized_fragility,stochastic_normalized_loo_fragility,2727,56,595,5.956795958918519,595,180,20,True,T1590 - Reconnaissance: Gather Victim Network Information,0.000384357069918,{}
stochastic_normalized_fragility,stochastic_normalized_loo_fragility,2727,57,605,6.058977917069569,605,180,20,True,T1583.005 - Resource Development: Acquire Botnet,0.0002648461950847,{}
stochastic_normalized_fragility,stochastic_normalized_loo_fragility,2727,58,615,6.26167637493927,615,180,20,True,T1583.005 - Resource Development: Acquire Botnet,0.0001579175729134,{}
stochastic_normalized_fragility,stochastic_normalized_loo_fragility,2727,59,625,5.956123250070959,625,180,20,True,T1036 - Defense Evasion: Masquerading,0.0002289474798154,{}
stochastic_normalized_fragility,stochastic_normalized_loo_fragility,2727,60,635,6.04712141607888,635,180,20,True,TA0011 - Command-and-Control,0.0003270263655936,{}
stochastic_normalized_fragility,stochastic_normalized_loo_fragility,2727,61,645,6.169572249986231,645,180,20,True,T1583.005 - Resource Development: Acquire Botnet,0.0001952496546596,{}
stochastic_normalized_fragility,stochastic_normalized_loo_fragility,2727,62,655,6.355902875075117,655,180,20,True,T1498.001 - Impact: Direct Network Flood,0.0002171469744291,{}
stochastic_normalized_fragility,stochastic_normalized_loo_fragility,2727,63,665,6.192644416005351,665,180,20,True,T1498.002 - Impact: Reflection/Amplification Attack,0.0002160784917628,{}
stochastic_normalized_fragility,stochastic_normalized_loo_fragility,2727,64,675,5.617914166068658,675,180,20,True,T1590 - Reconnaissance: Gather Victim Network Information,0.0002877529178335,{}
stochastic_normalized_fragility,stochastic_normalized_loo_fragility,2727,65,685,5.582979416009039,685,180,20,True,T1584.005 - Resource Development: Build/Compromise Botnet,0.0001833848986863,{}
stochastic_normalized_fragility,stochastic_normalized_loo_fragility,2727,66,695,5.473936582915485,695,180,20,True,T1036 - Defense Evasion: Masquerading,0.0002911142857547,{}
stochastic_normalized_fragility,stochastic_normalized_loo_fragility,2727,67,705,5.542085000080988,705,180,20,True,T1590 - Reconnaissance: Gather Victim Network Information,0.0003348897104777,{}
stochastic_normalized_fragility,stochastic_normalized_loo_fragility,2727,68,715,5.583030374953523,715,180,20,True,T1590 - Reconnaissance: Gather Victim Network Information,0.0004357281555777,{}
stochastic_normalized_fragility,stochastic_normalized_loo_fragility,2727,69,725,5.734687332995236,725,180,20,True,T1583.005 - Resource Development: Acquire Botnet,0.0002821552093534,{}
stochastic_normalized_fragility,stochastic_normalized_loo_fragility,2727,70,735,5.615253916941583,735,180,20,True,T1583.005 - Resource Development: Acquire Botnet,0.0002026873975653,{}
stochastic_normalized_fragility,stochastic_normalized_loo_fragility,2727,71,745,5.409943083068356,745,180,20,True,T1583.005 - Resource Development: Acquire Botnet,0.0001422718159322,{}
stochastic_normalized_fragility,stochastic_normalized_loo_fragility,2727,72,755,5.869817666010931,755,180,20,True,T1583.005 - Resource Development: Acquire Botnet,0.0002020772993799,{}
stochastic_normalized_fragility,stochastic_normalized_loo_fragility,2727,73,765,5.806636790977791,765,180,20,True,T1036 - Defense Evasion: Masquerading,0.000224747586969,{}
stochastic_normalized_fragility,stochastic_normalized_loo_fragility,2727,74,775,5.398619125015102,775,180,20,True,T1036 - Defense Evasion: Masquerading,0.0004585483482647,{}
stochastic_normalized_fragility,stochastic_normalized_loo_fragility,2727,75,785,5.7279648329131305,785,180,20,True,T1036 - Defense Evasion: Masquerading,0.0004521254057796,{}
stochastic_normalized_fragility,stochastic_normalized_loo_fragility,2727,76,795,5.583614791976288,795,180,20,True,T1036 - Defense Evasion: Masquerading,0.0003009689474819,{}
stochastic_normalized_fragility,stochastic_normalized_loo_fragility,2727,77,805,5.474477083072998,805,180,20,True,TA0011 - Command-and-Control,0.0002368819873613,{}
stochastic_normalized_fragility,stochastic_normalized_loo_fragility,2727,78,815,5.531978709041141,815,180,20,True,T1036 - Defense Evasion: Masquerading,0.0002983233530084,{}
stochastic_normalized_fragility,stochastic_normalized_loo_fragility,2727,79,825,5.706944667035714,825,180,20,True,T1595 - Reconnaissance: Active Scanning,0.0002293611085556,{}
stochastic_normalized_fragility,stochastic_normalized_loo_fragility,2727,80,835,5.7829248330090195,835,180,20,True,T1036 - Defense Evasion: Masquerading,0.0003110011780405,{}
stochastic_normalized_fragility,stochastic_normalized_loo_fragility,2727,81,845,5.857663208968006,845,180,20,True,T1036 - Defense Evasion: Masquerading,0.0002010309332257,{}
stochastic_normalized_fragility,stochastic_normalized_loo_fragility,2727,82,855,5.541489124996588,855,180,20,True,T1036 - Defense Evasion: Masquerading,0.0002092181337863,{}
stochastic_normalized_fragility,stochastic_normalized_loo_fragility,2727,83,865,5.422981334035285,865,180,20,True,T1036 - Defense Evasion: Masquerading,0.0002126417112672,{}
stochastic_normalized_fragility,stochastic_normalized_loo_fragility,2727,84,875,5.422559208003804,875,180,20,True,TA0011 - Command-and-Control,0.0002155213117124,{}
stochastic_normalized_fragility,stochastic_normalized_loo_fragility,2727,85,885,5.755204166984186,885,180,20,True,TA0011 - Command-and-Control,0.0001895199106201,{}
stochastic_normalized_fragility,stochastic_normalized_loo_fragility,2727,86,895,5.4343202920863405,895,180,20,True,TA0011 - Command-and-Control,0.0002459740751671,{}
stochastic_normalized_fragility,stochastic_normalized_loo_fragility,2727,87,905,5.5573122499044985,905,180,20,True,T1036 - Defense Evasion: Masquerading,0.0003413525276022,{}
stochastic_normalized_fragility,stochastic_normalized_loo_fragility,2727,88,915,5.536729875020683,915,180,20,True,T1036 - Defense Evasion: Masquerading,0.0002173708848166,{}
stochastic_normalized_fragility,stochastic_normalized_loo_fragility,2727,89,925,5.519738666014746,925,180,20,True,T1036 - Defense Evasion: Masquerading,0.0003109068562706,{}
stochastic_normalized_fragility,stochastic_normalized_loo_fragility,2727,90,935,7.326941292034462,935,180,20,True,T1590 - Reconnaissance: Gather Victim Network Information,0.0004723058573175,{}
stochastic_normalized_fragility,stochastic_normalized_loo_fragility,2727,91,945,7.486724124988541,945,180,20,True,T1036 - Defense Evasion: Masquerading,0.0004933139764998,{}
stochastic_normalized_fragility,stochastic_normalized_loo_fragility,2727,92,955,7.868293791078031,955,180,20,True,T1584.005 - Resource Development: Build/Compromise Botnet,0.0004038936736596,{}
stochastic_normalized_fragility,stochastic_normalized_loo_fragility,2727,93,965,6.836459834012203,965,180,20,True,TA0011 - Command-and-Control,0.000191300434558,{}
stochastic_normalized_fragility,stochastic_normalized_loo_fragility,2727,94,975,7.272670291014947,975,180,20,True,T1036 - Defense Evasion: Masquerading,0.0001922048466181,{}
stochastic_normalized_fragility,stochastic_normalized_loo_fragility,2727,95,985,10.20956404111348,985,180,20,True,T1583.005 - Resource Development: Acquire Botnet,0.0001769456022534,{}
stochastic_normalized_fragility,stochastic_normalized_loo_fragility,2727,96,995,6.377685083076358,995,180,20,True,T1590 - Reconnaissance: Gather Victim Network Information,0.000166997933383,{}
stochastic_normalized_fragility,stochastic_normalized_loo_fragility,2727,97,1005,6.105205542058684,1005,180,20,True,T1583.005 - Resource Development: Acquire Botnet,0.0002092165342431,{}
stochastic_normalized_fragility,stochastic_normalized_loo_fragility,2727,98,1015,6.1461150830145925,1015,180,20,True,T1583.005 - Resource Development: Acquire Botnet,0.0002136931017353,{}
stochastic_normalized_fragility,stochastic_normalized_loo_fragility,2727,99,1025,5.850146124954335,1025,180,20,True,T1036 - Defense Evasion: Masquerading,0.0002194753337084,{}
stochastic_normalized_fragility,stochastic_normalized_loo_fragility,2727,100,1035,5.779075583908707,1035,180,20,True,T1036 - Defense Evasion: Masquerading,0.0001965611567814,{}
stochastic_normalized_fragility,stochastic_normalized_loo_fragility,2727,101,1045,5.709281124989502,1045,180,20,True,T1036 - Defense Evasion: Masquerading,0.0003163538427584,{}
stochastic_normalized_fragility,stochastic_normalized_loo_fragility,2727,102,1055,5.792454957962036,1055,180,20,True,T1036 - Defense Evasion: Masquerading,0.0002735319690599,{}
stochastic_normalized_fragility,stochastic_normalized_loo_fragility,2727,103,1065,5.720676791970618,1065,180,20,True,T1036 - Defense Evasion: Masquerading,0.000233326762323,{}
stochastic_normalized_fragility,stochastic_normalized_loo_fragility,2727,104,1075,5.879448291962035,1075,180,20,True,T1583.005 - Resource Development: Acquire Botnet,0.00017193235349,{}
stochastic_normalized_fragility,stochastic_normalized_loo_fragility,2727,105,1085,5.911641083075665,1085,180,20,True,T1590 - Reconnaissance: Gather Victim Network Information,0.0001946531906546,{}
stochastic_normalized_fragility,stochastic_normalized_loo_fragility,2727,106,1095,5.591449166997336,1095,180,20,True,T1590 - Reconnaissance: Gather Victim Network Information,0.0003480257497421,{}
stochastic_normalized_fragility,stochastic_normalized_loo_fragility,2727,107,1105,5.613694915897213,1105,180,20,True,T1036 - Defense Evasion: Masquerading,0.0004303245452043,{}
stochastic_normalized_fragility,stochastic_normalized_loo_fragility,2727,108,1115,5.588624958065338,1115,180,20,True,T1590 - Reconnaissance: Gather Victim Network Information,0.0002928402870809,{}
stochastic_normalized_fragility,stochastic_normalized_loo_fragility,2727,109,1125,5.6921692080795765,1125,180,20,True,T1595 - Reconnaissance: Active Scanning,0.0003969047016901,{}
stochastic_normalized_fragility,stochastic_normalized_loo_fragility,2727,110,1135,5.802110709017143,1135,180,20,True,T1595 - Reconnaissance: Active Scanning,0.0003868842560343,{}
stochastic_normalized_fragility,stochastic_normalized_loo_fragility,2727,111,1145,5.806884167017415,1145,180,20,True,T1498.001 - Impact: Direct Network Flood,0.0001678045214879,{}
stochastic_normalized_fragility,stochastic_normalized_loo_fragility,2727,112,1155,5.70561804191675,1155,180,20,True,T1036 - Defense Evasion: Masquerading,0.0001824234308618,{}
stochastic_normalized_fragility,stochastic_normalized_loo_fragility,2727,113,1165,5.613210874958895,1165,180,20,True,T1036 - Defense Evasion: Masquerading,0.0001919886362457,{}
stochastic_normalized_fragility,stochastic_normalized_loo_fragility,2727,114,1175,5.508183499914594,1175,180,20,True,T1036 - Defense Evasion: Masquerading,0.0002276121836414,{}
stochastic_normalized_fragility,stochastic_normalized_loo_fragility,2727,115,1185,5.447770875063725,1185,180,20,True,T1036 - Defense Evasion: Masquerading,0.0002542009431308,{}
stochastic_normalized_fragility,stochastic_normalized_loo_fragility,2727,116,1195,5.434389416943304,1195,180,20,True,T1583.005 - Resource Development: Acquire Botnet,0.0002937963312044,{}
stochastic_normalized_fragility,stochastic_normalized_loo_fragility,2727,117,1205,5.6405216249404475,1205,180,20,True,T1036 - Defense Evasion: Masquerading,0.0002312555365329,{}
stochastic_normalized_fragility,stochastic_normalized_loo_fragility,2727,118,1215,5.393906707991846,1215,180,20,True,T1583.005 - Resource Development: Acquire Botnet,0.000213796532455,{}
stochastic_normalized_fragility,stochastic_normalized_loo_fragility,2727,119,1225,5.355720833060332,1225,180,20,True,T1583.005 - Resource Development: Acquire Botnet,0.0002160333311849,{}
stochastic_normalized_fragility,stochastic_normalized_loo_fragility,2727,120,1235,5.537860791082494,1235,180,20,True,T1036 - Defense Evasion: Masquerading,0.0002711063559206,{}
stochastic_normalized_fragility,stochastic_normalized_loo_fragility,2727,121,1245,5.800082667032257,1245,180,20,True,TA0011 - Command-and-Control,0.0002097599757405,{}
stochastic_normalized_fragility,stochastic_normalized_loo_fragility,2727,122,1255,6.561246165889315,1255,180,20,True,T1595 - Reconnaissance: Active Scanning,0.0002605529190367,{}
stochastic_normalized_fragility,stochastic_normalized_loo_fragility,2727,123,1265,5.63553599989973,1265,180,20,True,T1036 - Defense Evasion: Masquerading,0.0002892356526856,{}
stochastic_normalized_fragility,stochastic_normalized_loo_fragility,2727,124,1275,5.740909958956763,1275,180,20,True,T1036 - Defense Evasion: Masquerading,0.0002607312514188,{}
stochastic_normalized_fragility,stochastic_normalized_loo_fragility,2727,125,1285,5.704902000026777,1285,180,20,True,T1036 - Defense Evasion: Masquerading,0.0003367766734821,{}
stochastic_normalized_fragility,stochastic_normalized_loo_fragility,2727,126,1295,5.452196083962917,1295,180,20,True,TA0011 - Command-and-Control,0.0003157629485673,{}
stochastic_normalized_fragility,stochastic_normalized_loo_fragility,2727,127,1305,5.703777290997095,1305,180,20,True,TA0011 - Command-and-Control,0.0003904253944879,{}
stochastic_normalized_fragility,stochastic_normalized_loo_fragility,2727,128,1315,5.866759833996184,1315,180,20,True,TA0011 - Command-and-Control,0.0004850774105147,{}
stochastic_normalized_fragility,stochastic_normalized_loo_fragility,2727,129,1325,5.4283751249313354,1325,180,20,True,T1036 - Defense Evasion: Masquerading,0.0003795372328583,{}
stochastic_normalized_fragility,stochastic_normalized_loo_fragility,2727,130,1335,5.8000765410251915,1335,180,20,True,T1590 - Reconnaissance: Gather Victim Network Information,0.0002825623973729,{}
stochastic_normalized_fragility,stochastic_normalized_loo_fragility,2727,131,1345,5.517779333051294,1345,180,20,True,T1583.005 - Resource Development: Acquire Botnet,0.0001985976883212,{}
stochastic_normalized_fragility,stochastic_normalized_loo_fragility,2727,132,1355,5.786860292078927,1355,180,20,True,T1036 - Defense Evasion: Masquerading,0.0002673975388819,{}
stochastic_normalized_fragility,stochastic_normalized_loo_fragility,2727,133,1365,5.478975708945654,1365,180,20,True,T1583.005 - Resource Development: Acquire Botnet,0.0002286922489291,{}
stochastic_normalized_fragility,stochastic_normalized_loo_fragility,2727,134,1375,5.5745299169793725,1375,180,20,True,T1583.005 - Resource Development: Acquire Botnet,0.0002111029791236,{}
stochastic_normalized_fragility,stochastic_normalized_loo_fragility,2727,135,1385,5.578020334010944,1385,180,20,True,TA0011 - Command-and-Control,0.0003108401494217,{}
stochastic_normalized_fragility,stochastic_normalized_loo_fragility,2727,136,1395,5.514805666054599,1395,180,20,True,T1583.005 - Resource Development: Acquire Botnet,0.0002059305412697,{}
stochastic_normalized_fragility,stochastic_normalized_loo_fragility,2727,137,1405,5.596742916968651,1405,180,20,True,T1036 - Defense Evasion: Masquerading,0.0003253438555338,{}
stochastic_normalized_fragility,stochastic_normalized_loo_fragility,2727,138,1415,5.582785584032536,1415,180,20,True,T1036 - Defense Evasion: Masquerading,0.0001677277865094,{}
stochastic_normalized_fragility,stochastic_normalized_loo_fragility,2727,139,1425,5.505471459007822,1425,180,20,True,T1036 - Defense Evasion: Masquerading,0.0002001582589499,{}
stochastic_normalized_fragility,stochastic_normalized_loo_fragility,2727,140,1435,5.449600666994229,1435,180,20,True,T1036 - Defense Evasion: Masquerading,0.0002241936193624,{}
stochastic_normalized_fragility,stochastic_normalized_loo_fragility,2727,141,1445,5.674720874987543,1445,180,20,True,T1583.005 - Resource Development: Acquire Botnet,0.0001756066472919,{}
stochastic_normalized_fragility,stochastic_normalized_loo_fragility,2727,142,1455,5.524264708976261,1455,180,20,True,T1036 - Defense Evasion: Masquerading,0.0002415877586563,{}
stochastic_normalized_fragility,stochastic_normalized_loo_fragility,2727,143,1465,5.475555125041865,1465,180,20,True,T1036 - Defense Evasion: Masquerading,0.000201463952265,{}
stochastic_normalized_fragility,stochastic_normalized_loo_fragility,2727,144,1475,5.782776915933937,1475,180,20,True,T1036 - Defense Evasion: Masquerading,0.0002747364870969,{}
stochastic_normalized_fragility,stochastic_normalized_loo_fragility,2727,145,1485,5.708377416012809,1485,180,20,True,T1036 - Defense Evasion: Masquerading,0.0002294550633369,{}
stochastic_normalized_fragility,stochastic_normalized_loo_fragility,2727,146,1495,5.514640041044913,1495,180,20,True,T1036 - Defense Evasion: Masquerading,0.0002317242690201,{}
stochastic_normalized_fragility,stochastic_normalized_loo_fragility,2727,147,1505,5.526909292093478,1505,180,20,True,T1583.005 - Resource Development: Acquire Botnet,0.0002292660125957,{}
stochastic_normalized_fragility,stochastic_normalized_loo_fragility,2727,148,1515,5.534891957999207,1515,180,20,True,T1036 - Defense Evasion: Masquerading,0.0002529196754797,{}
stochastic_normalized_fragility,stochastic_normalized_loo_fragility,2727,149,1525,5.5822987500578165,1525,180,20,True,T1036 - Defense Evasion: Masquerading,0.0002588710671643,{}
stochastic_normalized_fragility,stochastic_normalized_loo_fragility,2727,150,1535,5.8134389580227435,1535,180,20,True,T1036 - Defense Evasion: Masquerading,0.0003011300292152,{}
stochastic_normalized_fragility,stochastic_normalized_loo_fragility,2727,151,1545,5.545091499923728,1545,180,20,True,T1583.005 - Resource Development: Acquire Botnet,0.0002988895654722,{}
stochastic_normalized_fragility,stochastic_normalized_loo_fragility,2727,152,1555,5.560046999948099,1555,180,20,True,T1590 - Reconnaissance: Gather Victim Network Information,0.0004354626304091,{}
stochastic_normalized_fragility,stochastic_normalized_loo_fragility,2727,153,1565,5.623131041997112,1565,180,20,True,TA0011 - Command-and-Control,0.0004051297714937,{}
stochastic_normalized_fragility,stochastic_normalized_loo_fragility,2727,154,1575,5.55074874998536,1575,180,20,True,TA0011 - Command-and-Control,0.0003292002201137,{}
stochastic_normalized_fragility,stochastic_normalized_loo_fragility,2727,155,1585,5.768470417009667,1585,180,20,True,TA0011 - Command-and-Control,0.0003207639673858,{}
stochastic_normalized_fragility,stochastic_normalized_loo_fragility,2727,156,1595,5.614581334055401,1595,180,20,True,TA0011 - Command-and-Control,0.000283848867809,{}
stochastic_normalized_fragility,stochastic_normalized_loo_fragility,2727,157,1605,5.842243790975772,1605,180,20,True,TA0011 - Command-and-Control,0.0002806546985569,{}
stochastic_normalized_fragility,stochastic_normalized_loo_fragility,2727,158,1615,5.6115930419182405,1615,180,20,True,T1036 - Defense Evasion: Masquerading,0.0002303523162949,{}
stochastic_normalized_fragility,stochastic_normalized_loo_fragility,2727,159,1625,5.588764207903296,1625,180,20,True,T1036 - Defense Evasion: Masquerading,0.0002309618331367,{}
stochastic_normalized_fragility,stochastic_normalized_loo_fragility,2727,160,1635,5.783289375016466,1635,180,20,True,T1590 - Reconnaissance: Gather Victim Network Information,0.0004476685195878,{}
stochastic_normalized_fragility,stochastic_normalized_loo_fragility,2727,161,1645,5.839433709043078,1645,180,20,True,T1595 - Reconnaissance: Active Scanning,0.0006015783752355,{}
stochastic_normalized_fragility,stochastic_normalized_loo_fragility,2727,162,1655,5.750651124981232,1655,180,20,True,T1036 - Defense Evasion: Masquerading,0.0001957280192108,{}
stochastic_normalized_fragility,stochastic_normalized_loo_fragility,2727,163,1665,5.96466508298181,1665,180,20,True,T1036 - Defense Evasion: Masquerading,0.000228034017334,{}
stochastic_normalized_fragility,stochastic_normalized_loo_fragility,2727,164,1675,5.814216207945719,1675,180,20,True,T1036 - Defense Evasion: Masquerading,0.0001863714500813,{}
stochastic_normalized_fragility,stochastic_normalized_loo_fragility,2727,165,1685,5.566452083992772,1685,180,20,True,T1036 - Defense Evasion: Masquerading,0.0001994790796381,{}
stochastic_normalized_fragility,stochastic_normalized_loo_fragility,2727,166,1695,5.546429624897428,1695,180,20,True,T1036 - Defense Evasion: Masquerading,0.0002091326523377,{}
stochastic_normalized_fragility,stochastic_normalized_loo_fragility,2727,167,1705,5.62145600002259,1705,180,20,True,T1036 - Defense Evasion: Masquerading,0.000259750636345,{}
stochastic_normalized_fragility,stochastic_normalized_loo_fragility,2727,168,1715,5.79187841701787,1715,180,20,True,TA0011 - Command-and-Control,0.0002172569408601,{}
stochastic_normalized_fragility,stochastic_normalized_loo_fragility,2727,169,1725,5.705296500003897,1725,180,20,True,T1036 - Defense Evasion: Masquerading,0.000257101295534,{}
stochastic_normalized_fragility,stochastic_normalized_loo_fragility,2727,170,1735,5.623661707970314,1735,180,20,True,TA0011 - Command-and-Control,0.000526287192727,{}
stochastic_normalized_fragility,stochastic_normalized_loo_fragility,2727,171,1745,5.52733495796565,1745,180,20,True,T1036 - Defense Evasion: Masquerading,0.0002365525623862,{}
stochastic_normalized_fragility,stochastic_normalized_loo_fragility,2727,172,1755,5.53425512497779,1755,180,20,True,TA0011 - Command-and-Control,0.0003952080106071,{}
stochastic_normalized_fragility,stochastic_normalized_loo_fragility,2727,173,1765,5.638202875037678,1765,180,20,True,T1036 - Defense Evasion: Masquerading,0.0002407302656591,{}
stochastic_normalized_fragility,stochastic_normalized_loo_fragility,2727,174,1775,5.91534925007727,1775,180,20,True,T1498.001 - Impact: Direct Network Flood,0.0001562807240156,{}
stochastic_normalized_fragility,stochastic_normalized_loo_fragility,2727,175,1785,5.502175375004299,1785,180,20,True,TA0011 - Command-and-Control,0.000237383808107,{}
stochastic_normalized_fragility,stochastic_normalized_loo_fragility,2727,176,1795,5.5292981249513105,1795,180,20,True,T1036 - Defense Evasion: Masquerading,0.0004598586197223,{}
stochastic_normalized_fragility,stochastic_normalized_loo_fragility,2828,1,45,1.8478265419835225,45,45,20,False,T1498.002 - Impact: Reflection/Amplification Attack,0.0007150170384741,{}
stochastic_normalized_fragility,stochastic_normalized_loo_fragility,2828,2,55,2.081797541002743,55,55,20,False,TA0011 - Command-and-Control,0.0006654868107612,{}
stochastic_normalized_fragility,stochastic_normalized_loo_fragility,2828,3,65,2.5282246250426397,65,65,20,False,TA0011 - Command-and-Control,0.0006518069454721,{}
stochastic_normalized_fragility,stochastic_normalized_loo_fragility,2828,4,75,2.856403333018534,75,75,20,False,T1036 - Defense Evasion: Masquerading,0.000398115844036,{}
stochastic_normalized_fragility,stochastic_normalized_loo_fragility,2828,5,85,3.9336200000252575,85,85,20,False,T1036 - Defense Evasion: Masquerading,0.0004038092463177,{}
stochastic_normalized_fragility,stochastic_normalized_loo_fragility,2828,6,95,4.286449457984418,95,95,20,False,T1036 - Defense Evasion: Masquerading,0.0003593446068982,{}
stochastic_normalized_fragility,stochastic_normalized_loo_fragility,2828,7,105,3.8362421670462936,105,105,20,False,T1583.005 - Resource Development: Acquire Botnet,0.000317240185145,{}
stochastic_normalized_fragility,stochastic_normalized_loo_fragility,2828,8,115,4.226593207917176,115,115,20,False,T1583.005 - Resource Development: Acquire Botnet,0.0002707761628176,{}
stochastic_normalized_fragility,stochastic_normalized_loo_fragility,2828,9,125,4.700098958099261,125,125,20,False,T1498.001 - Impact: Direct Network Flood,0.0001911625154432,{}
stochastic_normalized_fragility,stochastic_normalized_loo_fragility,2828,10,135,5.216730665997602,135,134,20,True,T1498.001 - Impact: Direct Network Flood,0.0001935885522373,{}
stochastic_normalized_fragility,stochastic_normalized_loo_fragility,2828,11,145,5.38734466698952,145,142,20,True,T1498.001 - Impact: Direct Network Flood,0.0002378598551763,{}
stochastic_normalized_fragility,stochastic_normalized_loo_fragility,2828,12,155,5.901946457917802,155,147,20,True,TA0011 - Command-and-Control,0.0002812425280123,{}
stochastic_normalized_fragility,stochastic_normalized_loo_fragility,2828,13,165,6.199839374981821,165,157,20,True,T1583.005 - Resource Development: Acquire Botnet,0.0002328138666841,{}
stochastic_normalized_fragility,stochastic_normalized_loo_fragility,2828,14,175,6.761714541004039,175,164,20,True,T1583.005 - Resource Development: Acquire Botnet,0.0001943725231392,{}
stochastic_normalized_fragility,stochastic_normalized_loo_fragility,2828,15,185,7.125308332964778,185,168,20,True,T1036 - Defense Evasion: Masquerading,0.0001844843308323,{}
stochastic_normalized_fragility,stochastic_normalized_loo_fragility,2828,16,195,7.283467666944489,195,169,20,True,T1583.005 - Resource Development: Acquire Botnet,0.0001654472994763,{}
stochastic_normalized_fragility,stochastic_normalized_loo_fragility,2828,17,205,7.189222833025269,205,173,20,True,T1036 - Defense Evasion: Masquerading,0.0001701705209729,{}
stochastic_normalized_fragility,stochastic_normalized_loo_fragility,2828,18,215,8.405444041942246,215,174,20,True,T1036 - Defense Evasion: Masquerading,0.0002208310055061,{}
stochastic_normalized_fragility,stochastic_normalized_loo_fragility,2828,19,225,8.349260291899554,225,176,20,True,TA0011 - Command-and-Control,0.0002533123480496,{}
stochastic_normalized_fragility,stochastic_normalized_loo_fragility,2828,20,235,7.398714291979559,235,178,20,True,T1036 - Defense Evasion: Masquerading,0.0002803817399701,{}
stochastic_normalized_fragility,stochastic_normalized_loo_fragility,2828,21,245,7.204376042005606,245,178,20,True,T1036 - Defense Evasion: Masquerading,0.0002178378757011,{}
stochastic_normalized_fragility,stochastic_normalized_loo_fragility,2828,22,255,7.940598082961515,255,180,20,True,TA0011 - Command-and-Control,0.0002382615337666,{}
stochastic_normalized_fragility,stochastic_normalized_loo_fragility,2828,23,265,10.61652958393097,265,180,20,True,T1036 - Defense Evasion: Masquerading,0.0001769300615501,{}
stochastic_normalized_fragility,stochastic_normalized_loo_fragility,2828,24,275,7.119203708018176,275,180,20,True,T1036 - Defense Evasion: Masquerading,0.0001871582676102,{}
stochastic_normalized_fragility,stochastic_normalized_loo_fragility,2828,25,285,7.36590358405374,285,180,20,True,T1036 - Defense Evasion: Masquerading,0.0002891095732491,{}
stochastic_normalized_fragility,stochastic_normalized_loo_fragility,2828,26,295,7.700782791012898,295,180,20,True,T1584.005 - Resource Development: Build/Compromise Botnet,0.0004376437646383,{}
stochastic_normalized_fragility,stochastic_normalized_loo_fragility,2828,27,305,9.833953500026835,305,180,20,True,T1036 - Defense Evasion: Masquerading,0.0004437419225617,{}
stochastic_normalized_fragility,stochastic_normalized_loo_fragility,2828,28,315,7.208879709010944,315,180,20,True,T1036 - Defense Evasion: Masquerading,0.0002970475804073,{}
stochastic_normalized_fragility,stochastic_normalized_loo_fragility,2828,29,325,5.711972916033119,325,180,20,True,T1036 - Defense Evasion: Masquerading,0.000406575194555,{}
stochastic_normalized_fragility,stochastic_normalized_loo_fragility,2828,30,335,6.1143575420137495,335,180,20,True,T1036 - Defense Evasion: Masquerading,0.0003497054951854,{}
stochastic_normalized_fragility,stochastic_normalized_loo_fragility,2828,31,345,5.813122042105533,345,180,20,True,TA0011 - Command-and-Control,0.0002460171386765,{}
stochastic_normalized_fragility,stochastic_normalized_loo_fragility,2828,32,355,5.252146041020751,355,180,20,True,T1036 - Defense Evasion: Masquerading,0.0002334495659875,{}
stochastic_normalized_fragility,stochastic_normalized_loo_fragility,2828,33,365,5.444438542006537,365,180,20,True,T1036 - Defense Evasion: Masquerading,0.0001904011696951,{}
stochastic_normalized_fragility,stochastic_normalized_loo_fragility,2828,34,375,5.233949542045593,375,180,20,True,T1036 - Defense Evasion: Masquerading,0.0002030682733466,{}
stochastic_normalized_fragility,stochastic_normalized_loo_fragility,2828,35,385,5.337907042005099,385,180,20,True,T1036 - Defense Evasion: Masquerading,0.0001677015451576,{}
stochastic_normalized_fragility,stochastic_normalized_loo_fragility,2828,36,395,5.273282582988031,395,180,20,True,T1036 - Defense Evasion: Masquerading,0.0001518917167581,{}
stochastic_normalized_fragility,stochastic_normalized_loo_fragility,2828,37,405,5.28915629198309,405,180,20,True,T1036 - Defense Evasion: Masquerading,0.0001537804883685,{}
stochastic_normalized_fragility,stochastic_normalized_loo_fragility,2828,38,415,5.4344618750037625,415,180,20,True,T1583.005 - Resource Development: Acquire Botnet,0.0002018586040406,{}
stochastic_normalized_fragility,stochastic_normalized_loo_fragility,2828,39,425,5.241295374929905,425,180,20,True,T1583.005 - Resource Development: Acquire Botnet,0.0002127051871549,{}
stochastic_normalized_fragility,stochastic_normalized_loo_fragility,2828,40,435,5.239947500056587,435,180,20,True,T1036 - Defense Evasion: Masquerading,0.0001721528484916,{}
stochastic_normalized_fragility,stochastic_normalized_loo_fragility,2828,41,445,5.877260167035274,445,180,20,True,T1036 - Defense Evasion: Masquerading,0.0002307239971404,{}
stochastic_normalized_fragility,stochastic_normalized_loo_fragility,2828,42,455,5.2897424169350415,455,180,20,True,T1584.005 - Resource Development: Build/Compromise Botnet,0.0001768751746604,{}
stochastic_normalized_fragility,stochastic_normalized_loo_fragility,2828,43,465,5.2048249170184135,465,180,20,True,T1583.005 - Resource Development: Acquire Botnet,0.0001687433622303,{}
stochastic_normalized_fragility,stochastic_normalized_loo_fragility,2828,44,475,5.278995166998357,475,180,20,True,T1583.005 - Resource Development: Acquire Botnet,0.0001699134856825,{}
stochastic_normalized_fragility,stochastic_normalized_loo_fragility,2828,45,485,5.2021264169598,485,180,20,True,TA0011 - Command-and-Control,0.0002046904960398,{}
stochastic_normalized_fragility,stochastic_normalized_loo_fragility,2828,46,495,5.21963304199744,495,180,20,True,T1036 - Defense Evasion: Masquerading,0.0001961689079811,{}
stochastic_normalized_fragility,stochastic_normalized_loo_fragility,2828,47,505,5.284939250093885,505,180,20,True,T1590 - Reconnaissance: Gather Victim Network Information,0.0002614966905307,{}
stochastic_normalized_fragility,stochastic_normalized_loo_fragility,2828,48,515,5.443531999946572,515,180,20,True,TA0011 - Command-and-Control,0.0002583807803624,{}
stochastic_normalized_fragility,stochastic_normalized_loo_fragility,2828,49,525,5.4343064579879865,525,180,20,True,T1583.005 - Resource Development: Acquire Botnet,0.0002553184165407,{}
stochastic_normalized_fragility,stochastic_normalized_loo_fragility,2828,50,535,6.138186999945901,535,180,20,True,T1583.005 - Resource Development: Acquire Botnet,0.0001946174012527,{}
stochastic_normalized_fragility,stochastic_normalized_loo_fragility,2828,51,545,6.985987749998458,545,180,20,True,T1036 - Defense Evasion: Masquerading,0.0001574223065461,{}
stochastic_normalized_fragility,stochastic_normalized_loo_fragility,2828,52,555,6.10156812495552,555,180,20,True,TA0011 - Command-and-Control,0.0002566230581741,{}
stochastic_normalized_fragility,stochastic_normalized_loo_fragility,2828,53,565,6.4265557079343125,565,180,20,True,T1595 - Reconnaissance: Active Scanning,0.0003204072884255,{}
stochastic_normalized_fragility,stochastic_normalized_loo_fragility,2828,54,575,6.2419926669681445,575,180,20,True,T1583.005 - Resource Development: Acquire Botnet,0.0002858167712269,{}
stochastic_normalized_fragility,stochastic_normalized_loo_fragility,2828,55,585,6.043737750034779,585,180,20,True,T1036 - Defense Evasion: Masquerading,0.0003127690913442,{}
stochastic_normalized_fragility,stochastic_normalized_loo_fragility,2828,56,595,6.085399916046299,595,180,20,True,T1036 - Defense Evasion: Masquerading,0.00033401946265,{}
stochastic_normalized_fragility,stochastic_normalized_loo_fragility,2828,57,605,6.227348041022196,605,180,20,True,T1036 - Defense Evasion: Masquerading,0.0002712210274906,{}
stochastic_normalized_fragility,stochastic_normalized_loo_fragility,2828,58,615,5.931436082930304,615,180,20,True,T1595 - Reconnaissance: Active Scanning,0.0003251039971876,{}
stochastic_normalized_fragility,stochastic_normalized_loo_fragility,2828,59,625,6.038471792009659,625,180,20,True,TA0011 - Command-and-Control,0.0003804747564328,{}
stochastic_normalized_fragility,stochastic_normalized_loo_fragility,2828,60,635,6.200976417050697,635,180,20,True,TA0011 - Command-and-Control,0.0002183625273117,{}
stochastic_normalized_fragility,stochastic_normalized_loo_fragility,2828,61,645,6.432635250035673,645,180,20,True,T1498.002 - Impact: Reflection/Amplification Attack,0.0001701422347425,{}
stochastic_normalized_fragility,stochastic_normalized_loo_fragility,2828,62,655,6.246472083032131,655,180,20,True,T1583.005 - Resource Development: Acquire Botnet,0.0003452787857359,{}
stochastic_normalized_fragility,stochastic_normalized_loo_fragility,2828,63,665,5.653262875042856,665,180,20,True,T1583.005 - Resource Development: Acquire Botnet,0.0002294256035927,{}
stochastic_normalized_fragility,stochastic_normalized_loo_fragility,2828,64,675,5.530989458085969,675,180,20,True,T1583.005 - Resource Development: Acquire Botnet,0.0002297665567195,{}
stochastic_normalized_fragility,stochastic_normalized_loo_fragility,2828,65,685,5.506824875017628,685,180,20,True,T1583.005 - Resource Development: Acquire Botnet,0.0002354634384261,{}
stochastic_normalized_fragility,stochastic_normalized_loo_fragility,2828,66,695,5.569087540963665,695,180,20,True,T1590 - Reconnaissance: Gather Victim Network Information,0.0001730633929402,{}
stochastic_normalized_fragility,stochastic_normalized_loo_fragility,2828,67,705,5.634839624981396,705,180,20,True,T1595 - Reconnaissance: Active Scanning,0.0003321756435248,{}
stochastic_normalized_fragility,stochastic_normalized_loo_fragility,2828,68,715,5.708614166942425,715,180,20,True,T1590 - Reconnaissance: Gather Victim Network Information,0.0003801447653174,{}
stochastic_normalized_fragility,stochastic_normalized_loo_fragility,2828,69,725,5.727441124967299,725,180,20,True,TA0011 - Command-and-Control,0.0003569327125326,{}
stochastic_normalized_fragility,stochastic_normalized_loo_fragility,2828,70,735,5.479937499971129,735,180,20,True,T1498.001 - Impact: Direct Network Flood,0.0002791190838635,{}
stochastic_normalized_fragility,stochastic_normalized_loo_fragility,2828,71,745,5.839038666919805,745,180,20,True,T1584.005 - Resource Development: Build/Compromise Botnet,0.0003496608191501,{}
stochastic_normalized_fragility,stochastic_normalized_loo_fragility,2828,72,755,5.787674666033126,755,180,20,True,T1590 - Reconnaissance: Gather Victim Network Information,0.0003335776196367,{}
stochastic_normalized_fragility,stochastic_normalized_loo_fragility,2828,73,765,5.478352125035599,765,180,20,True,T1590 - Reconnaissance: Gather Victim Network Information,0.0002986269171546,{}
stochastic_normalized_fragility,stochastic_normalized_loo_fragility,2828,74,775,5.662955374922603,775,180,20,True,T1036 - Defense Evasion: Masquerading,0.0003396555232788,{}
stochastic_normalized_fragility,stochastic_normalized_loo_fragility,2828,75,785,5.564240040956065,785,180,20,True,TA0011 - Command-and-Control,0.0002119780244503,{}
stochastic_normalized_fragility,stochastic_normalized_loo_fragility,2828,76,795,5.4548655829858035,795,180,20,True,TA0011 - Command-and-Control,0.0002877367364468,{}
stochastic_normalized_fragility,stochastic_normalized_loo_fragility,2828,77,805,5.555038750055246,805,180,20,True,T1583.005 - Resource Development: Acquire Botnet,0.0003717185483699,{}
stochastic_normalized_fragility,stochastic_normalized_loo_fragility,2828,78,815,5.727237000013702,815,180,20,True,T1583.005 - Resource Development: Acquire Botnet,0.0002420112401434,{}
stochastic_normalized_fragility,stochastic_normalized_loo_fragility,2828,79,825,5.761933458037674,825,180,20,True,T1590 - Reconnaissance: Gather Victim Network Information,0.0002529624704207,{}
stochastic_normalized_fragility,stochastic_normalized_loo_fragility,2828,80,835,5.865192166995257,835,180,20,True,T1036 - Defense Evasion: Masquerading,0.0002270885875433,{}
stochastic_normalized_fragility,stochastic_normalized_loo_fragility,2828,81,845,5.532353125046939,845,180,20,True,T1583.005 - Resource Development: Acquire Botnet,0.0001854829470111,{}
stochastic_normalized_fragility,stochastic_normalized_loo_fragility,2828,82,855,5.431405249983072,855,180,20,True,T1036 - Defense Evasion: Masquerading,0.0001641431951952,{}
stochastic_normalized_fragility,stochastic_normalized_loo_fragility,2828,83,865,5.50814766692929,865,180,20,True,T1036 - Defense Evasion: Masquerading,0.0002179167125253,{}
stochastic_normalized_fragility,stochastic_normalized_loo_fragility,2828,84,875,5.683654041029513,875,180,20,True,T1590 - Reconnaissance: Gather Victim Network Information,0.0002720288700407,{}
stochastic_normalized_fragility,stochastic_normalized_loo_fragility,2828,85,885,5.405576332937926,885,180,20,True,T1583.005 - Resource Development: Acquire Botnet,0.000289342056115,{}
stochastic_normalized_fragility,stochastic_normalized_loo_fragility,2828,86,895,5.576358958031051,895,180,20,True,T1583.005 - Resource Development: Acquire Botnet,0.0002954256076274,{}
stochastic_normalized_fragility,stochastic_normalized_loo_fragility,2828,87,905,5.499270166037604,905,180,20,True,T1036 - Defense Evasion: Masquerading,0.0002959352719681,{}
stochastic_normalized_fragility,stochastic_normalized_loo_fragility,2828,88,915,5.550020083086565,915,180,20,True,T1036 - Defense Evasion: Masquerading,0.0002192389629238,{}
stochastic_normalized_fragility,stochastic_normalized_loo_fragility,2828,89,925,7.464452915941365,925,180,20,True,TA0011 - Command-and-Control,0.0002726864455978,{}
stochastic_normalized_fragility,stochastic_normalized_loo_fragility,2828,90,935,7.37123483303003,935,180,20,True,T1036 - Defense Evasion: Masquerading,0.0002381901422419,{}
stochastic_normalized_fragility,stochastic_normalized_loo_fragility,2828,91,945,7.944743915926665,945,180,20,True,T1583.005 - Resource Development: Acquire Botnet,0.0001891866016587,{}
stochastic_normalized_fragility,stochastic_normalized_loo_fragility,2828,92,955,6.776249000104144,955,180,20,True,T1583.005 - Resource Development: Acquire Botnet,0.0001706291748605,{}
stochastic_normalized_fragility,stochastic_normalized_loo_fragility,2828,93,965,7.513603875064291,965,180,20,True,T1036 - Defense Evasion: Masquerading,0.0001899633568367,{}
stochastic_normalized_fragility,stochastic_normalized_loo_fragility,2828,94,975,9.63630220806226,975,180,20,True,T1036 - Defense Evasion: Masquerading,0.0002428831825525,{}
stochastic_normalized_fragility,stochastic_normalized_loo_fragility,2828,95,985,6.398478291928768,985,180,20,True,T1036 - Defense Evasion: Masquerading,0.000222052022572,{}
stochastic_normalized_fragility,stochastic_normalized_loo_fragility,2828,96,995,6.070767749915831,995,180,20,True,T1036 - Defense Evasion: Masquerading,0.0002774930868222,{}
stochastic_normalized_fragility,stochastic_normalized_loo_fragility,2828,97,1005,6.149076625006273,1005,180,20,True,T1036 - Defense Evasion: Masquerading,0.000247169337686,{}
stochastic_normalized_fragility,stochastic_normalized_loo_fragility,2828,98,1015,5.836954333935864,1015,180,20,True,T1036 - Defense Evasion: Masquerading,0.0002706115517666,{}
stochastic_normalized_fragility,stochastic_normalized_loo_fragility,2828,99,1025,5.7973650000058115,1025,180,20,True,T1036 - Defense Evasion: Masquerading,0.0002244566076294,{}
stochastic_normalized_fragility,stochastic_normalized_loo_fragility,2828,100,1035,5.79363154200837,1035,180,20,True,T1036 - Defense Evasion: Masquerading,0.0002330681661482,{}
stochastic_normalized_fragility,stochastic_normalized_loo_fragility,2828,101,1045,5.785779541940428,1045,180,20,True,T1036 - Defense Evasion: Masquerading,0.0002019762013876,{}
stochastic_normalized_fragility,stochastic_normalized_loo_fragility,2828,102,1055,5.753890290972777,1055,180,20,True,T1036 - Defense Evasion: Masquerading,0.0002457922279163,{}
stochastic_normalized_fragility,stochastic_normalized_loo_fragility,2828,103,1065,5.869512957986444,1065,180,20,True,T1036 - Defense Evasion: Masquerading,0.0002023937532094,{}
stochastic_normalized_fragility,stochastic_normalized_loo_fragility,2828,104,1075,5.871525000082329,1075,180,20,True,T1498.001 - Impact: Direct Network Flood,0.0002968708498101,{}
stochastic_normalized_fragility,stochastic_normalized_loo_fragility,2828,105,1085,5.604627666994929,1085,180,20,True,T1036 - Defense Evasion: Masquerading,0.000297714413696,{}
stochastic_normalized_fragility,stochastic_normalized_loo_fragility,2828,106,1095,5.585120750009082,1095,180,20,True,TA0011 - Command-and-Control,0.0003520151841194,{}
stochastic_normalized_fragility,stochastic_normalized_loo_fragility,2828,107,1105,5.688226458965801,1105,180,20,True,T1036 - Defense Evasion: Masquerading,0.0002411142611318,{}
stochastic_normalized_fragility,stochastic_normalized_loo_fragility,2828,108,1115,5.6325307500083,1115,180,20,True,T1595 - Reconnaissance: Active Scanning,0.0002377131311567,{}
stochastic_normalized_fragility,stochastic_normalized_loo_fragility,2828,109,1125,5.718266834039241,1125,180,20,True,T1036 - Defense Evasion: Masquerading,0.0002474624228593,{}
stochastic_normalized_fragility,stochastic_normalized_loo_fragility,2828,110,1135,5.782497875043191,1135,180,20,True,T1036 - Defense Evasion: Masquerading,0.0003367617890546,{}
stochastic_normalized_fragility,stochastic_normalized_loo_fragility,2828,111,1145,5.703765125013888,1145,180,20,True,T1036 - Defense Evasion: Masquerading,0.0003100215209049,{}
stochastic_normalized_fragility,stochastic_normalized_loo_fragility,2828,112,1155,5.595299792010337,1155,180,20,True,T1590 - Reconnaissance: Gather Victim Network Information,0.0003376953955754,{}
stochastic_normalized_fragility,stochastic_normalized_loo_fragility,2828,113,1165,5.551670041983016,1165,180,20,True,T1036 - Defense Evasion: Masquerading,0.0002255937343185,{}
stochastic_normalized_fragility,stochastic_normalized_loo_fragility,2828,114,1175,5.47878512495663,1175,180,20,True,T1036 - Defense Evasion: Masquerading,0.0001789034446934,{}
stochastic_normalized_fragility,stochastic_normalized_loo_fragility,2828,115,1185,5.444572834065184,1185,180,20,True,T1036 - Defense Evasion: Masquerading,0.0001837771197057,{}
stochastic_normalized_fragility,stochastic_normalized_loo_fragility,2828,116,1195,5.649739000014961,1195,180,20,True,T1036 - Defense Evasion: Masquerading,0.0001857869243105,{}
stochastic_normalized_fragility,stochastic_normalized_loo_fragility,2828,117,1205,5.365983665920794,1205,180,20,True,T1583.005 - Resource Development: Acquire Botnet,0.0002161812462319,{}
stochastic_normalized_fragility,stochastic_normalized_loo_fragility,2828,118,1215,5.372693874989636,1215,180,20,True,T1583.005 - Resource Development: Acquire Botnet,0.0002494894665513,{}
stochastic_normalized_fragility,stochastic_normalized_loo_fragility,2828,119,1225,5.537902249954641,1225,180,20,True,T1036 - Defense Evasion: Masquerading,0.0006201558554057,{}
stochastic_normalized_fragility,stochastic_normalized_loo_fragility,2828,120,1235,6.026033041998744,1235,180,20,True,T1036 - Defense Evasion: Masquerading,0.0004323048448656,{}
stochastic_normalized_fragility,stochastic_normalized_loo_fragility,2828,121,1245,6.248549500014633,1245,180,20,True,TA0011 - Command-and-Control,0.0001846489070766,{}
stochastic_normalized_fragility,stochastic_normalized_loo_fragility,2828,122,1255,5.770660707959905,1255,180,20,True,T1583.005 - Resource Development: Acquire Botnet,0.0001825463417868,{}
stochastic_normalized_fragility,stochastic_normalized_loo_fragility,2828,123,1265,5.685723333037458,1265,180,20,True,T1590 - Reconnaissance: Gather Victim Network Information,0.0002121548908838,{}
stochastic_normalized_fragility,stochastic_normalized_loo_fragility,2828,124,1275,5.686151166097261,1275,180,20,True,T1590 - Reconnaissance: Gather Victim Network Information,0.0002472983639517,{}
stochastic_normalized_fragility,stochastic_normalized_loo_fragility,2828,125,1285,5.4495549579150975,1285,180,20,True,T1590 - Reconnaissance: Gather Victim Network Information,0.0002740976277812,{}
stochastic_normalized_fragility,stochastic_normalized_loo_fragility,2828,126,1295,5.705330374999903,1295,180,20,True,TA0011 - Command-and-Control,0.0002751042890739,{}
stochastic_normalized_fragility,stochastic_normalized_loo_fragility,2828,127,1305,5.888624708983116,1305,180,20,True,T1590 - Reconnaissance: Gather Victim Network Information,0.0003014833107997,{}
stochastic_normalized_fragility,stochastic_normalized_loo_fragility,2828,128,1315,5.455715290969238,1315,180,20,True,T1036 - Defense Evasion: Masquerading,0.000171498993317,{}
stochastic_normalized_fragility,stochastic_normalized_loo_fragility,2828,129,1325,5.854737750021741,1325,180,20,True,T1036 - Defense Evasion: Masquerading,0.0002668092165535,{}
stochastic_normalized_fragility,stochastic_normalized_loo_fragility,2828,130,1335,5.487072249990888,1335,180,20,True,T1036 - Defense Evasion: Masquerading,0.0003501924343892,{}
stochastic_normalized_fragility,stochastic_normalized_loo_fragility,2828,131,1345,5.7760892499936745,1345,180,20,True,T1036 - Defense Evasion: Masquerading,0.0001884678366089,{}
stochastic_normalized_fragility,stochastic_normalized_loo_fragility,2828,132,1355,5.497653333935887,1355,180,20,True,T1036 - Defense Evasion: Masquerading,0.0002789688215636,{}
stochastic_normalized_fragility,stochastic_normalized_loo_fragility,2828,133,1365,5.575397999957204,1365,180,20,True,T1583.005 - Resource Development: Acquire Botnet,0.0002716393980296,{}
stochastic_normalized_fragility,stochastic_normalized_loo_fragility,2828,134,1375,5.604330791044049,1375,180,20,True,T1036 - Defense Evasion: Masquerading,0.0002916396212789,{}
stochastic_normalized_fragility,stochastic_normalized_loo_fragility,2828,135,1385,5.501896250061691,1385,180,20,True,T1583.005 - Resource Development: Acquire Botnet,0.0003620634877625,{}
stochastic_normalized_fragility,stochastic_normalized_loo_fragility,2828,136,1395,5.636266416986473,1395,180,20,True,T1036 - Defense Evasion: Masquerading,0.0001953389798144,{}
stochastic_normalized_fragility,stochastic_normalized_loo_fragility,2828,137,1405,5.564740958972834,1405,180,20,True,T1583.005 - Resource Development: Acquire Botnet,0.0002070076700768,{}
stochastic_normalized_fragility,stochastic_normalized_loo_fragility,2828,138,1415,5.495557707967237,1415,180,20,True,T1590 - Reconnaissance: Gather Victim Network Information,0.000317270234933,{}
stochastic_normalized_fragility,stochastic_normalized_loo_fragility,2828,139,1425,5.452153875026852,1425,180,20,True,T1036 - Defense Evasion: Masquerading,0.0003350817203661,{}
stochastic_normalized_fragility,stochastic_normalized_loo_fragility,2828,140,1435,5.710152375046164,1435,180,20,True,T1036 - Defense Evasion: Masquerading,0.0003747762935367,{}
stochastic_normalized_fragility,stochastic_normalized_loo_fragility,2828,141,1445,5.5216905830893666,1445,180,20,True,T1036 - Defense Evasion: Masquerading,0.0002031854319656,{}
stochastic_normalized_fragility,stochastic_normalized_loo_fragility,2828,142,1455,5.445144250057638,1455,180,20,True,T1036 - Defense Evasion: Masquerading,0.000196699135203,{}
stochastic_normalized_fragility,stochastic_normalized_loo_fragility,2828,143,1465,5.8185770000563934,1465,180,20,True,TA0011 - Command-and-Control,0.0003172704142102,{}
stochastic_normalized_fragility,stochastic_normalized_loo_fragility,2828,144,1475,5.637030958081596,1475,180,20,True,T1036 - Defense Evasion: Masquerading,0.0003548669805938,{}
stochastic_normalized_fragility,stochastic_normalized_loo_fragility,2828,145,1485,5.563786165905185,1485,180,20,True,T1036 - Defense Evasion: Masquerading,0.0002289163755444,{}
stochastic_normalized_fragility,stochastic_normalized_loo_fragility,2828,146,1495,5.5218104580417275,1495,180,20,True,T1036 - Defense Evasion: Masquerading,0.0003247379190325,{}
stochastic_normalized_fragility,stochastic_normalized_loo_fragility,2828,147,1505,5.540691374917515,1505,180,20,True,T1036 - Defense Evasion: Masquerading,0.0002800612820907,{}
stochastic_normalized_fragility,stochastic_normalized_loo_fragility,2828,148,1515,5.563032542006113,1515,180,20,True,TA0011 - Command-and-Control,0.0003942448654996,{}
stochastic_normalized_fragility,stochastic_normalized_loo_fragility,2828,149,1525,5.82164187496528,1525,180,20,True,T1571 - Defense Evasion: Non-Standard Port,0.0004172814379233,{}
stochastic_normalized_fragility,stochastic_normalized_loo_fragility,2828,150,1535,5.561663415981457,1535,180,20,True,T1583.005 - Resource Development: Acquire Botnet,0.0002143159441218,{}
stochastic_normalized_fragility,stochastic_normalized_loo_fragility,2828,151,1545,5.545417832909152,1545,180,20,True,T1036 - Defense Evasion: Masquerading,0.000255417068352,{}
stochastic_normalized_fragility,stochastic_normalized_loo_fragility,2828,152,1555,5.612176541006193,1555,180,20,True,T1583.005 - Resource Development: Acquire Botnet,0.0001999015320093,{}
stochastic_normalized_fragility,stochastic_normalized_loo_fragility,2828,153,1565,5.597957374993712,1565,180,20,True,T1036 - Defense Evasion: Masquerading,0.0002137568691033,{}
stochastic_normalized_fragility,stochastic_normalized_loo_fragility,2828,154,1575,5.7212894159602,1575,180,20,True,T1036 - Defense Evasion: Masquerading,0.000363393771784,{}
stochastic_normalized_fragility,stochastic_normalized_loo_fragility,2828,155,1585,5.580066916998476,1585,180,20,True,T1583.005 - Resource Development: Acquire Botnet,0.0002958068147836,{}
stochastic_normalized_fragility,stochastic_normalized_loo_fragility,2828,156,1595,5.881412375019863,1595,180,20,True,TA0011 - Command-and-Control,0.0002506093969586,{}
stochastic_normalized_fragility,stochastic_normalized_loo_fragility,2828,157,1605,5.624730165931396,1605,180,20,True,T1036 - Defense Evasion: Masquerading,0.0002223924222371,{}
stochastic_normalized_fragility,stochastic_normalized_loo_fragility,2828,158,1615,5.613267916021869,1615,180,20,True,T1036 - Defense Evasion: Masquerading,0.0002176964143353,{}
stochastic_normalized_fragility,stochastic_normalized_loo_fragility,2828,159,1625,5.799441291950643,1625,180,20,True,T1036 - Defense Evasion: Masquerading,0.0002525542186602,{}
stochastic_normalized_fragility,stochastic_normalized_loo_fragility,2828,160,1635,5.842112291022204,1635,180,20,True,T1036 - Defense Evasion: Masquerading,0.0002722563350236,{}
stochastic_normalized_fragility,stochastic_normalized_loo_fragility,2828,161,1645,5.689644084079191,1645,180,20,True,T1036 - Defense Evasion: Masquerading,0.0002536517401684,{}
stochastic_normalized_fragility,stochastic_normalized_loo_fragility,2828,162,1655,6.0263484589522704,1655,180,20,True,TA0011 - Command-and-Control,0.000261020381864,{}
stochastic_normalized_fragility,stochastic_normalized_loo_fragility,2828,163,1665,5.767501459107734,1665,180,20,True,T1036 - Defense Evasion: Masquerading,0.0002220245378889,{}
stochastic_normalized_fragility,stochastic_normalized_loo_fragility,2828,164,1675,5.605366666917689,1675,180,20,True,T1583.005 - Resource Development: Acquire Botnet,0.000274487223982,{}
stochastic_normalized_fragility,stochastic_normalized_loo_fragility,2828,165,1685,5.551542000030167,1685,180,20,True,T1036 - Defense Evasion: Masquerading,0.0002686309879843,{}
stochastic_normalized_fragility,stochastic_normalized_loo_fragility,2828,166,1695,5.632517375051975,1695,180,20,True,T1036 - Defense Evasion: Masquerading,0.000283184832849,{}
stochastic_normalized_fragility,stochastic_normalized_loo_fragility,2828,167,1705,5.786670250003226,1705,180,20,True,T1036 - Defense Evasion: Masquerading,0.0002979215717657,{}
stochastic_normalized_fragility,stochastic_normalized_loo_fragility,2828,168,1715,5.701381541090086,1715,180,20,True,TA0011 - Command-and-Control,0.0004239252296697,{}
stochastic_normalized_fragility,stochastic_normalized_loo_fragility,2828,169,1725,5.566511958022602,1725,180,20,True,TA0011 - Command-and-Control,0.0003069816481062,{}
stochastic_normalized_fragility,stochastic_normalized_loo_fragility,2828,170,1735,5.556016540969722,1735,180,20,True,T1595 - Reconnaissance: Active Scanning,0.0002618135736024,{}
stochastic_normalized_fragility,stochastic_normalized_loo_fragility,2828,171,1745,5.530147208017297,1745,180,20,True,T1498.001 - Impact: Direct Network Flood,0.0002849878487887,{}
stochastic_normalized_fragility,stochastic_normalized_loo_fragility,2828,172,1755,5.688131249975413,1755,180,20,True,T1595 - Reconnaissance: Active Scanning,0.0002232766125887,{}
stochastic_normalized_fragility,stochastic_normalized_loo_fragility,2828,173,1765,5.911599957966246,1765,180,20,True,T1583.005 - Resource Development: Acquire Botnet,0.0002996093771348,{}
stochastic_normalized_fragility,stochastic_normalized_loo_fragility,2828,174,1775,5.464521250105463,1775,180,20,True,T1036 - Defense Evasion: Masquerading,0.0002520919004164,{}
stochastic_normalized_fragility,stochastic_normalized_loo_fragility,2828,175,1785,5.442560458090156,1785,180,20,True,T1036 - Defense Evasion: Masquerading,0.0002397058525963,{}
stochastic_normalized_fragility,stochastic_normalized_loo_fragility,2828,176,1795,5.3078984579769894,1795,180,20,True,T1036 - Defense Evasion: Masquerading,0.0002411673655051,{}
stochastic_normalized_fragility,stochastic_normalized_loo_fragility,2929,1,45,1.7348245829343796,45,45,20,False,T1498.002 - Impact: Reflection/Amplification Attack,0.0005409766245863,{}
stochastic_normalized_fragility,stochastic_normalized_loo_fragility,2929,2,55,2.137677083024755,55,55,20,False,T1584.005 - Resource Development: Build/Compromise Botnet,0.00061047033511,{}
stochastic_normalized_fragility,stochastic_normalized_loo_fragility,2929,3,65,2.5993729579495266,65,65,20,False,T1584.005 - Resource Development: Build/Compromise Botnet,0.0006604001322627,{}
stochastic_normalized_fragility,stochastic_normalized_loo_fragility,2929,4,75,3.2720302500529215,75,75,20,False,T1590 - Reconnaissance: Gather Victim Network Information,0.0006305504933458,{}
stochastic_normalized_fragility,stochastic_normalized_loo_fragility,2929,5,85,3.4915392079856247,85,85,20,False,TA0011 - Command-and-Control,0.0003652670533808,{}
stochastic_normalized_fragility,stochastic_normalized_loo_fragility,2929,6,95,3.675475958036259,95,95,20,False,T1036 - Defense Evasion: Masquerading,0.0003979215819249,{}
stochastic_normalized_fragility,stochastic_normalized_loo_fragility,2929,7,105,3.9948703330010176,105,105,20,False,T1583.005 - Resource Development: Acquire Botnet,0.000166296007597,{}
stochastic_normalized_fragility,stochastic_normalized_loo_fragility,2929,8,115,4.5406722909538075,115,115,20,False,T1583.005 - Resource Development: Acquire Botnet,0.0002169584734838,{}
stochastic_normalized_fragility,stochastic_normalized_loo_fragility,2929,9,125,4.717433499987237,125,125,20,False,T1583.005 - Resource Development: Acquire Botnet,0.0002328646457761,{}
stochastic_normalized_fragility,stochastic_normalized_loo_fragility,2929,10,135,5.153708457946777,135,135,20,False,T1583.005 - Resource Development: Acquire Botnet,0.0001510889295444,{}
stochastic_normalized_fragility,stochastic_normalized_loo_fragility,2929,11,145,5.868161291931756,145,144,20,True,T1498.001 - Impact: Direct Network Flood,0.000160967734222,{}
stochastic_normalized_fragility,stochastic_normalized_loo_fragility,2929,12,155,6.365849208086729,155,151,20,True,T1583.005 - Resource Development: Acquire Botnet,0.0002048758144267,{}
stochastic_normalized_fragility,stochastic_normalized_loo_fragility,2929,13,165,6.36273204209283,165,159,20,True,T1583.005 - Resource Development: Acquire Botnet,0.000322885785872,{}
stochastic_normalized_fragility,stochastic_normalized_loo_fragility,2929,14,175,6.980777624994516,175,165,20,True,T1583.005 - Resource Development: Acquire Botnet,0.0002353808962738,{}
stochastic_normalized_fragility,stochastic_normalized_loo_fragility,2929,15,185,7.092388959019445,185,168,20,True,T1583.005 - Resource Development: Acquire Botnet,0.0002384239031119,{}
stochastic_normalized_fragility,stochastic_normalized_loo_fragility,2929,16,195,7.923161291051656,195,174,20,True,T1036 - Defense Evasion: Masquerading,0.0001635870359685,{}
stochastic_normalized_fragility,stochastic_normalized_loo_fragility,2929,17,205,8.384370875079185,205,175,20,True,T1498.001 - Impact: Direct Network Flood,0.0002017173612338,{}
stochastic_normalized_fragility,stochastic_normalized_loo_fragility,2929,18,215,8.496417084010318,215,178,20,True,T1583.005 - Resource Development: Acquire Botnet,0.000220701112385,{}
stochastic_normalized_fragility,stochastic_normalized_loo_fragility,2929,19,225,7.693422041949816,225,179,20,True,T1036 - Defense Evasion: Masquerading,0.0002753051297636,{}
stochastic_normalized_fragility,stochastic_normalized_loo_fragility,2929,20,235,7.056646916898899,235,180,20,True,T1036 - Defense Evasion: Masquerading,0.0002540681598585,{}
stochastic_normalized_fragility,stochastic_normalized_loo_fragility,2929,21,245,7.709078917047009,245,180,20,True,T1036 - Defense Evasion: Masquerading,0.0002009189163523,{}
stochastic_normalized_fragility,stochastic_normalized_loo_fragility,2929,22,255,10.7462964579463,255,180,20,True,T1036 - Defense Evasion: Masquerading,0.0002818782617782,{}
stochastic_normalized_fragility,stochastic_normalized_loo_fragility,2929,23,265,7.121659999946132,265,180,20,True,TA0011 - Command-and-Control,0.0003311084762227,{}
stochastic_normalized_fragility,stochastic_normalized_loo_fragility,2929,24,275,7.251518874894828,275,180,20,True,T1583.005 - Resource Development: Acquire Botnet,0.0001866596273579,{}
stochastic_normalized_fragility,stochastic_normalized_loo_fragility,2929,25,285,7.60386654199101,285,180,20,True,T1036 - Defense Evasion: Masquerading,0.000361146494921,{}
stochastic_normalized_fragility,stochastic_normalized_loo_fragility,2929,26,295,9.702136792009696,295,180,20,True,T1036 - Defense Evasion: Masquerading,0.0003343528855876,{}
stochastic_normalized_fragility,stochastic_normalized_loo_fragility,2929,27,305,7.322510124999099,305,180,20,True,T1036 - Defense Evasion: Masquerading,0.000242957949407,{}
stochastic_normalized_fragility,stochastic_normalized_loo_fragility,2929,28,315,5.6804201669292524,315,180,20,True,TA0011 - Command-and-Control,0.0004998905091658,{}
stochastic_normalized_fragility,stochastic_normalized_loo_fragility,2929,29,325,5.947448374936357,325,180,20,True,T1036 - Defense Evasion: Masquerading,0.0003489078846729,{}
stochastic_normalized_fragility,stochastic_normalized_loo_fragility,2929,30,335,6.027145333006047,335,180,20,True,T1036 - Defense Evasion: Masquerading,0.0003234664035306,{}
stochastic_normalized_fragility,stochastic_normalized_loo_fragility,2929,31,345,5.223657042020932,345,180,20,True,T1036 - Defense Evasion: Masquerading,0.0002272911597822,{}
stochastic_normalized_fragility,stochastic_normalized_loo_fragility,2929,32,355,5.302251666085795,355,180,20,True,T1036 - Defense Evasion: Masquerading,0.0003027851270458,{}
stochastic_normalized_fragility,stochastic_normalized_loo_fragility,2929,33,365,5.314666124992073,365,180,20,True,T1036 - Defense Evasion: Masquerading,0.0002652328243183,{}
stochastic_normalized_fragility,stochastic_normalized_loo_fragility,2929,34,375,5.342280208016746,375,180,20,True,T1583.005 - Resource Development: Acquire Botnet,0.000189185905577,{}
stochastic_normalized_fragility,stochastic_normalized_loo_fragility,2929,35,385,5.260197542025708,385,180,20,True,T1583.005 - Resource Development: Acquire Botnet,0.0001881000178594,{}
stochastic_normalized_fragility,stochastic_normalized_loo_fragility,2929,36,395,5.351222540950403,395,180,20,True,TA0011 - Command-and-Control,0.0002014313999156,{}
stochastic_normalized_fragility,stochastic_normalized_loo_fragility,2929,37,405,5.448260833043605,405,180,20,True,T1036 - Defense Evasion: Masquerading,0.0002072005082724,{}
stochastic_normalized_fragility,stochastic_normalized_loo_fragility,2929,38,415,5.221359916031361,415,180,20,True,T1583.005 - Resource Development: Acquire Botnet,0.000199840273299,{}
stochastic_normalized_fragility,stochastic_normalized_loo_fragility,2929,39,425,5.184631207957864,425,180,20,True,T1036 - Defense Evasion: Masquerading,0.0001820403173192,{}
stochastic_normalized_fragility,stochastic_normalized_loo_fragility,2929,40,435,5.889826333033852,435,180,20,True,T1036 - Defense Evasion: Masquerading,0.0001962019377069,{}
stochastic_normalized_fragility,stochastic_normalized_loo_fragility,2929,41,445,5.304175040917471,445,180,20,True,T1590 - Reconnaissance: Gather Victim Network Information,0.0004215513899977,{}
stochastic_normalized_fragility,stochastic_normalized_loo_fragility,2929,42,455,5.227125584031455,455,180,20,True,T1590 - Reconnaissance: Gather Victim Network Information,0.0004922545131418,{}
stochastic_normalized_fragility,stochastic_normalized_loo_fragility,2929,43,465,5.3159973750589415,465,180,20,True,T1590 - Reconnaissance: Gather Victim Network Information,0.0004689874421528,{}
stochastic_normalized_fragility,stochastic_normalized_loo_fragility,2929,44,475,5.221948334015906,475,180,20,True,TA0011 - Command-and-Control,0.0005484463782382,{}
stochastic_normalized_fragility,stochastic_normalized_loo_fragility,2929,45,485,5.156510957982391,485,180,20,True,TA0011 - Command-and-Control,0.0004210145515861,{}
stochastic_normalized_fragility,stochastic_normalized_loo_fragility,2929,46,495,5.297603624989279,495,180,20,True,T1036 - Defense Evasion: Masquerading,0.0004276675136677,{}
stochastic_normalized_fragility,stochastic_normalized_loo_fragility,2929,47,505,5.4173632089514285,505,180,20,True,T1595 - Reconnaissance: Active Scanning,0.0002373193835869,{}
stochastic_normalized_fragility,stochastic_normalized_loo_fragility,2929,48,515,5.466396625037305,515,180,20,True,T1590 - Reconnaissance: Gather Victim Network Information,0.000493217646315,{}
stochastic_normalized_fragility,stochastic_normalized_loo_fragility,2929,49,525,5.929924416937865,525,180,20,True,TA0011 - Command-and-Control,0.0003885003262947,{}
stochastic_normalized_fragility,stochastic_normalized_loo_fragility,2929,50,535,6.896032250020653,535,180,20,True,T1583.005 - Resource Development: Acquire Botnet,0.0001937250658366,{}
stochastic_normalized_fragility,stochastic_normalized_loo_fragility,2929,51,545,6.131828792043962,545,180,20,True,T1036 - Defense Evasion: Masquerading,0.0001567769190978,{}
stochastic_normalized_fragility,stochastic_normalized_loo_fragility,2929,52,555,6.3052586250705644,555,180,20,True,T1583.005 - Resource Development: Acquire Botnet,0.000197465340406,{}
stochastic_normalized_fragility,stochastic_normalized_loo_fragility,2929,53,565,6.186323625035584,565,180,20,True,T1583.005 - Resource Development: Acquire Botnet,0.0002306563674484,{}
stochastic_normalized_fragility,stochastic_normalized_loo_fragility,2929,54,575,6.056875749956816,575,180,20,True,T1583.005 - Resource Development: Acquire Botnet,0.0002103981509896,{}
stochastic_normalized_fragility,stochastic_normalized_loo_fragility,2929,55,585,6.052474041003734,585,180,20,True,T1583.005 - Resource Development: Acquire Botnet,0.0001936973541969,{}
stochastic_normalized_fragility,stochastic_normalized_loo_fragility,2929,56,595,6.285899540991522,595,180,20,True,T1583.005 - Resource Development: Acquire Botnet,0.0002267081891684,{}
stochastic_normalized_fragility,stochastic_normalized_loo_fragility,2929,57,605,5.893572750035673,605,180,20,True,T1583.005 - Resource Development: Acquire Botnet,0.0002677491896522,{}
stochastic_normalized_fragility,stochastic_normalized_loo_fragility,2929,58,615,6.027440165984444,615,180,20,True,T1036 - Defense Evasion: Masquerading,0.0002504969231252,{}
stochastic_normalized_fragility,stochastic_normalized_loo_fragility,2929,59,625,6.142699041985907,625,180,20,True,T1036 - Defense Evasion: Masquerading,0.0003284261594255,{}
stochastic_normalized_fragility,stochastic_normalized_loo_fragility,2929,60,635,6.396237958106212,635,180,20,True,T1498.002 - Impact: Reflection/Amplification Attack,0.0003613228176736,{}
stochastic_normalized_fragility,stochastic_normalized_loo_fragility,2929,61,645,6.304337584064342,645,180,20,True,T1583.005 - Resource Development: Acquire Botnet,0.0001673411893319,{}
stochastic_normalized_fragility,stochastic_normalized_loo_fragility,2929,62,655,5.83958662499208,655,180,20,True,T1036 - Defense Evasion: Masquerading,0.0002309579027805,{}
stochastic_normalized_fragility,stochastic_normalized_loo_fragility,2929,63,665,5.631697083008476,665,180,20,True,T1583.005 - Resource Development: Acquire Botnet,0.0002331230806404,{}
stochastic_normalized_fragility,stochastic_normalized_loo_fragility,2929,64,675,5.5103895830689,675,180,20,True,T1036 - Defense Evasion: Masquerading,0.0002276878352699,{}
stochastic_normalized_fragility,stochastic_normalized_loo_fragility,2929,65,685,5.613580957986414,685,180,20,True,T1036 - Defense Evasion: Masquerading,0.0002408690740885,{}
stochastic_normalized_fragility,stochastic_normalized_loo_fragility,2929,66,695,5.4670337500283495,695,180,20,True,T1036 - Defense Evasion: Masquerading,0.0002293962855205,{}
stochastic_normalized_fragility,stochastic_normalized_loo_fragility,2929,67,705,5.778122582938522,705,180,20,True,T1036 - Defense Evasion: Masquerading,0.000244479181253,{}
stochastic_normalized_fragility,stochastic_normalized_loo_fragility,2929,68,715,5.843941624974832,715,180,20,True,T1036 - Defense Evasion: Masquerading,0.0002108596226023,{}
stochastic_normalized_fragility,stochastic_normalized_loo_fragility,2929,69,725,5.458714374923147,725,180,20,True,T1590 - Reconnaissance: Gather Victim Network Information,0.0002383267260587,{}
stochastic_normalized_fragility,stochastic_normalized_loo_fragility,2929,70,735,5.779925041017123,735,180,20,True,T1590 - Reconnaissance: Gather Victim Network Information,0.0002465725428204,{}
stochastic_normalized_fragility,stochastic_normalized_loo_fragility,2929,71,745,5.977685125079006,745,180,20,True,T1590 - Reconnaissance: Gather Victim Network Information,0.0003073270673251,{}
stochastic_normalized_fragility,stochastic_normalized_loo_fragility,2929,72,755,5.409593624994159,755,180,20,True,T1583.005 - Resource Development: Acquire Botnet,0.0002504404496031,{}
stochastic_normalized_fragility,stochastic_normalized_loo_fragility,2929,73,765,5.655409541912377,765,180,20,True,TA0011 - Command-and-Control,0.0002127572191194,{}
stochastic_normalized_fragility,stochastic_normalized_loo_fragility,2929,74,775,5.599292416009121,775,180,20,True,T1036 - Defense Evasion: Masquerading,0.0002550826702954,{}
stochastic_normalized_fragility,stochastic_normalized_loo_fragility,2929,75,785,5.491450209054165,785,180,20,True,T1498.001 - Impact: Direct Network Flood,0.0002977159694723,{}
stochastic_normalized_fragility,stochastic_normalized_loo_fragility,2929,76,795,5.496845458983444,795,180,20,True,T1583.005 - Resource Development: Acquire Botnet,0.0001870629964712,{}
stochastic_normalized_fragility,stochastic_normalized_loo_fragility,2929,77,805,5.801717833033763,805,180,20,True,T1036 - Defense Evasion: Masquerading,0.0002662898037565,{}
stochastic_normalized_fragility,stochastic_normalized_loo_fragility,2929,78,815,5.790898874984123,815,180,20,True,T1036 - Defense Evasion: Masquerading,0.0002622061151463,{}
stochastic_normalized_fragility,stochastic_normalized_loo_fragility,2929,79,825,5.902604250004515,825,180,20,True,T1036 - Defense Evasion: Masquerading,0.0002414897086825,{}
stochastic_normalized_fragility,stochastic_normalized_loo_fragility,2929,80,835,5.506202167016454,835,180,20,True,T1036 - Defense Evasion: Masquerading,0.0002849517253836,{}
stochastic_normalized_fragility,stochastic_normalized_loo_fragility,2929,81,845,5.529787584091537,845,180,20,True,T1583.005 - Resource Development: Acquire Botnet,0.0002546496035022,{}
stochastic_normalized_fragility,stochastic_normalized_loo_fragility,2929,82,855,5.494318125071004,855,180,20,True,T1036 - Defense Evasion: Masquerading,0.0001973703704629,{}
stochastic_normalized_fragility,stochastic_normalized_loo_fragility,2929,83,865,5.762779459008016,865,180,20,True,TA0011 - Command-and-Control,0.0002280947628252,{}
stochastic_normalized_fragility,stochastic_normalized_loo_fragility,2929,84,875,5.418487334041856,875,180,20,True,T1595 - Reconnaissance: Active Scanning,0.0004051116213195,{}
stochastic_normalized_fragility,stochastic_normalized_loo_fragility,2929,85,885,5.459193333052099,885,180,20,True,T1595 - Reconnaissance: Active Scanning,0.0001694297322194,{}
stochastic_normalized_fragility,stochastic_normalized_loo_fragility,2929,86,895,5.585336833028123,895,180,20,True,T1036 - Defense Evasion: Masquerading,0.0001827563026957,{}
stochastic_normalized_fragility,stochastic_normalized_loo_fragility,2929,87,905,5.538405500003137,905,180,20,True,T1036 - Defense Evasion: Masquerading,0.0002120801539281,{}
stochastic_normalized_fragility,stochastic_normalized_loo_fragility,2929,88,915,7.268652666010894,915,180,20,True,T1583.005 - Resource Development: Acquire Botnet,0.0001788511994714,{}
stochastic_normalized_fragility,stochastic_normalized_loo_fragility,2929,89,925,7.496656083036214,925,180,20,True,T1583.005 - Resource Development: Acquire Botnet,0.0001888965455257,{}
stochastic_normalized_fragility,stochastic_normalized_loo_fragility,2929,90,935,7.948759749997407,935,180,20,True,T1583.005 - Resource Development: Acquire Botnet,0.0001617393260424,{}
stochastic_normalized_fragility,stochastic_normalized_loo_fragility,2929,91,945,6.770876375027001,945,180,20,True,T1583.005 - Resource Development: Acquire Botnet,0.0001653119680311,{}
stochastic_normalized_fragility,stochastic_normalized_loo_fragility,2929,92,955,7.160078583052382,955,180,20,True,T1583.005 - Resource Development: Acquire Botnet,0.0002077600471664,{}
stochastic_normalized_fragility,stochastic_normalized_loo_fragility,2929,93,965,10.24457945895847,965,180,20,True,T1583.005 - Resource Development: Acquire Botnet,0.000162068042313,{}
stochastic_normalized_fragility,stochastic_normalized_loo_fragility,2929,94,975,6.512431334005669,975,180,20,True,T1036 - Defense Evasion: Masquerading,0.0002316052152839,{}
stochastic_normalized_fragility,stochastic_normalized_loo_fragility,2929,95,985,6.167307999916375,985,180,20,True,T1036 - Defense Evasion: Masquerading,0.000303274255123,{}
stochastic_normalized_fragility,stochastic_normalized_loo_fragility,2929,96,995,6.143647084012628,995,180,20,True,TA0011 - Command-and-Control,0.0003820766895098,{}
stochastic_normalized_fragility,stochastic_normalized_loo_fragility,2929,97,1005,5.868095625075512,1005,180,20,True,TA0011 - Command-and-Control,0.0004296698425732,{}
stochastic_normalized_fragility,stochastic_normalized_loo_fragility,2929,98,1015,5.798511583008803,1015,180,20,True,TA0011 - Command-and-Control,0.000297058497961,{}
stochastic_normalized_fragility,stochastic_normalized_loo_fragility,2929,99,1025,5.78014325001277,1025,180,20,True,T1583.005 - Resource Development: Acquire Botnet,0.0004197439771927,{}
stochastic_normalized_fragility,stochastic_normalized_loo_fragility,2929,100,1035,5.847046666895039,1035,180,20,True,T1036 - Defense Evasion: Masquerading,0.000276693825171,{}
stochastic_normalized_fragility,stochastic_normalized_loo_fragility,2929,101,1045,5.777587207965553,1045,180,20,True,T1595 - Reconnaissance: Active Scanning,0.0002778635949966,{}
stochastic_normalized_fragility,stochastic_normalized_loo_fragility,2929,102,1055,5.904871958075091,1055,180,20,True,T1498.002 - Impact: Reflection/Amplification Attack,0.0003915044246906,{}
stochastic_normalized_fragility,stochastic_normalized_loo_fragility,2929,103,1065,5.947856208076701,1065,180,20,True,T1036 - Defense Evasion: Masquerading,0.0003604579112866,{}
stochastic_normalized_fragility,stochastic_normalized_loo_fragility,2929,104,1075,5.645262000034563,1075,180,20,True,T1036 - Defense Evasion: Masquerading,0.0002631887221081,{}
stochastic_normalized_fragility,stochastic_normalized_loo_fragility,2929,105,1085,5.595203624921851,1085,180,20,True,T1036 - Defense Evasion: Masquerading,0.0002383951494597,{}
stochastic_normalized_fragility,stochastic_normalized_loo_fragility,2929,106,1095,5.639499375014566,1095,180,20,True,TA0011 - Command-and-Control,0.0002192609665148,{}
stochastic_normalized_fragility,stochastic_normalized_loo_fragility,2929,107,1105,5.661085250088945,1105,180,20,True,T1583.005 - Resource Development: Acquire Botnet,0.0002632586639691,{}
stochastic_normalized_fragility,stochastic_normalized_loo_fragility,2929,108,1115,5.769551582983695,1115,180,20,True,T1036 - Defense Evasion: Masquerading,0.0003383272008167,{}
stochastic_normalized_fragility,stochastic_normalized_loo_fragility,2929,109,1125,5.8233307499904186,1125,180,20,True,T1036 - Defense Evasion: Masquerading,0.0003135973637013,{}
stochastic_normalized_fragility,stochastic_normalized_loo_fragility,2929,110,1135,5.654124916996807,1135,180,20,True,T1036 - Defense Evasion: Masquerading,0.0003137230530713,{}
stochastic_normalized_fragility,stochastic_normalized_loo_fragility,2929,111,1145,5.618074374971911,1145,180,20,True,T1590 - Reconnaissance: Gather Victim Network Information,0.0003514493473502,{}
stochastic_normalized_fragility,stochastic_normalized_loo_fragility,2929,112,1155,5.512705750064924,1155,180,20,True,T1036 - Defense Evasion: Masquerading,0.0004288733003332,{}
stochastic_normalized_fragility,stochastic_normalized_loo_fragility,2929,113,1165,5.492594375042245,1165,180,20,True,T1036 - Defense Evasion: Masquerading,0.0005678477612032,{}
stochastic_normalized_fragility,stochastic_normalized_loo_fragility,2929,114,1175,5.447340457933024,1175,180,20,True,T1036 - Defense Evasion: Masquerading,0.0005084996539549,{}
stochastic_normalized_fragility,stochastic_normalized_loo_fragility,2929,115,1185,5.576853791018948,1185,180,20,True,T1583.005 - Resource Development: Acquire Botnet,0.0004529574155545,{}
stochastic_normalized_fragility,stochastic_normalized_loo_fragility,2929,116,1195,5.528567457920872,1195,180,20,True,T1036 - Defense Evasion: Masquerading,0.0002100104428704,{}
stochastic_normalized_fragility,stochastic_normalized_loo_fragility,2929,117,1205,5.355477874982171,1205,180,20,True,T1036 - Defense Evasion: Masquerading,0.0002079860545654,{}
stochastic_normalized_fragility,stochastic_normalized_loo_fragility,2929,118,1215,5.524642875068821,1215,180,20,True,T1036 - Defense Evasion: Masquerading,0.0001950173604644,{}
stochastic_normalized_fragility,stochastic_normalized_loo_fragility,2929,119,1225,5.810953458072618,1225,180,20,True,T1036 - Defense Evasion: Masquerading,0.0002038525469199,{}
stochastic_normalized_fragility,stochastic_normalized_loo_fragility,2929,120,1235,6.559455624897964,1235,180,20,True,T1036 - Defense Evasion: Masquerading,0.0002035480578515,{}
stochastic_normalized_fragility,stochastic_normalized_loo_fragility,2929,121,1245,5.6147107090801,1245,180,20,True,T1583.005 - Resource Development: Acquire Botnet,0.0001875316679121,{}
stochastic_normalized_fragility,stochastic_normalized_loo_fragility,2929,122,1255,5.768490709015168,1255,180,20,True,T1498.001 - Impact: Direct Network Flood,0.0001798613448674,{}
stochastic_normalized_fragility,stochastic_normalized_loo_fragility,2929,123,1265,5.681380708003417,1265,180,20,True,T1036 - Defense Evasion: Masquerading,0.0002652474385571,{}
stochastic_normalized_fragility,stochastic_normalized_loo_fragility,2929,124,1275,5.477580999955535,1275,180,20,True,T1584.005 - Resource Development: Build/Compromise Botnet,0.000231699744291,{}
stochastic_normalized_fragility,stochastic_normalized_loo_fragility,2929,125,1285,5.688393874908797,1285,180,20,True,T1036 - Defense Evasion: Masquerading,0.0001890012129945,{}
stochastic_normalized_fragility,stochastic_normalized_loo_fragility,2929,126,1295,5.879731624969281,1295,180,20,True,T1584.005 - Resource Development: Build/Compromise Botnet,0.0002769661353749,{}
stochastic_normalized_fragility,stochastic_normalized_loo_fragility,2929,127,1305,5.480149667011574,1305,180,20,True,T1584.005 - Resource Development: Build/Compromise Botnet,0.0002713026859755,{}
stochastic_normalized_fragility,stochastic_normalized_loo_fragility,2929,128,1315,5.807301542023197,1315,180,20,True,T1584.005 - Resource Development: Build/Compromise Botnet,0.000248946538568,{}
stochastic_normalized_fragility,stochastic_normalized_loo_fragility,2929,129,1325,5.555774208041839,1325,180,20,True,T1584.005 - Resource Development: Build/Compromise Botnet,0.0002258015557485,{}
stochastic_normalized_fragility,stochastic_normalized_loo_fragility,2929,130,1335,5.7228069169213995,1335,180,20,True,T1583.005 - Resource Development: Acquire Botnet,0.0003397301501039,{}
stochastic_normalized_fragility,stochastic_normalized_loo_fragility,2929,131,1345,5.5033372500911355,1345,180,20,True,T1036 - Defense Evasion: Masquerading,0.0002850916841577,{}
stochastic_normalized_fragility,stochastic_normalized_loo_fragility,2929,132,1355,5.599575583008118,1355,180,20,True,T1036 - Defense Evasion: Masquerading,0.0002078997711609,{}
stochastic_normalized_fragility,stochastic_normalized_loo_fragility,2929,133,1365,5.61694916698616,1365,180,20,True,T1036 - Defense Evasion: Masquerading,0.0002960248049617,{}
stochastic_normalized_fragility,stochastic_normalized_loo_fragility,2929,134,1375,5.51217058300972,1375,180,20,True,T1036 - Defense Evasion: Masquerading,0.0003665573171483,{}
stochastic_normalized_fragility,stochastic_normalized_loo_fragility,2929,135,1385,5.621856167097576,1385,180,20,True,T1036 - Defense Evasion: Masquerading,0.0002111209479201,{}
stochastic_normalized_fragility,stochastic_normalized_loo_fragility,2929,136,1395,5.607060624985024,1395,180,20,True,T1583.005 - Resource Development: Acquire Botnet,0.0001851228401991,{}
stochastic_normalized_fragility,stochastic_normalized_loo_fragility,2929,137,1405,5.4574177080066875,1405,180,20,True,TA0011 - Command-and-Control,0.0003166059810189,{}
stochastic_normalized_fragility,stochastic_normalized_loo_fragility,2929,138,1415,5.459711082978174,1415,180,20,True,TA0011 - Command-and-Control,0.0004269166971451,{}
stochastic_normalized_fragility,stochastic_normalized_loo_fragility,2929,139,1425,5.721059917006642,1425,180,20,True,T1036 - Defense Evasion: Masquerading,0.0003051410107016,{}
stochastic_normalized_fragility,stochastic_normalized_loo_fragility,2929,140,1435,5.546868916950189,1435,180,20,True,T1036 - Defense Evasion: Masquerading,0.0002483434443788,{}
stochastic_normalized_fragility,stochastic_normalized_loo_fragility,2929,141,1445,5.480670124990866,1445,180,20,True,T1036 - Defense Evasion: Masquerading,0.0001755749366872,{}
stochastic_normalized_fragility,stochastic_normalized_loo_fragility,2929,142,1455,5.793206291971728,1455,180,20,True,T1583.005 - Resource Development: Acquire Botnet,0.000201483316331,{}
stochastic_normalized_fragility,stochastic_normalized_loo_fragility,2929,143,1465,5.685326249920763,1465,180,20,True,T1583.005 - Resource Development: Acquire Botnet,0.0002578271540353,{}
stochastic_normalized_fragility,stochastic_normalized_loo_fragility,2929,144,1475,5.555839999928139,1475,180,20,True,T1583.005 - Resource Development: Acquire Botnet,0.000227568951105,{}
stochastic_normalized_fragility,stochastic_normalized_loo_fragility,2929,145,1485,5.533634208026342,1485,180,20,True,T1583.005 - Resource Development: Acquire Botnet,0.0002414306626716,{}
stochastic_normalized_fragility,stochastic_normalized_loo_fragility,2929,146,1495,5.553495500003919,1495,180,20,True,T1583.005 - Resource Development: Acquire Botnet,0.0002237148706924,{}
stochastic_normalized_fragility,stochastic_normalized_loo_fragility,2929,147,1505,5.6049273340031505,1505,180,20,True,T1583.005 - Resource Development: Acquire Botnet,0.0002195489078612,{}
stochastic_normalized_fragility,stochastic_normalized_loo_fragility,2929,148,1515,5.767446707934141,1515,180,20,True,TA0011 - Command-and-Control,0.000376336734571,{}
stochastic_normalized_fragility,stochastic_normalized_loo_fragility,2929,149,1525,5.601348500000313,1525,180,20,True,T1036 - Defense Evasion: Masquerading,0.0003088019639917,{}
stochastic_normalized_fragility,stochastic_normalized_loo_fragility,2929,150,1535,5.554991957964376,1535,180,20,True,T1595 - Reconnaissance: Active Scanning,0.0003410330451206,{}
stochastic_normalized_fragility,stochastic_normalized_loo_fragility,2929,151,1545,5.608244000002742,1545,180,20,True,TA0011 - Command-and-Control,0.00026360997358,{}
stochastic_normalized_fragility,stochastic_normalized_loo_fragility,2929,152,1555,5.559982459060848,1555,180,20,True,T1036 - Defense Evasion: Masquerading,0.0002339086293571,{}
stochastic_normalized_fragility,stochastic_normalized_loo_fragility,2929,153,1565,5.762302541988902,1565,180,20,True,TA0011 - Command-and-Control,0.0002294175948853,{}
stochastic_normalized_fragility,stochastic_normalized_loo_fragility,2929,154,1575,5.613162207999267,1575,180,20,True,T1036 - Defense Evasion: Masquerading,0.0002392751902086,{}
stochastic_normalized_fragility,stochastic_normalized_loo_fragility,2929,155,1585,5.853626916999929,1585,180,20,True,T1036 - Defense Evasion: Masquerading,0.0002290752788563,{}
stochastic_normalized_fragility,stochastic_normalized_loo_fragility,2929,156,1595,5.6377612500218675,1595,180,20,True,T1583.005 - Resource Development: Acquire Botnet,0.0002242534327129,{}
stochastic_normalized_fragility,stochastic_normalized_loo_fragility,2929,157,1605,5.622159791993909,1605,180,20,True,T1583.005 - Resource Development: Acquire Botnet,0.0001840042904711,{}
stochastic_normalized_fragility,stochastic_normalized_loo_fragility,2929,158,1615,5.794719749945216,1615,180,20,True,T1036 - Defense Evasion: Masquerading,0.0002376092149125,{}
stochastic_normalized_fragility,stochastic_normalized_loo_fragility,2929,159,1625,5.839017082937062,1625,180,20,True,T1036 - Defense Evasion: Masquerading,0.000315021849939,{}
stochastic_normalized_fragility,stochastic_normalized_loo_fragility,2929,160,1635,5.741193874971941,1635,180,20,True,T1036 - Defense Evasion: Masquerading,0.0002710622283529,{}
stochastic_normalized_fragility,stochastic_normalized_loo_fragility,2929,161,1645,5.989105417043902,1645,180,20,True,T1590 - Reconnaissance: Gather Victim Network Information,0.0003715857013831,{}
stochastic_normalized_fragility,stochastic_normalized_loo_fragility,2929,162,1655,5.819393999991007,1655,180,20,True,T1036 - Defense Evasion: Masquerading,0.0002964769520302,{}
stochastic_normalized_fragility,stochastic_normalized_loo_fragility,2929,163,1665,5.560126583091915,1665,180,20,True,T1036 - Defense Evasion: Masquerading,0.0002509683957121,{}
stochastic_normalized_fragility,stochastic_normalized_loo_fragility,2929,164,1675,5.5404090830124915,1675,180,20,True,T1583.005 - Resource Development: Acquire Botnet,0.0001967690816945,{}
stochastic_normalized_fragility,stochastic_normalized_loo_fragility,2929,165,1685,5.642992084030993,1685,180,20,True,T1036 - Defense Evasion: Masquerading,0.0002988610439485,{}
stochastic_normalized_fragility,stochastic_normalized_loo_fragility,2929,166,1695,5.766837915987708,1695,180,20,True,T1583.005 - Resource Development: Acquire Botnet,0.0001816024285544,{}
stochastic_normalized_fragility,stochastic_normalized_loo_fragility,2929,167,1705,5.715756583027542,1705,180,20,True,T1583.005 - Resource Development: Acquire Botnet,0.0002680661292698,{}
stochastic_normalized_fragility,stochastic_normalized_loo_fragility,2929,168,1715,5.601274167071097,1715,180,20,True,TA0011 - Command-and-Control,0.0002819242255803,{}
stochastic_normalized_fragility,stochastic_normalized_loo_fragility,2929,169,1725,5.580419834004715,1725,180,20,True,T1583.005 - Resource Development: Acquire Botnet,0.0002450837994343,{}
stochastic_normalized_fragility,stochastic_normalized_loo_fragility,2929,170,1735,5.487539333989844,1735,180,20,True,T1583.005 - Resource Development: Acquire Botnet,0.0002747093567896,{}
stochastic_normalized_fragility,stochastic_normalized_loo_fragility,2929,171,1745,5.650951125076972,1745,180,20,True,T1583.005 - Resource Development: Acquire Botnet,0.0002328079882156,{}
stochastic_normalized_fragility,stochastic_normalized_loo_fragility,2929,172,1755,5.94775412499439,1755,180,20,True,T1583.005 - Resource Development: Acquire Botnet,0.0002668268426392,{}
stochastic_normalized_fragility,stochastic_normalized_loo_fragility,2929,173,1765,5.511903792037629,1765,180,20,True,T1583.005 - Resource Development: Acquire Botnet,0.0002277889748279,{}
stochastic_normalized_fragility,stochastic_normalized_loo_fragility,2929,174,1775,5.49852045904845,1775,180,20,True,T1583.005 - Resource Development: Acquire Botnet,0.0002343381659099,{}
stochastic_normalized_fragility,stochastic_normalized_loo_fragility,2929,175,1785,5.278247375041246,1785,180,20,True,T1583.005 - Resource Development: Acquire Botnet,0.0002341635277502,{}
stochastic_normalized_fragility,stochastic_normalized_loo_fragility,2929,176,1795,3.9379875829909,1795,180,20,True,T1583.005 - Resource Development: Acquire Botnet,0.0002393023104792,{}
stochastic_normalized_fragility,stochastic_normalized_loo_fragility,3030,1,45,1.6100658329669386,45,45,20,False,T1498.002 - Impact: Reflection/Amplification Attack,0.0005952962577957,{}
stochastic_normalized_fragility,stochastic_normalized_loo_fragility,3030,2,55,2.414337291033007,55,55,20,False,T1498.002 - Impact: Reflection/Amplification Attack,0.0006027604641639,{}
stochastic_normalized_fragility,stochastic_normalized_loo_fragility,3030,3,65,2.7836593750398606,65,65,20,False,T1584.005 - Resource Development: Build/Compromise Botnet,0.0003785574395265,{}
stochastic_normalized_fragility,stochastic_normalized_loo_fragility,3030,4,75,3.4780397079885006,75,75,20,False,T1583.005 - Resource Development: Acquire Botnet,0.000288340041203,{}
stochastic_normalized_fragility,stochastic_normalized_loo_fragility,3030,5,85,3.5299377919873223,85,85,20,False,T1590 - Reconnaissance: Gather Victim Network Information,0.0003405446504198,{}
stochastic_normalized_fragility,stochastic_normalized_loo_fragility,3030,6,95,3.5491822919575498,95,95,20,False,T1036 - Defense Evasion: Masquerading,0.0001917944263085,{}
stochastic_normalized_fragility,stochastic_normalized_loo_fragility,3030,7,105,4.123454499989748,105,105,20,False,TA0011 - Command-and-Control,0.0001671158000836,{}
stochastic_normalized_fragility,stochastic_normalized_loo_fragility,3030,8,115,4.304170083021745,115,115,20,False,T1583.005 - Resource Development: Acquire Botnet,0.0002727527320871,{}
stochastic_normalized_fragility,stochastic_normalized_loo_fragility,3030,9,125,4.9650341250235215,125,125,20,False,T1583.005 - Resource Development: Acquire Botnet,0.0002779899232941,{}
stochastic_normalized_fragility,stochastic_normalized_loo_fragility,3030,10,135,4.944164749933407,135,135,20,False,T1583.005 - Resource Development: Acquire Botnet,0.0002823229889953,{}
stochastic_normalized_fragility,stochastic_normalized_loo_fragility,3030,11,145,5.866908208001405,145,142,20,True,T1583.005 - Resource Development: Acquire Botnet,0.0002291531004742,{}
stochastic_normalized_fragility,stochastic_normalized_loo_fragility,3030,12,155,5.819378542015329,155,149,20,True,T1590 - Reconnaissance: Gather Victim Network Information,0.0002358240569932,{}
stochastic_normalized_fragility,stochastic_normalized_loo_fragility,3030,13,165,6.078652665950358,165,155,20,True,T1583.005 - Resource Development: Acquire Botnet,0.0002221206040936,{}
stochastic_normalized_fragility,stochastic_normalized_loo_fragility,3030,14,175,6.822599916020408,175,160,20,True,T1036 - Defense Evasion: Masquerading,0.0001909078531592,{}
stochastic_normalized_fragility,stochastic_normalized_loo_fragility,3030,15,185,6.991809125058353,185,166,20,True,T1036 - Defense Evasion: Masquerading,0.0002375839072192,{}
stochastic_normalized_fragility,stochastic_normalized_loo_fragility,3030,16,195,7.844588582986035,195,169,20,True,T1583.005 - Resource Development: Acquire Botnet,0.00029323010695,{}
stochastic_normalized_fragility,stochastic_normalized_loo_fragility,3030,17,205,7.864582624984905,205,172,20,True,TA0011 - Command-and-Control,0.0004748316864243,{}
stochastic_normalized_fragility,stochastic_normalized_loo_fragility,3030,18,215,8.187009792076424,215,176,20,True,TA0011 - Command-and-Control,0.0004052333773519,{}
stochastic_normalized_fragility,stochastic_normalized_loo_fragility,3030,19,225,7.365965791977942,225,179,20,True,TA0011 - Command-and-Control,0.0002657963779367,{}
stochastic_normalized_fragility,stochastic_normalized_loo_fragility,3030,20,235,7.539008999941871,235,180,20,True,T1584.005 - Resource Development: Build/Compromise Botnet,0.0003275920586915,{}
stochastic_normalized_fragility,stochastic_normalized_loo_fragility,3030,21,245,7.754814958083443,245,180,20,True,T1583.005 - Resource Development: Acquire Botnet,0.0002795590609488,{}
stochastic_normalized_fragility,stochastic_normalized_loo_fragility,3030,22,255,10.11030724993907,255,180,20,True,T1036 - Defense Evasion: Masquerading,0.0002725748999889,{}
stochastic_normalized_fragility,stochastic_normalized_loo_fragility,3030,23,265,7.709427791996859,265,180,20,True,T1036 - Defense Evasion: Masquerading,0.0002075080989528,{}
stochastic_normalized_fragility,stochastic_normalized_loo_fragility,3030,24,275,7.282963583013043,275,180,20,True,T1583.005 - Resource Development: Acquire Botnet,0.0002045366163248,{}
stochastic_normalized_fragility,stochastic_normalized_loo_fragility,3030,25,285,8.078487207996659,285,180,20,True,T1036 - Defense Evasion: Masquerading,0.0003800847711756,{}
stochastic_normalized_fragility,stochastic_normalized_loo_fragility,3030,26,295,9.936061167041771,295,180,20,True,T1571 - Defense Evasion: Non-Standard Port,0.0003754872393375,{}
stochastic_normalized_fragility,stochastic_normalized_loo_fragility,3030,27,305,6.784556542057544,305,180,20,True,T1583.005 - Resource Development: Acquire Botnet,0.0001979380929164,{}
stochastic_normalized_fragility,stochastic_normalized_loo_fragility,3030,28,315,5.664399040979333,315,180,20,True,T1583.005 - Resource Development: Acquire Botnet,0.000192388970532,{}
stochastic_normalized_fragility,stochastic_normalized_loo_fragility,3030,29,325,6.214451958076097,325,180,20,True,T1583.005 - Resource Development: Acquire Botnet,0.0002916671917189,{}
stochastic_normalized_fragility,stochastic_normalized_loo_fragility,3030,30,335,5.674226416973397,335,180,20,True,T1583.005 - Resource Development: Acquire Botnet,0.0003020547122987,{}
stochastic_normalized_fragility,stochastic_normalized_loo_fragility,3030,31,345,5.172019499936141,345,180,20,True,T1583.005 - Resource Development: Acquire Botnet,0.0002368018783864,{}
stochastic_normalized_fragility,stochastic_normalized_loo_fragility,3030,32,355,5.39210708392784,355,180,20,True,T1583.005 - Resource Development: Acquire Botnet,0.0002136099277605,{}
stochastic_normalized_fragility,stochastic_normalized_loo_fragility,3030,33,365,5.235874584061094,365,180,20,True,T1036 - Defense Evasion: Masquerading,0.0001869345194034,{}
stochastic_normalized_fragility,stochastic_normalized_loo_fragility,3030,34,375,5.338569833082147,375,180,20,True,T1583.005 - Resource Development: Acquire Botnet,0.0002496153664516,{}
stochastic_normalized_fragility,stochastic_normalized_loo_fragility,3030,35,385,5.2503431249642745,385,180,20,True,TA0011 - Command-and-Control,0.00035391204197,{}
stochastic_normalized_fragility,stochastic_normalized_loo_fragility,3030,36,395,5.341423042002134,395,180,20,True,T1036 - Defense Evasion: Masquerading,0.0005465879016806,{}
stochastic_normalized_fragility,stochastic_normalized_loo_fragility,3030,37,405,5.378207374946214,405,180,20,True,T1036 - Defense Evasion: Masquerading,0.0003241915342945,{}
stochastic_normalized_fragility,stochastic_normalized_loo_fragility,3030,38,415,5.200228499947116,415,180,20,True,T1036 - Defense Evasion: Masquerading,0.0002949731040396,{}
stochastic_normalized_fragility,stochastic_normalized_loo_fragility,3030,39,425,5.193019874976017,425,180,20,True,T1036 - Defense Evasion: Masquerading,0.0002706253387567,{}
stochastic_normalized_fragility,stochastic_normalized_loo_fragility,3030,40,435,5.850686791935004,435,180,20,True,T1036 - Defense Evasion: Masquerading,0.0002648384335606,{}
stochastic_normalized_fragility,stochastic_normalized_loo_fragility,3030,41,445,5.291735084028915,445,180,20,True,T1036 - Defense Evasion: Masquerading,0.0001824269420559,{}
stochastic_normalized_fragility,stochastic_normalized_loo_fragility,3030,42,455,5.233749542036094,455,180,20,True,T1590 - Reconnaissance: Gather Victim Network Information,0.0006419046257474,{}
stochastic_normalized_fragility,stochastic_normalized_loo_fragility,3030,43,465,5.217675291001797,465,180,20,True,T1590 - Reconnaissance: Gather Victim Network Information,0.0005403203813267,{}
stochastic_normalized_fragility,stochastic_normalized_loo_fragility,3030,44,475,5.193565874942578,475,180,20,True,TA0011 - Command-and-Control,0.0001994056576288,{}
stochastic_normalized_fragility,stochastic_normalized_loo_fragility,3030,45,485,5.173164959065616,485,180,20,True,TA0011 - Command-and-Control,0.0001965156553973,{}
stochastic_normalized_fragility,stochastic_normalized_loo_fragility,3030,46,495,5.266898166039027,495,180,20,True,T1036 - Defense Evasion: Masquerading,0.000160395717631,{}
stochastic_normalized_fragility,stochastic_normalized_loo_fragility,3030,47,505,5.418533207965083,505,180,20,True,TA0011 - Command-and-Control,0.0001677671289241,{}
stochastic_normalized_fragility,stochastic_normalized_loo_fragility,3030,48,515,5.457825249992311,515,180,20,True,T1036 - Defense Evasion: Masquerading,0.0002131201004234,{}
stochastic_normalized_fragility,stochastic_normalized_loo_fragility,3030,49,525,5.97311012505088,525,180,20,True,T1036 - Defense Evasion: Masquerading,0.0001889544594195,{}
stochastic_normalized_fragility,stochastic_normalized_loo_fragility,3030,50,535,7.025163499987684,535,180,20,True,T1583.005 - Resource Development: Acquire Botnet,0.0001951699908072,{}
stochastic_normalized_fragility,stochastic_normalized_loo_fragility,3030,51,545,6.029340874985792,545,180,20,True,T1583.005 - Resource Development: Acquire Botnet,0.000208558184062,{}
stochastic_normalized_fragility,stochastic_normalized_loo_fragility,3030,52,555,6.546664875000715,555,180,20,True,T1583.005 - Resource Development: Acquire Botnet,0.0001941216554173,{}
stochastic_normalized_fragility,stochastic_normalized_loo_fragility,3030,53,565,6.25368691701442,565,180,20,True,T1583.005 - Resource Development: Acquire Botnet,0.0001913043782508,{}
stochastic_normalized_fragility,stochastic_normalized_loo_fragility,3030,54,575,6.048467125045136,575,180,20,True,T1583.005 - Resource Development: Acquire Botnet,0.0002502366603143,{}
stochastic_normalized_fragility,stochastic_normalized_loo_fragility,3030,55,585,6.044998291064985,585,180,20,True,T1583.005 - Resource Development: Acquire Botnet,0.0003064970326491,{}
stochastic_normalized_fragility,stochastic_normalized_loo_fragility,3030,56,595,6.2614903330104426,595,180,20,True,T1583.005 - Resource Development: Acquire Botnet,0.0003187281035597,{}
stochastic_normalized_fragility,stochastic_normalized_loo_fragility,3030,57,605,5.8789110409561545,605,180,20,True,T1583.005 - Resource Development: Acquire Botnet,0.0004036333419505,{}
stochastic_normalized_fragility,stochastic_normalized_loo_fragility,3030,58,615,6.132905834005214,615,180,20,True,T1583.005 - Resource Development: Acquire Botnet,0.0003292661805925,{}
stochastic_normalized_fragility,stochastic_normalized_loo_fragility,3030,59,625,6.160304041928612,625,180,20,True,T1583.005 - Resource Development: Acquire Botnet,0.0002759612405084,{}
stochastic_normalized_fragility,stochastic_normalized_loo_fragility,3030,60,635,6.386376249953173,635,180,20,True,T1583.005 - Resource Development: Acquire Botnet,0.0003285400200082,{}
stochastic_normalized_fragility,stochastic_normalized_loo_fragility,3030,61,645,6.198990082950331,645,180,20,True,TA0011 - Command-and-Control,0.0002923469086835,{}
stochastic_normalized_fragility,stochastic_normalized_loo_fragility,3030,62,655,5.700830625020899,655,180,20,True,T1583.005 - Resource Development: Acquire Botnet,0.0002753690893852,{}
stochastic_normalized_fragility,stochastic_normalized_loo_fragility,3030,63,665,5.5496635410236195,665,180,20,True,T1583.005 - Resource Development: Acquire Botnet,0.0003081444244542,{}
stochastic_normalized_fragility,stochastic_normalized_loo_fragility,3030,64,675,5.473925166996196,675,180,20,True,T1583.005 - Resource Development: Acquire Botnet,0.0001668516395715,{}
stochastic_normalized_fragility,stochastic_normalized_loo_fragility,3030,65,685,5.566185541916639,685,180,20,True,T1595 - Reconnaissance: Active Scanning,0.0001540845091136,{}
stochastic_normalized_fragility,stochastic_normalized_loo_fragility,3030,66,695,5.537709041964263,695,180,20,True,T1036 - Defense Evasion: Masquerading,0.0002297159967354,{}
stochastic_normalized_fragility,stochastic_normalized_loo_fragility,3030,67,705,5.716371666989289,705,180,20,True,T1036 - Defense Evasion: Masquerading,0.0003731104472103,{}
stochastic_normalized_fragility,stochastic_normalized_loo_fragility,3030,68,715,5.768894542008638,715,180,20,True,T1036 - Defense Evasion: Masquerading,0.0004412087333982,{}
stochastic_normalized_fragility,stochastic_normalized_loo_fragility,3030,69,725,5.4523986669955775,725,180,20,True,T1036 - Defense Evasion: Masquerading,0.0002387701322123,{}
stochastic_normalized_fragility,stochastic_normalized_loo_fragility,3030,70,735,5.7953739169752225,735,180,20,True,T1036 - Defense Evasion: Masquerading,0.0001896370084175,{}
stochastic_normalized_fragility,stochastic_normalized_loo_fragility,3030,71,745,5.8514020420843735,745,180,20,True,T1036 - Defense Evasion: Masquerading,0.000206916760733,{}
stochastic_normalized_fragility,stochastic_normalized_loo_fragility,3030,72,755,5.400341207976453,755,180,20,True,T1036 - Defense Evasion: Masquerading,0.0002784684701281,{}
stochastic_normalized_fragility,stochastic_normalized_loo_fragility,3030,73,765,5.655099750030786,765,180,20,True,T1583.005 - Resource Development: Acquire Botnet,0.0003022260474835,{}
stochastic_normalized_fragility,stochastic_normalized_loo_fragility,3030,74,775,5.5476532080210745,775,180,20,True,T1583.005 - Resource Development: Acquire Botnet,0.0003269811602928,{}
stochastic_normalized_fragility,stochastic_normalized_loo_fragility,3030,75,785,5.451999166980386,785,180,20,True,T1590 - Reconnaissance: Gather Victim Network Information,0.0005123247689024,{}
stochastic_normalized_fragility,stochastic_normalized_loo_fragility,3030,76,795,5.461278790957294,795,180,20,True,T1590 - Reconnaissance: Gather Victim Network Information,0.0005155904872397,{}
stochastic_normalized_fragility,stochastic_normalized_loo_fragility,3030,77,805,5.741631250013597,805,180,20,True,T1590 - Reconnaissance: Gather Victim Network Information,0.0003854635655328,{}
stochastic_normalized_fragility,stochastic_normalized_loo_fragility,3030,78,815,5.793875292059965,815,180,20,True,T1036 - Defense Evasion: Masquerading,0.0002987387970322,{}
stochastic_normalized_fragility,stochastic_normalized_loo_fragility,3030,79,825,5.886643792036921,825,180,20,True,T1595 - Reconnaissance: Active Scanning,0.000342323000027,{}
stochastic_normalized_fragility,stochastic_normalized_loo_fragility,3030,80,835,5.446308249956928,835,180,20,True,T1595 - Reconnaissance: Active Scanning,0.000282954031643,{}
stochastic_normalized_fragility,stochastic_normalized_loo_fragility,3030,81,845,5.422400833107531,845,180,20,True,T1583.005 - Resource Development: Acquire Botnet,0.0002572990992451,{}
stochastic_normalized_fragility,stochastic_normalized_loo_fragility,3030,82,855,5.422517917002551,855,180,20,True,T1583.005 - Resource Development: Acquire Botnet,0.0002330931189657,{}
stochastic_normalized_fragility,stochastic_normalized_loo_fragility,3030,83,865,5.71649154194165,865,180,20,True,T1583.005 - Resource Development: Acquire Botnet,0.0002224374305471,{}
stochastic_normalized_fragility,stochastic_normalized_loo_fragility,3030,84,875,5.403980834060349,875,180,20,True,T1583.005 - Resource Development: Acquire Botnet,0.0002578413898414,{}
stochastic_normalized_fragility,stochastic_normalized_loo_fragility,3030,85,885,5.509640500065871,885,180,20,True,TA0011 - Command-and-Control,0.0002612191799663,{}
stochastic_normalized_fragility,stochastic_normalized_loo_fragility,3030,86,895,5.5756145840277895,895,180,20,True,T1036 - Defense Evasion: Masquerading,0.0003418590751076,{}
stochastic_normalized_fragility,stochastic_normalized_loo_fragility,3030,87,905,5.532353041926399,905,180,20,True,T1036 - Defense Evasion: Masquerading,0.0002582289541373,{}
stochastic_normalized_fragility,stochastic_normalized_loo_fragility,3030,88,915,7.289639957947656,915,180,20,True,T1036 - Defense Evasion: Masquerading,0.0002696459067157,{}
stochastic_normalized_fragility,stochastic_normalized_loo_fragility,3030,89,925,7.514334665960632,925,180,20,True,T1583.005 - Resource Development: Acquire Botnet,0.0003076401915383,{}
stochastic_normalized_fragility,stochastic_normalized_loo_fragility,3030,90,935,8.07031374995131,935,180,20,True,T1583.005 - Resource Development: Acquire Botnet,0.0001949699778807,{}
stochastic_normalized_fragility,stochastic_normalized_loo_fragility,3030,91,945,6.8646441659657285,945,180,20,True,T1498.001 - Impact: Direct Network Flood,0.0001878630755055,{}
stochastic_normalized_fragility,stochastic_normalized_loo_fragility,3030,92,955,7.196133707999252,955,180,20,True,T1584.005 - Resource Development: Build/Compromise Botnet,0.0001893923599891,{}
stochastic_normalized_fragility,stochastic_normalized_loo_fragility,3030,93,965,10.232598749920726,965,180,20,True,T1583.005 - Resource Development: Acquire Botnet,0.0002346383176097,{}
stochastic_normalized_fragility,stochastic_normalized_loo_fragility,3030,94,975,6.3989377920515835,975,180,20,True,T1036 - Defense Evasion: Masquerading,0.000241084268467,{}
stochastic_normalized_fragility,stochastic_normalized_loo_fragility,3030,95,985,6.166957417037338,985,180,20,True,T1583.005 - Resource Development: Acquire Botnet,0.0002502542756956,{}
stochastic_normalized_fragility,stochastic_normalized_loo_fragility,3030,96,995,6.167735791997984,995,180,20,True,TA0011 - Command-and-Control,0.0002244233614792,{}
stochastic_normalized_fragility,stochastic_normalized_loo_fragility,3030,97,1005,5.887506833998486,1005,180,20,True,T1036 - Defense Evasion: Masquerading,0.0002096268011932,{}
stochastic_normalized_fragility,stochastic_normalized_loo_fragility,3030,98,1015,5.808409292018041,1015,180,20,True,T1036 - Defense Evasion: Masquerading,0.0002183056365366,{}
stochastic_normalized_fragility,stochastic_normalized_loo_fragility,3030,99,1025,5.743530459003523,1025,180,20,True,T1583.005 - Resource Development: Acquire Botnet,0.0002061650165185,{}
stochastic_normalized_fragility,stochastic_normalized_loo_fragility,3030,100,1035,5.781548000057228,1035,180,20,True,T1036 - Defense Evasion: Masquerading,0.0002541369735194,{}
stochastic_normalized_fragility,stochastic_normalized_loo_fragility,3030,101,1045,5.724872792023234,1045,180,20,True,T1036 - Defense Evasion: Masquerading,0.000307463833364,{}
stochastic_normalized_fragility,stochastic_normalized_loo_fragility,3030,102,1055,5.887125707929954,1055,180,20,True,T1036 - Defense Evasion: Masquerading,0.0003148297449836,{}
stochastic_normalized_fragility,stochastic_normalized_loo_fragility,3030,103,1065,5.952213832992129,1065,180,20,True,T1590 - Reconnaissance: Gather Victim Network Information,0.0004096116995331,{}
stochastic_normalized_fragility,stochastic_normalized_loo_fragility,3030,104,1075,5.6179728750139475,1075,180,20,True,T1590 - Reconnaissance: Gather Victim Network Information,0.0002778622301398,{}
stochastic_normalized_fragility,stochastic_normalized_loo_fragility,3030,105,1085,5.589236833970062,1085,180,20,True,T1036 - Defense Evasion: Masquerading,0.0001922829050749,{}
stochastic_normalized_fragility,stochastic_normalized_loo_fragility,3030,106,1095,5.632054542074911,1095,180,20,True,TA0011 - Command-and-Control,0.0001919965875689,{}
stochastic_normalized_fragility,stochastic_normalized_loo_fragility,3030,107,1105,5.620954417041503,1105,180,20,True,T1036 - Defense Evasion: Masquerading,0.0004286915431086,{}
stochastic_normalized_fragility,stochastic_normalized_loo_fragility,3030,108,1115,5.739005541079678,1115,180,20,True,T1583.005 - Resource Development: Acquire Botnet,0.0002490066002154,{}
stochastic_normalized_fragility,stochastic_normalized_loo_fragility,3030,109,1125,5.816603500046767,1125,180,20,True,T1583.005 - Resource Development: Acquire Botnet,0.0002236616226605,{}
stochastic_normalized_fragility,stochastic_normalized_loo_fragility,3030,110,1135,5.6839029169641435,1135,180,20,True,T1583.005 - Resource Development: Acquire Botnet,0.0002703888680711,{}
stochastic_normalized_fragility,stochastic_normalized_loo_fragility,3030,111,1145,5.636641874909401,1145,180,20,True,T1036 - Defense Evasion: Masquerading,0.0002484377023463,{}
stochastic_normalized_fragility,stochastic_normalized_loo_fragility,3030,112,1155,5.493543416960165,1155,180,20,True,T1036 - Defense Evasion: Masquerading,0.0002367927289463,{}
stochastic_normalized_fragility,stochastic_normalized_loo_fragility,3030,113,1165,5.491674541030079,1165,180,20,True,T1036 - Defense Evasion: Masquerading,0.0001743556073229,{}
stochastic_normalized_fragility,stochastic_normalized_loo_fragility,3030,114,1175,5.407822957960889,1175,180,20,True,T1590 - Reconnaissance: Gather Victim Network Information,0.0002575932005385,{}
stochastic_normalized_fragility,stochastic_normalized_loo_fragility,3030,115,1185,5.6181390839628875,1185,180,20,True,T1590 - Reconnaissance: Gather Victim Network Information,0.000291743445648,{}
stochastic_normalized_fragility,stochastic_normalized_loo_fragility,3030,116,1195,5.4837452080100775,1195,180,20,True,T1583.005 - Resource Development: Acquire Botnet,0.0002066656317149,{}
stochastic_normalized_fragility,stochastic_normalized_loo_fragility,3030,117,1205,5.371124375029467,1205,180,20,True,T1036 - Defense Evasion: Masquerading,0.0005542984232384,{}
stochastic_normalized_fragility,stochastic_normalized_loo_fragility,3030,118,1215,5.491067540948279,1215,180,20,True,TA0011 - Command-and-Control,0.0002357564389442,{}
stochastic_normalized_fragility,stochastic_normalized_loo_fragility,3030,119,1225,5.8052232910413295,1225,180,20,True,TA0011 - Command-and-Control,0.0002805131201726,{}
stochastic_normalized_fragility,stochastic_normalized_loo_fragility,3030,120,1235,6.536899166996591,1235,180,20,True,T1583.005 - Resource Development: Acquire Botnet,0.0002221716022897,{}
stochastic_normalized_fragility,stochastic_normalized_loo_fragility,3030,121,1245,5.491153125069104,1245,180,20,True,T1036 - Defense Evasion: Masquerading,0.0002326892162466,{}
stochastic_normalized_fragility,stochastic_normalized_loo_fragility,3030,122,1255,5.738592499983497,1255,180,20,True,TA0011 - Command-and-Control,0.0003498238808617,{}
stochastic_normalized_fragility,stochastic_normalized_loo_fragility,3030,123,1265,5.706464541028254,1265,180,20,True,T1036 - Defense Evasion: Masquerading,0.0004236392330795,{}
stochastic_normalized_fragility,stochastic_normalized_loo_fragility,3030,124,1275,5.46699966606684,1275,180,20,True,T1590 - Reconnaissance: Gather Victim Network Information,0.0002536992889223,{}
stochastic_normalized_fragility,stochastic_normalized_loo_fragility,3030,125,1285,5.7047437080182135,1285,180,20,True,T1583.005 - Resource Development: Acquire Botnet,0.0002178144599999,{}
stochastic_normalized_fragility,stochastic_normalized_loo_fragility,3030,126,1295,5.843498750007711,1295,180,20,True,TA0011 - Command-and-Control,0.0002060698398735,{}
stochastic_normalized_fragility,stochastic_normalized_loo_fragility,3030,127,1305,5.410469290916808,1305,180,20,True,TA0011 - Command-and-Control,0.0002428829337701,{}
stochastic_normalized_fragility,stochastic_normalized_loo_fragility,3030,128,1315,5.809357166988775,1315,180,20,True,T1583.005 - Resource Development: Acquire Botnet,0.0001777786977072,{}
stochastic_normalized_fragility,stochastic_normalized_loo_fragility,3030,129,1325,5.519226791919209,1325,180,20,True,TA0011 - Command-and-Control,0.0001863378693614,{}
stochastic_normalized_fragility,stochastic_normalized_loo_fragility,3030,130,1335,5.753587291925214,1335,180,20,True,T1036 - Defense Evasion: Masquerading,0.00025576838093,{}
stochastic_normalized_fragility,stochastic_normalized_loo_fragility,3030,131,1345,5.4916397500783205,1345,180,20,True,T1036 - Defense Evasion: Masquerading,0.0001873892705643,{}
stochastic_normalized_fragility,stochastic_normalized_loo_fragility,3030,132,1355,5.559839290915988,1355,180,20,True,T1036 - Defense Evasion: Masquerading,0.0002042440670983,{}
stochastic_normalized_fragility,stochastic_normalized_loo_fragility,3030,133,1365,5.605894417036325,1365,180,20,True,T1583.005 - Resource Development: Acquire Botnet,0.0001997119467509,{}
stochastic_normalized_fragility,stochastic_normalized_loo_fragility,3030,134,1375,5.46476324996911,1375,180,20,True,T1583.005 - Resource Development: Acquire Botnet,0.0002281294449016,{}
stochastic_normalized_fragility,stochastic_normalized_loo_fragility,3030,135,1385,5.583134624990635,1385,180,20,True,T1595 - Reconnaissance: Active Scanning,0.0001971279813061,{}
stochastic_normalized_fragility,stochastic_normalized_loo_fragility,3030,136,1395,5.633402042090893,1395,180,20,True,T1036 - Defense Evasion: Masquerading,0.0001769006847062,{}
stochastic_normalized_fragility,stochastic_normalized_loo_fragility,3030,137,1405,5.47945720795542,1405,180,20,True,T1584.005 - Resource Development: Build/Compromise Botnet,0.0002126795547013,{}
stochastic_normalized_fragility,stochastic_normalized_loo_fragility,3030,138,1415,5.448012250009924,1415,180,20,True,T1583.005 - Resource Development: Acquire Botnet,0.0002497186029391,{}
stochastic_normalized_fragility,stochastic_normalized_loo_fragility,3030,139,1425,5.6972869579913095,1425,180,20,True,T1583.005 - Resource Development: Acquire Botnet,0.0001903521444,{}
stochastic_normalized_fragility,stochastic_normalized_loo_fragility,3030,140,1435,5.486858832999133,1435,180,20,True,T1583.005 - Resource Development: Acquire Botnet,0.0002909271169495,{}
stochastic_normalized_fragility,stochastic_normalized_loo_fragility,3030,141,1445,5.48532870807685,1445,180,20,True,T1583.005 - Resource Development: Acquire Botnet,0.0002250847224687,{}
stochastic_normalized_fragility,stochastic_normalized_loo_fragility,3030,142,1455,5.76617408299353,1455,180,20,True,T1036 - Defense Evasion: Masquerading,0.0004460477410493,{}
stochastic_normalized_fragility,stochastic_normalized_loo_fragility,3030,143,1465,5.677670540986583,1465,180,20,True,T1036 - Defense Evasion: Masquerading,0.0002878730376762,{}
stochastic_normalized_fragility,stochastic_normalized_loo_fragility,3030,144,1475,5.532470582984388,1475,180,20,True,T1590 - Reconnaissance: Gather Victim Network Information,0.00038279514599,{}
stochastic_normalized_fragility,stochastic_normalized_loo_fragility,3030,145,1485,5.4699600000167266,1485,180,20,True,T1036 - Defense Evasion: Masquerading,0.0005604216243794,{}
stochastic_normalized_fragility,stochastic_normalized_loo_fragility,3030,146,1495,5.526703416951932,1495,180,20,True,T1036 - Defense Evasion: Masquerading,0.0005670291518355,{}
stochastic_normalized_fragility,stochastic_normalized_loo_fragility,3030,147,1505,5.587081875069998,1505,180,20,True,T1036 - Defense Evasion: Masquerading,0.0003548350457869,{}
stochastic_normalized_fragility,stochastic_normalized_loo_fragility,3030,148,1515,5.773772125015967,1515,180,20,True,T1036 - Defense Evasion: Masquerading,0.0003827687369623,{}
stochastic_normalized_fragility,stochastic_normalized_loo_fragility,3030,149,1525,5.5940570830134675,1525,180,20,True,T1036 - Defense Evasion: Masquerading,0.0003363820774179,{}
stochastic_normalized_fragility,stochastic_normalized_loo_fragility,3030,150,1535,5.558839792036451,1535,180,20,True,T1036 - Defense Evasion: Masquerading,0.0002221786038132,{}
stochastic_normalized_fragility,stochastic_normalized_loo_fragility,3030,151,1545,5.570998042006977,1545,180,20,True,T1590 - Reconnaissance: Gather Victim Network Information,0.0002485899171511,{}
stochastic_normalized_fragility,stochastic_normalized_loo_fragility,3030,152,1555,5.552393582998775,1555,180,20,True,T1583.005 - Resource Development: Acquire Botnet,0.0002029338777357,{}
stochastic_normalized_fragility,stochastic_normalized_loo_fragility,3030,153,1565,5.765045624924824,1565,180,20,True,TA0011 - Command-and-Control,0.0002226495187327,{}
stochastic_normalized_fragility,stochastic_normalized_loo_fragility,3030,154,1575,5.596792707918212,1575,180,20,True,TA0011 - Command-and-Control,0.0002125867911696,{}
stochastic_normalized_fragility,stochastic_normalized_loo_fragility,3030,155,1585,5.8132480420172215,1585,180,20,True,T1036 - Defense Evasion: Masquerading,0.0002292563605281,{}
stochastic_normalized_fragility,stochastic_normalized_loo_fragility,3030,156,1595,5.676126957987435,1595,180,20,True,T1583.005 - Resource Development: Acquire Botnet,0.0002548078024048,{}
stochastic_normalized_fragility,stochastic_normalized_loo_fragility,3030,157,1605,5.553291874937713,1605,180,20,True,T1590 - Reconnaissance: Gather Victim Network Information,0.0002201627326485,{}
stochastic_normalized_fragility,stochastic_normalized_loo_fragility,3030,158,1615,5.7296708329813555,1615,180,20,True,T1498.002 - Impact: Reflection/Amplification Attack,0.000381731708519,{}
stochastic_normalized_fragility,stochastic_normalized_loo_fragility,3030,159,1625,5.82983875006903,1625,180,20,True,T1590 - Reconnaissance: Gather Victim Network Information,0.0003584605770304,{}
stochastic_normalized_fragility,stochastic_normalized_loo_fragility,3030,160,1635,5.696054124971852,1635,180,20,True,T1590 - Reconnaissance: Gather Victim Network Information,0.000294051254264,{}
stochastic_normalized_fragility,stochastic_normalized_loo_fragility,3030,161,1645,5.972576167085208,1645,180,20,True,T1498.002 - Impact: Reflection/Amplification Attack,0.0002545734847575,{}
stochastic_normalized_fragility,stochastic_normalized_loo_fragility,3030,162,1655,5.793332792003639,1655,180,20,True,T1498.002 - Impact: Reflection/Amplification Attack,0.0002572379185379,{}
stochastic_normalized_fragility,stochastic_normalized_loo_fragility,3030,163,1665,5.595814167056233,1665,180,20,True,TA0011 - Command-and-Control,0.0003137293769094,{}
stochastic_normalized_fragility,stochastic_normalized_loo_fragility,3030,164,1675,5.540418334072456,1675,180,20,True,TA0011 - Command-and-Control,0.0002912586127346,{}
stochastic_normalized_fragility,stochastic_normalized_loo_fragility,3030,165,1685,5.547660499927588,1685,180,20,True,T1595 - Reconnaissance: Active Scanning,0.0003683755815159,{}
stochastic_normalized_fragility,stochastic_normalized_loo_fragility,3030,166,1695,5.7841314589604735,1695,180,20,True,T1590 - Reconnaissance: Gather Victim Network Information,0.0002468829374888,{}
stochastic_normalized_fragility,stochastic_normalized_loo_fragility,3030,167,1705,5.6468303330475464,1705,180,20,True,T1583.005 - Resource Development: Acquire Botnet,0.0001892951015397,{}
stochastic_normalized_fragility,stochastic_normalized_loo_fragility,3030,168,1715,5.7148941670311615,1715,180,20,True,T1583.005 - Resource Development: Acquire Botnet,0.0001916360727712,{}
stochastic_normalized_fragility,stochastic_normalized_loo_fragility,3030,169,1725,5.561764041078277,1725,180,20,True,T1583.005 - Resource Development: Acquire Botnet,0.000154225381953,{}
stochastic_normalized_fragility,stochastic_normalized_loo_fragility,3030,170,1735,5.508052582968958,1735,180,20,True,T1036 - Defense Evasion: Masquerading,0.0001792738108211,{}
stochastic_normalized_fragility,stochastic_normalized_loo_fragility,3030,171,1745,5.558530249982141,1745,180,20,True,TA0011 - Command-and-Control,0.0003690519183755,{}
stochastic_normalized_fragility,stochastic_normalized_loo_fragility,3030,172,1755,5.930657040909864,1755,180,20,True,TA0011 - Command-and-Control,0.0003925315256211,{}
stochastic_normalized_fragility,stochastic_normalized_loo_fragility,3030,173,1765,5.497628167038783,1765,180,20,True,T1583.005 - Resource Development: Acquire Botnet,0.000261107249448,{}
stochastic_normalized_fragility,stochastic_normalized_loo_fragility,3030,174,1775,5.504273582948372,1775,180,20,True,T1036 - Defense Evasion: Masquerading,0.0002195060701583,{}
stochastic_normalized_fragility,stochastic_normalized_loo_fragility,3030,175,1785,5.348050124943256,1785,180,20,True,T1036 - Defense Evasion: Masquerading,0.0002702624685792,{}
stochastic_normalized_fragility,stochastic_normalized_loo_fragility,3030,176,1795,4.212860041065142,1795,180,20,True,TA0011 - Command-and-Control,0.00038647366912,{}
