policy_name,base_policy_name,policy_kwargs,reveal_seed,budget,additional_rows_beyond_initial_seed,squared_wasserstein2_to_full_reference,p_success_mean,p_success_p05,p_success_p50,p_success_p95,min_revealed_rows_per_step,max_revealed_rows_per_step,max_min_revealed_rows_per_step_ratio,step_count_std,step_count_l1_from_perfect_balance,revealed_rows_by_step,sample_seed,decision_count
stochastic_normalized_fragility,stochastic_normalized_loo_fragility,{},101,45,0,3.912812991994051e-06,0.2247663487105208,0.1024622521219952,0.2206000406527724,0.3600068710922945,5,5,1.0,0.0,0.0,"{""T1036 - Defense Evasion: Masquerading"": 5, ""T1498.001 - Impact: Direct Network Flood"": 5, ""T1498.002 - Impact: Reflection/Amplification Attack"": 5, ""T1571 - Defense Evasion: Non-Standard Port"": 5, ""T1583.005 - Resource Development: Acquire Botnet"": 5, ""T1584.005 - Resource Development: Build/Compromise Botnet"": 5, ""T1590 - Reconnaissance: Gather Victim Network Information"": 5, ""T1595 - Reconnaissance: Active Scanning"": 5, ""TA0011 - Command-and-Control"": 5}",2018045,0
stochastic_normalized_fragility,stochastic_normalized_loo_fragility,{},101,90,45,4.161543398494031e-06,0.2237530999848797,0.1033892005855164,0.218845300955807,0.3597547509510279,5,13,2.6,2.581988897471611,20.0,"{""T1036 - Defense Evasion: Masquerading"": 9, ""T1498.001 - Impact: Direct Network Flood"": 5, ""T1498.002 - Impact: Reflection/Amplification Attack"": 12, ""T1571 - Defense Evasion: Non-Standard Port"": 11, ""T1583.005 - Resource Development: Acquire Botnet"": 13, ""T1584.005 - Resource Development: Build/Compromise Botnet"": 9, ""T1590 - Reconnaissance: Gather Victim Network Information"": 7, ""T1595 - Reconnaissance: Active Scanning"": 11, ""TA0011 - Command-and-Control"": 13}",2018090,45
stochastic_normalized_fragility,stochastic_normalized_loo_fragility,{},101,180,135,1.168918008837763e-05,0.226246871157928,0.1007158511164759,0.2208951005569568,0.3668386059639848,15,25,1.6666666666666667,3.590109871423002,30.0,"{""T1036 - Defense Evasion: Masquerading"": 21, ""T1498.001 - Impact: Direct Network Flood"": 15, ""T1498.002 - Impact: Reflection/Amplification Attack"": 18, ""T1571 - Defense Evasion: Non-Standard Port"": 25, ""T1583.005 - Resource Development: Acquire Botnet"": 22, ""T1584.005 - Resource Development: Build/Compromise Botnet"": 23, ""T1590 - Reconnaissance: Gather Victim Network Information"": 16, ""T1595 - Reconnaissance: Active Scanning"": 16, ""TA0011 - Command-and-Control"": 24}",2018180,135
stochastic_normalized_fragility,stochastic_normalized_loo_fragility,{},101,360,315,3.7905798415259585e-06,0.2244363765095743,0.1028053740640582,0.219785542113609,0.3580636178929097,29,49,1.6896551724137931,6.863753427324667,54.0,"{""T1036 - Defense Evasion: Masquerading"": 49, ""T1498.001 - Impact: Direct Network Flood"": 29, ""T1498.002 - Impact: Reflection/Amplification Attack"": 43, ""T1571 - Defense Evasion: Non-Standard Port"": 45, ""T1583.005 - Resource Development: Acquire Botnet"": 43, ""T1584.005 - Resource Development: Build/Compromise Botnet"": 33, ""T1590 - Reconnaissance: Gather Victim Network Information"": 40, ""T1595 - Reconnaissance: Active Scanning"": 31, ""TA0011 - Command-and-Control"": 47}",2018360,315
stochastic_normalized_fragility,stochastic_normalized_loo_fragility,{},101,720,675,1.608168777413781e-06,0.2257372447760572,0.1055176101497526,0.2206215283626284,0.361803088094739,62,99,1.596774193548387,12.701705922171769,98.0,"{""T1036 - Defense Evasion: Masquerading"": 99, ""T1498.001 - Impact: Direct Network Flood"": 64, ""T1498.002 - Impact: Reflection/Amplification Attack"": 83, ""T1571 - Defense Evasion: Non-Standard Port"": 76, ""T1583.005 - Resource Development: Acquire Botnet"": 93, ""T1584.005 - Resource Development: Build/Compromise Botnet"": 69, ""T1590 - Reconnaissance: Gather Victim Network Information"": 80, ""T1595 - Reconnaissance: Active Scanning"": 62, ""TA0011 - Command-and-Control"": 94}",2018720,675
stochastic_normalized_fragility,stochastic_normalized_loo_fragility,{},101,1200,1155,3.265460311428015e-06,0.2242346560499089,0.1015937632942107,0.2195102418687066,0.359933140654716,109,158,1.4495412844036697,15.398412616601464,118.0,"{""T1036 - Defense Evasion: Masquerading"": 158, ""T1498.001 - Impact: Direct Network Flood"": 126, ""T1498.002 - Impact: Reflection/Amplification Attack"": 137, ""T1571 - Defense Evasion: Non-Standard Port"": 123, ""T1583.005 - Resource Development: Acquire Botnet"": 152, ""T1584.005 - Resource Development: Build/Compromise Botnet"": 109, ""T1590 - Reconnaissance: Gather Victim Network Information"": 129, ""T1595 - Reconnaissance: Active Scanning"": 119, ""TA0011 - Command-and-Control"": 147}",2019200,1155
stochastic_normalized_fragility,stochastic_normalized_loo_fragility,{},101,1798,1753,0.0,0.2247048444891971,0.1028201317008315,0.2198713871259355,0.3602157968474639,199,200,1.0050251256281406,0.415739709641549,0.0,"{""T1036 - Defense Evasion: Masquerading"": 200, ""T1498.001 - Impact: Direct Network Flood"": 200, ""T1498.002 - Impact: Reflection/Amplification Attack"": 200, ""T1571 - Defense Evasion: Non-Standard Port"": 200, ""T1583.005 - Resource Development: Acquire Botnet"": 200, ""T1584.005 - Resource Development: Build/Compromise Botnet"": 199, ""T1590 - Reconnaissance: Gather Victim Network Information"": 199, ""T1595 - Reconnaissance: Active Scanning"": 200, ""TA0011 - Command-and-Control"": 200}",2019798,1753
uniform_step_balanced,uniform_step_balanced,{},101,45,0,3.912812991994051e-06,0.2247663487105208,0.1024622521219952,0.2206000406527724,0.3600068710922945,5,5,1.0,0.0,0.0,"{""T1036 - Defense Evasion: Masquerading"": 5, ""T1498.001 - Impact: Direct Network Flood"": 5, ""T1498.002 - Impact: Reflection/Amplification Attack"": 5, ""T1571 - Defense Evasion: Non-Standard Port"": 5, ""T1583.005 - Resource Development: Acquire Botnet"": 5, ""T1584.005 - Resource Development: Build/Compromise Botnet"": 5, ""T1590 - Reconnaissance: Gather Victim Network Information"": 5, ""T1595 - Reconnaissance: Active Scanning"": 5, ""TA0011 - Command-and-Control"": 5}",2018045,0
uniform_step_balanced,uniform_step_balanced,{},101,90,45,4.1108917086020235e-06,0.2252801570820653,0.1030003081371552,0.2198456176192206,0.3638527722013616,10,10,1.0,0.0,0.0,"{""T1036 - Defense Evasion: Masquerading"": 10, ""T1498.001 - Impact: Direct Network Flood"": 10, ""T1498.002 - Impact: Reflection/Amplification Attack"": 10, ""T1571 - Defense Evasion: Non-Standard Port"": 10, ""T1583.005 - Resource Development: Acquire Botnet"": 10, ""T1584.005 - Resource Development: Build/Compromise Botnet"": 10, ""T1590 - Reconnaissance: Gather Victim Network Information"": 10, ""T1595 - Reconnaissance: Active Scanning"": 10, ""TA0011 - Command-and-Control"": 10}",2018090,45
uniform_step_balanced,uniform_step_balanced,{},101,180,135,6.333847635248736e-06,0.2253081778371856,0.1001755986760378,0.2206409991029277,0.3623146317533978,20,20,1.0,0.0,0.0,"{""T1036 - Defense Evasion: Masquerading"": 20, ""T1498.001 - Impact: Direct Network Flood"": 20, ""T1498.002 - Impact: Reflection/Amplification Attack"": 20, ""T1571 - Defense Evasion: Non-Standard Port"": 20, ""T1583.005 - Resource Development: Acquire Botnet"": 20, ""T1584.005 - Resource Development: Build/Compromise Botnet"": 20, ""T1590 - Reconnaissance: Gather Victim Network Information"": 20, ""T1595 - Reconnaissance: Active Scanning"": 20, ""TA0011 - Command-and-Control"": 20}",2018180,135
uniform_step_balanced,uniform_step_balanced,{},101,360,315,4.623470177954424e-06,0.2261848391711686,0.102594565728806,0.2214465322337678,0.3633102949699218,40,40,1.0,0.0,0.0,"{""T1036 - Defense Evasion: Masquerading"": 40, ""T1498.001 - Impact: Direct Network Flood"": 40, ""T1498.002 - Impact: Reflection/Amplification Attack"": 40, ""T1571 - Defense Evasion: Non-Standard Port"": 40, ""T1583.005 - Resource Development: Acquire Botnet"": 40, ""T1584.005 - Resource Development: Build/Compromise Botnet"": 40, ""T1590 - Reconnaissance: Gather Victim Network Information"": 40, ""T1595 - Reconnaissance: Active Scanning"": 40, ""TA0011 - Command-and-Control"": 40}",2018360,315
uniform_step_balanced,uniform_step_balanced,{},101,720,675,1.4278469613406003e-06,0.2252789773168895,0.1024725868963397,0.2203236515044345,0.3608249321635762,80,80,1.0,0.0,0.0,"{""T1036 - Defense Evasion: Masquerading"": 80, ""T1498.001 - Impact: Direct Network Flood"": 80, ""T1498.002 - Impact: Reflection/Amplification Attack"": 80, ""T1571 - Defense Evasion: Non-Standard Port"": 80, ""T1583.005 - Resource Development: Acquire Botnet"": 80, ""T1584.005 - Resource Development: Build/Compromise Botnet"": 80, ""T1590 - Reconnaissance: Gather Victim Network Information"": 80, ""T1595 - Reconnaissance: Active Scanning"": 80, ""TA0011 - Command-and-Control"": 80}",2018720,675
uniform_step_balanced,uniform_step_balanced,{},101,1200,1155,4.318871120098723e-06,0.2234995652652523,0.1003831556156092,0.219071874160939,0.3578973818215507,133,134,1.0075187969924813,0.4714045207910317,0.0,"{""T1036 - Defense Evasion: Masquerading"": 133, ""T1498.001 - Impact: Direct Network Flood"": 133, ""T1498.002 - Impact: Reflection/Amplification Attack"": 134, ""T1571 - Defense Evasion: Non-Standard Port"": 133, ""T1583.005 - Resource Development: Acquire Botnet"": 133, ""T1584.005 - Resource Development: Build/Compromise Botnet"": 134, ""T1590 - Reconnaissance: Gather Victim Network Information"": 133, ""T1595 - Reconnaissance: Active Scanning"": 133, ""TA0011 - Command-and-Control"": 134}",2019200,1155
uniform_step_balanced,uniform_step_balanced,{},101,1798,1753,0.0,0.2247048444891971,0.1028201317008315,0.2198713871259355,0.3602157968474639,199,200,1.0050251256281406,0.415739709641549,0.0,"{""T1036 - Defense Evasion: Masquerading"": 200, ""T1498.001 - Impact: Direct Network Flood"": 200, ""T1498.002 - Impact: Reflection/Amplification Attack"": 200, ""T1571 - Defense Evasion: Non-Standard Port"": 200, ""T1583.005 - Resource Development: Acquire Botnet"": 200, ""T1584.005 - Resource Development: Build/Compromise Botnet"": 199, ""T1590 - Reconnaissance: Gather Victim Network Information"": 199, ""T1595 - Reconnaissance: Active Scanning"": 200, ""TA0011 - Command-and-Control"": 200}",2019798,1753
stochastic_normalized_fragility,stochastic_normalized_loo_fragility,{},202,45,0,2.361828347314425e-05,0.2226204021738527,0.1079688442544984,0.2183681448983562,0.3493972375173301,5,5,1.0,0.0,0.0,"{""T1036 - Defense Evasion: Masquerading"": 5, ""T1498.001 - Impact: Direct Network Flood"": 5, ""T1498.002 - Impact: Reflection/Amplification Attack"": 5, ""T1571 - Defense Evasion: Non-Standard Port"": 5, ""T1583.005 - Resource Development: Acquire Botnet"": 5, ""T1584.005 - Resource Development: Build/Compromise Botnet"": 5, ""T1590 - Reconnaissance: Gather Victim Network Information"": 5, ""T1595 - Reconnaissance: Active Scanning"": 5, ""TA0011 - Command-and-Control"": 5}",3028045,0
stochastic_normalized_fragility,stochastic_normalized_loo_fragility,{},202,90,45,1.4799325319826252e-05,0.227187019211852,0.1120951200107855,0.2209832383536504,0.363494735647042,7,12,1.7142857142857142,1.7638342073763935,12.0,"{""T1036 - Defense Evasion: Masquerading"": 12, ""T1498.001 - Impact: Direct Network Flood"": 7, ""T1498.002 - Impact: Reflection/Amplification Attack"": 11, ""T1571 - Defense Evasion: Non-Standard Port"": 10, ""T1583.005 - Resource Development: Acquire Botnet"": 12, ""T1584.005 - Resource Development: Build/Compromise Botnet"": 11, ""T1590 - Reconnaissance: Gather Victim Network Information"": 10, ""T1595 - Reconnaissance: Active Scanning"": 7, ""TA0011 - Command-and-Control"": 10}",3028090,45
stochastic_normalized_fragility,stochastic_normalized_loo_fragility,{},202,180,135,1.1859875281357125e-05,0.2252163919298962,0.1115247480982989,0.2193911284886418,0.3574670424971998,16,30,1.875,4.242640687119285,28.0,"{""T1036 - Defense Evasion: Masquerading"": 17, ""T1498.001 - Impact: Direct Network Flood"": 24, ""T1498.002 - Impact: Reflection/Amplification Attack"": 20, ""T1571 - Defense Evasion: Non-Standard Port"": 16, ""T1583.005 - Resource Development: Acquire Botnet"": 30, ""T1584.005 - Resource Development: Build/Compromise Botnet"": 20, ""T1590 - Reconnaissance: Gather Victim Network Information"": 19, ""T1595 - Reconnaissance: Active Scanning"": 16, ""TA0011 - Command-and-Control"": 18}",3028180,135
stochastic_normalized_fragility,stochastic_normalized_loo_fragility,{},202,360,315,1.3251253019159288e-05,0.2279997162823954,0.1105524801586253,0.2221846350956925,0.3615808960500923,29,54,1.862068965517241,6.782329983125268,50.0,"{""T1036 - Defense Evasion: Masquerading"": 35, ""T1498.001 - Impact: Direct Network Flood"": 45, ""T1498.002 - Impact: Reflection/Amplification Attack"": 37, ""T1571 - Defense Evasion: Non-Standard Port"": 29, ""T1583.005 - Resource Development: Acquire Botnet"": 54, ""T1584.005 - Resource Development: Build/Compromise Botnet"": 43, ""T1590 - Reconnaissance: Gather Victim Network Information"": 38, ""T1595 - Reconnaissance: Active Scanning"": 36, ""TA0011 - Command-and-Control"": 43}",3028360,315
stochastic_normalized_fragility,stochastic_normalized_loo_fragility,{},202,720,675,4.738616496478527e-06,0.2263907568547742,0.1073662300289355,0.2207758675058829,0.3610821897497869,65,92,1.4153846153846157,8.0,58.0,"{""T1036 - Defense Evasion: Masquerading"": 79, ""T1498.001 - Impact: Direct Network Flood"": 87, ""T1498.002 - Impact: Reflection/Amplification Attack"": 78, ""T1571 - Defense Evasion: Non-Standard Port"": 65, ""T1583.005 - Resource Development: Acquire Botnet"": 92, ""T1584.005 - Resource Development: Build/Compromise Botnet"": 88, ""T1590 - Reconnaissance: Gather Victim Network Information"": 82, ""T1595 - Reconnaissance: Active Scanning"": 71, ""TA0011 - Command-and-Control"": 78}",3028720,675
stochastic_normalized_fragility,stochastic_normalized_loo_fragility,{},202,1200,1155,1.5898587387373563e-05,0.2245479526045208,0.1057271901849828,0.219708254430072,0.3585852910920714,111,164,1.4774774774774777,14.959203781544584,92.0,"{""T1036 - Defense Evasion: Masquerading"": 134, ""T1498.001 - Impact: Direct Network Flood"": 135, ""T1498.002 - Impact: Reflection/Amplification Attack"": 135, ""T1571 - Defense Evasion: Non-Standard Port"": 113, ""T1583.005 - Resource Development: Acquire Botnet"": 164, ""T1584.005 - Resource Development: Build/Compromise Botnet"": 145, ""T1590 - Reconnaissance: Gather Victim Network Information"": 134, ""T1595 - Reconnaissance: Active Scanning"": 111, ""TA0011 - Command-and-Control"": 129}",3029200,1155
stochastic_normalized_fragility,stochastic_normalized_loo_fragility,{},202,1798,1753,0.0,0.2247048444891971,0.1028201317008315,0.2198713871259355,0.3602157968474639,199,200,1.0050251256281406,0.415739709641549,0.0,"{""T1036 - Defense Evasion: Masquerading"": 200, ""T1498.001 - Impact: Direct Network Flood"": 200, ""T1498.002 - Impact: Reflection/Amplification Attack"": 200, ""T1571 - Defense Evasion: Non-Standard Port"": 200, ""T1583.005 - Resource Development: Acquire Botnet"": 200, ""T1584.005 - Resource Development: Build/Compromise Botnet"": 199, ""T1590 - Reconnaissance: Gather Victim Network Information"": 199, ""T1595 - Reconnaissance: Active Scanning"": 200, ""TA0011 - Command-and-Control"": 200}",3029798,1753
uniform_step_balanced,uniform_step_balanced,{},202,45,0,2.361828347314425e-05,0.2226204021738527,0.1079688442544984,0.2183681448983562,0.3493972375173301,5,5,1.0,0.0,0.0,"{""T1036 - Defense Evasion: Masquerading"": 5, ""T1498.001 - Impact: Direct Network Flood"": 5, ""T1498.002 - Impact: Reflection/Amplification Attack"": 5, ""T1571 - Defense Evasion: Non-Standard Port"": 5, ""T1583.005 - Resource Development: Acquire Botnet"": 5, ""T1584.005 - Resource Development: Build/Compromise Botnet"": 5, ""T1590 - Reconnaissance: Gather Victim Network Information"": 5, ""T1595 - Reconnaissance: Active Scanning"": 5, ""TA0011 - Command-and-Control"": 5}",3028045,0
uniform_step_balanced,uniform_step_balanced,{},202,90,45,2.4160102406734272e-05,0.2283725837914285,0.1149502875614958,0.2218788833032828,0.3629685779404841,10,10,1.0,0.0,0.0,"{""T1036 - Defense Evasion: Masquerading"": 10, ""T1498.001 - Impact: Direct Network Flood"": 10, ""T1498.002 - Impact: Reflection/Amplification Attack"": 10, ""T1571 - Defense Evasion: Non-Standard Port"": 10, ""T1583.005 - Resource Development: Acquire Botnet"": 10, ""T1584.005 - Resource Development: Build/Compromise Botnet"": 10, ""T1590 - Reconnaissance: Gather Victim Network Information"": 10, ""T1595 - Reconnaissance: Active Scanning"": 10, ""TA0011 - Command-and-Control"": 10}",3028090,45
uniform_step_balanced,uniform_step_balanced,{},202,180,135,1.0565559472077152e-05,0.2265825994258744,0.1124814287161974,0.2202970089598977,0.3631337648280963,20,20,1.0,0.0,0.0,"{""T1036 - Defense Evasion: Masquerading"": 20, ""T1498.001 - Impact: Direct Network Flood"": 20, ""T1498.002 - Impact: Reflection/Amplification Attack"": 20, ""T1571 - Defense Evasion: Non-Standard Port"": 20, ""T1583.005 - Resource Development: Acquire Botnet"": 20, ""T1584.005 - Resource Development: Build/Compromise Botnet"": 20, ""T1590 - Reconnaissance: Gather Victim Network Information"": 20, ""T1595 - Reconnaissance: Active Scanning"": 20, ""TA0011 - Command-and-Control"": 20}",3028180,135
uniform_step_balanced,uniform_step_balanced,{},202,360,315,2.968381204316551e-06,0.2253378362061171,0.1055658061795063,0.2200835468584886,0.3593781832232536,40,40,1.0,0.0,0.0,"{""T1036 - Defense Evasion: Masquerading"": 40, ""T1498.001 - Impact: Direct Network Flood"": 40, ""T1498.002 - Impact: Reflection/Amplification Attack"": 40, ""T1571 - Defense Evasion: Non-Standard Port"": 40, ""T1583.005 - Resource Development: Acquire Botnet"": 40, ""T1584.005 - Resource Development: Build/Compromise Botnet"": 40, ""T1590 - Reconnaissance: Gather Victim Network Information"": 40, ""T1595 - Reconnaissance: Active Scanning"": 40, ""TA0011 - Command-and-Control"": 40}",3028360,315
uniform_step_balanced,uniform_step_balanced,{},202,720,675,7.425411143035425e-06,0.2262096809863687,0.1058089837897842,0.2212782450575461,0.3614192024767913,80,80,1.0,0.0,0.0,"{""T1036 - Defense Evasion: Masquerading"": 80, ""T1498.001 - Impact: Direct Network Flood"": 80, ""T1498.002 - Impact: Reflection/Amplification Attack"": 80, ""T1571 - Defense Evasion: Non-Standard Port"": 80, ""T1583.005 - Resource Development: Acquire Botnet"": 80, ""T1584.005 - Resource Development: Build/Compromise Botnet"": 80, ""T1590 - Reconnaissance: Gather Victim Network Information"": 80, ""T1595 - Reconnaissance: Active Scanning"": 80, ""TA0011 - Command-and-Control"": 80}",3028720,675
uniform_step_balanced,uniform_step_balanced,{},202,1200,1155,9.519297172429744e-06,0.2242667503690987,0.1023729108367315,0.2198067673820832,0.3588161198436824,133,134,1.0075187969924813,0.4714045207910317,0.0,"{""T1036 - Defense Evasion: Masquerading"": 133, ""T1498.001 - Impact: Direct Network Flood"": 134, ""T1498.002 - Impact: Reflection/Amplification Attack"": 133, ""T1571 - Defense Evasion: Non-Standard Port"": 134, ""T1583.005 - Resource Development: Acquire Botnet"": 133, ""T1584.005 - Resource Development: Build/Compromise Botnet"": 134, ""T1590 - Reconnaissance: Gather Victim Network Information"": 133, ""T1595 - Reconnaissance: Active Scanning"": 133, ""TA0011 - Command-and-Control"": 133}",3029200,1155
uniform_step_balanced,uniform_step_balanced,{},202,1798,1753,0.0,0.2247048444891971,0.1028201317008315,0.2198713871259355,0.3602157968474639,199,200,1.0050251256281406,0.415739709641549,0.0,"{""T1036 - Defense Evasion: Masquerading"": 200, ""T1498.001 - Impact: Direct Network Flood"": 200, ""T1498.002 - Impact: Reflection/Amplification Attack"": 200, ""T1571 - Defense Evasion: Non-Standard Port"": 200, ""T1583.005 - Resource Development: Acquire Botnet"": 200, ""T1584.005 - Resource Development: Build/Compromise Botnet"": 199, ""T1590 - Reconnaissance: Gather Victim Network Information"": 199, ""T1595 - Reconnaissance: Active Scanning"": 200, ""TA0011 - Command-and-Control"": 200}",3029798,1753
stochastic_normalized_fragility,stochastic_normalized_loo_fragility,{},303,45,0,3.4534796817123485e-05,0.2270022993347316,0.0974937254575793,0.2215156897559772,0.3706043749543997,5,5,1.0,0.0,0.0,"{""T1036 - Defense Evasion: Masquerading"": 5, ""T1498.001 - Impact: Direct Network Flood"": 5, ""T1498.002 - Impact: Reflection/Amplification Attack"": 5, ""T1571 - Defense Evasion: Non-Standard Port"": 5, ""T1583.005 - Resource Development: Acquire Botnet"": 5, ""T1584.005 - Resource Development: Build/Compromise Botnet"": 5, ""T1590 - Reconnaissance: Gather Victim Network Information"": 5, ""T1595 - Reconnaissance: Active Scanning"": 5, ""TA0011 - Command-and-Control"": 5}",4038045,0
stochastic_normalized_fragility,stochastic_normalized_loo_fragility,{},303,90,45,1.7854732804729528e-05,0.2276455085107766,0.1008669093367105,0.2231435179291058,0.3677494905918347,8,13,1.625,1.8856180831641267,16.0,"{""T1036 - Defense Evasion: Masquerading"": 8, ""T1498.001 - Impact: Direct Network Flood"": 12, ""T1498.002 - Impact: Reflection/Amplification Attack"": 11, ""T1571 - Defense Evasion: Non-Standard Port"": 9, ""T1583.005 - Resource Development: Acquire Botnet"": 8, ""T1584.005 - Resource Development: Build/Compromise Botnet"": 13, ""T1590 - Reconnaissance: Gather Victim Network Information"": 9, ""T1595 - Reconnaissance: Active Scanning"": 12, ""TA0011 - Command-and-Control"": 8}",4038090,45
stochastic_normalized_fragility,stochastic_normalized_loo_fragility,{},303,180,135,4.4774940540769706e-05,0.2272517221361905,0.0915341384114988,0.2232622125135986,0.3714743583864039,15,25,1.6666666666666667,3.2998316455372216,26.0,"{""T1036 - Defense Evasion: Masquerading"": 16, ""T1498.001 - Impact: Direct Network Flood"": 21, ""T1498.002 - Impact: Reflection/Amplification Attack"": 22, ""T1571 - Defense Evasion: Non-Standard Port"": 21, ""T1583.005 - Resource Development: Acquire Botnet"": 25, ""T1584.005 - Resource Development: Build/Compromise Botnet"": 19, ""T1590 - Reconnaissance: Gather Victim Network Information"": 15, ""T1595 - Reconnaissance: Active Scanning"": 24, ""TA0011 - Command-and-Control"": 17}",4038180,135
stochastic_normalized_fragility,stochastic_normalized_loo_fragility,{},303,360,315,8.34896685208442e-06,0.2264480723569683,0.0994911920185146,0.2223670098332154,0.3649997073402561,32,61,1.90625,7.930251502246879,48.0,"{""T1036 - Defense Evasion: Masquerading"": 36, ""T1498.001 - Impact: Direct Network Flood"": 42, ""T1498.002 - Impact: Reflection/Amplification Attack"": 36, ""T1571 - Defense Evasion: Non-Standard Port"": 38, ""T1583.005 - Resource Development: Acquire Botnet"": 61, ""T1584.005 - Resource Development: Build/Compromise Botnet"": 38, ""T1590 - Reconnaissance: Gather Victim Network Information"": 36, ""T1595 - Reconnaissance: Active Scanning"": 41, ""TA0011 - Command-and-Control"": 32}",4038360,315
stochastic_normalized_fragility,stochastic_normalized_loo_fragility,{},303,720,675,1.7443554006949426e-06,0.2255199696512382,0.1015844192396983,0.2217315803634001,0.3604858745176811,69,103,1.4927536231884058,9.297550453987569,58.0,"{""T1036 - Defense Evasion: Masquerading"": 75, ""T1498.001 - Impact: Direct Network Flood"": 86, ""T1498.002 - Impact: Reflection/Amplification Attack"": 79, ""T1571 - Defense Evasion: Non-Standard Port"": 73, ""T1583.005 - Resource Development: Acquire Botnet"": 103, ""T1584.005 - Resource Development: Build/Compromise Botnet"": 80, ""T1590 - Reconnaissance: Gather Victim Network Information"": 69, ""T1595 - Reconnaissance: Active Scanning"": 79, ""TA0011 - Command-and-Control"": 76}",4038720,675
stochastic_normalized_fragility,stochastic_normalized_loo_fragility,{},303,1200,1155,2.015088699361376e-06,0.2246968485001739,0.1017602814068661,0.2207026003760847,0.3574697412497475,122,171,1.401639344262295,14.212670403551895,80.0,"{""T1036 - Defense Evasion: Masquerading"": 125, ""T1498.001 - Impact: Direct Network Flood"": 133, ""T1498.002 - Impact: Reflection/Amplification Attack"": 122, ""T1571 - Defense Evasion: Non-Standard Port"": 131, ""T1583.005 - Resource Development: Acquire Botnet"": 171, ""T1584.005 - Resource Development: Build/Compromise Botnet"": 137, ""T1590 - Reconnaissance: Gather Victim Network Information"": 133, ""T1595 - Reconnaissance: Active Scanning"": 122, ""TA0011 - Command-and-Control"": 126}",4039200,1155
stochastic_normalized_fragility,stochastic_normalized_loo_fragility,{},303,1798,1753,0.0,0.2247048444891971,0.1028201317008315,0.2198713871259355,0.3602157968474639,199,200,1.0050251256281406,0.415739709641549,0.0,"{""T1036 - Defense Evasion: Masquerading"": 200, ""T1498.001 - Impact: Direct Network Flood"": 200, ""T1498.002 - Impact: Reflection/Amplification Attack"": 200, ""T1571 - Defense Evasion: Non-Standard Port"": 200, ""T1583.005 - Resource Development: Acquire Botnet"": 200, ""T1584.005 - Resource Development: Build/Compromise Botnet"": 199, ""T1590 - Reconnaissance: Gather Victim Network Information"": 199, ""T1595 - Reconnaissance: Active Scanning"": 200, ""TA0011 - Command-and-Control"": 200}",4039798,1753
uniform_step_balanced,uniform_step_balanced,{},303,45,0,3.4534796817123485e-05,0.2270022993347316,0.0974937254575793,0.2215156897559772,0.3706043749543997,5,5,1.0,0.0,0.0,"{""T1036 - Defense Evasion: Masquerading"": 5, ""T1498.001 - Impact: Direct Network Flood"": 5, ""T1498.002 - Impact: Reflection/Amplification Attack"": 5, ""T1571 - Defense Evasion: Non-Standard Port"": 5, ""T1583.005 - Resource Development: Acquire Botnet"": 5, ""T1584.005 - Resource Development: Build/Compromise Botnet"": 5, ""T1590 - Reconnaissance: Gather Victim Network Information"": 5, ""T1595 - Reconnaissance: Active Scanning"": 5, ""TA0011 - Command-and-Control"": 5}",4038045,0
uniform_step_balanced,uniform_step_balanced,{},303,90,45,5.77471568692702e-06,0.2233674064087108,0.1009871258099282,0.2183460594945341,0.3624952809071621,10,10,1.0,0.0,0.0,"{""T1036 - Defense Evasion: Masquerading"": 10, ""T1498.001 - Impact: Direct Network Flood"": 10, ""T1498.002 - Impact: Reflection/Amplification Attack"": 10, ""T1571 - Defense Evasion: Non-Standard Port"": 10, ""T1583.005 - Resource Development: Acquire Botnet"": 10, ""T1584.005 - Resource Development: Build/Compromise Botnet"": 10, ""T1590 - Reconnaissance: Gather Victim Network Information"": 10, ""T1595 - Reconnaissance: Active Scanning"": 10, ""TA0011 - Command-and-Control"": 10}",4038090,45
uniform_step_balanced,uniform_step_balanced,{},303,180,135,1.594311687543048e-05,0.2280495397089274,0.1022133426691818,0.2237100752207001,0.3649064241832174,20,20,1.0,0.0,0.0,"{""T1036 - Defense Evasion: Masquerading"": 20, ""T1498.001 - Impact: Direct Network Flood"": 20, ""T1498.002 - Impact: Reflection/Amplification Attack"": 20, ""T1571 - Defense Evasion: Non-Standard Port"": 20, ""T1583.005 - Resource Development: Acquire Botnet"": 20, ""T1584.005 - Resource Development: Build/Compromise Botnet"": 20, ""T1590 - Reconnaissance: Gather Victim Network Information"": 20, ""T1595 - Reconnaissance: Active Scanning"": 20, ""TA0011 - Command-and-Control"": 20}",4038180,135
uniform_step_balanced,uniform_step_balanced,{},303,360,315,3.855806607827436e-06,0.2260428846850096,0.1010863926638369,0.22213351364168,0.3617485968265901,40,40,1.0,0.0,0.0,"{""T1036 - Defense Evasion: Masquerading"": 40, ""T1498.001 - Impact: Direct Network Flood"": 40, ""T1498.002 - Impact: Reflection/Amplification Attack"": 40, ""T1571 - Defense Evasion: Non-Standard Port"": 40, ""T1583.005 - Resource Development: Acquire Botnet"": 40, ""T1584.005 - Resource Development: Build/Compromise Botnet"": 40, ""T1590 - Reconnaissance: Gather Victim Network Information"": 40, ""T1595 - Reconnaissance: Active Scanning"": 40, ""TA0011 - Command-and-Control"": 40}",4038360,315
uniform_step_balanced,uniform_step_balanced,{},303,720,675,3.856034750968391e-06,0.226155059548671,0.1033583563994675,0.2218902593707382,0.3623398589472401,80,80,1.0,0.0,0.0,"{""T1036 - Defense Evasion: Masquerading"": 80, ""T1498.001 - Impact: Direct Network Flood"": 80, ""T1498.002 - Impact: Reflection/Amplification Attack"": 80, ""T1571 - Defense Evasion: Non-Standard Port"": 80, ""T1583.005 - Resource Development: Acquire Botnet"": 80, ""T1584.005 - Resource Development: Build/Compromise Botnet"": 80, ""T1590 - Reconnaissance: Gather Victim Network Information"": 80, ""T1595 - Reconnaissance: Active Scanning"": 80, ""TA0011 - Command-and-Control"": 80}",4038720,675
uniform_step_balanced,uniform_step_balanced,{},303,1200,1155,5.751304601422713e-06,0.2258524526671716,0.1055188203237586,0.2213676697499553,0.3590498440713618,133,134,1.0075187969924813,0.4714045207910317,0.0,"{""T1036 - Defense Evasion: Masquerading"": 134, ""T1498.001 - Impact: Direct Network Flood"": 133, ""T1498.002 - Impact: Reflection/Amplification Attack"": 133, ""T1571 - Defense Evasion: Non-Standard Port"": 133, ""T1583.005 - Resource Development: Acquire Botnet"": 133, ""T1584.005 - Resource Development: Build/Compromise Botnet"": 133, ""T1590 - Reconnaissance: Gather Victim Network Information"": 134, ""T1595 - Reconnaissance: Active Scanning"": 134, ""TA0011 - Command-and-Control"": 133}",4039200,1155
uniform_step_balanced,uniform_step_balanced,{},303,1798,1753,0.0,0.2247048444891971,0.1028201317008315,0.2198713871259355,0.3602157968474639,199,200,1.0050251256281406,0.415739709641549,0.0,"{""T1036 - Defense Evasion: Masquerading"": 200, ""T1498.001 - Impact: Direct Network Flood"": 200, ""T1498.002 - Impact: Reflection/Amplification Attack"": 200, ""T1571 - Defense Evasion: Non-Standard Port"": 200, ""T1583.005 - Resource Development: Acquire Botnet"": 200, ""T1584.005 - Resource Development: Build/Compromise Botnet"": 199, ""T1590 - Reconnaissance: Gather Victim Network Information"": 199, ""T1595 - Reconnaissance: Active Scanning"": 200, ""TA0011 - Command-and-Control"": 200}",4039798,1753
stochastic_normalized_fragility,stochastic_normalized_loo_fragility,{},404,45,0,8.720407783977221e-05,0.2336495447884703,0.1158006321855591,0.2272313816412663,0.3730705700662322,5,5,1.0,0.0,0.0,"{""T1036 - Defense Evasion: Masquerading"": 5, ""T1498.001 - Impact: Direct Network Flood"": 5, ""T1498.002 - Impact: Reflection/Amplification Attack"": 5, ""T1571 - Defense Evasion: Non-Standard Port"": 5, ""T1583.005 - Resource Development: Acquire Botnet"": 5, ""T1584.005 - Resource Development: Build/Compromise Botnet"": 5, ""T1590 - Reconnaissance: Gather Victim Network Information"": 5, ""T1595 - Reconnaissance: Active Scanning"": 5, ""TA0011 - Command-and-Control"": 5}",5048045,0
stochastic_normalized_fragility,stochastic_normalized_loo_fragility,{},404,90,45,1.148217663852749e-05,0.2221998572534912,0.1024285554687723,0.216903822951975,0.3580422502349877,6,13,2.1666666666666665,2.0,14.0,"{""T1036 - Defense Evasion: Masquerading"": 11, ""T1498.001 - Impact: Direct Network Flood"": 11, ""T1498.002 - Impact: Reflection/Amplification Attack"": 12, ""T1571 - Defense Evasion: Non-Standard Port"": 13, ""T1583.005 - Resource Development: Acquire Botnet"": 8, ""T1584.005 - Resource Development: Build/Compromise Botnet"": 10, ""T1590 - Reconnaissance: Gather Victim Network Information"": 10, ""T1595 - Reconnaissance: Active Scanning"": 6, ""TA0011 - Command-and-Control"": 9}",5048090,45
stochastic_normalized_fragility,stochastic_normalized_loo_fragility,{},404,180,135,8.032451089426014e-06,0.2262590688279631,0.1098990516064981,0.2199064210141482,0.362881633172977,12,26,2.1666666666666665,3.9440531887330774,24.0,"{""T1036 - Defense Evasion: Masquerading"": 26, ""T1498.001 - Impact: Direct Network Flood"": 19, ""T1498.002 - Impact: Reflection/Amplification Attack"": 19, ""T1571 - Defense Evasion: Non-Standard Port"": 19, ""T1583.005 - Resource Development: Acquire Botnet"": 20, ""T1584.005 - Resource Development: Build/Compromise Botnet"": 26, ""T1590 - Reconnaissance: Gather Victim Network Information"": 20, ""T1595 - Reconnaissance: Active Scanning"": 12, ""TA0011 - Command-and-Control"": 19}",5048180,135
stochastic_normalized_fragility,stochastic_normalized_loo_fragility,{},404,360,315,3.2997458767448786e-06,0.2240770264513545,0.1016034878980844,0.2193160511948232,0.3610602576684603,34,46,1.3529411764705883,3.3333333333333335,22.0,"{""T1036 - Defense Evasion: Masquerading"": 46, ""T1498.001 - Impact: Direct Network Flood"": 39, ""T1498.002 - Impact: Reflection/Amplification Attack"": 43, ""T1571 - Defense Evasion: Non-Standard Port"": 40, ""T1583.005 - Resource Development: Acquire Botnet"": 40, ""T1584.005 - Resource Development: Build/Compromise Botnet"": 36, ""T1590 - Reconnaissance: Gather Victim Network Information"": 41, ""T1595 - Reconnaissance: Active Scanning"": 34, ""TA0011 - Command-and-Control"": 41}",5048360,315
stochastic_normalized_fragility,stochastic_normalized_loo_fragility,{},404,720,675,4.3605115207302435e-06,0.2259051496247641,0.101937514131877,0.2209124568775769,0.3637875918784173,67,96,1.4328358208955223,8.717797887081348,60.0,"{""T1036 - Defense Evasion: Masquerading"": 90, ""T1498.001 - Impact: Direct Network Flood"": 80, ""T1498.002 - Impact: Reflection/Amplification Attack"": 83, ""T1571 - Defense Evasion: Non-Standard Port"": 80, ""T1583.005 - Resource Development: Acquire Botnet"": 73, ""T1584.005 - Resource Development: Build/Compromise Botnet"": 67, ""T1590 - Reconnaissance: Gather Victim Network Information"": 81, ""T1595 - Reconnaissance: Active Scanning"": 70, ""TA0011 - Command-and-Control"": 96}",5048720,675
stochastic_normalized_fragility,stochastic_normalized_loo_fragility,{},404,1200,1155,5.1784158014344655e-06,0.2258857157925913,0.1040998991364895,0.2209812167895398,0.3634067184671323,111,154,1.3873873873873874,15.297058540778355,124.0,"{""T1036 - Defense Evasion: Masquerading"": 148, ""T1498.001 - Impact: Direct Network Flood"": 136, ""T1498.002 - Impact: Reflection/Amplification Attack"": 152, ""T1571 - Defense Evasion: Non-Standard Port"": 121, ""T1583.005 - Resource Development: Acquire Botnet"": 120, ""T1584.005 - Resource Development: Build/Compromise Botnet"": 111, ""T1590 - Reconnaissance: Gather Victim Network Information"": 140, ""T1595 - Reconnaissance: Active Scanning"": 118, ""TA0011 - Command-and-Control"": 154}",5049200,1155
stochastic_normalized_fragility,stochastic_normalized_loo_fragility,{},404,1798,1753,0.0,0.2247048444891971,0.1028201317008315,0.2198713871259355,0.3602157968474639,199,200,1.0050251256281406,0.415739709641549,0.0,"{""T1036 - Defense Evasion: Masquerading"": 200, ""T1498.001 - Impact: Direct Network Flood"": 200, ""T1498.002 - Impact: Reflection/Amplification Attack"": 200, ""T1571 - Defense Evasion: Non-Standard Port"": 200, ""T1583.005 - Resource Development: Acquire Botnet"": 200, ""T1584.005 - Resource Development: Build/Compromise Botnet"": 199, ""T1590 - Reconnaissance: Gather Victim Network Information"": 199, ""T1595 - Reconnaissance: Active Scanning"": 200, ""TA0011 - Command-and-Control"": 200}",5049798,1753
uniform_step_balanced,uniform_step_balanced,{},404,45,0,8.720407783977221e-05,0.2336495447884703,0.1158006321855591,0.2272313816412663,0.3730705700662322,5,5,1.0,0.0,0.0,"{""T1036 - Defense Evasion: Masquerading"": 5, ""T1498.001 - Impact: Direct Network Flood"": 5, ""T1498.002 - Impact: Reflection/Amplification Attack"": 5, ""T1571 - Defense Evasion: Non-Standard Port"": 5, ""T1583.005 - Resource Development: Acquire Botnet"": 5, ""T1584.005 - Resource Development: Build/Compromise Botnet"": 5, ""T1590 - Reconnaissance: Gather Victim Network Information"": 5, ""T1595 - Reconnaissance: Active Scanning"": 5, ""TA0011 - Command-and-Control"": 5}",5048045,0
uniform_step_balanced,uniform_step_balanced,{},404,90,45,5.932589304590522e-06,0.2246133035154083,0.1057983983376547,0.2185179037669372,0.3642289571945766,10,10,1.0,0.0,0.0,"{""T1036 - Defense Evasion: Masquerading"": 10, ""T1498.001 - Impact: Direct Network Flood"": 10, ""T1498.002 - Impact: Reflection/Amplification Attack"": 10, ""T1571 - Defense Evasion: Non-Standard Port"": 10, ""T1583.005 - Resource Development: Acquire Botnet"": 10, ""T1584.005 - Resource Development: Build/Compromise Botnet"": 10, ""T1590 - Reconnaissance: Gather Victim Network Information"": 10, ""T1595 - Reconnaissance: Active Scanning"": 10, ""TA0011 - Command-and-Control"": 10}",5048090,45
uniform_step_balanced,uniform_step_balanced,{},404,180,135,7.419963333463755e-06,0.2258932998173473,0.1090333787421795,0.2203511562158799,0.3607199367025444,20,20,1.0,0.0,0.0,"{""T1036 - Defense Evasion: Masquerading"": 20, ""T1498.001 - Impact: Direct Network Flood"": 20, ""T1498.002 - Impact: Reflection/Amplification Attack"": 20, ""T1571 - Defense Evasion: Non-Standard Port"": 20, ""T1583.005 - Resource Development: Acquire Botnet"": 20, ""T1584.005 - Resource Development: Build/Compromise Botnet"": 20, ""T1590 - Reconnaissance: Gather Victim Network Information"": 20, ""T1595 - Reconnaissance: Active Scanning"": 20, ""TA0011 - Command-and-Control"": 20}",5048180,135
uniform_step_balanced,uniform_step_balanced,{},404,360,315,3.599302973239015e-06,0.2239039632990716,0.1017594082420281,0.2191070452991966,0.3612451359684546,40,40,1.0,0.0,0.0,"{""T1036 - Defense Evasion: Masquerading"": 40, ""T1498.001 - Impact: Direct Network Flood"": 40, ""T1498.002 - Impact: Reflection/Amplification Attack"": 40, ""T1571 - Defense Evasion: Non-Standard Port"": 40, ""T1583.005 - Resource Development: Acquire Botnet"": 40, ""T1584.005 - Resource Development: Build/Compromise Botnet"": 40, ""T1590 - Reconnaissance: Gather Victim Network Information"": 40, ""T1595 - Reconnaissance: Active Scanning"": 40, ""TA0011 - Command-and-Control"": 40}",5048360,315
uniform_step_balanced,uniform_step_balanced,{},404,720,675,4.499497212261051e-06,0.2258649046680161,0.1018335394760611,0.2205014526089559,0.3658764001421787,80,80,1.0,0.0,0.0,"{""T1036 - Defense Evasion: Masquerading"": 80, ""T1498.001 - Impact: Direct Network Flood"": 80, ""T1498.002 - Impact: Reflection/Amplification Attack"": 80, ""T1571 - Defense Evasion: Non-Standard Port"": 80, ""T1583.005 - Resource Development: Acquire Botnet"": 80, ""T1584.005 - Resource Development: Build/Compromise Botnet"": 80, ""T1590 - Reconnaissance: Gather Victim Network Information"": 80, ""T1595 - Reconnaissance: Active Scanning"": 80, ""TA0011 - Command-and-Control"": 80}",5048720,675
uniform_step_balanced,uniform_step_balanced,{},404,1200,1155,2.053038315694853e-06,0.2250334336426642,0.1042327887953218,0.2201552631552424,0.3606388379063433,133,134,1.0075187969924813,0.4714045207910317,0.0,"{""T1036 - Defense Evasion: Masquerading"": 133, ""T1498.001 - Impact: Direct Network Flood"": 134, ""T1498.002 - Impact: Reflection/Amplification Attack"": 134, ""T1571 - Defense Evasion: Non-Standard Port"": 133, ""T1583.005 - Resource Development: Acquire Botnet"": 133, ""T1584.005 - Resource Development: Build/Compromise Botnet"": 133, ""T1590 - Reconnaissance: Gather Victim Network Information"": 134, ""T1595 - Reconnaissance: Active Scanning"": 133, ""TA0011 - Command-and-Control"": 133}",5049200,1155
uniform_step_balanced,uniform_step_balanced,{},404,1798,1753,0.0,0.2247048444891971,0.1028201317008315,0.2198713871259355,0.3602157968474639,199,200,1.0050251256281406,0.415739709641549,0.0,"{""T1036 - Defense Evasion: Masquerading"": 200, ""T1498.001 - Impact: Direct Network Flood"": 200, ""T1498.002 - Impact: Reflection/Amplification Attack"": 200, ""T1571 - Defense Evasion: Non-Standard Port"": 200, ""T1583.005 - Resource Development: Acquire Botnet"": 200, ""T1584.005 - Resource Development: Build/Compromise Botnet"": 199, ""T1590 - Reconnaissance: Gather Victim Network Information"": 199, ""T1595 - Reconnaissance: Active Scanning"": 200, ""TA0011 - Command-and-Control"": 200}",5049798,1753
stochastic_normalized_fragility,stochastic_normalized_loo_fragility,{},505,45,0,9.35052849436994e-05,0.2265751054975568,0.1180245902411298,0.2229548668351816,0.346832262995049,5,5,1.0,0.0,0.0,"{""T1036 - Defense Evasion: Masquerading"": 5, ""T1498.001 - Impact: Direct Network Flood"": 5, ""T1498.002 - Impact: Reflection/Amplification Attack"": 5, ""T1571 - Defense Evasion: Non-Standard Port"": 5, ""T1583.005 - Resource Development: Acquire Botnet"": 5, ""T1584.005 - Resource Development: Build/Compromise Botnet"": 5, ""T1590 - Reconnaissance: Gather Victim Network Information"": 5, ""T1595 - Reconnaissance: Active Scanning"": 5, ""TA0011 - Command-and-Control"": 5}",6058045,0
stochastic_normalized_fragility,stochastic_normalized_loo_fragility,{},505,90,45,1.7953455646322897e-05,0.2273070320187759,0.1139638805029267,0.2215590964927577,0.3583170934658971,6,12,2.0,2.0548046676563256,16.0,"{""T1036 - Defense Evasion: Masquerading"": 10, ""T1498.001 - Impact: Direct Network Flood"": 6, ""T1498.002 - Impact: Reflection/Amplification Attack"": 8, ""T1571 - Defense Evasion: Non-Standard Port"": 9, ""T1583.005 - Resource Development: Acquire Botnet"": 12, ""T1584.005 - Resource Development: Build/Compromise Botnet"": 9, ""T1590 - Reconnaissance: Gather Victim Network Information"": 12, ""T1595 - Reconnaissance: Active Scanning"": 12, ""TA0011 - Command-and-Control"": 12}",6058090,45
stochastic_normalized_fragility,stochastic_normalized_loo_fragility,{},505,180,135,4.815919985240021e-05,0.2313517401976076,0.1079004348408603,0.2264262006367013,0.3697191143207718,11,30,2.727272727272727,4.784233364802441,30.0,"{""T1036 - Defense Evasion: Masquerading"": 19, ""T1498.001 - Impact: Direct Network Flood"": 20, ""T1498.002 - Impact: Reflection/Amplification Attack"": 11, ""T1571 - Defense Evasion: Non-Standard Port"": 23, ""T1583.005 - Resource Development: Acquire Botnet"": 18, ""T1584.005 - Resource Development: Build/Compromise Botnet"": 17, ""T1590 - Reconnaissance: Gather Victim Network Information"": 21, ""T1595 - Reconnaissance: Active Scanning"": 30, ""TA0011 - Command-and-Control"": 21}",6058180,135
stochastic_normalized_fragility,stochastic_normalized_loo_fragility,{},505,360,315,1.4625380247681896e-05,0.2280563010459787,0.1085825417532032,0.2228210775599263,0.3634548811904389,33,51,1.5454545454545454,4.9216076867444665,32.0,"{""T1036 - Defense Evasion: Masquerading"": 40, ""T1498.001 - Impact: Direct Network Flood"": 41, ""T1498.002 - Impact: Reflection/Amplification Attack"": 35, ""T1571 - Defense Evasion: Non-Standard Port"": 38, ""T1583.005 - Resource Development: Acquire Botnet"": 44, ""T1584.005 - Resource Development: Build/Compromise Botnet"": 33, ""T1590 - Reconnaissance: Gather Victim Network Information"": 39, ""T1595 - Reconnaissance: Active Scanning"": 51, ""TA0011 - Command-and-Control"": 39}",6058360,315
stochastic_normalized_fragility,stochastic_normalized_loo_fragility,{},505,720,675,6.0361059800078314e-06,0.2264594533458511,0.1045630136545747,0.2220073661657023,0.3594489822617621,68,99,1.4558823529411764,9.944289260117532,74.0,"{""T1036 - Defense Evasion: Masquerading"": 99, ""T1498.001 - Impact: Direct Network Flood"": 68, ""T1498.002 - Impact: Reflection/Amplification Attack"": 68, ""T1571 - Defense Evasion: Non-Standard Port"": 72, ""T1583.005 - Resource Development: Acquire Botnet"": 80, ""T1584.005 - Resource Development: Build/Compromise Botnet"": 77, ""T1590 - Reconnaissance: Gather Victim Network Information"": 88, ""T1595 - Reconnaissance: Active Scanning"": 90, ""TA0011 - Command-and-Control"": 78}",6058720,675
stochastic_normalized_fragility,stochastic_normalized_loo_fragility,{},505,1200,1155,4.912682509323588e-06,0.2267735693699685,0.1059449742557387,0.222125824456903,0.3626185911160651,122,156,1.278688524590164,12.292725943057183,92.0,"{""T1036 - Defense Evasion: Masquerading"": 156, ""T1498.001 - Impact: Direct Network Flood"": 131, ""T1498.002 - Impact: Reflection/Amplification Attack"": 123, ""T1571 - Defense Evasion: Non-Standard Port"": 123, ""T1583.005 - Resource Development: Acquire Botnet"": 140, ""T1584.005 - Resource Development: Build/Compromise Botnet"": 124, ""T1590 - Reconnaissance: Gather Victim Network Information"": 152, ""T1595 - Reconnaissance: Active Scanning"": 129, ""TA0011 - Command-and-Control"": 122}",6059200,1155
stochastic_normalized_fragility,stochastic_normalized_loo_fragility,{},505,1798,1753,0.0,0.2247048444891971,0.1028201317008315,0.2198713871259355,0.3602157968474639,199,200,1.0050251256281406,0.415739709641549,0.0,"{""T1036 - Defense Evasion: Masquerading"": 200, ""T1498.001 - Impact: Direct Network Flood"": 200, ""T1498.002 - Impact: Reflection/Amplification Attack"": 200, ""T1571 - Defense Evasion: Non-Standard Port"": 200, ""T1583.005 - Resource Development: Acquire Botnet"": 200, ""T1584.005 - Resource Development: Build/Compromise Botnet"": 199, ""T1590 - Reconnaissance: Gather Victim Network Information"": 199, ""T1595 - Reconnaissance: Active Scanning"": 200, ""TA0011 - Command-and-Control"": 200}",6059798,1753
uniform_step_balanced,uniform_step_balanced,{},505,45,0,9.35052849436994e-05,0.2265751054975568,0.1180245902411298,0.2229548668351816,0.346832262995049,5,5,1.0,0.0,0.0,"{""T1036 - Defense Evasion: Masquerading"": 5, ""T1498.001 - Impact: Direct Network Flood"": 5, ""T1498.002 - Impact: Reflection/Amplification Attack"": 5, ""T1571 - Defense Evasion: Non-Standard Port"": 5, ""T1583.005 - Resource Development: Acquire Botnet"": 5, ""T1584.005 - Resource Development: Build/Compromise Botnet"": 5, ""T1590 - Reconnaissance: Gather Victim Network Information"": 5, ""T1595 - Reconnaissance: Active Scanning"": 5, ""TA0011 - Command-and-Control"": 5}",6058045,0
uniform_step_balanced,uniform_step_balanced,{},505,90,45,2.834565532689422e-05,0.2280619631319325,0.1163882181371926,0.2223840290352876,0.3587113643669209,10,10,1.0,0.0,0.0,"{""T1036 - Defense Evasion: Masquerading"": 10, ""T1498.001 - Impact: Direct Network Flood"": 10, ""T1498.002 - Impact: Reflection/Amplification Attack"": 10, ""T1571 - Defense Evasion: Non-Standard Port"": 10, ""T1583.005 - Resource Development: Acquire Botnet"": 10, ""T1584.005 - Resource Development: Build/Compromise Botnet"": 10, ""T1590 - Reconnaissance: Gather Victim Network Information"": 10, ""T1595 - Reconnaissance: Active Scanning"": 10, ""TA0011 - Command-and-Control"": 10}",6058090,45
uniform_step_balanced,uniform_step_balanced,{},505,180,135,5.629412814258921e-05,0.2317064569476943,0.1056644549287364,0.2266694041038687,0.3708949018371397,20,20,1.0,0.0,0.0,"{""T1036 - Defense Evasion: Masquerading"": 20, ""T1498.001 - Impact: Direct Network Flood"": 20, ""T1498.002 - Impact: Reflection/Amplification Attack"": 20, ""T1571 - Defense Evasion: Non-Standard Port"": 20, ""T1583.005 - Resource Development: Acquire Botnet"": 20, ""T1584.005 - Resource Development: Build/Compromise Botnet"": 20, ""T1590 - Reconnaissance: Gather Victim Network Information"": 20, ""T1595 - Reconnaissance: Active Scanning"": 20, ""TA0011 - Command-and-Control"": 20}",6058180,135
uniform_step_balanced,uniform_step_balanced,{},505,360,315,3.1161455403017165e-05,0.2298146655418498,0.1085106338816763,0.2239978699039832,0.3689810791133806,40,40,1.0,0.0,0.0,"{""T1036 - Defense Evasion: Masquerading"": 40, ""T1498.001 - Impact: Direct Network Flood"": 40, ""T1498.002 - Impact: Reflection/Amplification Attack"": 40, ""T1571 - Defense Evasion: Non-Standard Port"": 40, ""T1583.005 - Resource Development: Acquire Botnet"": 40, ""T1584.005 - Resource Development: Build/Compromise Botnet"": 40, ""T1590 - Reconnaissance: Gather Victim Network Information"": 40, ""T1595 - Reconnaissance: Active Scanning"": 40, ""TA0011 - Command-and-Control"": 40}",6058360,315
uniform_step_balanced,uniform_step_balanced,{},505,720,675,1.3435640284372217e-05,0.2272953164118355,0.1078080222521888,0.2216551987786986,0.3619982722440728,80,80,1.0,0.0,0.0,"{""T1036 - Defense Evasion: Masquerading"": 80, ""T1498.001 - Impact: Direct Network Flood"": 80, ""T1498.002 - Impact: Reflection/Amplification Attack"": 80, ""T1571 - Defense Evasion: Non-Standard Port"": 80, ""T1583.005 - Resource Development: Acquire Botnet"": 80, ""T1584.005 - Resource Development: Build/Compromise Botnet"": 80, ""T1590 - Reconnaissance: Gather Victim Network Information"": 80, ""T1595 - Reconnaissance: Active Scanning"": 80, ""TA0011 - Command-and-Control"": 80}",6058720,675
uniform_step_balanced,uniform_step_balanced,{},505,1200,1155,3.2103858742016167e-06,0.2257637461626476,0.1051317311035183,0.22155638368497,0.3597222918044941,133,134,1.0075187969924813,0.4714045207910317,0.0,"{""T1036 - Defense Evasion: Masquerading"": 133, ""T1498.001 - Impact: Direct Network Flood"": 134, ""T1498.002 - Impact: Reflection/Amplification Attack"": 134, ""T1571 - Defense Evasion: Non-Standard Port"": 133, ""T1583.005 - Resource Development: Acquire Botnet"": 133, ""T1584.005 - Resource Development: Build/Compromise Botnet"": 133, ""T1590 - Reconnaissance: Gather Victim Network Information"": 133, ""T1595 - Reconnaissance: Active Scanning"": 134, ""TA0011 - Command-and-Control"": 133}",6059200,1155
uniform_step_balanced,uniform_step_balanced,{},505,1798,1753,0.0,0.2247048444891971,0.1028201317008315,0.2198713871259355,0.3602157968474639,199,200,1.0050251256281406,0.415739709641549,0.0,"{""T1036 - Defense Evasion: Masquerading"": 200, ""T1498.001 - Impact: Direct Network Flood"": 200, ""T1498.002 - Impact: Reflection/Amplification Attack"": 200, ""T1571 - Defense Evasion: Non-Standard Port"": 200, ""T1583.005 - Resource Development: Acquire Botnet"": 200, ""T1584.005 - Resource Development: Build/Compromise Botnet"": 199, ""T1590 - Reconnaissance: Gather Victim Network Information"": 199, ""T1595 - Reconnaissance: Active Scanning"": 200, ""TA0011 - Command-and-Control"": 200}",6059798,1753
stochastic_normalized_fragility,stochastic_normalized_loo_fragility,{},606,45,0,7.269065187851542e-05,0.2292416739111021,0.0983366073849305,0.2236337095917128,0.3760870842778797,5,5,1.0,0.0,0.0,"{""T1036 - Defense Evasion: Masquerading"": 5, ""T1498.001 - Impact: Direct Network Flood"": 5, ""T1498.002 - Impact: Reflection/Amplification Attack"": 5, ""T1571 - Defense Evasion: Non-Standard Port"": 5, ""T1583.005 - Resource Development: Acquire Botnet"": 5, ""T1584.005 - Resource Development: Build/Compromise Botnet"": 5, ""T1590 - Reconnaissance: Gather Victim Network Information"": 5, ""T1595 - Reconnaissance: Active Scanning"": 5, ""TA0011 - Command-and-Control"": 5}",7068045,0
stochastic_normalized_fragility,stochastic_normalized_loo_fragility,{},606,90,45,3.4760848711604575e-05,0.2250825027783056,0.0946177442852865,0.2196572258807958,0.3715672611309557,8,13,1.625,1.699673171197595,12.0,"{""T1036 - Defense Evasion: Masquerading"": 13, ""T1498.001 - Impact: Direct Network Flood"": 8, ""T1498.002 - Impact: Reflection/Amplification Attack"": 12, ""T1571 - Defense Evasion: Non-Standard Port"": 8, ""T1583.005 - Resource Development: Acquire Botnet"": 11, ""T1584.005 - Resource Development: Build/Compromise Botnet"": 10, ""T1590 - Reconnaissance: Gather Victim Network Information"": 10, ""T1595 - Reconnaissance: Active Scanning"": 8, ""TA0011 - Command-and-Control"": 10}",7068090,45
stochastic_normalized_fragility,stochastic_normalized_loo_fragility,{},606,180,135,1.5342889514968132e-05,0.2244094873347613,0.0990812530789209,0.2191840938055633,0.3684977800402059,15,24,1.6,3.4641016151377544,28.0,"{""T1036 - Defense Evasion: Masquerading"": 24, ""T1498.001 - Impact: Direct Network Flood"": 15, ""T1498.002 - Impact: Reflection/Amplification Attack"": 16, ""T1571 - Defense Evasion: Non-Standard Port"": 16, ""T1583.005 - Resource Development: Acquire Botnet"": 24, ""T1584.005 - Resource Development: Build/Compromise Botnet"": 24, ""T1590 - Reconnaissance: Gather Victim Network Information"": 19, ""T1595 - Reconnaissance: Active Scanning"": 21, ""TA0011 - Command-and-Control"": 21}",7068180,135
stochastic_normalized_fragility,stochastic_normalized_loo_fragility,{},606,360,315,7.669634926095802e-06,0.2231484733020129,0.1000280617766763,0.2177381964023776,0.3620992519385417,27,55,2.037037037037037,7.542472332656507,54.0,"{""T1036 - Defense Evasion: Masquerading"": 55, ""T1498.001 - Impact: Direct Network Flood"": 37, ""T1498.002 - Impact: Reflection/Amplification Attack"": 27, ""T1571 - Defense Evasion: Non-Standard Port"": 41, ""T1583.005 - Resource Development: Acquire Botnet"": 47, ""T1584.005 - Resource Development: Build/Compromise Botnet"": 37, ""T1590 - Reconnaissance: Gather Victim Network Information"": 37, ""T1595 - Reconnaissance: Active Scanning"": 35, ""TA0011 - Command-and-Control"": 44}",7068360,315
stochastic_normalized_fragility,stochastic_normalized_loo_fragility,{},606,720,675,4.353901049847054e-06,0.2257350767645977,0.1020027058791299,0.2212799149712845,0.364067581440167,61,102,1.6721311475409837,13.182479955523458,88.0,"{""T1036 - Defense Evasion: Masquerading"": 102, ""T1498.001 - Impact: Direct Network Flood"": 82, ""T1498.002 - Impact: Reflection/Amplification Attack"": 61, ""T1571 - Defense Evasion: Non-Standard Port"": 76, ""T1583.005 - Resource Development: Acquire Botnet"": 100, ""T1584.005 - Resource Development: Build/Compromise Botnet"": 80, ""T1590 - Reconnaissance: Gather Victim Network Information"": 79, ""T1595 - Reconnaissance: Active Scanning"": 63, ""TA0011 - Command-and-Control"": 77}",7068720,675
stochastic_normalized_fragility,stochastic_normalized_loo_fragility,{},606,1200,1155,7.555241691363834e-06,0.2257970993231803,0.1020095918262693,0.2209314732469743,0.3619193912130746,111,166,1.4954954954954955,16.53279569018299,120.0,"{""T1036 - Defense Evasion: Masquerading"": 166, ""T1498.001 - Impact: Direct Network Flood"": 128, ""T1498.002 - Impact: Reflection/Amplification Attack"": 120, ""T1571 - Defense Evasion: Non-Standard Port"": 121, ""T1583.005 - Resource Development: Acquire Botnet"": 154, ""T1584.005 - Resource Development: Build/Compromise Botnet"": 139, ""T1590 - Reconnaissance: Gather Victim Network Information"": 125, ""T1595 - Reconnaissance: Active Scanning"": 111, ""TA0011 - Command-and-Control"": 136}",7069200,1155
stochastic_normalized_fragility,stochastic_normalized_loo_fragility,{},606,1798,1753,0.0,0.2247048444891971,0.1028201317008315,0.2198713871259355,0.3602157968474639,199,200,1.0050251256281406,0.415739709641549,0.0,"{""T1036 - Defense Evasion: Masquerading"": 200, ""T1498.001 - Impact: Direct Network Flood"": 200, ""T1498.002 - Impact: Reflection/Amplification Attack"": 200, ""T1571 - Defense Evasion: Non-Standard Port"": 200, ""T1583.005 - Resource Development: Acquire Botnet"": 200, ""T1584.005 - Resource Development: Build/Compromise Botnet"": 199, ""T1590 - Reconnaissance: Gather Victim Network Information"": 199, ""T1595 - Reconnaissance: Active Scanning"": 200, ""TA0011 - Command-and-Control"": 200}",7069798,1753
uniform_step_balanced,uniform_step_balanced,{},606,45,0,7.269065187851542e-05,0.2292416739111021,0.0983366073849305,0.2236337095917128,0.3760870842778797,5,5,1.0,0.0,0.0,"{""T1036 - Defense Evasion: Masquerading"": 5, ""T1498.001 - Impact: Direct Network Flood"": 5, ""T1498.002 - Impact: Reflection/Amplification Attack"": 5, ""T1571 - Defense Evasion: Non-Standard Port"": 5, ""T1583.005 - Resource Development: Acquire Botnet"": 5, ""T1584.005 - Resource Development: Build/Compromise Botnet"": 5, ""T1590 - Reconnaissance: Gather Victim Network Information"": 5, ""T1595 - Reconnaissance: Active Scanning"": 5, ""TA0011 - Command-and-Control"": 5}",7068045,0
uniform_step_balanced,uniform_step_balanced,{},606,90,45,1.230844535807226e-05,0.2239464812456673,0.0989223263009761,0.2181220075689254,0.3664937991179412,10,10,1.0,0.0,0.0,"{""T1036 - Defense Evasion: Masquerading"": 10, ""T1498.001 - Impact: Direct Network Flood"": 10, ""T1498.002 - Impact: Reflection/Amplification Attack"": 10, ""T1571 - Defense Evasion: Non-Standard Port"": 10, ""T1583.005 - Resource Development: Acquire Botnet"": 10, ""T1584.005 - Resource Development: Build/Compromise Botnet"": 10, ""T1590 - Reconnaissance: Gather Victim Network Information"": 10, ""T1595 - Reconnaissance: Active Scanning"": 10, ""TA0011 - Command-and-Control"": 10}",7068090,45
uniform_step_balanced,uniform_step_balanced,{},606,180,135,1.3094246147183664e-05,0.2264059366453045,0.1037826448228932,0.2203613081199137,0.3689211912427129,20,20,1.0,0.0,0.0,"{""T1036 - Defense Evasion: Masquerading"": 20, ""T1498.001 - Impact: Direct Network Flood"": 20, ""T1498.002 - Impact: Reflection/Amplification Attack"": 20, ""T1571 - Defense Evasion: Non-Standard Port"": 20, ""T1583.005 - Resource Development: Acquire Botnet"": 20, ""T1584.005 - Resource Development: Build/Compromise Botnet"": 20, ""T1590 - Reconnaissance: Gather Victim Network Information"": 20, ""T1595 - Reconnaissance: Active Scanning"": 20, ""TA0011 - Command-and-Control"": 20}",7068180,135
uniform_step_balanced,uniform_step_balanced,{},606,360,315,4.47942518275464e-06,0.2244554882823327,0.1067068744119923,0.2189230755428251,0.3624675984748973,40,40,1.0,0.0,0.0,"{""T1036 - Defense Evasion: Masquerading"": 40, ""T1498.001 - Impact: Direct Network Flood"": 40, ""T1498.002 - Impact: Reflection/Amplification Attack"": 40, ""T1571 - Defense Evasion: Non-Standard Port"": 40, ""T1583.005 - Resource Development: Acquire Botnet"": 40, ""T1584.005 - Resource Development: Build/Compromise Botnet"": 40, ""T1590 - Reconnaissance: Gather Victim Network Information"": 40, ""T1595 - Reconnaissance: Active Scanning"": 40, ""TA0011 - Command-and-Control"": 40}",7068360,315
uniform_step_balanced,uniform_step_balanced,{},606,720,675,7.58653397887983e-06,0.2263476230270198,0.1046075397854926,0.2210670497609494,0.3647563377663821,80,80,1.0,0.0,0.0,"{""T1036 - Defense Evasion: Masquerading"": 80, ""T1498.001 - Impact: Direct Network Flood"": 80, ""T1498.002 - Impact: Reflection/Amplification Attack"": 80, ""T1571 - Defense Evasion: Non-Standard Port"": 80, ""T1583.005 - Resource Development: Acquire Botnet"": 80, ""T1584.005 - Resource Development: Build/Compromise Botnet"": 80, ""T1590 - Reconnaissance: Gather Victim Network Information"": 80, ""T1595 - Reconnaissance: Active Scanning"": 80, ""TA0011 - Command-and-Control"": 80}",7068720,675
uniform_step_balanced,uniform_step_balanced,{},606,1200,1155,2.1663199977529724e-06,0.2258606507514717,0.1027622109355238,0.2209292309270463,0.3609842461322322,133,134,1.0075187969924813,0.4714045207910317,0.0,"{""T1036 - Defense Evasion: Masquerading"": 133, ""T1498.001 - Impact: Direct Network Flood"": 133, ""T1498.002 - Impact: Reflection/Amplification Attack"": 134, ""T1571 - Defense Evasion: Non-Standard Port"": 133, ""T1583.005 - Resource Development: Acquire Botnet"": 133, ""T1584.005 - Resource Development: Build/Compromise Botnet"": 134, ""T1590 - Reconnaissance: Gather Victim Network Information"": 133, ""T1595 - Reconnaissance: Active Scanning"": 134, ""TA0011 - Command-and-Control"": 133}",7069200,1155
uniform_step_balanced,uniform_step_balanced,{},606,1798,1753,0.0,0.2247048444891971,0.1028201317008315,0.2198713871259355,0.3602157968474639,199,200,1.0050251256281406,0.415739709641549,0.0,"{""T1036 - Defense Evasion: Masquerading"": 200, ""T1498.001 - Impact: Direct Network Flood"": 200, ""T1498.002 - Impact: Reflection/Amplification Attack"": 200, ""T1571 - Defense Evasion: Non-Standard Port"": 200, ""T1583.005 - Resource Development: Acquire Botnet"": 200, ""T1584.005 - Resource Development: Build/Compromise Botnet"": 199, ""T1590 - Reconnaissance: Gather Victim Network Information"": 199, ""T1595 - Reconnaissance: Active Scanning"": 200, ""TA0011 - Command-and-Control"": 200}",7069798,1753
stochastic_normalized_fragility,stochastic_normalized_loo_fragility,{},707,45,0,5.4674219001275806e-05,0.226197388185626,0.1155540715136891,0.2232357563567069,0.3463077943542433,5,5,1.0,0.0,0.0,"{""T1036 - Defense Evasion: Masquerading"": 5, ""T1498.001 - Impact: Direct Network Flood"": 5, ""T1498.002 - Impact: Reflection/Amplification Attack"": 5, ""T1571 - Defense Evasion: Non-Standard Port"": 5, ""T1583.005 - Resource Development: Acquire Botnet"": 5, ""T1584.005 - Resource Development: Build/Compromise Botnet"": 5, ""T1590 - Reconnaissance: Gather Victim Network Information"": 5, ""T1595 - Reconnaissance: Active Scanning"": 5, ""TA0011 - Command-and-Control"": 5}",8078045,0
stochastic_normalized_fragility,stochastic_normalized_loo_fragility,{},707,90,45,1.2569688450144387e-05,0.2238893048545468,0.1078174797062753,0.2197133292528892,0.3526916972595972,7,13,1.8571428571428572,2.160246899469287,18.0,"{""T1036 - Defense Evasion: Masquerading"": 9, ""T1498.001 - Impact: Direct Network Flood"": 8, ""T1498.002 - Impact: Reflection/Amplification Attack"": 12, ""T1571 - Defense Evasion: Non-Standard Port"": 13, ""T1583.005 - Resource Development: Acquire Botnet"": 11, ""T1584.005 - Resource Development: Build/Compromise Botnet"": 12, ""T1590 - Reconnaissance: Gather Victim Network Information"": 7, ""T1595 - Reconnaissance: Active Scanning"": 7, ""TA0011 - Command-and-Control"": 11}",8078090,45
stochastic_normalized_fragility,stochastic_normalized_loo_fragility,{},707,180,135,2.2128553011680745e-05,0.2226079267970516,0.1090710050654478,0.2180435469830104,0.3519975817109051,14,26,1.8571428571428572,3.2998316455372216,22.0,"{""T1036 - Defense Evasion: Masquerading"": 22, ""T1498.001 - Impact: Direct Network Flood"": 17, ""T1498.002 - Impact: Reflection/Amplification Attack"": 23, ""T1571 - Defense Evasion: Non-Standard Port"": 18, ""T1583.005 - Resource Development: Acquire Botnet"": 20, ""T1584.005 - Resource Development: Build/Compromise Botnet"": 26, ""T1590 - Reconnaissance: Gather Victim Network Information"": 20, ""T1595 - Reconnaissance: Active Scanning"": 14, ""TA0011 - Command-and-Control"": 20}",8078180,135
stochastic_normalized_fragility,stochastic_normalized_loo_fragility,{},707,360,315,9.306158583029396e-06,0.2237836878499308,0.107823952731614,0.2194048490959474,0.3539214689542944,35,47,1.3428571428571427,3.4318767136623336,26.0,"{""T1036 - Defense Evasion: Masquerading"": 42, ""T1498.001 - Impact: Direct Network Flood"": 47, ""T1498.002 - Impact: Reflection/Amplification Attack"": 42, ""T1571 - Defense Evasion: Non-Standard Port"": 35, ""T1583.005 - Resource Development: Acquire Botnet"": 41, ""T1584.005 - Resource Development: Build/Compromise Botnet"": 41, ""T1590 - Reconnaissance: Gather Victim Network Information"": 37, ""T1595 - Reconnaissance: Active Scanning"": 37, ""TA0011 - Command-and-Control"": 38}",8078360,315
stochastic_normalized_fragility,stochastic_normalized_loo_fragility,{},707,720,675,4.7575346438172345e-06,0.2246943261592784,0.1066125411017775,0.2202703779748482,0.3571134400813956,70,90,1.2857142857142858,6.831300510639732,56.0,"{""T1036 - Defense Evasion: Masquerading"": 83, ""T1498.001 - Impact: Direct Network Flood"": 74, ""T1498.002 - Impact: Reflection/Amplification Attack"": 75, ""T1571 - Defense Evasion: Non-Standard Port"": 70, ""T1583.005 - Resource Development: Acquire Botnet"": 90, ""T1584.005 - Resource Development: Build/Compromise Botnet"": 88, ""T1590 - Reconnaissance: Gather Victim Network Information"": 81, ""T1595 - Reconnaissance: Active Scanning"": 73, ""TA0011 - Command-and-Control"": 86}",8078720,675
stochastic_normalized_fragility,stochastic_normalized_loo_fragility,{},707,1200,1155,4.188736957208967e-06,0.2249142998583624,0.1050974271913726,0.2201901434297146,0.3603402424690152,119,154,1.2941176470588236,9.92191737742481,64.0,"{""T1036 - Defense Evasion: Masquerading"": 137, ""T1498.001 - Impact: Direct Network Flood"": 135, ""T1498.002 - Impact: Reflection/Amplification Attack"": 119, ""T1571 - Defense Evasion: Non-Standard Port"": 127, ""T1583.005 - Resource Development: Acquire Botnet"": 154, ""T1584.005 - Resource Development: Build/Compromise Botnet"": 133, ""T1590 - Reconnaissance: Gather Victim Network Information"": 134, ""T1595 - Reconnaissance: Active Scanning"": 121, ""TA0011 - Command-and-Control"": 140}",8079200,1155
stochastic_normalized_fragility,stochastic_normalized_loo_fragility,{},707,1798,1753,0.0,0.2247048444891971,0.1028201317008315,0.2198713871259355,0.3602157968474639,199,200,1.0050251256281406,0.415739709641549,0.0,"{""T1036 - Defense Evasion: Masquerading"": 200, ""T1498.001 - Impact: Direct Network Flood"": 200, ""T1498.002 - Impact: Reflection/Amplification Attack"": 200, ""T1571 - Defense Evasion: Non-Standard Port"": 200, ""T1583.005 - Resource Development: Acquire Botnet"": 200, ""T1584.005 - Resource Development: Build/Compromise Botnet"": 199, ""T1590 - Reconnaissance: Gather Victim Network Information"": 199, ""T1595 - Reconnaissance: Active Scanning"": 200, ""TA0011 - Command-and-Control"": 200}",8079798,1753
uniform_step_balanced,uniform_step_balanced,{},707,45,0,5.4674219001275806e-05,0.226197388185626,0.1155540715136891,0.2232357563567069,0.3463077943542433,5,5,1.0,0.0,0.0,"{""T1036 - Defense Evasion: Masquerading"": 5, ""T1498.001 - Impact: Direct Network Flood"": 5, ""T1498.002 - Impact: Reflection/Amplification Attack"": 5, ""T1571 - Defense Evasion: Non-Standard Port"": 5, ""T1583.005 - Resource Development: Acquire Botnet"": 5, ""T1584.005 - Resource Development: Build/Compromise Botnet"": 5, ""T1590 - Reconnaissance: Gather Victim Network Information"": 5, ""T1595 - Reconnaissance: Active Scanning"": 5, ""TA0011 - Command-and-Control"": 5}",8078045,0
uniform_step_balanced,uniform_step_balanced,{},707,90,45,2.3732790177755868e-05,0.223078142202451,0.1080874144016316,0.218225762893969,0.3514802772014255,10,10,1.0,0.0,0.0,"{""T1036 - Defense Evasion: Masquerading"": 10, ""T1498.001 - Impact: Direct Network Flood"": 10, ""T1498.002 - Impact: Reflection/Amplification Attack"": 10, ""T1571 - Defense Evasion: Non-Standard Port"": 10, ""T1583.005 - Resource Development: Acquire Botnet"": 10, ""T1584.005 - Resource Development: Build/Compromise Botnet"": 10, ""T1590 - Reconnaissance: Gather Victim Network Information"": 10, ""T1595 - Reconnaissance: Active Scanning"": 10, ""TA0011 - Command-and-Control"": 10}",8078090,45
uniform_step_balanced,uniform_step_balanced,{},707,180,135,1.667644503063523e-05,0.2239527416625047,0.1116158111071751,0.2191434298360648,0.3552722033929847,20,20,1.0,0.0,0.0,"{""T1036 - Defense Evasion: Masquerading"": 20, ""T1498.001 - Impact: Direct Network Flood"": 20, ""T1498.002 - Impact: Reflection/Amplification Attack"": 20, ""T1571 - Defense Evasion: Non-Standard Port"": 20, ""T1583.005 - Resource Development: Acquire Botnet"": 20, ""T1584.005 - Resource Development: Build/Compromise Botnet"": 20, ""T1590 - Reconnaissance: Gather Victim Network Information"": 20, ""T1595 - Reconnaissance: Active Scanning"": 20, ""TA0011 - Command-and-Control"": 20}",8078180,135
uniform_step_balanced,uniform_step_balanced,{},707,360,315,1.0246951630294914e-05,0.2232792904644874,0.1034577223110329,0.2190361006592443,0.3527419204667877,40,40,1.0,0.0,0.0,"{""T1036 - Defense Evasion: Masquerading"": 40, ""T1498.001 - Impact: Direct Network Flood"": 40, ""T1498.002 - Impact: Reflection/Amplification Attack"": 40, ""T1571 - Defense Evasion: Non-Standard Port"": 40, ""T1583.005 - Resource Development: Acquire Botnet"": 40, ""T1584.005 - Resource Development: Build/Compromise Botnet"": 40, ""T1590 - Reconnaissance: Gather Victim Network Information"": 40, ""T1595 - Reconnaissance: Active Scanning"": 40, ""TA0011 - Command-and-Control"": 40}",8078360,315
uniform_step_balanced,uniform_step_balanced,{},707,720,675,4.896445414141115e-06,0.2249498180913335,0.1074502191106897,0.2208422210008829,0.3569871969472359,80,80,1.0,0.0,0.0,"{""T1036 - Defense Evasion: Masquerading"": 80, ""T1498.001 - Impact: Direct Network Flood"": 80, ""T1498.002 - Impact: Reflection/Amplification Attack"": 80, ""T1571 - Defense Evasion: Non-Standard Port"": 80, ""T1583.005 - Resource Development: Acquire Botnet"": 80, ""T1584.005 - Resource Development: Build/Compromise Botnet"": 80, ""T1590 - Reconnaissance: Gather Victim Network Information"": 80, ""T1595 - Reconnaissance: Active Scanning"": 80, ""TA0011 - Command-and-Control"": 80}",8078720,675
uniform_step_balanced,uniform_step_balanced,{},707,1200,1155,9.966296391580269e-07,0.2249265198081909,0.1044521484966368,0.2204048553701851,0.3577879080877528,133,134,1.0075187969924813,0.4714045207910317,0.0,"{""T1036 - Defense Evasion: Masquerading"": 133, ""T1498.001 - Impact: Direct Network Flood"": 133, ""T1498.002 - Impact: Reflection/Amplification Attack"": 133, ""T1571 - Defense Evasion: Non-Standard Port"": 133, ""T1583.005 - Resource Development: Acquire Botnet"": 134, ""T1584.005 - Resource Development: Build/Compromise Botnet"": 133, ""T1590 - Reconnaissance: Gather Victim Network Information"": 133, ""T1595 - Reconnaissance: Active Scanning"": 134, ""TA0011 - Command-and-Control"": 134}",8079200,1155
uniform_step_balanced,uniform_step_balanced,{},707,1798,1753,0.0,0.2247048444891971,0.1028201317008315,0.2198713871259355,0.3602157968474639,199,200,1.0050251256281406,0.415739709641549,0.0,"{""T1036 - Defense Evasion: Masquerading"": 200, ""T1498.001 - Impact: Direct Network Flood"": 200, ""T1498.002 - Impact: Reflection/Amplification Attack"": 200, ""T1571 - Defense Evasion: Non-Standard Port"": 200, ""T1583.005 - Resource Development: Acquire Botnet"": 200, ""T1584.005 - Resource Development: Build/Compromise Botnet"": 199, ""T1590 - Reconnaissance: Gather Victim Network Information"": 199, ""T1595 - Reconnaissance: Active Scanning"": 200, ""TA0011 - Command-and-Control"": 200}",8079798,1753
stochastic_normalized_fragility,stochastic_normalized_loo_fragility,{},808,45,0,1.6500642142373114e-05,0.2274319887820247,0.1089599325373453,0.2233027295039067,0.3585746003014424,5,5,1.0,0.0,0.0,"{""T1036 - Defense Evasion: Masquerading"": 5, ""T1498.001 - Impact: Direct Network Flood"": 5, ""T1498.002 - Impact: Reflection/Amplification Attack"": 5, ""T1571 - Defense Evasion: Non-Standard Port"": 5, ""T1583.005 - Resource Development: Acquire Botnet"": 5, ""T1584.005 - Resource Development: Build/Compromise Botnet"": 5, ""T1590 - Reconnaissance: Gather Victim Network Information"": 5, ""T1595 - Reconnaissance: Active Scanning"": 5, ""TA0011 - Command-and-Control"": 5}",9088045,0
stochastic_normalized_fragility,stochastic_normalized_loo_fragility,{},808,90,45,2.506176751476976e-05,0.2272385122056645,0.0990414952563898,0.2232620576251869,0.3702663236461202,7,15,2.142857142857143,2.309401076758503,14.0,"{""T1036 - Defense Evasion: Masquerading"": 12, ""T1498.001 - Impact: Direct Network Flood"": 15, ""T1498.002 - Impact: Reflection/Amplification Attack"": 10, ""T1571 - Defense Evasion: Non-Standard Port"": 10, ""T1583.005 - Resource Development: Acquire Botnet"": 9, ""T1584.005 - Resource Development: Build/Compromise Botnet"": 10, ""T1590 - Reconnaissance: Gather Victim Network Information"": 7, ""T1595 - Reconnaissance: Active Scanning"": 7, ""TA0011 - Command-and-Control"": 10}",9088090,45
stochastic_normalized_fragility,stochastic_normalized_loo_fragility,{},808,180,135,4.353384689282795e-06,0.2259863949072058,0.1031032987232931,0.2206874895253756,0.3633793354463582,13,25,1.9230769230769231,4.0276819911981905,32.0,"{""T1036 - Defense Evasion: Masquerading"": 18, ""T1498.001 - Impact: Direct Network Flood"": 25, ""T1498.002 - Impact: Reflection/Amplification Attack"": 18, ""T1571 - Defense Evasion: Non-Standard Port"": 25, ""T1583.005 - Resource Development: Acquire Botnet"": 15, ""T1584.005 - Resource Development: Build/Compromise Botnet"": 21, ""T1590 - Reconnaissance: Gather Victim Network Information"": 13, ""T1595 - Reconnaissance: Active Scanning"": 23, ""TA0011 - Command-and-Control"": 22}",9088180,135
stochastic_normalized_fragility,stochastic_normalized_loo_fragility,{},808,360,315,8.713433997454449e-06,0.2244340714320892,0.0978297060676601,0.2191305350964333,0.3657406164770753,33,48,1.4545454545454546,4.447221354708778,34.0,"{""T1036 - Defense Evasion: Masquerading"": 36, ""T1498.001 - Impact: Direct Network Flood"": 48, ""T1498.002 - Impact: Reflection/Amplification Attack"": 42, ""T1571 - Defense Evasion: Non-Standard Port"": 43, ""T1583.005 - Resource Development: Acquire Botnet"": 33, ""T1584.005 - Resource Development: Build/Compromise Botnet"": 41, ""T1590 - Reconnaissance: Gather Victim Network Information"": 39, ""T1595 - Reconnaissance: Active Scanning"": 35, ""TA0011 - Command-and-Control"": 43}",9088360,315
stochastic_normalized_fragility,stochastic_normalized_loo_fragility,{},808,720,675,3.210027271155846e-06,0.2255454039929673,0.1021535074859793,0.2210427740971103,0.363637676246919,70,87,1.2428571428571429,4.898979485566356,32.0,"{""T1036 - Defense Evasion: Masquerading"": 81, ""T1498.001 - Impact: Direct Network Flood"": 81, ""T1498.002 - Impact: Reflection/Amplification Attack"": 70, ""T1571 - Defense Evasion: Non-Standard Port"": 74, ""T1583.005 - Resource Development: Acquire Botnet"": 80, ""T1584.005 - Resource Development: Build/Compromise Botnet"": 82, ""T1590 - Reconnaissance: Gather Victim Network Information"": 85, ""T1595 - Reconnaissance: Active Scanning"": 80, ""TA0011 - Command-and-Control"": 87}",9088720,675
stochastic_normalized_fragility,stochastic_normalized_loo_fragility,{},808,1200,1155,3.730867830168915e-06,0.2261636417350426,0.1030354531713559,0.2214001413174037,0.3612479243295373,120,155,1.2916666666666667,8.96908269804914,50.0,"{""T1036 - Defense Evasion: Masquerading"": 155, ""T1498.001 - Impact: Direct Network Flood"": 132, ""T1498.002 - Impact: Reflection/Amplification Attack"": 120, ""T1571 - Defense Evasion: Non-Standard Port"": 128, ""T1583.005 - Resource Development: Acquire Botnet"": 134, ""T1584.005 - Resource Development: Build/Compromise Botnet"": 133, ""T1590 - Reconnaissance: Gather Victim Network Information"": 138, ""T1595 - Reconnaissance: Active Scanning"": 131, ""TA0011 - Command-and-Control"": 129}",9089200,1155
stochastic_normalized_fragility,stochastic_normalized_loo_fragility,{},808,1798,1753,0.0,0.2247048444891971,0.1028201317008315,0.2198713871259355,0.3602157968474639,199,200,1.0050251256281406,0.415739709641549,0.0,"{""T1036 - Defense Evasion: Masquerading"": 200, ""T1498.001 - Impact: Direct Network Flood"": 200, ""T1498.002 - Impact: Reflection/Amplification Attack"": 200, ""T1571 - Defense Evasion: Non-Standard Port"": 200, ""T1583.005 - Resource Development: Acquire Botnet"": 200, ""T1584.005 - Resource Development: Build/Compromise Botnet"": 199, ""T1590 - Reconnaissance: Gather Victim Network Information"": 199, ""T1595 - Reconnaissance: Active Scanning"": 200, ""TA0011 - Command-and-Control"": 200}",9089798,1753
uniform_step_balanced,uniform_step_balanced,{},808,45,0,1.6500642142373114e-05,0.2274319887820247,0.1089599325373453,0.2233027295039067,0.3585746003014424,5,5,1.0,0.0,0.0,"{""T1036 - Defense Evasion: Masquerading"": 5, ""T1498.001 - Impact: Direct Network Flood"": 5, ""T1498.002 - Impact: Reflection/Amplification Attack"": 5, ""T1571 - Defense Evasion: Non-Standard Port"": 5, ""T1583.005 - Resource Development: Acquire Botnet"": 5, ""T1584.005 - Resource Development: Build/Compromise Botnet"": 5, ""T1590 - Reconnaissance: Gather Victim Network Information"": 5, ""T1595 - Reconnaissance: Active Scanning"": 5, ""TA0011 - Command-and-Control"": 5}",9088045,0
uniform_step_balanced,uniform_step_balanced,{},808,90,45,1.4754483460421532e-05,0.2271373149580764,0.1006391230531662,0.2227994420124961,0.3662339263529915,10,10,1.0,0.0,0.0,"{""T1036 - Defense Evasion: Masquerading"": 10, ""T1498.001 - Impact: Direct Network Flood"": 10, ""T1498.002 - Impact: Reflection/Amplification Attack"": 10, ""T1571 - Defense Evasion: Non-Standard Port"": 10, ""T1583.005 - Resource Development: Acquire Botnet"": 10, ""T1584.005 - Resource Development: Build/Compromise Botnet"": 10, ""T1590 - Reconnaissance: Gather Victim Network Information"": 10, ""T1595 - Reconnaissance: Active Scanning"": 10, ""TA0011 - Command-and-Control"": 10}",9088090,45
uniform_step_balanced,uniform_step_balanced,{},808,180,135,9.117234552360576e-06,0.2264538379232265,0.1022239129103004,0.221634069690176,0.3637974104695616,20,20,1.0,0.0,0.0,"{""T1036 - Defense Evasion: Masquerading"": 20, ""T1498.001 - Impact: Direct Network Flood"": 20, ""T1498.002 - Impact: Reflection/Amplification Attack"": 20, ""T1571 - Defense Evasion: Non-Standard Port"": 20, ""T1583.005 - Resource Development: Acquire Botnet"": 20, ""T1584.005 - Resource Development: Build/Compromise Botnet"": 20, ""T1590 - Reconnaissance: Gather Victim Network Information"": 20, ""T1595 - Reconnaissance: Active Scanning"": 20, ""TA0011 - Command-and-Control"": 20}",9088180,135
uniform_step_balanced,uniform_step_balanced,{},808,360,315,1.8001339626116197e-05,0.2257066336985589,0.1004697516788704,0.220841814169459,0.3646166895923172,40,40,1.0,0.0,0.0,"{""T1036 - Defense Evasion: Masquerading"": 40, ""T1498.001 - Impact: Direct Network Flood"": 40, ""T1498.002 - Impact: Reflection/Amplification Attack"": 40, ""T1571 - Defense Evasion: Non-Standard Port"": 40, ""T1583.005 - Resource Development: Acquire Botnet"": 40, ""T1584.005 - Resource Development: Build/Compromise Botnet"": 40, ""T1590 - Reconnaissance: Gather Victim Network Information"": 40, ""T1595 - Reconnaissance: Active Scanning"": 40, ""TA0011 - Command-and-Control"": 40}",9088360,315
uniform_step_balanced,uniform_step_balanced,{},808,720,675,7.611539338847182e-06,0.2258367151397738,0.1006921060297508,0.2212367288104662,0.362654677870154,80,80,1.0,0.0,0.0,"{""T1036 - Defense Evasion: Masquerading"": 80, ""T1498.001 - Impact: Direct Network Flood"": 80, ""T1498.002 - Impact: Reflection/Amplification Attack"": 80, ""T1571 - Defense Evasion: Non-Standard Port"": 80, ""T1583.005 - Resource Development: Acquire Botnet"": 80, ""T1584.005 - Resource Development: Build/Compromise Botnet"": 80, ""T1590 - Reconnaissance: Gather Victim Network Information"": 80, ""T1595 - Reconnaissance: Active Scanning"": 80, ""TA0011 - Command-and-Control"": 80}",9088720,675
uniform_step_balanced,uniform_step_balanced,{},808,1200,1155,3.590303670925098e-06,0.2261687515112615,0.1020438643443349,0.2217348542111695,0.3620300930105457,133,134,1.0075187969924813,0.4714045207910317,0.0,"{""T1036 - Defense Evasion: Masquerading"": 134, ""T1498.001 - Impact: Direct Network Flood"": 133, ""T1498.002 - Impact: Reflection/Amplification Attack"": 133, ""T1571 - Defense Evasion: Non-Standard Port"": 133, ""T1583.005 - Resource Development: Acquire Botnet"": 134, ""T1584.005 - Resource Development: Build/Compromise Botnet"": 133, ""T1590 - Reconnaissance: Gather Victim Network Information"": 133, ""T1595 - Reconnaissance: Active Scanning"": 133, ""TA0011 - Command-and-Control"": 134}",9089200,1155
uniform_step_balanced,uniform_step_balanced,{},808,1798,1753,0.0,0.2247048444891971,0.1028201317008315,0.2198713871259355,0.3602157968474639,199,200,1.0050251256281406,0.415739709641549,0.0,"{""T1036 - Defense Evasion: Masquerading"": 200, ""T1498.001 - Impact: Direct Network Flood"": 200, ""T1498.002 - Impact: Reflection/Amplification Attack"": 200, ""T1571 - Defense Evasion: Non-Standard Port"": 200, ""T1583.005 - Resource Development: Acquire Botnet"": 200, ""T1584.005 - Resource Development: Build/Compromise Botnet"": 199, ""T1590 - Reconnaissance: Gather Victim Network Information"": 199, ""T1595 - Reconnaissance: Active Scanning"": 200, ""TA0011 - Command-and-Control"": 200}",9089798,1753
stochastic_normalized_fragility,stochastic_normalized_loo_fragility,{},909,45,0,2.5361642045548363e-05,0.2281303724498593,0.1165991087790575,0.2217788828094046,0.3605718740065077,5,5,1.0,0.0,0.0,"{""T1036 - Defense Evasion: Masquerading"": 5, ""T1498.001 - Impact: Direct Network Flood"": 5, ""T1498.002 - Impact: Reflection/Amplification Attack"": 5, ""T1571 - Defense Evasion: Non-Standard Port"": 5, ""T1583.005 - Resource Development: Acquire Botnet"": 5, ""T1584.005 - Resource Development: Build/Compromise Botnet"": 5, ""T1590 - Reconnaissance: Gather Victim Network Information"": 5, ""T1595 - Reconnaissance: Active Scanning"": 5, ""TA0011 - Command-and-Control"": 5}",10098045,0
stochastic_normalized_fragility,stochastic_normalized_loo_fragility,{},909,90,45,9.207822097941891e-06,0.2254320632914494,0.1095038693319342,0.219257485934718,0.3598399572526981,6,13,2.1666666666666665,2.211083193570267,16.0,"{""T1036 - Defense Evasion: Masquerading"": 13, ""T1498.001 - Impact: Direct Network Flood"": 8, ""T1498.002 - Impact: Reflection/Amplification Attack"": 13, ""T1571 - Defense Evasion: Non-Standard Port"": 10, ""T1583.005 - Resource Development: Acquire Botnet"": 8, ""T1584.005 - Resource Development: Build/Compromise Botnet"": 11, ""T1590 - Reconnaissance: Gather Victim Network Information"": 6, ""T1595 - Reconnaissance: Active Scanning"": 11, ""TA0011 - Command-and-Control"": 10}",10098090,45
stochastic_normalized_fragility,stochastic_normalized_loo_fragility,{},909,180,135,2.304432840822628e-05,0.2207530800654111,0.0998172112632001,0.2153713992212879,0.3613783227839717,16,26,1.625,2.788866755113585,20.0,"{""T1036 - Defense Evasion: Masquerading"": 20, ""T1498.001 - Impact: Direct Network Flood"": 22, ""T1498.002 - Impact: Reflection/Amplification Attack"": 22, ""T1571 - Defense Evasion: Non-Standard Port"": 18, ""T1583.005 - Resource Development: Acquire Botnet"": 26, ""T1584.005 - Resource Development: Build/Compromise Botnet"": 19, ""T1590 - Reconnaissance: Gather Victim Network Information"": 16, ""T1595 - Reconnaissance: Active Scanning"": 18, ""TA0011 - Command-and-Control"": 19}",10098180,135
stochastic_normalized_fragility,stochastic_normalized_loo_fragility,{},909,360,315,2.132503799406964e-05,0.2228757033834062,0.0970621017755118,0.2168999399688849,0.3670859410633054,28,48,1.7142857142857142,6.896053621859067,58.0,"{""T1036 - Defense Evasion: Masquerading"": 46, ""T1498.001 - Impact: Direct Network Flood"": 33, ""T1498.002 - Impact: Reflection/Amplification Attack"": 45, ""T1571 - Defense Evasion: Non-Standard Port"": 28, ""T1583.005 - Resource Development: Acquire Botnet"": 48, ""T1584.005 - Resource Development: Build/Compromise Botnet"": 37, ""T1590 - Reconnaissance: Gather Victim Network Information"": 33, ""T1595 - Reconnaissance: Active Scanning"": 44, ""TA0011 - Command-and-Control"": 46}",10098360,315
stochastic_normalized_fragility,stochastic_normalized_loo_fragility,{},909,720,675,2.9680002890754604e-06,0.2238201470954136,0.1043941708021908,0.2187013689657394,0.3604703131706924,55,104,1.8909090909090909,14.974051630144135,120.0,"{""T1036 - Defense Evasion: Masquerading"": 90, ""T1498.001 - Impact: Direct Network Flood"": 66, ""T1498.002 - Impact: Reflection/Amplification Attack"": 90, ""T1571 - Defense Evasion: Non-Standard Port"": 65, ""T1583.005 - Resource Development: Acquire Botnet"": 84, ""T1584.005 - Resource Development: Build/Compromise Botnet"": 74, ""T1590 - Reconnaissance: Gather Victim Network Information"": 55, ""T1595 - Reconnaissance: Active Scanning"": 92, ""TA0011 - Command-and-Control"": 104}",10098720,675
stochastic_normalized_fragility,stochastic_normalized_loo_fragility,{},909,1200,1155,3.1626152346027702e-06,0.2233564539078657,0.1027576969182936,0.2186337273948205,0.3589391384344265,100,156,1.56,18.55322673343433,142.0,"{""T1036 - Defense Evasion: Masquerading"": 146, ""T1498.001 - Impact: Direct Network Flood"": 108, ""T1498.002 - Impact: Reflection/Amplification Attack"": 145, ""T1571 - Defense Evasion: Non-Standard Port"": 120, ""T1583.005 - Resource Development: Acquire Botnet"": 140, ""T1584.005 - Resource Development: Build/Compromise Botnet"": 134, ""T1590 - Reconnaissance: Gather Victim Network Information"": 100, ""T1595 - Reconnaissance: Active Scanning"": 156, ""TA0011 - Command-and-Control"": 151}",10099200,1155
stochastic_normalized_fragility,stochastic_normalized_loo_fragility,{},909,1798,1753,0.0,0.2247048444891971,0.1028201317008315,0.2198713871259355,0.3602157968474639,199,200,1.0050251256281406,0.415739709641549,0.0,"{""T1036 - Defense Evasion: Masquerading"": 200, ""T1498.001 - Impact: Direct Network Flood"": 200, ""T1498.002 - Impact: Reflection/Amplification Attack"": 200, ""T1571 - Defense Evasion: Non-Standard Port"": 200, ""T1583.005 - Resource Development: Acquire Botnet"": 200, ""T1584.005 - Resource Development: Build/Compromise Botnet"": 199, ""T1590 - Reconnaissance: Gather Victim Network Information"": 199, ""T1595 - Reconnaissance: Active Scanning"": 200, ""TA0011 - Command-and-Control"": 200}",10099798,1753
uniform_step_balanced,uniform_step_balanced,{},909,45,0,2.5361642045548363e-05,0.2281303724498593,0.1165991087790575,0.2217788828094046,0.3605718740065077,5,5,1.0,0.0,0.0,"{""T1036 - Defense Evasion: Masquerading"": 5, ""T1498.001 - Impact: Direct Network Flood"": 5, ""T1498.002 - Impact: Reflection/Amplification Attack"": 5, ""T1571 - Defense Evasion: Non-Standard Port"": 5, ""T1583.005 - Resource Development: Acquire Botnet"": 5, ""T1584.005 - Resource Development: Build/Compromise Botnet"": 5, ""T1590 - Reconnaissance: Gather Victim Network Information"": 5, ""T1595 - Reconnaissance: Active Scanning"": 5, ""TA0011 - Command-and-Control"": 5}",10098045,0
uniform_step_balanced,uniform_step_balanced,{},909,90,45,1.297541174885011e-05,0.2234504052411804,0.1078553887265576,0.2173191110330101,0.3569912882292247,10,10,1.0,0.0,0.0,"{""T1036 - Defense Evasion: Masquerading"": 10, ""T1498.001 - Impact: Direct Network Flood"": 10, ""T1498.002 - Impact: Reflection/Amplification Attack"": 10, ""T1571 - Defense Evasion: Non-Standard Port"": 10, ""T1583.005 - Resource Development: Acquire Botnet"": 10, ""T1584.005 - Resource Development: Build/Compromise Botnet"": 10, ""T1590 - Reconnaissance: Gather Victim Network Information"": 10, ""T1595 - Reconnaissance: Active Scanning"": 10, ""TA0011 - Command-and-Control"": 10}",10098090,45
uniform_step_balanced,uniform_step_balanced,{},909,180,135,1.8748235835216855e-05,0.2225291268820097,0.10126619267797,0.2165299258599281,0.3678633159479301,20,20,1.0,0.0,0.0,"{""T1036 - Defense Evasion: Masquerading"": 20, ""T1498.001 - Impact: Direct Network Flood"": 20, ""T1498.002 - Impact: Reflection/Amplification Attack"": 20, ""T1571 - Defense Evasion: Non-Standard Port"": 20, ""T1583.005 - Resource Development: Acquire Botnet"": 20, ""T1584.005 - Resource Development: Build/Compromise Botnet"": 20, ""T1590 - Reconnaissance: Gather Victim Network Information"": 20, ""T1595 - Reconnaissance: Active Scanning"": 20, ""TA0011 - Command-and-Control"": 20}",10098180,135
uniform_step_balanced,uniform_step_balanced,{},909,360,315,3.99806415739245e-06,0.2236307954142234,0.1023575756015067,0.2187385362010658,0.3600694698621183,40,40,1.0,0.0,0.0,"{""T1036 - Defense Evasion: Masquerading"": 40, ""T1498.001 - Impact: Direct Network Flood"": 40, ""T1498.002 - Impact: Reflection/Amplification Attack"": 40, ""T1571 - Defense Evasion: Non-Standard Port"": 40, ""T1583.005 - Resource Development: Acquire Botnet"": 40, ""T1584.005 - Resource Development: Build/Compromise Botnet"": 40, ""T1590 - Reconnaissance: Gather Victim Network Information"": 40, ""T1595 - Reconnaissance: Active Scanning"": 40, ""TA0011 - Command-and-Control"": 40}",10098360,315
uniform_step_balanced,uniform_step_balanced,{},909,720,675,3.4720527939271414e-06,0.2233376384617517,0.1027477172789419,0.2178699637746275,0.3610875290626385,80,80,1.0,0.0,0.0,"{""T1036 - Defense Evasion: Masquerading"": 80, ""T1498.001 - Impact: Direct Network Flood"": 80, ""T1498.002 - Impact: Reflection/Amplification Attack"": 80, ""T1571 - Defense Evasion: Non-Standard Port"": 80, ""T1583.005 - Resource Development: Acquire Botnet"": 80, ""T1584.005 - Resource Development: Build/Compromise Botnet"": 80, ""T1590 - Reconnaissance: Gather Victim Network Information"": 80, ""T1595 - Reconnaissance: Active Scanning"": 80, ""TA0011 - Command-and-Control"": 80}",10098720,675
uniform_step_balanced,uniform_step_balanced,{},909,1200,1155,3.701029375974964e-06,0.2231687264486525,0.1020747090242084,0.2190268794869479,0.3570559058136008,133,134,1.0075187969924813,0.4714045207910317,0.0,"{""T1036 - Defense Evasion: Masquerading"": 133, ""T1498.001 - Impact: Direct Network Flood"": 133, ""T1498.002 - Impact: Reflection/Amplification Attack"": 134, ""T1571 - Defense Evasion: Non-Standard Port"": 133, ""T1583.005 - Resource Development: Acquire Botnet"": 133, ""T1584.005 - Resource Development: Build/Compromise Botnet"": 134, ""T1590 - Reconnaissance: Gather Victim Network Information"": 133, ""T1595 - Reconnaissance: Active Scanning"": 134, ""TA0011 - Command-and-Control"": 133}",10099200,1155
uniform_step_balanced,uniform_step_balanced,{},909,1798,1753,0.0,0.2247048444891971,0.1028201317008315,0.2198713871259355,0.3602157968474639,199,200,1.0050251256281406,0.415739709641549,0.0,"{""T1036 - Defense Evasion: Masquerading"": 200, ""T1498.001 - Impact: Direct Network Flood"": 200, ""T1498.002 - Impact: Reflection/Amplification Attack"": 200, ""T1571 - Defense Evasion: Non-Standard Port"": 200, ""T1583.005 - Resource Development: Acquire Botnet"": 200, ""T1584.005 - Resource Development: Build/Compromise Botnet"": 199, ""T1590 - Reconnaissance: Gather Victim Network Information"": 199, ""T1595 - Reconnaissance: Active Scanning"": 200, ""TA0011 - Command-and-Control"": 200}",10099798,1753
stochastic_normalized_fragility,stochastic_normalized_loo_fragility,{},1010,45,0,2.785453143444077e-05,0.2234324552290365,0.1034805841239454,0.2172755708378823,0.3639697523002786,5,5,1.0,0.0,0.0,"{""T1036 - Defense Evasion: Masquerading"": 5, ""T1498.001 - Impact: Direct Network Flood"": 5, ""T1498.002 - Impact: Reflection/Amplification Attack"": 5, ""T1571 - Defense Evasion: Non-Standard Port"": 5, ""T1583.005 - Resource Development: Acquire Botnet"": 5, ""T1584.005 - Resource Development: Build/Compromise Botnet"": 5, ""T1590 - Reconnaissance: Gather Victim Network Information"": 5, ""T1595 - Reconnaissance: Active Scanning"": 5, ""TA0011 - Command-and-Control"": 5}",11108045,0
stochastic_normalized_fragility,stochastic_normalized_loo_fragility,{},1010,90,45,1.866737686576836e-05,0.2213785539727833,0.1014372224507274,0.2160729620131722,0.3550343374715116,6,12,2.0,1.8856180831641267,14.0,"{""T1036 - Defense Evasion: Masquerading"": 12, ""T1498.001 - Impact: Direct Network Flood"": 12, ""T1498.002 - Impact: Reflection/Amplification Attack"": 9, ""T1571 - Defense Evasion: Non-Standard Port"": 10, ""T1583.005 - Resource Development: Acquire Botnet"": 6, ""T1584.005 - Resource Development: Build/Compromise Botnet"": 9, ""T1590 - Reconnaissance: Gather Victim Network Information"": 11, ""T1595 - Reconnaissance: Active Scanning"": 9, ""TA0011 - Command-and-Control"": 12}",11108090,45
stochastic_normalized_fragility,stochastic_normalized_loo_fragility,{},1010,180,135,3.776170355199984e-06,0.2243534205876146,0.1059439186573067,0.2201128599674774,0.3576176509887686,13,24,1.8461538461538465,3.0550504633038935,20.0,"{""T1036 - Defense Evasion: Masquerading"": 23, ""T1498.001 - Impact: Direct Network Flood"": 20, ""T1498.002 - Impact: Reflection/Amplification Attack"": 13, ""T1571 - Defense Evasion: Non-Standard Port"": 19, ""T1583.005 - Resource Development: Acquire Botnet"": 18, ""T1584.005 - Resource Development: Build/Compromise Botnet"": 21, ""T1590 - Reconnaissance: Gather Victim Network Information"": 20, ""T1595 - Reconnaissance: Active Scanning"": 22, ""TA0011 - Command-and-Control"": 24}",11108180,135
stochastic_normalized_fragility,stochastic_normalized_loo_fragility,{},1010,360,315,1.0499328895018088e-05,0.2244400561981166,0.1057355833672939,0.220049775867993,0.3558377613068498,26,47,1.8076923076923077,6.6332495807108,50.0,"{""T1036 - Defense Evasion: Masquerading"": 37, ""T1498.001 - Impact: Direct Network Flood"": 36, ""T1498.002 - Impact: Reflection/Amplification Attack"": 26, ""T1571 - Defense Evasion: Non-Standard Port"": 36, ""T1583.005 - Resource Development: Acquire Botnet"": 45, ""T1584.005 - Resource Development: Build/Compromise Botnet"": 40, ""T1590 - Reconnaissance: Gather Victim Network Information"": 47, ""T1595 - Reconnaissance: Active Scanning"": 47, ""TA0011 - Command-and-Control"": 46}",11108360,315
stochastic_normalized_fragility,stochastic_normalized_loo_fragility,{},1010,720,675,4.5490374775002e-06,0.224698944981718,0.10594781699162,0.2205748228634899,0.35679317030724,62,91,1.467741935483871,9.683892697555969,76.0,"{""T1036 - Defense Evasion: Masquerading"": 90, ""T1498.001 - Impact: Direct Network Flood"": 70, ""T1498.002 - Impact: Reflection/Amplification Attack"": 62, ""T1571 - Defense Evasion: Non-Standard Port"": 71, ""T1583.005 - Resource Development: Acquire Botnet"": 82, ""T1584.005 - Resource Development: Build/Compromise Botnet"": 79, ""T1590 - Reconnaissance: Gather Victim Network Information"": 88, ""T1595 - Reconnaissance: Active Scanning"": 91, ""TA0011 - Command-and-Control"": 87}",11108720,675
stochastic_normalized_fragility,stochastic_normalized_loo_fragility,{},1010,1200,1155,7.6527564036823e-07,0.2248888565796532,0.1049604739947482,0.2209386121711014,0.3595325991007848,111,152,1.3693693693693694,14.996295838935987,116.0,"{""T1036 - Defense Evasion: Masquerading"": 152, ""T1498.001 - Impact: Direct Network Flood"": 125, ""T1498.002 - Impact: Reflection/Amplification Attack"": 111, ""T1571 - Defense Evasion: Non-Standard Port"": 112, ""T1583.005 - Resource Development: Acquire Botnet"": 152, ""T1584.005 - Resource Development: Build/Compromise Botnet"": 126, ""T1590 - Reconnaissance: Gather Victim Network Information"": 133, ""T1595 - Reconnaissance: Active Scanning"": 144, ""TA0011 - Command-and-Control"": 145}",11109200,1155
stochastic_normalized_fragility,stochastic_normalized_loo_fragility,{},1010,1798,1753,0.0,0.2247048444891971,0.1028201317008315,0.2198713871259355,0.3602157968474639,199,200,1.0050251256281406,0.415739709641549,0.0,"{""T1036 - Defense Evasion: Masquerading"": 200, ""T1498.001 - Impact: Direct Network Flood"": 200, ""T1498.002 - Impact: Reflection/Amplification Attack"": 200, ""T1571 - Defense Evasion: Non-Standard Port"": 200, ""T1583.005 - Resource Development: Acquire Botnet"": 200, ""T1584.005 - Resource Development: Build/Compromise Botnet"": 199, ""T1590 - Reconnaissance: Gather Victim Network Information"": 199, ""T1595 - Reconnaissance: Active Scanning"": 200, ""TA0011 - Command-and-Control"": 200}",11109798,1753
uniform_step_balanced,uniform_step_balanced,{},1010,45,0,2.785453143444077e-05,0.2234324552290365,0.1034805841239454,0.2172755708378823,0.3639697523002786,5,5,1.0,0.0,0.0,"{""T1036 - Defense Evasion: Masquerading"": 5, ""T1498.001 - Impact: Direct Network Flood"": 5, ""T1498.002 - Impact: Reflection/Amplification Attack"": 5, ""T1571 - Defense Evasion: Non-Standard Port"": 5, ""T1583.005 - Resource Development: Acquire Botnet"": 5, ""T1584.005 - Resource Development: Build/Compromise Botnet"": 5, ""T1590 - Reconnaissance: Gather Victim Network Information"": 5, ""T1595 - Reconnaissance: Active Scanning"": 5, ""TA0011 - Command-and-Control"": 5}",11108045,0
uniform_step_balanced,uniform_step_balanced,{},1010,90,45,2.543745814710761e-05,0.2212455112714773,0.1029494613145849,0.2153140395641397,0.3551258215342218,10,10,1.0,0.0,0.0,"{""T1036 - Defense Evasion: Masquerading"": 10, ""T1498.001 - Impact: Direct Network Flood"": 10, ""T1498.002 - Impact: Reflection/Amplification Attack"": 10, ""T1571 - Defense Evasion: Non-Standard Port"": 10, ""T1583.005 - Resource Development: Acquire Botnet"": 10, ""T1584.005 - Resource Development: Build/Compromise Botnet"": 10, ""T1590 - Reconnaissance: Gather Victim Network Information"": 10, ""T1595 - Reconnaissance: Active Scanning"": 10, ""TA0011 - Command-and-Control"": 10}",11108090,45
uniform_step_balanced,uniform_step_balanced,{},1010,180,135,4.352548885283851e-07,0.2245131329284743,0.104660475575845,0.2199985746518766,0.3595866605811361,20,20,1.0,0.0,0.0,"{""T1036 - Defense Evasion: Masquerading"": 20, ""T1498.001 - Impact: Direct Network Flood"": 20, ""T1498.002 - Impact: Reflection/Amplification Attack"": 20, ""T1571 - Defense Evasion: Non-Standard Port"": 20, ""T1583.005 - Resource Development: Acquire Botnet"": 20, ""T1584.005 - Resource Development: Build/Compromise Botnet"": 20, ""T1590 - Reconnaissance: Gather Victim Network Information"": 20, ""T1595 - Reconnaissance: Active Scanning"": 20, ""TA0011 - Command-and-Control"": 20}",11108180,135
uniform_step_balanced,uniform_step_balanced,{},1010,360,315,9.94441482353322e-06,0.2242644929792926,0.1040661585373906,0.2202315460330116,0.355828780946882,40,40,1.0,0.0,0.0,"{""T1036 - Defense Evasion: Masquerading"": 40, ""T1498.001 - Impact: Direct Network Flood"": 40, ""T1498.002 - Impact: Reflection/Amplification Attack"": 40, ""T1571 - Defense Evasion: Non-Standard Port"": 40, ""T1583.005 - Resource Development: Acquire Botnet"": 40, ""T1584.005 - Resource Development: Build/Compromise Botnet"": 40, ""T1590 - Reconnaissance: Gather Victim Network Information"": 40, ""T1595 - Reconnaissance: Active Scanning"": 40, ""TA0011 - Command-and-Control"": 40}",11108360,315
uniform_step_balanced,uniform_step_balanced,{},1010,720,675,4.6412618037148445e-06,0.2252145969519058,0.1057894143865603,0.2207463493108272,0.3564067955937774,80,80,1.0,0.0,0.0,"{""T1036 - Defense Evasion: Masquerading"": 80, ""T1498.001 - Impact: Direct Network Flood"": 80, ""T1498.002 - Impact: Reflection/Amplification Attack"": 80, ""T1571 - Defense Evasion: Non-Standard Port"": 80, ""T1583.005 - Resource Development: Acquire Botnet"": 80, ""T1584.005 - Resource Development: Build/Compromise Botnet"": 80, ""T1590 - Reconnaissance: Gather Victim Network Information"": 80, ""T1595 - Reconnaissance: Active Scanning"": 80, ""TA0011 - Command-and-Control"": 80}",11108720,675
uniform_step_balanced,uniform_step_balanced,{},1010,1200,1155,9.55199074291996e-07,0.2251357465259141,0.1050473518679072,0.2207225776781368,0.3588389724187576,133,134,1.0075187969924813,0.4714045207910317,0.0,"{""T1036 - Defense Evasion: Masquerading"": 133, ""T1498.001 - Impact: Direct Network Flood"": 133, ""T1498.002 - Impact: Reflection/Amplification Attack"": 133, ""T1571 - Defense Evasion: Non-Standard Port"": 133, ""T1583.005 - Resource Development: Acquire Botnet"": 133, ""T1584.005 - Resource Development: Build/Compromise Botnet"": 133, ""T1590 - Reconnaissance: Gather Victim Network Information"": 134, ""T1595 - Reconnaissance: Active Scanning"": 134, ""TA0011 - Command-and-Control"": 134}",11109200,1155
uniform_step_balanced,uniform_step_balanced,{},1010,1798,1753,0.0,0.2247048444891971,0.1028201317008315,0.2198713871259355,0.3602157968474639,199,200,1.0050251256281406,0.415739709641549,0.0,"{""T1036 - Defense Evasion: Masquerading"": 200, ""T1498.001 - Impact: Direct Network Flood"": 200, ""T1498.002 - Impact: Reflection/Amplification Attack"": 200, ""T1571 - Defense Evasion: Non-Standard Port"": 200, ""T1583.005 - Resource Development: Acquire Botnet"": 200, ""T1584.005 - Resource Development: Build/Compromise Botnet"": 199, ""T1590 - Reconnaissance: Gather Victim Network Information"": 199, ""T1595 - Reconnaissance: Active Scanning"": 200, ""TA0011 - Command-and-Control"": 200}",11109798,1753
stochastic_normalized_fragility,stochastic_normalized_loo_fragility,{},1111,45,0,5.372876920076738e-05,0.2308701512319673,0.1186878947427185,0.2240242684011278,0.3692097440382644,5,5,1.0,0.0,0.0,"{""T1036 - Defense Evasion: Masquerading"": 5, ""T1498.001 - Impact: Direct Network Flood"": 5, ""T1498.002 - Impact: Reflection/Amplification Attack"": 5, ""T1571 - Defense Evasion: Non-Standard Port"": 5, ""T1583.005 - Resource Development: Acquire Botnet"": 5, ""T1584.005 - Resource Development: Build/Compromise Botnet"": 5, ""T1590 - Reconnaissance: Gather Victim Network Information"": 5, ""T1595 - Reconnaissance: Active Scanning"": 5, ""TA0011 - Command-and-Control"": 5}",12118045,0
stochastic_normalized_fragility,stochastic_normalized_loo_fragility,{},1111,90,45,3.7807182229976662e-06,0.2258376965737209,0.1077674315738979,0.2218607832535152,0.358131322207023,7,14,2.0,2.160246899469287,16.0,"{""T1036 - Defense Evasion: Masquerading"": 7, ""T1498.001 - Impact: Direct Network Flood"": 9, ""T1498.002 - Impact: Reflection/Amplification Attack"": 9, ""T1571 - Defense Evasion: Non-Standard Port"": 11, ""T1583.005 - Resource Development: Acquire Botnet"": 12, ""T1584.005 - Resource Development: Build/Compromise Botnet"": 14, ""T1590 - Reconnaissance: Gather Victim Network Information"": 11, ""T1595 - Reconnaissance: Active Scanning"": 7, ""TA0011 - Command-and-Control"": 10}",12118090,45
stochastic_normalized_fragility,stochastic_normalized_loo_fragility,{},1111,180,135,2.044059446571726e-05,0.2217515121256503,0.1049906009402734,0.2172508695987655,0.3494247541329412,11,28,2.5454545454545454,4.9216076867444665,36.0,"{""T1036 - Defense Evasion: Masquerading"": 15, ""T1498.001 - Impact: Direct Network Flood"": 17, ""T1498.002 - Impact: Reflection/Amplification Attack"": 20, ""T1571 - Defense Evasion: Non-Standard Port"": 22, ""T1583.005 - Resource Development: Acquire Botnet"": 28, ""T1584.005 - Resource Development: Build/Compromise Botnet"": 25, ""T1590 - Reconnaissance: Gather Victim Network Information"": 19, ""T1595 - Reconnaissance: Active Scanning"": 11, ""TA0011 - Command-and-Control"": 23}",12118180,135
stochastic_normalized_fragility,stochastic_normalized_loo_fragility,{},1111,360,315,3.5304057876929526e-06,0.2243341177366496,0.1041886576050107,0.2193904373215615,0.3608490963834945,26,49,1.8846153846153848,6.582805886043833,48.0,"{""T1036 - Defense Evasion: Masquerading"": 36, ""T1498.001 - Impact: Direct Network Flood"": 37, ""T1498.002 - Impact: Reflection/Amplification Attack"": 38, ""T1571 - Defense Evasion: Non-Standard Port"": 43, ""T1583.005 - Resource Development: Acquire Botnet"": 49, ""T1584.005 - Resource Development: Build/Compromise Botnet"": 47, ""T1590 - Reconnaissance: Gather Victim Network Information"": 39, ""T1595 - Reconnaissance: Active Scanning"": 26, ""TA0011 - Command-and-Control"": 45}",12118360,315
stochastic_normalized_fragility,stochastic_normalized_loo_fragility,{},1111,720,675,4.472636446599513e-06,0.2265898355092372,0.1057631120099607,0.2212359019386506,0.3640612097435449,54,97,1.7962962962962965,11.224972160321824,70.0,"{""T1036 - Defense Evasion: Masquerading"": 77, ""T1498.001 - Impact: Direct Network Flood"": 79, ""T1498.002 - Impact: Reflection/Amplification Attack"": 78, ""T1571 - Defense Evasion: Non-Standard Port"": 83, ""T1583.005 - Resource Development: Acquire Botnet"": 97, ""T1584.005 - Resource Development: Build/Compromise Botnet"": 84, ""T1590 - Reconnaissance: Gather Victim Network Information"": 77, ""T1595 - Reconnaissance: Active Scanning"": 54, ""TA0011 - Command-and-Control"": 91}",12118720,675
stochastic_normalized_fragility,stochastic_normalized_loo_fragility,{},1111,1200,1155,3.734188499139248e-06,0.2259464382886504,0.1062079786463097,0.2206732752360827,0.363285417839964,108,150,1.3888888888888888,11.215069227507149,70.0,"{""T1036 - Defense Evasion: Masquerading"": 141, ""T1498.001 - Impact: Direct Network Flood"": 133, ""T1498.002 - Impact: Reflection/Amplification Attack"": 136, ""T1571 - Defense Evasion: Non-Standard Port"": 132, ""T1583.005 - Resource Development: Acquire Botnet"": 150, ""T1584.005 - Resource Development: Build/Compromise Botnet"": 143, ""T1590 - Reconnaissance: Gather Victim Network Information"": 130, ""T1595 - Reconnaissance: Active Scanning"": 108, ""TA0011 - Command-and-Control"": 127}",12119200,1155
stochastic_normalized_fragility,stochastic_normalized_loo_fragility,{},1111,1798,1753,0.0,0.2247048444891971,0.1028201317008315,0.2198713871259355,0.3602157968474639,199,200,1.0050251256281406,0.415739709641549,0.0,"{""T1036 - Defense Evasion: Masquerading"": 200, ""T1498.001 - Impact: Direct Network Flood"": 200, ""T1498.002 - Impact: Reflection/Amplification Attack"": 200, ""T1571 - Defense Evasion: Non-Standard Port"": 200, ""T1583.005 - Resource Development: Acquire Botnet"": 200, ""T1584.005 - Resource Development: Build/Compromise Botnet"": 199, ""T1590 - Reconnaissance: Gather Victim Network Information"": 199, ""T1595 - Reconnaissance: Active Scanning"": 200, ""TA0011 - Command-and-Control"": 200}",12119798,1753
uniform_step_balanced,uniform_step_balanced,{},1111,45,0,5.372876920076738e-05,0.2308701512319673,0.1186878947427185,0.2240242684011278,0.3692097440382644,5,5,1.0,0.0,0.0,"{""T1036 - Defense Evasion: Masquerading"": 5, ""T1498.001 - Impact: Direct Network Flood"": 5, ""T1498.002 - Impact: Reflection/Amplification Attack"": 5, ""T1571 - Defense Evasion: Non-Standard Port"": 5, ""T1583.005 - Resource Development: Acquire Botnet"": 5, ""T1584.005 - Resource Development: Build/Compromise Botnet"": 5, ""T1590 - Reconnaissance: Gather Victim Network Information"": 5, ""T1595 - Reconnaissance: Active Scanning"": 5, ""TA0011 - Command-and-Control"": 5}",12118045,0
uniform_step_balanced,uniform_step_balanced,{},1111,90,45,3.2175782161492634e-06,0.2261386058930337,0.1052436077377835,0.2218425736536096,0.3589149372939698,10,10,1.0,0.0,0.0,"{""T1036 - Defense Evasion: Masquerading"": 10, ""T1498.001 - Impact: Direct Network Flood"": 10, ""T1498.002 - Impact: Reflection/Amplification Attack"": 10, ""T1571 - Defense Evasion: Non-Standard Port"": 10, ""T1583.005 - Resource Development: Acquire Botnet"": 10, ""T1584.005 - Resource Development: Build/Compromise Botnet"": 10, ""T1590 - Reconnaissance: Gather Victim Network Information"": 10, ""T1595 - Reconnaissance: Active Scanning"": 10, ""TA0011 - Command-and-Control"": 10}",12118090,45
uniform_step_balanced,uniform_step_balanced,{},1111,180,135,5.253403995671544e-06,0.2231043927102348,0.1037179215238503,0.2186294612077437,0.3566726773177172,20,20,1.0,0.0,0.0,"{""T1036 - Defense Evasion: Masquerading"": 20, ""T1498.001 - Impact: Direct Network Flood"": 20, ""T1498.002 - Impact: Reflection/Amplification Attack"": 20, ""T1571 - Defense Evasion: Non-Standard Port"": 20, ""T1583.005 - Resource Development: Acquire Botnet"": 20, ""T1584.005 - Resource Development: Build/Compromise Botnet"": 20, ""T1590 - Reconnaissance: Gather Victim Network Information"": 20, ""T1595 - Reconnaissance: Active Scanning"": 20, ""TA0011 - Command-and-Control"": 20}",12118180,135
uniform_step_balanced,uniform_step_balanced,{},1111,360,315,2.642344403460412e-06,0.2237728390188504,0.1026088808286038,0.2199929850147108,0.3565249076060458,40,40,1.0,0.0,0.0,"{""T1036 - Defense Evasion: Masquerading"": 40, ""T1498.001 - Impact: Direct Network Flood"": 40, ""T1498.002 - Impact: Reflection/Amplification Attack"": 40, ""T1571 - Defense Evasion: Non-Standard Port"": 40, ""T1583.005 - Resource Development: Acquire Botnet"": 40, ""T1584.005 - Resource Development: Build/Compromise Botnet"": 40, ""T1590 - Reconnaissance: Gather Victim Network Information"": 40, ""T1595 - Reconnaissance: Active Scanning"": 40, ""TA0011 - Command-and-Control"": 40}",12118360,315
uniform_step_balanced,uniform_step_balanced,{},1111,720,675,7.872533945176518e-06,0.2271054569141953,0.1058216178935295,0.2221104207023722,0.3643717159602146,80,80,1.0,0.0,0.0,"{""T1036 - Defense Evasion: Masquerading"": 80, ""T1498.001 - Impact: Direct Network Flood"": 80, ""T1498.002 - Impact: Reflection/Amplification Attack"": 80, ""T1571 - Defense Evasion: Non-Standard Port"": 80, ""T1583.005 - Resource Development: Acquire Botnet"": 80, ""T1584.005 - Resource Development: Build/Compromise Botnet"": 80, ""T1590 - Reconnaissance: Gather Victim Network Information"": 80, ""T1595 - Reconnaissance: Active Scanning"": 80, ""TA0011 - Command-and-Control"": 80}",12118720,675
uniform_step_balanced,uniform_step_balanced,{},1111,1200,1155,6.876477770137083e-06,0.2259544617742554,0.1032348276877865,0.2218608142042981,0.3619197818018652,133,134,1.0075187969924813,0.4714045207910317,0.0,"{""T1036 - Defense Evasion: Masquerading"": 134, ""T1498.001 - Impact: Direct Network Flood"": 134, ""T1498.002 - Impact: Reflection/Amplification Attack"": 133, ""T1571 - Defense Evasion: Non-Standard Port"": 133, ""T1583.005 - Resource Development: Acquire Botnet"": 134, ""T1584.005 - Resource Development: Build/Compromise Botnet"": 133, ""T1590 - Reconnaissance: Gather Victim Network Information"": 133, ""T1595 - Reconnaissance: Active Scanning"": 133, ""TA0011 - Command-and-Control"": 133}",12119200,1155
uniform_step_balanced,uniform_step_balanced,{},1111,1798,1753,0.0,0.2247048444891971,0.1028201317008315,0.2198713871259355,0.3602157968474639,199,200,1.0050251256281406,0.415739709641549,0.0,"{""T1036 - Defense Evasion: Masquerading"": 200, ""T1498.001 - Impact: Direct Network Flood"": 200, ""T1498.002 - Impact: Reflection/Amplification Attack"": 200, ""T1571 - Defense Evasion: Non-Standard Port"": 200, ""T1583.005 - Resource Development: Acquire Botnet"": 200, ""T1584.005 - Resource Development: Build/Compromise Botnet"": 199, ""T1590 - Reconnaissance: Gather Victim Network Information"": 199, ""T1595 - Reconnaissance: Active Scanning"": 200, ""TA0011 - Command-and-Control"": 200}",12119798,1753
stochastic_normalized_fragility,stochastic_normalized_loo_fragility,{},1212,45,0,7.12891162980287e-05,0.2289462685425762,0.0883548360609779,0.2268340444725003,0.369375235115836,5,5,1.0,0.0,0.0,"{""T1036 - Defense Evasion: Masquerading"": 5, ""T1498.001 - Impact: Direct Network Flood"": 5, ""T1498.002 - Impact: Reflection/Amplification Attack"": 5, ""T1571 - Defense Evasion: Non-Standard Port"": 5, ""T1583.005 - Resource Development: Acquire Botnet"": 5, ""T1584.005 - Resource Development: Build/Compromise Botnet"": 5, ""T1590 - Reconnaissance: Gather Victim Network Information"": 5, ""T1595 - Reconnaissance: Active Scanning"": 5, ""TA0011 - Command-and-Control"": 5}",13128045,0
stochastic_normalized_fragility,stochastic_normalized_loo_fragility,{},1212,90,45,2.2245152057232668e-05,0.2281843064693915,0.1011385282067575,0.2244545704316295,0.3665171696082175,8,13,1.625,2.0548046676563256,16.0,"{""T1036 - Defense Evasion: Masquerading"": 8, ""T1498.001 - Impact: Direct Network Flood"": 8, ""T1498.002 - Impact: Reflection/Amplification Attack"": 10, ""T1571 - Defense Evasion: Non-Standard Port"": 13, ""T1583.005 - Resource Development: Acquire Botnet"": 13, ""T1584.005 - Resource Development: Build/Compromise Botnet"": 10, ""T1590 - Reconnaissance: Gather Victim Network Information"": 12, ""T1595 - Reconnaissance: Active Scanning"": 8, ""TA0011 - Command-and-Control"": 8}",13128090,45
stochastic_normalized_fragility,stochastic_normalized_loo_fragility,{},1212,180,135,1.793996016327197e-05,0.2281780145988494,0.1018483388442059,0.2243599330786465,0.363854429671391,16,30,1.875,4.136557881996952,28.0,"{""T1036 - Defense Evasion: Masquerading"": 16, ""T1498.001 - Impact: Direct Network Flood"": 22, ""T1498.002 - Impact: Reflection/Amplification Attack"": 19, ""T1571 - Defense Evasion: Non-Standard Port"": 22, ""T1583.005 - Resource Development: Acquire Botnet"": 30, ""T1584.005 - Resource Development: Build/Compromise Botnet"": 18, ""T1590 - Reconnaissance: Gather Victim Network Information"": 20, ""T1595 - Reconnaissance: Active Scanning"": 17, ""TA0011 - Command-and-Control"": 16}",13128180,135
stochastic_normalized_fragility,stochastic_normalized_loo_fragility,{},1212,360,315,1.1132513129636878e-05,0.2271511263311802,0.1026488453217252,0.222762367213532,0.3651078035182775,34,53,1.5588235294117647,6.411794687223781,50.0,"{""T1036 - Defense Evasion: Masquerading"": 34, ""T1498.001 - Impact: Direct Network Flood"": 39, ""T1498.002 - Impact: Reflection/Amplification Attack"": 34, ""T1571 - Defense Evasion: Non-Standard Port"": 42, ""T1583.005 - Resource Development: Acquire Botnet"": 53, ""T1584.005 - Resource Development: Build/Compromise Botnet"": 44, ""T1590 - Reconnaissance: Gather Victim Network Information"": 46, ""T1595 - Reconnaissance: Active Scanning"": 34, ""TA0011 - Command-and-Control"": 34}",13128360,315
stochastic_normalized_fragility,stochastic_normalized_loo_fragility,{},1212,720,675,2.674962596796368e-06,0.2253701789059835,0.1046415281054547,0.2211702551785102,0.3606552078195829,70,102,1.457142857142857,10.21980647783726,76.0,"{""T1036 - Defense Evasion: Masquerading"": 77, ""T1498.001 - Impact: Direct Network Flood"": 80, ""T1498.002 - Impact: Reflection/Amplification Attack"": 73, ""T1571 - Defense Evasion: Non-Standard Port"": 71, ""T1583.005 - Resource Development: Acquire Botnet"": 102, ""T1584.005 - Resource Development: Build/Compromise Botnet"": 86, ""T1590 - Reconnaissance: Gather Victim Network Information"": 90, ""T1595 - Reconnaissance: Active Scanning"": 70, ""TA0011 - Command-and-Control"": 71}",13128720,675
stochastic_normalized_fragility,stochastic_normalized_loo_fragility,{},1212,1200,1155,1.3654312965273086e-06,0.2249365853186495,0.1029257027203436,0.2203814049306269,0.3623533862107941,116,164,1.4137931034482758,16.090024514862893,120.0,"{""T1036 - Defense Evasion: Masquerading"": 133, ""T1498.001 - Impact: Direct Network Flood"": 129, ""T1498.002 - Impact: Reflection/Amplification Attack"": 123, ""T1571 - Defense Evasion: Non-Standard Port"": 118, ""T1583.005 - Resource Development: Acquire Botnet"": 164, ""T1584.005 - Resource Development: Build/Compromise Botnet"": 145, ""T1590 - Reconnaissance: Gather Victim Network Information"": 153, ""T1595 - Reconnaissance: Active Scanning"": 119, ""TA0011 - Command-and-Control"": 116}",13129200,1155
stochastic_normalized_fragility,stochastic_normalized_loo_fragility,{},1212,1798,1753,0.0,0.2247048444891971,0.1028201317008315,0.2198713871259355,0.3602157968474639,199,200,1.0050251256281406,0.415739709641549,0.0,"{""T1036 - Defense Evasion: Masquerading"": 200, ""T1498.001 - Impact: Direct Network Flood"": 200, ""T1498.002 - Impact: Reflection/Amplification Attack"": 200, ""T1571 - Defense Evasion: Non-Standard Port"": 200, ""T1583.005 - Resource Development: Acquire Botnet"": 200, ""T1584.005 - Resource Development: Build/Compromise Botnet"": 199, ""T1590 - Reconnaissance: Gather Victim Network Information"": 199, ""T1595 - Reconnaissance: Active Scanning"": 200, ""TA0011 - Command-and-Control"": 200}",13129798,1753
uniform_step_balanced,uniform_step_balanced,{},1212,45,0,7.12891162980287e-05,0.2289462685425762,0.0883548360609779,0.2268340444725003,0.369375235115836,5,5,1.0,0.0,0.0,"{""T1036 - Defense Evasion: Masquerading"": 5, ""T1498.001 - Impact: Direct Network Flood"": 5, ""T1498.002 - Impact: Reflection/Amplification Attack"": 5, ""T1571 - Defense Evasion: Non-Standard Port"": 5, ""T1583.005 - Resource Development: Acquire Botnet"": 5, ""T1584.005 - Resource Development: Build/Compromise Botnet"": 5, ""T1590 - Reconnaissance: Gather Victim Network Information"": 5, ""T1595 - Reconnaissance: Active Scanning"": 5, ""TA0011 - Command-and-Control"": 5}",13128045,0
uniform_step_balanced,uniform_step_balanced,{},1212,90,45,1.2010595887152312e-05,0.2268607716999551,0.1008079868195623,0.2230451907651642,0.3622873024054499,10,10,1.0,0.0,0.0,"{""T1036 - Defense Evasion: Masquerading"": 10, ""T1498.001 - Impact: Direct Network Flood"": 10, ""T1498.002 - Impact: Reflection/Amplification Attack"": 10, ""T1571 - Defense Evasion: Non-Standard Port"": 10, ""T1583.005 - Resource Development: Acquire Botnet"": 10, ""T1584.005 - Resource Development: Build/Compromise Botnet"": 10, ""T1590 - Reconnaissance: Gather Victim Network Information"": 10, ""T1595 - Reconnaissance: Active Scanning"": 10, ""TA0011 - Command-and-Control"": 10}",13128090,45
uniform_step_balanced,uniform_step_balanced,{},1212,180,135,2.143833833424582e-05,0.2285404741194897,0.1026698407455819,0.2248809744004725,0.3623929983126774,20,20,1.0,0.0,0.0,"{""T1036 - Defense Evasion: Masquerading"": 20, ""T1498.001 - Impact: Direct Network Flood"": 20, ""T1498.002 - Impact: Reflection/Amplification Attack"": 20, ""T1571 - Defense Evasion: Non-Standard Port"": 20, ""T1583.005 - Resource Development: Acquire Botnet"": 20, ""T1584.005 - Resource Development: Build/Compromise Botnet"": 20, ""T1590 - Reconnaissance: Gather Victim Network Information"": 20, ""T1595 - Reconnaissance: Active Scanning"": 20, ""TA0011 - Command-and-Control"": 20}",13128180,135
uniform_step_balanced,uniform_step_balanced,{},1212,360,315,1.7734066531698357e-05,0.2279436388788687,0.101140169674402,0.2239581638671934,0.3653193844101171,40,40,1.0,0.0,0.0,"{""T1036 - Defense Evasion: Masquerading"": 40, ""T1498.001 - Impact: Direct Network Flood"": 40, ""T1498.002 - Impact: Reflection/Amplification Attack"": 40, ""T1571 - Defense Evasion: Non-Standard Port"": 40, ""T1583.005 - Resource Development: Acquire Botnet"": 40, ""T1584.005 - Resource Development: Build/Compromise Botnet"": 40, ""T1590 - Reconnaissance: Gather Victim Network Information"": 40, ""T1595 - Reconnaissance: Active Scanning"": 40, ""TA0011 - Command-and-Control"": 40}",13128360,315
uniform_step_balanced,uniform_step_balanced,{},1212,720,675,2.7157945126774357e-06,0.225569540279361,0.1034456137142702,0.2215322478097472,0.3611694301993868,80,80,1.0,0.0,0.0,"{""T1036 - Defense Evasion: Masquerading"": 80, ""T1498.001 - Impact: Direct Network Flood"": 80, ""T1498.002 - Impact: Reflection/Amplification Attack"": 80, ""T1571 - Defense Evasion: Non-Standard Port"": 80, ""T1583.005 - Resource Development: Acquire Botnet"": 80, ""T1584.005 - Resource Development: Build/Compromise Botnet"": 80, ""T1590 - Reconnaissance: Gather Victim Network Information"": 80, ""T1595 - Reconnaissance: Active Scanning"": 80, ""TA0011 - Command-and-Control"": 80}",13128720,675
uniform_step_balanced,uniform_step_balanced,{},1212,1200,1155,3.7536555671576087e-06,0.2249087387178816,0.1016846509930837,0.2199258934065984,0.3626209163607727,133,134,1.0075187969924813,0.4714045207910317,0.0,"{""T1036 - Defense Evasion: Masquerading"": 133, ""T1498.001 - Impact: Direct Network Flood"": 134, ""T1498.002 - Impact: Reflection/Amplification Attack"": 134, ""T1571 - Defense Evasion: Non-Standard Port"": 133, ""T1583.005 - Resource Development: Acquire Botnet"": 133, ""T1584.005 - Resource Development: Build/Compromise Botnet"": 133, ""T1590 - Reconnaissance: Gather Victim Network Information"": 134, ""T1595 - Reconnaissance: Active Scanning"": 133, ""TA0011 - Command-and-Control"": 133}",13129200,1155
uniform_step_balanced,uniform_step_balanced,{},1212,1798,1753,0.0,0.2247048444891971,0.1028201317008315,0.2198713871259355,0.3602157968474639,199,200,1.0050251256281406,0.415739709641549,0.0,"{""T1036 - Defense Evasion: Masquerading"": 200, ""T1498.001 - Impact: Direct Network Flood"": 200, ""T1498.002 - Impact: Reflection/Amplification Attack"": 200, ""T1571 - Defense Evasion: Non-Standard Port"": 200, ""T1583.005 - Resource Development: Acquire Botnet"": 200, ""T1584.005 - Resource Development: Build/Compromise Botnet"": 199, ""T1590 - Reconnaissance: Gather Victim Network Information"": 199, ""T1595 - Reconnaissance: Active Scanning"": 200, ""TA0011 - Command-and-Control"": 200}",13129798,1753
stochastic_normalized_fragility,stochastic_normalized_loo_fragility,{},1313,45,0,7.696953445342797e-05,0.2176748287900951,0.104805321915052,0.2131689858119819,0.3443407591614601,5,5,1.0,0.0,0.0,"{""T1036 - Defense Evasion: Masquerading"": 5, ""T1498.001 - Impact: Direct Network Flood"": 5, ""T1498.002 - Impact: Reflection/Amplification Attack"": 5, ""T1571 - Defense Evasion: Non-Standard Port"": 5, ""T1583.005 - Resource Development: Acquire Botnet"": 5, ""T1584.005 - Resource Development: Build/Compromise Botnet"": 5, ""T1590 - Reconnaissance: Gather Victim Network Information"": 5, ""T1595 - Reconnaissance: Active Scanning"": 5, ""TA0011 - Command-and-Control"": 5}",14138045,0
stochastic_normalized_fragility,stochastic_normalized_loo_fragility,{},1313,90,45,0.0001030224632272,0.2169471187657947,0.1076857223605916,0.2110707790391197,0.3443128934971223,7,12,1.7142857142857142,1.8257418583505536,12.0,"{""T1036 - Defense Evasion: Masquerading"": 10, ""T1498.001 - Impact: Direct Network Flood"": 10, ""T1498.002 - Impact: Reflection/Amplification Attack"": 12, ""T1571 - Defense Evasion: Non-Standard Port"": 7, ""T1583.005 - Resource Development: Acquire Botnet"": 10, ""T1584.005 - Resource Development: Build/Compromise Botnet"": 12, ""T1590 - Reconnaissance: Gather Victim Network Information"": 12, ""T1595 - Reconnaissance: Active Scanning"": 7, ""TA0011 - Command-and-Control"": 10}",14138090,45
stochastic_normalized_fragility,stochastic_normalized_loo_fragility,{},1313,180,135,7.608877116983495e-05,0.2165764552657179,0.0935064645366608,0.2104554940515585,0.3567422483556086,11,25,2.272727272727273,4.8074017006186525,36.0,"{""T1036 - Defense Evasion: Masquerading"": 20, ""T1498.001 - Impact: Direct Network Flood"": 18, ""T1498.002 - Impact: Reflection/Amplification Attack"": 22, ""T1571 - Defense Evasion: Non-Standard Port"": 13, ""T1583.005 - Resource Development: Acquire Botnet"": 22, ""T1584.005 - Resource Development: Build/Compromise Botnet"": 25, ""T1590 - Reconnaissance: Gather Victim Network Information"": 24, ""T1595 - Reconnaissance: Active Scanning"": 11, ""TA0011 - Command-and-Control"": 25}",14138180,135
stochastic_normalized_fragility,stochastic_normalized_loo_fragility,{},1313,360,315,1.1394390009024568e-05,0.2227153431961482,0.1046336220641926,0.2169623138115263,0.3563415637496404,29,50,1.7241379310344829,7.1492035298424055,54.0,"{""T1036 - Defense Evasion: Masquerading"": 50, ""T1498.001 - Impact: Direct Network Flood"": 39, ""T1498.002 - Impact: Reflection/Amplification Attack"": 35, ""T1571 - Defense Evasion: Non-Standard Port"": 30, ""T1583.005 - Resource Development: Acquire Botnet"": 49, ""T1584.005 - Resource Development: Build/Compromise Botnet"": 40, ""T1590 - Reconnaissance: Gather Victim Network Information"": 44, ""T1595 - Reconnaissance: Active Scanning"": 29, ""TA0011 - Command-and-Control"": 44}",14138360,315
stochastic_normalized_fragility,stochastic_normalized_loo_fragility,{},1313,720,675,1.965785034538386e-06,0.224413327587093,0.104385466939689,0.2193292660860917,0.3583704605649985,66,97,1.4696969696969695,9.368979548370133,72.0,"{""T1036 - Defense Evasion: Masquerading"": 97, ""T1498.001 - Impact: Direct Network Flood"": 77, ""T1498.002 - Impact: Reflection/Amplification Attack"": 77, ""T1571 - Defense Evasion: Non-Standard Port"": 66, ""T1583.005 - Resource Development: Acquire Botnet"": 89, ""T1584.005 - Resource Development: Build/Compromise Botnet"": 71, ""T1590 - Reconnaissance: Gather Victim Network Information"": 76, ""T1595 - Reconnaissance: Active Scanning"": 77, ""TA0011 - Command-and-Control"": 90}",14138720,675
stochastic_normalized_fragility,stochastic_normalized_loo_fragility,{},1313,1200,1155,1.1360599704322831e-06,0.2242840758608583,0.1026651207720637,0.2199142212147427,0.3585873621588249,113,151,1.336283185840708,12.622730819174324,96.0,"{""T1036 - Defense Evasion: Masquerading"": 146, ""T1498.001 - Impact: Direct Network Flood"": 127, ""T1498.002 - Impact: Reflection/Amplification Attack"": 130, ""T1571 - Defense Evasion: Non-Standard Port"": 113, ""T1583.005 - Resource Development: Acquire Botnet"": 151, ""T1584.005 - Resource Development: Build/Compromise Botnet"": 117, ""T1590 - Reconnaissance: Gather Victim Network Information"": 139, ""T1595 - Reconnaissance: Active Scanning"": 130, ""TA0011 - Command-and-Control"": 147}",14139200,1155
stochastic_normalized_fragility,stochastic_normalized_loo_fragility,{},1313,1798,1753,0.0,0.2247048444891971,0.1028201317008315,0.2198713871259355,0.3602157968474639,199,200,1.0050251256281406,0.415739709641549,0.0,"{""T1036 - Defense Evasion: Masquerading"": 200, ""T1498.001 - Impact: Direct Network Flood"": 200, ""T1498.002 - Impact: Reflection/Amplification Attack"": 200, ""T1571 - Defense Evasion: Non-Standard Port"": 200, ""T1583.005 - Resource Development: Acquire Botnet"": 200, ""T1584.005 - Resource Development: Build/Compromise Botnet"": 199, ""T1590 - Reconnaissance: Gather Victim Network Information"": 199, ""T1595 - Reconnaissance: Active Scanning"": 200, ""TA0011 - Command-and-Control"": 200}",14139798,1753
uniform_step_balanced,uniform_step_balanced,{},1313,45,0,7.696953445342797e-05,0.2176748287900951,0.104805321915052,0.2131689858119819,0.3443407591614601,5,5,1.0,0.0,0.0,"{""T1036 - Defense Evasion: Masquerading"": 5, ""T1498.001 - Impact: Direct Network Flood"": 5, ""T1498.002 - Impact: Reflection/Amplification Attack"": 5, ""T1571 - Defense Evasion: Non-Standard Port"": 5, ""T1583.005 - Resource Development: Acquire Botnet"": 5, ""T1584.005 - Resource Development: Build/Compromise Botnet"": 5, ""T1590 - Reconnaissance: Gather Victim Network Information"": 5, ""T1595 - Reconnaissance: Active Scanning"": 5, ""TA0011 - Command-and-Control"": 5}",14138045,0
uniform_step_balanced,uniform_step_balanced,{},1313,90,45,6.14302491229625e-05,0.2173218120304928,0.0994990452356719,0.2124081300821096,0.3493494841583658,10,10,1.0,0.0,0.0,"{""T1036 - Defense Evasion: Masquerading"": 10, ""T1498.001 - Impact: Direct Network Flood"": 10, ""T1498.002 - Impact: Reflection/Amplification Attack"": 10, ""T1571 - Defense Evasion: Non-Standard Port"": 10, ""T1583.005 - Resource Development: Acquire Botnet"": 10, ""T1584.005 - Resource Development: Build/Compromise Botnet"": 10, ""T1590 - Reconnaissance: Gather Victim Network Information"": 10, ""T1595 - Reconnaissance: Active Scanning"": 10, ""TA0011 - Command-and-Control"": 10}",14138090,45
uniform_step_balanced,uniform_step_balanced,{},1313,180,135,8.771736832287152e-05,0.2164314104756801,0.1018071979022117,0.2117257470848209,0.3440964787221393,20,20,1.0,0.0,0.0,"{""T1036 - Defense Evasion: Masquerading"": 20, ""T1498.001 - Impact: Direct Network Flood"": 20, ""T1498.002 - Impact: Reflection/Amplification Attack"": 20, ""T1571 - Defense Evasion: Non-Standard Port"": 20, ""T1583.005 - Resource Development: Acquire Botnet"": 20, ""T1584.005 - Resource Development: Build/Compromise Botnet"": 20, ""T1590 - Reconnaissance: Gather Victim Network Information"": 20, ""T1595 - Reconnaissance: Active Scanning"": 20, ""TA0011 - Command-and-Control"": 20}",14138180,135
uniform_step_balanced,uniform_step_balanced,{},1313,360,315,1.8349214431461665e-05,0.2213957604767172,0.1036468275302274,0.2165955232683011,0.3518600304599971,40,40,1.0,0.0,0.0,"{""T1036 - Defense Evasion: Masquerading"": 40, ""T1498.001 - Impact: Direct Network Flood"": 40, ""T1498.002 - Impact: Reflection/Amplification Attack"": 40, ""T1571 - Defense Evasion: Non-Standard Port"": 40, ""T1583.005 - Resource Development: Acquire Botnet"": 40, ""T1584.005 - Resource Development: Build/Compromise Botnet"": 40, ""T1590 - Reconnaissance: Gather Victim Network Information"": 40, ""T1595 - Reconnaissance: Active Scanning"": 40, ""TA0011 - Command-and-Control"": 40}",14138360,315
uniform_step_balanced,uniform_step_balanced,{},1313,720,675,1.9917479890487487e-06,0.2241371364135308,0.1044906905516572,0.2191219883593353,0.3575283352685883,80,80,1.0,0.0,0.0,"{""T1036 - Defense Evasion: Masquerading"": 80, ""T1498.001 - Impact: Direct Network Flood"": 80, ""T1498.002 - Impact: Reflection/Amplification Attack"": 80, ""T1571 - Defense Evasion: Non-Standard Port"": 80, ""T1583.005 - Resource Development: Acquire Botnet"": 80, ""T1584.005 - Resource Development: Build/Compromise Botnet"": 80, ""T1590 - Reconnaissance: Gather Victim Network Information"": 80, ""T1595 - Reconnaissance: Active Scanning"": 80, ""TA0011 - Command-and-Control"": 80}",14138720,675
uniform_step_balanced,uniform_step_balanced,{},1313,1200,1155,2.727889249768923e-06,0.2240817521817692,0.1025957188319173,0.2198278252199274,0.3566929110330094,133,134,1.0075187969924813,0.4714045207910317,0.0,"{""T1036 - Defense Evasion: Masquerading"": 134, ""T1498.001 - Impact: Direct Network Flood"": 134, ""T1498.002 - Impact: Reflection/Amplification Attack"": 133, ""T1571 - Defense Evasion: Non-Standard Port"": 133, ""T1583.005 - Resource Development: Acquire Botnet"": 133, ""T1584.005 - Resource Development: Build/Compromise Botnet"": 133, ""T1590 - Reconnaissance: Gather Victim Network Information"": 134, ""T1595 - Reconnaissance: Active Scanning"": 133, ""TA0011 - Command-and-Control"": 133}",14139200,1155
uniform_step_balanced,uniform_step_balanced,{},1313,1798,1753,0.0,0.2247048444891971,0.1028201317008315,0.2198713871259355,0.3602157968474639,199,200,1.0050251256281406,0.415739709641549,0.0,"{""T1036 - Defense Evasion: Masquerading"": 200, ""T1498.001 - Impact: Direct Network Flood"": 200, ""T1498.002 - Impact: Reflection/Amplification Attack"": 200, ""T1571 - Defense Evasion: Non-Standard Port"": 200, ""T1583.005 - Resource Development: Acquire Botnet"": 200, ""T1584.005 - Resource Development: Build/Compromise Botnet"": 199, ""T1590 - Reconnaissance: Gather Victim Network Information"": 199, ""T1595 - Reconnaissance: Active Scanning"": 200, ""TA0011 - Command-and-Control"": 200}",14139798,1753
stochastic_normalized_fragility,stochastic_normalized_loo_fragility,{},1414,45,0,0.00014082810804,0.2148184881484594,0.1016880578944129,0.2111685815448123,0.3366875548598454,5,5,1.0,0.0,0.0,"{""T1036 - Defense Evasion: Masquerading"": 5, ""T1498.001 - Impact: Direct Network Flood"": 5, ""T1498.002 - Impact: Reflection/Amplification Attack"": 5, ""T1571 - Defense Evasion: Non-Standard Port"": 5, ""T1583.005 - Resource Development: Acquire Botnet"": 5, ""T1584.005 - Resource Development: Build/Compromise Botnet"": 5, ""T1590 - Reconnaissance: Gather Victim Network Information"": 5, ""T1595 - Reconnaissance: Active Scanning"": 5, ""TA0011 - Command-and-Control"": 5}",15148045,0
stochastic_normalized_fragility,stochastic_normalized_loo_fragility,{},1414,90,45,7.733202902181158e-05,0.2170110465520082,0.1043275242570132,0.2120585642141346,0.3454214038194425,7,13,1.8571428571428572,1.8257418583505536,14.0,"{""T1036 - Defense Evasion: Masquerading"": 11, ""T1498.001 - Impact: Direct Network Flood"": 12, ""T1498.002 - Impact: Reflection/Amplification Attack"": 13, ""T1571 - Defense Evasion: Non-Standard Port"": 10, ""T1583.005 - Resource Development: Acquire Botnet"": 9, ""T1584.005 - Resource Development: Build/Compromise Botnet"": 7, ""T1590 - Reconnaissance: Gather Victim Network Information"": 11, ""T1595 - Reconnaissance: Active Scanning"": 9, ""TA0011 - Command-and-Control"": 8}",15148090,45
stochastic_normalized_fragility,stochastic_normalized_loo_fragility,{},1414,180,135,6.551491793335416e-06,0.2243055690661911,0.1079584416979612,0.2191257367092922,0.3564517776579213,16,26,1.625,3.590109871423002,28.0,"{""T1036 - Defense Evasion: Masquerading"": 26, ""T1498.001 - Impact: Direct Network Flood"": 17, ""T1498.002 - Impact: Reflection/Amplification Attack"": 26, ""T1571 - Defense Evasion: Non-Standard Port"": 21, ""T1583.005 - Resource Development: Acquire Botnet"": 21, ""T1584.005 - Resource Development: Build/Compromise Botnet"": 16, ""T1590 - Reconnaissance: Gather Victim Network Information"": 18, ""T1595 - Reconnaissance: Active Scanning"": 17, ""TA0011 - Command-and-Control"": 18}",15148180,135
stochastic_normalized_fragility,stochastic_normalized_loo_fragility,{},1414,360,315,5.034339003654193e-06,0.2242918970090895,0.1047925736976251,0.2201890654174389,0.3589802704658544,29,51,1.7586206896551724,6.99205898780101,54.0,"{""T1036 - Defense Evasion: Masquerading"": 47, ""T1498.001 - Impact: Direct Network Flood"": 32, ""T1498.002 - Impact: Reflection/Amplification Attack"": 41, ""T1571 - Defense Evasion: Non-Standard Port"": 51, ""T1583.005 - Resource Development: Acquire Botnet"": 43, ""T1584.005 - Resource Development: Build/Compromise Botnet"": 29, ""T1590 - Reconnaissance: Gather Victim Network Information"": 45, ""T1595 - Reconnaissance: Active Scanning"": 39, ""TA0011 - Command-and-Control"": 33}",15148360,315
stochastic_normalized_fragility,stochastic_normalized_loo_fragility,{},1414,720,675,5.036295371394627e-06,0.2247837426863768,0.1077926262591777,0.220132809346555,0.355979422450936,63,92,1.4603174603174602,8.86942313043338,68.0,"{""T1036 - Defense Evasion: Masquerading"": 91, ""T1498.001 - Impact: Direct Network Flood"": 74, ""T1498.002 - Impact: Reflection/Amplification Attack"": 79, ""T1571 - Defense Evasion: Non-Standard Port"": 92, ""T1583.005 - Resource Development: Acquire Botnet"": 87, ""T1584.005 - Resource Development: Build/Compromise Botnet"": 63, ""T1590 - Reconnaissance: Gather Victim Network Information"": 84, ""T1595 - Reconnaissance: Active Scanning"": 74, ""TA0011 - Command-and-Control"": 76}",15148720,675
stochastic_normalized_fragility,stochastic_normalized_loo_fragility,{},1414,1200,1155,5.019467715264423e-06,0.2238191475412379,0.1063773827737437,0.2192277994399483,0.3572014446855558,117,162,1.3846153846153846,15.209646062066446,122.0,"{""T1036 - Defense Evasion: Masquerading"": 162, ""T1498.001 - Impact: Direct Network Flood"": 120, ""T1498.002 - Impact: Reflection/Amplification Attack"": 121, ""T1571 - Defense Evasion: Non-Standard Port"": 143, ""T1583.005 - Resource Development: Acquire Botnet"": 151, ""T1584.005 - Resource Development: Build/Compromise Botnet"": 117, ""T1590 - Reconnaissance: Gather Victim Network Information"": 123, ""T1595 - Reconnaissance: Active Scanning"": 123, ""TA0011 - Command-and-Control"": 140}",15149200,1155
stochastic_normalized_fragility,stochastic_normalized_loo_fragility,{},1414,1798,1753,0.0,0.2247048444891971,0.1028201317008315,0.2198713871259355,0.3602157968474639,199,200,1.0050251256281406,0.415739709641549,0.0,"{""T1036 - Defense Evasion: Masquerading"": 200, ""T1498.001 - Impact: Direct Network Flood"": 200, ""T1498.002 - Impact: Reflection/Amplification Attack"": 200, ""T1571 - Defense Evasion: Non-Standard Port"": 200, ""T1583.005 - Resource Development: Acquire Botnet"": 200, ""T1584.005 - Resource Development: Build/Compromise Botnet"": 199, ""T1590 - Reconnaissance: Gather Victim Network Information"": 199, ""T1595 - Reconnaissance: Active Scanning"": 200, ""TA0011 - Command-and-Control"": 200}",15149798,1753
uniform_step_balanced,uniform_step_balanced,{},1414,45,0,0.00014082810804,0.2148184881484594,0.1016880578944129,0.2111685815448123,0.3366875548598454,5,5,1.0,0.0,0.0,"{""T1036 - Defense Evasion: Masquerading"": 5, ""T1498.001 - Impact: Direct Network Flood"": 5, ""T1498.002 - Impact: Reflection/Amplification Attack"": 5, ""T1571 - Defense Evasion: Non-Standard Port"": 5, ""T1583.005 - Resource Development: Acquire Botnet"": 5, ""T1584.005 - Resource Development: Build/Compromise Botnet"": 5, ""T1590 - Reconnaissance: Gather Victim Network Information"": 5, ""T1595 - Reconnaissance: Active Scanning"": 5, ""TA0011 - Command-and-Control"": 5}",15148045,0
uniform_step_balanced,uniform_step_balanced,{},1414,90,45,6.144888078864398e-05,0.2178996717664316,0.1039365409293794,0.2124372949809421,0.3480871241172992,10,10,1.0,0.0,0.0,"{""T1036 - Defense Evasion: Masquerading"": 10, ""T1498.001 - Impact: Direct Network Flood"": 10, ""T1498.002 - Impact: Reflection/Amplification Attack"": 10, ""T1571 - Defense Evasion: Non-Standard Port"": 10, ""T1583.005 - Resource Development: Acquire Botnet"": 10, ""T1584.005 - Resource Development: Build/Compromise Botnet"": 10, ""T1590 - Reconnaissance: Gather Victim Network Information"": 10, ""T1595 - Reconnaissance: Active Scanning"": 10, ""TA0011 - Command-and-Control"": 10}",15148090,45
uniform_step_balanced,uniform_step_balanced,{},1414,180,135,1.1747413638044282e-05,0.2232723293048421,0.1087017307767481,0.2179026984843215,0.3564305512751199,20,20,1.0,0.0,0.0,"{""T1036 - Defense Evasion: Masquerading"": 20, ""T1498.001 - Impact: Direct Network Flood"": 20, ""T1498.002 - Impact: Reflection/Amplification Attack"": 20, ""T1571 - Defense Evasion: Non-Standard Port"": 20, ""T1583.005 - Resource Development: Acquire Botnet"": 20, ""T1584.005 - Resource Development: Build/Compromise Botnet"": 20, ""T1590 - Reconnaissance: Gather Victim Network Information"": 20, ""T1595 - Reconnaissance: Active Scanning"": 20, ""TA0011 - Command-and-Control"": 20}",15148180,135
uniform_step_balanced,uniform_step_balanced,{},1414,360,315,9.242381926623556e-06,0.222511118234371,0.1040181503876663,0.2178970388727576,0.3572805165488016,40,40,1.0,0.0,0.0,"{""T1036 - Defense Evasion: Masquerading"": 40, ""T1498.001 - Impact: Direct Network Flood"": 40, ""T1498.002 - Impact: Reflection/Amplification Attack"": 40, ""T1571 - Defense Evasion: Non-Standard Port"": 40, ""T1583.005 - Resource Development: Acquire Botnet"": 40, ""T1584.005 - Resource Development: Build/Compromise Botnet"": 40, ""T1590 - Reconnaissance: Gather Victim Network Information"": 40, ""T1595 - Reconnaissance: Active Scanning"": 40, ""TA0011 - Command-and-Control"": 40}",15148360,315
uniform_step_balanced,uniform_step_balanced,{},1414,720,675,5.024014713892699e-06,0.2239220230426221,0.105862459069068,0.2190805092300799,0.3554678101905737,80,80,1.0,0.0,0.0,"{""T1036 - Defense Evasion: Masquerading"": 80, ""T1498.001 - Impact: Direct Network Flood"": 80, ""T1498.002 - Impact: Reflection/Amplification Attack"": 80, ""T1571 - Defense Evasion: Non-Standard Port"": 80, ""T1583.005 - Resource Development: Acquire Botnet"": 80, ""T1584.005 - Resource Development: Build/Compromise Botnet"": 80, ""T1590 - Reconnaissance: Gather Victim Network Information"": 80, ""T1595 - Reconnaissance: Active Scanning"": 80, ""TA0011 - Command-and-Control"": 80}",15148720,675
uniform_step_balanced,uniform_step_balanced,{},1414,1200,1155,8.11134885246694e-06,0.2230390718389038,0.1071037575490041,0.2180921681738302,0.3546000143815718,133,134,1.0075187969924813,0.4714045207910317,0.0,"{""T1036 - Defense Evasion: Masquerading"": 133, ""T1498.001 - Impact: Direct Network Flood"": 133, ""T1498.002 - Impact: Reflection/Amplification Attack"": 133, ""T1571 - Defense Evasion: Non-Standard Port"": 134, ""T1583.005 - Resource Development: Acquire Botnet"": 133, ""T1584.005 - Resource Development: Build/Compromise Botnet"": 134, ""T1590 - Reconnaissance: Gather Victim Network Information"": 133, ""T1595 - Reconnaissance: Active Scanning"": 133, ""TA0011 - Command-and-Control"": 134}",15149200,1155
uniform_step_balanced,uniform_step_balanced,{},1414,1798,1753,0.0,0.2247048444891971,0.1028201317008315,0.2198713871259355,0.3602157968474639,199,200,1.0050251256281406,0.415739709641549,0.0,"{""T1036 - Defense Evasion: Masquerading"": 200, ""T1498.001 - Impact: Direct Network Flood"": 200, ""T1498.002 - Impact: Reflection/Amplification Attack"": 200, ""T1571 - Defense Evasion: Non-Standard Port"": 200, ""T1583.005 - Resource Development: Acquire Botnet"": 200, ""T1584.005 - Resource Development: Build/Compromise Botnet"": 199, ""T1590 - Reconnaissance: Gather Victim Network Information"": 199, ""T1595 - Reconnaissance: Active Scanning"": 200, ""TA0011 - Command-and-Control"": 200}",15149798,1753
stochastic_normalized_fragility,stochastic_normalized_loo_fragility,{},1515,45,0,7.931406907139748e-05,0.2215913295744545,0.114214357060837,0.2163422291814383,0.3442428945933854,5,5,1.0,0.0,0.0,"{""T1036 - Defense Evasion: Masquerading"": 5, ""T1498.001 - Impact: Direct Network Flood"": 5, ""T1498.002 - Impact: Reflection/Amplification Attack"": 5, ""T1571 - Defense Evasion: Non-Standard Port"": 5, ""T1583.005 - Resource Development: Acquire Botnet"": 5, ""T1584.005 - Resource Development: Build/Compromise Botnet"": 5, ""T1590 - Reconnaissance: Gather Victim Network Information"": 5, ""T1595 - Reconnaissance: Active Scanning"": 5, ""TA0011 - Command-and-Control"": 5}",16158045,0
stochastic_normalized_fragility,stochastic_normalized_loo_fragility,{},1515,90,45,6.073122610285437e-05,0.223731850699013,0.1181518706734611,0.2174166174125933,0.3521038782884362,7,12,1.7142857142857142,1.632993161855452,12.0,"{""T1036 - Defense Evasion: Masquerading"": 7, ""T1498.001 - Impact: Direct Network Flood"": 9, ""T1498.002 - Impact: Reflection/Amplification Attack"": 12, ""T1571 - Defense Evasion: Non-Standard Port"": 10, ""T1583.005 - Resource Development: Acquire Botnet"": 9, ""T1584.005 - Resource Development: Build/Compromise Botnet"": 10, ""T1590 - Reconnaissance: Gather Victim Network Information"": 12, ""T1595 - Reconnaissance: Active Scanning"": 9, ""TA0011 - Command-and-Control"": 12}",16158090,45
stochastic_normalized_fragility,stochastic_normalized_loo_fragility,{},1515,180,135,1.1230661382605898e-05,0.2256335747338534,0.1115470750032661,0.2194985964740888,0.3610589091716595,15,24,1.6,2.8674417556808756,22.0,"{""T1036 - Defense Evasion: Masquerading"": 17, ""T1498.001 - Impact: Direct Network Flood"": 20, ""T1498.002 - Impact: Reflection/Amplification Attack"": 21, ""T1571 - Defense Evasion: Non-Standard Port"": 18, ""T1583.005 - Resource Development: Acquire Botnet"": 15, ""T1584.005 - Resource Development: Build/Compromise Botnet"": 19, ""T1590 - Reconnaissance: Gather Victim Network Information"": 24, ""T1595 - Reconnaissance: Active Scanning"": 23, ""TA0011 - Command-and-Control"": 23}",16158180,135
stochastic_normalized_fragility,stochastic_normalized_loo_fragility,{},1515,360,315,8.093991901301307e-06,0.2263614251404004,0.1094149369385155,0.2218200760876244,0.3597988658567857,29,57,1.9655172413793105,8.86942313043338,62.0,"{""T1036 - Defense Evasion: Masquerading"": 39, ""T1498.001 - Impact: Direct Network Flood"": 29, ""T1498.002 - Impact: Reflection/Amplification Attack"": 40, ""T1571 - Defense Evasion: Non-Standard Port"": 31, ""T1583.005 - Resource Development: Acquire Botnet"": 30, ""T1584.005 - Resource Development: Build/Compromise Botnet"": 40, ""T1590 - Reconnaissance: Gather Victim Network Information"": 50, ""T1595 - Reconnaissance: Active Scanning"": 44, ""TA0011 - Command-and-Control"": 57}",16158360,315
stochastic_normalized_fragility,stochastic_normalized_loo_fragility,{},1515,720,675,1.1670065136220396e-06,0.2243421623722088,0.1038784776624193,0.2199849760426622,0.3580272888728075,64,109,1.703125,12.649110640673518,82.0,"{""T1036 - Defense Evasion: Masquerading"": 78, ""T1498.001 - Impact: Direct Network Flood"": 64, ""T1498.002 - Impact: Reflection/Amplification Attack"": 88, ""T1571 - Defense Evasion: Non-Standard Port"": 81, ""T1583.005 - Resource Development: Acquire Botnet"": 68, ""T1584.005 - Resource Development: Build/Compromise Botnet"": 69, ""T1590 - Reconnaissance: Gather Victim Network Information"": 83, ""T1595 - Reconnaissance: Active Scanning"": 80, ""TA0011 - Command-and-Control"": 109}",16158720,675
stochastic_normalized_fragility,stochastic_normalized_loo_fragility,{},1515,1200,1155,1.935045130794866e-06,0.2250329319273894,0.1037804102321136,0.221209300547837,0.3590834755808716,112,164,1.4642857142857142,14.794894014114764,98.0,"{""T1036 - Defense Evasion: Masquerading"": 125, ""T1498.001 - Impact: Direct Network Flood"": 112, ""T1498.002 - Impact: Reflection/Amplification Attack"": 135, ""T1571 - Defense Evasion: Non-Standard Port"": 129, ""T1583.005 - Resource Development: Acquire Botnet"": 134, ""T1584.005 - Resource Development: Build/Compromise Botnet"": 129, ""T1590 - Reconnaissance: Gather Victim Network Information"": 151, ""T1595 - Reconnaissance: Active Scanning"": 121, ""TA0011 - Command-and-Control"": 164}",16159200,1155
stochastic_normalized_fragility,stochastic_normalized_loo_fragility,{},1515,1798,1753,0.0,0.2247048444891971,0.1028201317008315,0.2198713871259355,0.3602157968474639,199,200,1.0050251256281406,0.415739709641549,0.0,"{""T1036 - Defense Evasion: Masquerading"": 200, ""T1498.001 - Impact: Direct Network Flood"": 200, ""T1498.002 - Impact: Reflection/Amplification Attack"": 200, ""T1571 - Defense Evasion: Non-Standard Port"": 200, ""T1583.005 - Resource Development: Acquire Botnet"": 200, ""T1584.005 - Resource Development: Build/Compromise Botnet"": 199, ""T1590 - Reconnaissance: Gather Victim Network Information"": 199, ""T1595 - Reconnaissance: Active Scanning"": 200, ""TA0011 - Command-and-Control"": 200}",16159798,1753
uniform_step_balanced,uniform_step_balanced,{},1515,45,0,7.931406907139748e-05,0.2215913295744545,0.114214357060837,0.2163422291814383,0.3442428945933854,5,5,1.0,0.0,0.0,"{""T1036 - Defense Evasion: Masquerading"": 5, ""T1498.001 - Impact: Direct Network Flood"": 5, ""T1498.002 - Impact: Reflection/Amplification Attack"": 5, ""T1571 - Defense Evasion: Non-Standard Port"": 5, ""T1583.005 - Resource Development: Acquire Botnet"": 5, ""T1584.005 - Resource Development: Build/Compromise Botnet"": 5, ""T1590 - Reconnaissance: Gather Victim Network Information"": 5, ""T1595 - Reconnaissance: Active Scanning"": 5, ""TA0011 - Command-and-Control"": 5}",16158045,0
uniform_step_balanced,uniform_step_balanced,{},1515,90,45,2.9029520646917187e-05,0.2253350577353428,0.1161199845629183,0.2185144110097578,0.3587485131963813,10,10,1.0,0.0,0.0,"{""T1036 - Defense Evasion: Masquerading"": 10, ""T1498.001 - Impact: Direct Network Flood"": 10, ""T1498.002 - Impact: Reflection/Amplification Attack"": 10, ""T1571 - Defense Evasion: Non-Standard Port"": 10, ""T1583.005 - Resource Development: Acquire Botnet"": 10, ""T1584.005 - Resource Development: Build/Compromise Botnet"": 10, ""T1590 - Reconnaissance: Gather Victim Network Information"": 10, ""T1595 - Reconnaissance: Active Scanning"": 10, ""TA0011 - Command-and-Control"": 10}",16158090,45
uniform_step_balanced,uniform_step_balanced,{},1515,180,135,9.556338621266298e-06,0.2244870037337658,0.1106488863757167,0.2181173528221763,0.3581657048132502,20,20,1.0,0.0,0.0,"{""T1036 - Defense Evasion: Masquerading"": 20, ""T1498.001 - Impact: Direct Network Flood"": 20, ""T1498.002 - Impact: Reflection/Amplification Attack"": 20, ""T1571 - Defense Evasion: Non-Standard Port"": 20, ""T1583.005 - Resource Development: Acquire Botnet"": 20, ""T1584.005 - Resource Development: Build/Compromise Botnet"": 20, ""T1590 - Reconnaissance: Gather Victim Network Information"": 20, ""T1595 - Reconnaissance: Active Scanning"": 20, ""TA0011 - Command-and-Control"": 20}",16158180,135
uniform_step_balanced,uniform_step_balanced,{},1515,360,315,6.3489026209249186e-06,0.2262474024166261,0.1080675118685021,0.2212330593420443,0.3586665375517661,40,40,1.0,0.0,0.0,"{""T1036 - Defense Evasion: Masquerading"": 40, ""T1498.001 - Impact: Direct Network Flood"": 40, ""T1498.002 - Impact: Reflection/Amplification Attack"": 40, ""T1571 - Defense Evasion: Non-Standard Port"": 40, ""T1583.005 - Resource Development: Acquire Botnet"": 40, ""T1584.005 - Resource Development: Build/Compromise Botnet"": 40, ""T1590 - Reconnaissance: Gather Victim Network Information"": 40, ""T1595 - Reconnaissance: Active Scanning"": 40, ""TA0011 - Command-and-Control"": 40}",16158360,315
uniform_step_balanced,uniform_step_balanced,{},1515,720,675,3.1483199396288347e-06,0.2234195635484687,0.1030602337804509,0.2186629900750173,0.3574259763955041,80,80,1.0,0.0,0.0,"{""T1036 - Defense Evasion: Masquerading"": 80, ""T1498.001 - Impact: Direct Network Flood"": 80, ""T1498.002 - Impact: Reflection/Amplification Attack"": 80, ""T1571 - Defense Evasion: Non-Standard Port"": 80, ""T1583.005 - Resource Development: Acquire Botnet"": 80, ""T1584.005 - Resource Development: Build/Compromise Botnet"": 80, ""T1590 - Reconnaissance: Gather Victim Network Information"": 80, ""T1595 - Reconnaissance: Active Scanning"": 80, ""TA0011 - Command-and-Control"": 80}",16158720,675
uniform_step_balanced,uniform_step_balanced,{},1515,1200,1155,2.0934792959938093e-06,0.2252675281304936,0.1046345499553765,0.2206492815414082,0.3569398715367383,133,134,1.0075187969924813,0.4714045207910317,0.0,"{""T1036 - Defense Evasion: Masquerading"": 133, ""T1498.001 - Impact: Direct Network Flood"": 133, ""T1498.002 - Impact: Reflection/Amplification Attack"": 133, ""T1571 - Defense Evasion: Non-Standard Port"": 134, ""T1583.005 - Resource Development: Acquire Botnet"": 134, ""T1584.005 - Resource Development: Build/Compromise Botnet"": 133, ""T1590 - Reconnaissance: Gather Victim Network Information"": 134, ""T1595 - Reconnaissance: Active Scanning"": 133, ""TA0011 - Command-and-Control"": 133}",16159200,1155
uniform_step_balanced,uniform_step_balanced,{},1515,1798,1753,0.0,0.2247048444891971,0.1028201317008315,0.2198713871259355,0.3602157968474639,199,200,1.0050251256281406,0.415739709641549,0.0,"{""T1036 - Defense Evasion: Masquerading"": 200, ""T1498.001 - Impact: Direct Network Flood"": 200, ""T1498.002 - Impact: Reflection/Amplification Attack"": 200, ""T1571 - Defense Evasion: Non-Standard Port"": 200, ""T1583.005 - Resource Development: Acquire Botnet"": 200, ""T1584.005 - Resource Development: Build/Compromise Botnet"": 199, ""T1590 - Reconnaissance: Gather Victim Network Information"": 199, ""T1595 - Reconnaissance: Active Scanning"": 200, ""TA0011 - Command-and-Control"": 200}",16159798,1753
stochastic_normalized_fragility,stochastic_normalized_loo_fragility,{},1616,45,0,5.4480598938576774e-05,0.2283178371956346,0.1162776686037962,0.2236924627738943,0.3524555373488843,5,5,1.0,0.0,0.0,"{""T1036 - Defense Evasion: Masquerading"": 5, ""T1498.001 - Impact: Direct Network Flood"": 5, ""T1498.002 - Impact: Reflection/Amplification Attack"": 5, ""T1571 - Defense Evasion: Non-Standard Port"": 5, ""T1583.005 - Resource Development: Acquire Botnet"": 5, ""T1584.005 - Resource Development: Build/Compromise Botnet"": 5, ""T1590 - Reconnaissance: Gather Victim Network Information"": 5, ""T1595 - Reconnaissance: Active Scanning"": 5, ""TA0011 - Command-and-Control"": 5}",17168045,0
stochastic_normalized_fragility,stochastic_normalized_loo_fragility,{},1616,90,45,6.353346469738329e-05,0.2311906267263581,0.1013266829825879,0.2266467450221228,0.3735963893527396,7,14,2.0,2.160246899469287,16.0,"{""T1036 - Defense Evasion: Masquerading"": 10, ""T1498.001 - Impact: Direct Network Flood"": 11, ""T1498.002 - Impact: Reflection/Amplification Attack"": 11, ""T1571 - Defense Evasion: Non-Standard Port"": 14, ""T1583.005 - Resource Development: Acquire Botnet"": 11, ""T1584.005 - Resource Development: Build/Compromise Botnet"": 8, ""T1590 - Reconnaissance: Gather Victim Network Information"": 11, ""T1595 - Reconnaissance: Active Scanning"": 7, ""TA0011 - Command-and-Control"": 7}",17168090,45
stochastic_normalized_fragility,stochastic_normalized_loo_fragility,{},1616,180,135,2.6746713114783628e-05,0.2297437538149142,0.1100939057391556,0.223509451681662,0.3678238314976756,15,25,1.6666666666666667,3.126943839882286,24.0,"{""T1036 - Defense Evasion: Masquerading"": 18, ""T1498.001 - Impact: Direct Network Flood"": 25, ""T1498.002 - Impact: Reflection/Amplification Attack"": 18, ""T1571 - Defense Evasion: Non-Standard Port"": 24, ""T1583.005 - Resource Development: Acquire Botnet"": 21, ""T1584.005 - Resource Development: Build/Compromise Botnet"": 15, ""T1590 - Reconnaissance: Gather Victim Network Information"": 22, ""T1595 - Reconnaissance: Active Scanning"": 20, ""TA0011 - Command-and-Control"": 17}",17168180,135
stochastic_normalized_fragility,stochastic_normalized_loo_fragility,{},1616,360,315,6.9742119056750865e-06,0.2227623492302486,0.1032224149579626,0.218148099613486,0.3552696427181577,31,49,1.5806451612903225,4.898979485566356,34.0,"{""T1036 - Defense Evasion: Masquerading"": 49, ""T1498.001 - Impact: Direct Network Flood"": 38, ""T1498.002 - Impact: Reflection/Amplification Attack"": 42, ""T1571 - Defense Evasion: Non-Standard Port"": 36, ""T1583.005 - Resource Development: Acquire Botnet"": 41, ""T1584.005 - Resource Development: Build/Compromise Botnet"": 31, ""T1590 - Reconnaissance: Gather Victim Network Information"": 38, ""T1595 - Reconnaissance: Active Scanning"": 45, ""TA0011 - Command-and-Control"": 40}",17168360,315
stochastic_normalized_fragility,stochastic_normalized_loo_fragility,{},1616,720,675,4.239593784257432e-06,0.2238698903100656,0.1043683839259084,0.2189543470158599,0.3572494722256207,68,92,1.3529411764705883,7.438637868140466,54.0,"{""T1036 - Defense Evasion: Masquerading"": 92, ""T1498.001 - Impact: Direct Network Flood"": 68, ""T1498.002 - Impact: Reflection/Amplification Attack"": 85, ""T1571 - Defense Evasion: Non-Standard Port"": 81, ""T1583.005 - Resource Development: Acquire Botnet"": 82, ""T1584.005 - Resource Development: Build/Compromise Botnet"": 69, ""T1590 - Reconnaissance: Gather Victim Network Information"": 77, ""T1595 - Reconnaissance: Active Scanning"": 79, ""TA0011 - Command-and-Control"": 87}",17168720,675
stochastic_normalized_fragility,stochastic_normalized_loo_fragility,{},1616,1200,1155,1.5773654737707385e-06,0.2241912459755404,0.1039801131823967,0.2189772335243234,0.360626124416203,114,160,1.4035087719298245,12.092238098144705,74.0,"{""T1036 - Defense Evasion: Masquerading"": 160, ""T1498.001 - Impact: Direct Network Flood"": 114, ""T1498.002 - Impact: Reflection/Amplification Attack"": 128, ""T1571 - Defense Evasion: Non-Standard Port"": 130, ""T1583.005 - Resource Development: Acquire Botnet"": 144, ""T1584.005 - Resource Development: Build/Compromise Botnet"": 125, ""T1590 - Reconnaissance: Gather Victim Network Information"": 135, ""T1595 - Reconnaissance: Active Scanning"": 131, ""TA0011 - Command-and-Control"": 133}",17169200,1155
stochastic_normalized_fragility,stochastic_normalized_loo_fragility,{},1616,1798,1753,0.0,0.2247048444891971,0.1028201317008315,0.2198713871259355,0.3602157968474639,199,200,1.0050251256281406,0.415739709641549,0.0,"{""T1036 - Defense Evasion: Masquerading"": 200, ""T1498.001 - Impact: Direct Network Flood"": 200, ""T1498.002 - Impact: Reflection/Amplification Attack"": 200, ""T1571 - Defense Evasion: Non-Standard Port"": 200, ""T1583.005 - Resource Development: Acquire Botnet"": 200, ""T1584.005 - Resource Development: Build/Compromise Botnet"": 199, ""T1590 - Reconnaissance: Gather Victim Network Information"": 199, ""T1595 - Reconnaissance: Active Scanning"": 200, ""TA0011 - Command-and-Control"": 200}",17169798,1753
uniform_step_balanced,uniform_step_balanced,{},1616,45,0,5.4480598938576774e-05,0.2283178371956346,0.1162776686037962,0.2236924627738943,0.3524555373488843,5,5,1.0,0.0,0.0,"{""T1036 - Defense Evasion: Masquerading"": 5, ""T1498.001 - Impact: Direct Network Flood"": 5, ""T1498.002 - Impact: Reflection/Amplification Attack"": 5, ""T1571 - Defense Evasion: Non-Standard Port"": 5, ""T1583.005 - Resource Development: Acquire Botnet"": 5, ""T1584.005 - Resource Development: Build/Compromise Botnet"": 5, ""T1590 - Reconnaissance: Gather Victim Network Information"": 5, ""T1595 - Reconnaissance: Active Scanning"": 5, ""TA0011 - Command-and-Control"": 5}",17168045,0
uniform_step_balanced,uniform_step_balanced,{},1616,90,45,1.351017766124889e-05,0.2267552455586878,0.1094363921676756,0.2226545382753323,0.3561669854313922,10,10,1.0,0.0,0.0,"{""T1036 - Defense Evasion: Masquerading"": 10, ""T1498.001 - Impact: Direct Network Flood"": 10, ""T1498.002 - Impact: Reflection/Amplification Attack"": 10, ""T1571 - Defense Evasion: Non-Standard Port"": 10, ""T1583.005 - Resource Development: Acquire Botnet"": 10, ""T1584.005 - Resource Development: Build/Compromise Botnet"": 10, ""T1590 - Reconnaissance: Gather Victim Network Information"": 10, ""T1595 - Reconnaissance: Active Scanning"": 10, ""TA0011 - Command-and-Control"": 10}",17168090,45
uniform_step_balanced,uniform_step_balanced,{},1616,180,135,1.8156523414962695e-05,0.2286788034631057,0.1104123069713852,0.2234052174022698,0.3636926298695525,20,20,1.0,0.0,0.0,"{""T1036 - Defense Evasion: Masquerading"": 20, ""T1498.001 - Impact: Direct Network Flood"": 20, ""T1498.002 - Impact: Reflection/Amplification Attack"": 20, ""T1571 - Defense Evasion: Non-Standard Port"": 20, ""T1583.005 - Resource Development: Acquire Botnet"": 20, ""T1584.005 - Resource Development: Build/Compromise Botnet"": 20, ""T1590 - Reconnaissance: Gather Victim Network Information"": 20, ""T1595 - Reconnaissance: Active Scanning"": 20, ""TA0011 - Command-and-Control"": 20}",17168180,135
uniform_step_balanced,uniform_step_balanced,{},1616,360,315,1.0200793865727366e-05,0.2226383735731565,0.1047165596264774,0.2180825653260807,0.3543847411318716,40,40,1.0,0.0,0.0,"{""T1036 - Defense Evasion: Masquerading"": 40, ""T1498.001 - Impact: Direct Network Flood"": 40, ""T1498.002 - Impact: Reflection/Amplification Attack"": 40, ""T1571 - Defense Evasion: Non-Standard Port"": 40, ""T1583.005 - Resource Development: Acquire Botnet"": 40, ""T1584.005 - Resource Development: Build/Compromise Botnet"": 40, ""T1590 - Reconnaissance: Gather Victim Network Information"": 40, ""T1595 - Reconnaissance: Active Scanning"": 40, ""TA0011 - Command-and-Control"": 40}",17168360,315
uniform_step_balanced,uniform_step_balanced,{},1616,720,675,5.2939921150800115e-06,0.2245421318534787,0.1072864147887021,0.2197932041326873,0.3578433993433566,80,80,1.0,0.0,0.0,"{""T1036 - Defense Evasion: Masquerading"": 80, ""T1498.001 - Impact: Direct Network Flood"": 80, ""T1498.002 - Impact: Reflection/Amplification Attack"": 80, ""T1571 - Defense Evasion: Non-Standard Port"": 80, ""T1583.005 - Resource Development: Acquire Botnet"": 80, ""T1584.005 - Resource Development: Build/Compromise Botnet"": 80, ""T1590 - Reconnaissance: Gather Victim Network Information"": 80, ""T1595 - Reconnaissance: Active Scanning"": 80, ""TA0011 - Command-and-Control"": 80}",17168720,675
uniform_step_balanced,uniform_step_balanced,{},1616,1200,1155,2.95591146933713e-06,0.2239818969863753,0.1034601564459962,0.2187860225543267,0.3593941286591787,133,134,1.0075187969924813,0.4714045207910317,0.0,"{""T1036 - Defense Evasion: Masquerading"": 134, ""T1498.001 - Impact: Direct Network Flood"": 133, ""T1498.002 - Impact: Reflection/Amplification Attack"": 133, ""T1571 - Defense Evasion: Non-Standard Port"": 133, ""T1583.005 - Resource Development: Acquire Botnet"": 134, ""T1584.005 - Resource Development: Build/Compromise Botnet"": 133, ""T1590 - Reconnaissance: Gather Victim Network Information"": 133, ""T1595 - Reconnaissance: Active Scanning"": 133, ""TA0011 - Command-and-Control"": 134}",17169200,1155
uniform_step_balanced,uniform_step_balanced,{},1616,1798,1753,0.0,0.2247048444891971,0.1028201317008315,0.2198713871259355,0.3602157968474639,199,200,1.0050251256281406,0.415739709641549,0.0,"{""T1036 - Defense Evasion: Masquerading"": 200, ""T1498.001 - Impact: Direct Network Flood"": 200, ""T1498.002 - Impact: Reflection/Amplification Attack"": 200, ""T1571 - Defense Evasion: Non-Standard Port"": 200, ""T1583.005 - Resource Development: Acquire Botnet"": 200, ""T1584.005 - Resource Development: Build/Compromise Botnet"": 199, ""T1590 - Reconnaissance: Gather Victim Network Information"": 199, ""T1595 - Reconnaissance: Active Scanning"": 200, ""TA0011 - Command-and-Control"": 200}",17169798,1753
stochastic_normalized_fragility,stochastic_normalized_loo_fragility,{},1717,45,0,2.6305082396720455e-05,0.2295204989916909,0.1083429587750836,0.2252433811232458,0.3631317557482235,5,5,1.0,0.0,0.0,"{""T1036 - Defense Evasion: Masquerading"": 5, ""T1498.001 - Impact: Direct Network Flood"": 5, ""T1498.002 - Impact: Reflection/Amplification Attack"": 5, ""T1571 - Defense Evasion: Non-Standard Port"": 5, ""T1583.005 - Resource Development: Acquire Botnet"": 5, ""T1584.005 - Resource Development: Build/Compromise Botnet"": 5, ""T1590 - Reconnaissance: Gather Victim Network Information"": 5, ""T1595 - Reconnaissance: Active Scanning"": 5, ""TA0011 - Command-and-Control"": 5}",18178045,0
stochastic_normalized_fragility,stochastic_normalized_loo_fragility,{},1717,90,45,3.844317569070732e-06,0.22449304828074,0.1009124536243507,0.2210402740638592,0.3565273970771001,6,12,2.0,1.699673171197595,12.0,"{""T1036 - Defense Evasion: Masquerading"": 12, ""T1498.001 - Impact: Direct Network Flood"": 9, ""T1498.002 - Impact: Reflection/Amplification Attack"": 9, ""T1571 - Defense Evasion: Non-Standard Port"": 11, ""T1583.005 - Resource Development: Acquire Botnet"": 11, ""T1584.005 - Resource Development: Build/Compromise Botnet"": 6, ""T1590 - Reconnaissance: Gather Victim Network Information"": 11, ""T1595 - Reconnaissance: Active Scanning"": 11, ""TA0011 - Command-and-Control"": 10}",18178090,45
stochastic_normalized_fragility,stochastic_normalized_loo_fragility,{},1717,180,135,1.2603324477034508e-05,0.2221552269078661,0.1007496394184498,0.2176182867666544,0.355646493539514,18,26,1.4444444444444444,2.4037008503093262,16.0,"{""T1036 - Defense Evasion: Masquerading"": 26, ""T1498.001 - Impact: Direct Network Flood"": 19, ""T1498.002 - Impact: Reflection/Amplification Attack"": 18, ""T1571 - Defense Evasion: Non-Standard Port"": 19, ""T1583.005 - Resource Development: Acquire Botnet"": 18, ""T1584.005 - Resource Development: Build/Compromise Botnet"": 20, ""T1590 - Reconnaissance: Gather Victim Network Information"": 22, ""T1595 - Reconnaissance: Active Scanning"": 19, ""TA0011 - Command-and-Control"": 19}",18178180,135
stochastic_normalized_fragility,stochastic_normalized_loo_fragility,{},1717,360,315,6.701065584967582e-06,0.2239232516356427,0.1048355431373495,0.2201904343554571,0.3535130528866357,31,53,1.7096774193548387,6.879922480183431,52.0,"{""T1036 - Defense Evasion: Masquerading"": 53, ""T1498.001 - Impact: Direct Network Flood"": 31, ""T1498.002 - Impact: Reflection/Amplification Attack"": 35, ""T1571 - Defense Evasion: Non-Standard Port"": 33, ""T1583.005 - Resource Development: Acquire Botnet"": 49, ""T1584.005 - Resource Development: Build/Compromise Botnet"": 37, ""T1590 - Reconnaissance: Gather Victim Network Information"": 42, ""T1595 - Reconnaissance: Active Scanning"": 42, ""TA0011 - Command-and-Control"": 38}",18178360,315
stochastic_normalized_fragility,stochastic_normalized_loo_fragility,{},1717,720,675,3.323834730696233e-06,0.2253998629346663,0.1061954664425072,0.2206459875527045,0.3585220879688732,66,106,1.606060606060606,14.023789311975086,100.0,"{""T1036 - Defense Evasion: Masquerading"": 106, ""T1498.001 - Impact: Direct Network Flood"": 66, ""T1498.002 - Impact: Reflection/Amplification Attack"": 75, ""T1571 - Defense Evasion: Non-Standard Port"": 68, ""T1583.005 - Resource Development: Acquire Botnet"": 104, ""T1584.005 - Resource Development: Build/Compromise Botnet"": 70, ""T1590 - Reconnaissance: Gather Victim Network Information"": 78, ""T1595 - Reconnaissance: Active Scanning"": 80, ""TA0011 - Command-and-Control"": 73}",18178720,675
stochastic_normalized_fragility,stochastic_normalized_loo_fragility,{},1717,1200,1155,3.446070644669758e-06,0.2256256958503781,0.1029034439773911,0.2213758022040097,0.3618891638984614,109,178,1.6330275229357798,21.15550887016324,144.0,"{""T1036 - Defense Evasion: Masquerading"": 178, ""T1498.001 - Impact: Direct Network Flood"": 109, ""T1498.002 - Impact: Reflection/Amplification Attack"": 123, ""T1571 - Defense Evasion: Non-Standard Port"": 110, ""T1583.005 - Resource Development: Acquire Botnet"": 159, ""T1584.005 - Resource Development: Build/Compromise Botnet"": 125, ""T1590 - Reconnaissance: Gather Victim Network Information"": 134, ""T1595 - Reconnaissance: Active Scanning"": 136, ""TA0011 - Command-and-Control"": 126}",18179200,1155
stochastic_normalized_fragility,stochastic_normalized_loo_fragility,{},1717,1798,1753,0.0,0.2247048444891971,0.1028201317008315,0.2198713871259355,0.3602157968474639,199,200,1.0050251256281406,0.415739709641549,0.0,"{""T1036 - Defense Evasion: Masquerading"": 200, ""T1498.001 - Impact: Direct Network Flood"": 200, ""T1498.002 - Impact: Reflection/Amplification Attack"": 200, ""T1571 - Defense Evasion: Non-Standard Port"": 200, ""T1583.005 - Resource Development: Acquire Botnet"": 200, ""T1584.005 - Resource Development: Build/Compromise Botnet"": 199, ""T1590 - Reconnaissance: Gather Victim Network Information"": 199, ""T1595 - Reconnaissance: Active Scanning"": 200, ""TA0011 - Command-and-Control"": 200}",18179798,1753
uniform_step_balanced,uniform_step_balanced,{},1717,45,0,2.6305082396720455e-05,0.2295204989916909,0.1083429587750836,0.2252433811232458,0.3631317557482235,5,5,1.0,0.0,0.0,"{""T1036 - Defense Evasion: Masquerading"": 5, ""T1498.001 - Impact: Direct Network Flood"": 5, ""T1498.002 - Impact: Reflection/Amplification Attack"": 5, ""T1571 - Defense Evasion: Non-Standard Port"": 5, ""T1583.005 - Resource Development: Acquire Botnet"": 5, ""T1584.005 - Resource Development: Build/Compromise Botnet"": 5, ""T1590 - Reconnaissance: Gather Victim Network Information"": 5, ""T1595 - Reconnaissance: Active Scanning"": 5, ""TA0011 - Command-and-Control"": 5}",18178045,0
uniform_step_balanced,uniform_step_balanced,{},1717,90,45,9.137014666049509e-06,0.2244054957040067,0.0991738118727973,0.2216189327959247,0.3545633916111209,10,10,1.0,0.0,0.0,"{""T1036 - Defense Evasion: Masquerading"": 10, ""T1498.001 - Impact: Direct Network Flood"": 10, ""T1498.002 - Impact: Reflection/Amplification Attack"": 10, ""T1571 - Defense Evasion: Non-Standard Port"": 10, ""T1583.005 - Resource Development: Acquire Botnet"": 10, ""T1584.005 - Resource Development: Build/Compromise Botnet"": 10, ""T1590 - Reconnaissance: Gather Victim Network Information"": 10, ""T1595 - Reconnaissance: Active Scanning"": 10, ""TA0011 - Command-and-Control"": 10}",18178090,45
uniform_step_balanced,uniform_step_balanced,{},1717,180,135,8.220026536912759e-06,0.2230141848810219,0.1016163412035538,0.2188129038917573,0.3525446620750081,20,20,1.0,0.0,0.0,"{""T1036 - Defense Evasion: Masquerading"": 20, ""T1498.001 - Impact: Direct Network Flood"": 20, ""T1498.002 - Impact: Reflection/Amplification Attack"": 20, ""T1571 - Defense Evasion: Non-Standard Port"": 20, ""T1583.005 - Resource Development: Acquire Botnet"": 20, ""T1584.005 - Resource Development: Build/Compromise Botnet"": 20, ""T1590 - Reconnaissance: Gather Victim Network Information"": 20, ""T1595 - Reconnaissance: Active Scanning"": 20, ""TA0011 - Command-and-Control"": 20}",18178180,135
uniform_step_balanced,uniform_step_balanced,{},1717,360,315,7.005245766450799e-06,0.2250377042450015,0.10461646604916,0.2212128780523449,0.3576661352476331,40,40,1.0,0.0,0.0,"{""T1036 - Defense Evasion: Masquerading"": 40, ""T1498.001 - Impact: Direct Network Flood"": 40, ""T1498.002 - Impact: Reflection/Amplification Attack"": 40, ""T1571 - Defense Evasion: Non-Standard Port"": 40, ""T1583.005 - Resource Development: Acquire Botnet"": 40, ""T1584.005 - Resource Development: Build/Compromise Botnet"": 40, ""T1590 - Reconnaissance: Gather Victim Network Information"": 40, ""T1595 - Reconnaissance: Active Scanning"": 40, ""TA0011 - Command-and-Control"": 40}",18178360,315
uniform_step_balanced,uniform_step_balanced,{},1717,720,675,7.044222642826366e-06,0.2252435295305746,0.1066190760696516,0.2205547240873674,0.3567870314955796,80,80,1.0,0.0,0.0,"{""T1036 - Defense Evasion: Masquerading"": 80, ""T1498.001 - Impact: Direct Network Flood"": 80, ""T1498.002 - Impact: Reflection/Amplification Attack"": 80, ""T1571 - Defense Evasion: Non-Standard Port"": 80, ""T1583.005 - Resource Development: Acquire Botnet"": 80, ""T1584.005 - Resource Development: Build/Compromise Botnet"": 80, ""T1590 - Reconnaissance: Gather Victim Network Information"": 80, ""T1595 - Reconnaissance: Active Scanning"": 80, ""TA0011 - Command-and-Control"": 80}",18178720,675
uniform_step_balanced,uniform_step_balanced,{},1717,1200,1155,3.0883003441557246e-06,0.2257322846740658,0.1025004582520767,0.2212317506624107,0.3633470094579309,133,134,1.0075187969924813,0.4714045207910317,0.0,"{""T1036 - Defense Evasion: Masquerading"": 134, ""T1498.001 - Impact: Direct Network Flood"": 133, ""T1498.002 - Impact: Reflection/Amplification Attack"": 133, ""T1571 - Defense Evasion: Non-Standard Port"": 134, ""T1583.005 - Resource Development: Acquire Botnet"": 134, ""T1584.005 - Resource Development: Build/Compromise Botnet"": 133, ""T1590 - Reconnaissance: Gather Victim Network Information"": 133, ""T1595 - Reconnaissance: Active Scanning"": 133, ""TA0011 - Command-and-Control"": 133}",18179200,1155
uniform_step_balanced,uniform_step_balanced,{},1717,1798,1753,0.0,0.2247048444891971,0.1028201317008315,0.2198713871259355,0.3602157968474639,199,200,1.0050251256281406,0.415739709641549,0.0,"{""T1036 - Defense Evasion: Masquerading"": 200, ""T1498.001 - Impact: Direct Network Flood"": 200, ""T1498.002 - Impact: Reflection/Amplification Attack"": 200, ""T1571 - Defense Evasion: Non-Standard Port"": 200, ""T1583.005 - Resource Development: Acquire Botnet"": 200, ""T1584.005 - Resource Development: Build/Compromise Botnet"": 199, ""T1590 - Reconnaissance: Gather Victim Network Information"": 199, ""T1595 - Reconnaissance: Active Scanning"": 200, ""TA0011 - Command-and-Control"": 200}",18179798,1753
stochastic_normalized_fragility,stochastic_normalized_loo_fragility,{},1818,45,0,6.675658172659877e-05,0.2175446836767132,0.1039147631976213,0.2132359602241458,0.3467141246852092,5,5,1.0,0.0,0.0,"{""T1036 - Defense Evasion: Masquerading"": 5, ""T1498.001 - Impact: Direct Network Flood"": 5, ""T1498.002 - Impact: Reflection/Amplification Attack"": 5, ""T1571 - Defense Evasion: Non-Standard Port"": 5, ""T1583.005 - Resource Development: Acquire Botnet"": 5, ""T1584.005 - Resource Development: Build/Compromise Botnet"": 5, ""T1590 - Reconnaissance: Gather Victim Network Information"": 5, ""T1595 - Reconnaissance: Active Scanning"": 5, ""TA0011 - Command-and-Control"": 5}",19188045,0
stochastic_normalized_fragility,stochastic_normalized_loo_fragility,{},1818,90,45,7.876233501208592e-05,0.2163320512274024,0.0861465010454538,0.2126300022156342,0.3552095809358618,7,14,2.0,2.160246899469287,16.0,"{""T1036 - Defense Evasion: Masquerading"": 10, ""T1498.001 - Impact: Direct Network Flood"": 9, ""T1498.002 - Impact: Reflection/Amplification Attack"": 9, ""T1571 - Defense Evasion: Non-Standard Port"": 7, ""T1583.005 - Resource Development: Acquire Botnet"": 9, ""T1584.005 - Resource Development: Build/Compromise Botnet"": 13, ""T1590 - Reconnaissance: Gather Victim Network Information"": 14, ""T1595 - Reconnaissance: Active Scanning"": 8, ""TA0011 - Command-and-Control"": 11}",19188090,45
stochastic_normalized_fragility,stochastic_normalized_loo_fragility,{},1818,180,135,3.05954527911049e-05,0.2219368091001345,0.1064144990080275,0.2185884933743721,0.3464797136183283,11,28,2.5454545454545454,4.546060565661952,32.0,"{""T1036 - Defense Evasion: Masquerading"": 19, ""T1498.001 - Impact: Direct Network Flood"": 23, ""T1498.002 - Impact: Reflection/Amplification Attack"": 23, ""T1571 - Defense Evasion: Non-Standard Port"": 11, ""T1583.005 - Resource Development: Acquire Botnet"": 28, ""T1584.005 - Resource Development: Build/Compromise Botnet"": 18, ""T1590 - Reconnaissance: Gather Victim Network Information"": 21, ""T1595 - Reconnaissance: Active Scanning"": 16, ""TA0011 - Command-and-Control"": 21}",19188180,135
stochastic_normalized_fragility,stochastic_normalized_loo_fragility,{},1818,360,315,3.4738202098078666e-06,0.2257511872170713,0.1073308601578253,0.2212518009096529,0.3584442219121218,31,55,1.7741935483870968,6.733003292241386,48.0,"{""T1036 - Defense Evasion: Masquerading"": 36, ""T1498.001 - Impact: Direct Network Flood"": 44, ""T1498.002 - Impact: Reflection/Amplification Attack"": 39, ""T1571 - Defense Evasion: Non-Standard Port"": 34, ""T1583.005 - Resource Development: Acquire Botnet"": 45, ""T1584.005 - Resource Development: Build/Compromise Botnet"": 38, ""T1590 - Reconnaissance: Gather Victim Network Information"": 55, ""T1595 - Reconnaissance: Active Scanning"": 31, ""TA0011 - Command-and-Control"": 38}",19188360,315
stochastic_normalized_fragility,stochastic_normalized_loo_fragility,{},1818,720,675,6.509542150109867e-06,0.2235338483022141,0.1034840594991388,0.2197122705237544,0.3561420524348364,71,90,1.267605633802817,6.036923425424944,48.0,"{""T1036 - Defense Evasion: Masquerading"": 84, ""T1498.001 - Impact: Direct Network Flood"": 84, ""T1498.002 - Impact: Reflection/Amplification Attack"": 81, ""T1571 - Defense Evasion: Non-Standard Port"": 71, ""T1583.005 - Resource Development: Acquire Botnet"": 85, ""T1584.005 - Resource Development: Build/Compromise Botnet"": 76, ""T1590 - Reconnaissance: Gather Victim Network Information"": 90, ""T1595 - Reconnaissance: Active Scanning"": 72, ""TA0011 - Command-and-Control"": 77}",19188720,675
stochastic_normalized_fragility,stochastic_normalized_loo_fragility,{},1818,1200,1155,1.7283798525972612e-06,0.2243970896534043,0.1032947949410023,0.2196515123754869,0.358597642396887,119,152,1.2773109243697478,9.76387901058454,74.0,"{""T1036 - Defense Evasion: Masquerading"": 141, ""T1498.001 - Impact: Direct Network Flood"": 130, ""T1498.002 - Impact: Reflection/Amplification Attack"": 125, ""T1571 - Defense Evasion: Non-Standard Port"": 125, ""T1583.005 - Resource Development: Acquire Botnet"": 152, ""T1584.005 - Resource Development: Build/Compromise Botnet"": 119, ""T1590 - Reconnaissance: Gather Victim Network Information"": 139, ""T1595 - Reconnaissance: Active Scanning"": 140, ""TA0011 - Command-and-Control"": 129}",19189200,1155
stochastic_normalized_fragility,stochastic_normalized_loo_fragility,{},1818,1798,1753,0.0,0.2247048444891971,0.1028201317008315,0.2198713871259355,0.3602157968474639,199,200,1.0050251256281406,0.415739709641549,0.0,"{""T1036 - Defense Evasion: Masquerading"": 200, ""T1498.001 - Impact: Direct Network Flood"": 200, ""T1498.002 - Impact: Reflection/Amplification Attack"": 200, ""T1571 - Defense Evasion: Non-Standard Port"": 200, ""T1583.005 - Resource Development: Acquire Botnet"": 200, ""T1584.005 - Resource Development: Build/Compromise Botnet"": 199, ""T1590 - Reconnaissance: Gather Victim Network Information"": 199, ""T1595 - Reconnaissance: Active Scanning"": 200, ""TA0011 - Command-and-Control"": 200}",19189798,1753
uniform_step_balanced,uniform_step_balanced,{},1818,45,0,6.675658172659877e-05,0.2175446836767132,0.1039147631976213,0.2132359602241458,0.3467141246852092,5,5,1.0,0.0,0.0,"{""T1036 - Defense Evasion: Masquerading"": 5, ""T1498.001 - Impact: Direct Network Flood"": 5, ""T1498.002 - Impact: Reflection/Amplification Attack"": 5, ""T1571 - Defense Evasion: Non-Standard Port"": 5, ""T1583.005 - Resource Development: Acquire Botnet"": 5, ""T1584.005 - Resource Development: Build/Compromise Botnet"": 5, ""T1590 - Reconnaissance: Gather Victim Network Information"": 5, ""T1595 - Reconnaissance: Active Scanning"": 5, ""TA0011 - Command-and-Control"": 5}",19188045,0
uniform_step_balanced,uniform_step_balanced,{},1818,90,45,3.767200334169876e-05,0.2193060488999941,0.0999199627418779,0.2154612325372995,0.3497576898283275,10,10,1.0,0.0,0.0,"{""T1036 - Defense Evasion: Masquerading"": 10, ""T1498.001 - Impact: Direct Network Flood"": 10, ""T1498.002 - Impact: Reflection/Amplification Attack"": 10, ""T1571 - Defense Evasion: Non-Standard Port"": 10, ""T1583.005 - Resource Development: Acquire Botnet"": 10, ""T1584.005 - Resource Development: Build/Compromise Botnet"": 10, ""T1590 - Reconnaissance: Gather Victim Network Information"": 10, ""T1595 - Reconnaissance: Active Scanning"": 10, ""TA0011 - Command-and-Control"": 10}",19188090,45
uniform_step_balanced,uniform_step_balanced,{},1818,180,135,7.713061844757031e-06,0.2248314121716196,0.1075388020563122,0.2206860312047148,0.3559849110498591,20,20,1.0,0.0,0.0,"{""T1036 - Defense Evasion: Masquerading"": 20, ""T1498.001 - Impact: Direct Network Flood"": 20, ""T1498.002 - Impact: Reflection/Amplification Attack"": 20, ""T1571 - Defense Evasion: Non-Standard Port"": 20, ""T1583.005 - Resource Development: Acquire Botnet"": 20, ""T1584.005 - Resource Development: Build/Compromise Botnet"": 20, ""T1590 - Reconnaissance: Gather Victim Network Information"": 20, ""T1595 - Reconnaissance: Active Scanning"": 20, ""TA0011 - Command-and-Control"": 20}",19188180,135
uniform_step_balanced,uniform_step_balanced,{},1818,360,315,6.707702799044307e-06,0.2247517995118139,0.1042063196987625,0.2206047879450366,0.3572424768272733,40,40,1.0,0.0,0.0,"{""T1036 - Defense Evasion: Masquerading"": 40, ""T1498.001 - Impact: Direct Network Flood"": 40, ""T1498.002 - Impact: Reflection/Amplification Attack"": 40, ""T1571 - Defense Evasion: Non-Standard Port"": 40, ""T1583.005 - Resource Development: Acquire Botnet"": 40, ""T1584.005 - Resource Development: Build/Compromise Botnet"": 40, ""T1590 - Reconnaissance: Gather Victim Network Information"": 40, ""T1595 - Reconnaissance: Active Scanning"": 40, ""TA0011 - Command-and-Control"": 40}",19188360,315
uniform_step_balanced,uniform_step_balanced,{},1818,720,675,4.3926089488518805e-06,0.2236734470693839,0.1033598189078239,0.219059912148405,0.3572135378655946,80,80,1.0,0.0,0.0,"{""T1036 - Defense Evasion: Masquerading"": 80, ""T1498.001 - Impact: Direct Network Flood"": 80, ""T1498.002 - Impact: Reflection/Amplification Attack"": 80, ""T1571 - Defense Evasion: Non-Standard Port"": 80, ""T1583.005 - Resource Development: Acquire Botnet"": 80, ""T1584.005 - Resource Development: Build/Compromise Botnet"": 80, ""T1590 - Reconnaissance: Gather Victim Network Information"": 80, ""T1595 - Reconnaissance: Active Scanning"": 80, ""TA0011 - Command-and-Control"": 80}",19188720,675
uniform_step_balanced,uniform_step_balanced,{},1818,1200,1155,1.062200910266686e-06,0.2242373950768061,0.1027507685054991,0.2203656400781121,0.3587472310461848,133,134,1.0075187969924813,0.4714045207910317,0.0,"{""T1036 - Defense Evasion: Masquerading"": 134, ""T1498.001 - Impact: Direct Network Flood"": 133, ""T1498.002 - Impact: Reflection/Amplification Attack"": 133, ""T1571 - Defense Evasion: Non-Standard Port"": 134, ""T1583.005 - Resource Development: Acquire Botnet"": 133, ""T1584.005 - Resource Development: Build/Compromise Botnet"": 134, ""T1590 - Reconnaissance: Gather Victim Network Information"": 133, ""T1595 - Reconnaissance: Active Scanning"": 133, ""TA0011 - Command-and-Control"": 133}",19189200,1155
uniform_step_balanced,uniform_step_balanced,{},1818,1798,1753,0.0,0.2247048444891971,0.1028201317008315,0.2198713871259355,0.3602157968474639,199,200,1.0050251256281406,0.415739709641549,0.0,"{""T1036 - Defense Evasion: Masquerading"": 200, ""T1498.001 - Impact: Direct Network Flood"": 200, ""T1498.002 - Impact: Reflection/Amplification Attack"": 200, ""T1571 - Defense Evasion: Non-Standard Port"": 200, ""T1583.005 - Resource Development: Acquire Botnet"": 200, ""T1584.005 - Resource Development: Build/Compromise Botnet"": 199, ""T1590 - Reconnaissance: Gather Victim Network Information"": 199, ""T1595 - Reconnaissance: Active Scanning"": 200, ""TA0011 - Command-and-Control"": 200}",19189798,1753
stochastic_normalized_fragility,stochastic_normalized_loo_fragility,{},1919,45,0,2.697334387694878e-06,0.2248927320370351,0.1048817536862471,0.2199206215982018,0.3605025327047978,5,5,1.0,0.0,0.0,"{""T1036 - Defense Evasion: Masquerading"": 5, ""T1498.001 - Impact: Direct Network Flood"": 5, ""T1498.002 - Impact: Reflection/Amplification Attack"": 5, ""T1571 - Defense Evasion: Non-Standard Port"": 5, ""T1583.005 - Resource Development: Acquire Botnet"": 5, ""T1584.005 - Resource Development: Build/Compromise Botnet"": 5, ""T1590 - Reconnaissance: Gather Victim Network Information"": 5, ""T1595 - Reconnaissance: Active Scanning"": 5, ""TA0011 - Command-and-Control"": 5}",20198045,0
stochastic_normalized_fragility,stochastic_normalized_loo_fragility,{},1919,90,45,5.250191775024232e-05,0.2182067103757278,0.1003574317216869,0.2136050503935492,0.347900760227835,8,13,1.625,1.8257418583505536,14.0,"{""T1036 - Defense Evasion: Masquerading"": 9, ""T1498.001 - Impact: Direct Network Flood"": 10, ""T1498.002 - Impact: Reflection/Amplification Attack"": 9, ""T1571 - Defense Evasion: Non-Standard Port"": 11, ""T1583.005 - Resource Development: Acquire Botnet"": 8, ""T1584.005 - Resource Development: Build/Compromise Botnet"": 13, ""T1590 - Reconnaissance: Gather Victim Network Information"": 8, ""T1595 - Reconnaissance: Active Scanning"": 9, ""TA0011 - Command-and-Control"": 13}",20198090,45
stochastic_normalized_fragility,stochastic_normalized_loo_fragility,{},1919,180,135,1.901433355370062e-05,0.2212105900415384,0.1041424183429594,0.216749475616088,0.3506412916571965,12,25,2.0833333333333335,4.242640687119285,32.0,"{""T1036 - Defense Evasion: Masquerading"": 15, ""T1498.001 - Impact: Direct Network Flood"": 23, ""T1498.002 - Impact: Reflection/Amplification Attack"": 20, ""T1571 - Defense Evasion: Non-Standard Port"": 25, ""T1583.005 - Resource Development: Acquire Botnet"": 17, ""T1584.005 - Resource Development: Build/Compromise Botnet"": 21, ""T1590 - Reconnaissance: Gather Victim Network Information"": 12, ""T1595 - Reconnaissance: Active Scanning"": 22, ""TA0011 - Command-and-Control"": 25}",20198180,135
stochastic_normalized_fragility,stochastic_normalized_loo_fragility,{},1919,360,315,1.545666400600135e-05,0.2227649847582381,0.1047808806024164,0.218539471836775,0.3495401041601074,34,47,1.3823529411764706,3.651483716701107,24.0,"{""T1036 - Defense Evasion: Masquerading"": 38, ""T1498.001 - Impact: Direct Network Flood"": 38, ""T1498.002 - Impact: Reflection/Amplification Attack"": 40, ""T1571 - Defense Evasion: Non-Standard Port"": 39, ""T1583.005 - Resource Development: Acquire Botnet"": 39, ""T1584.005 - Resource Development: Build/Compromise Botnet"": 40, ""T1590 - Reconnaissance: Gather Victim Network Information"": 34, ""T1595 - Reconnaissance: Active Scanning"": 47, ""TA0011 - Command-and-Control"": 45}",20198360,315
stochastic_normalized_fragility,stochastic_normalized_loo_fragility,{},1919,720,675,1.1153030563226385e-05,0.2230853076077197,0.1048897611334548,0.2193231871849192,0.3533533148020623,69,87,1.2608695652173914,6.69991708074726,52.0,"{""T1036 - Defense Evasion: Masquerading"": 75, ""T1498.001 - Impact: Direct Network Flood"": 70, ""T1498.002 - Impact: Reflection/Amplification Attack"": 81, ""T1571 - Defense Evasion: Non-Standard Port"": 83, ""T1583.005 - Resource Development: Acquire Botnet"": 87, ""T1584.005 - Resource Development: Build/Compromise Botnet"": 69, ""T1590 - Reconnaissance: Gather Victim Network Information"": 81, ""T1595 - Reconnaissance: Active Scanning"": 87, ""TA0011 - Command-and-Control"": 87}",20198720,675
stochastic_normalized_fragility,stochastic_normalized_loo_fragility,{},1919,1200,1155,5.001168355838291e-06,0.2243306561112869,0.1052507204384238,0.2199545716794276,0.3571639128502798,126,155,1.2301587301587302,9.030811456096044,60.0,"{""T1036 - Defense Evasion: Masquerading"": 127, ""T1498.001 - Impact: Direct Network Flood"": 127, ""T1498.002 - Impact: Reflection/Amplification Attack"": 132, ""T1571 - Defense Evasion: Non-Standard Port"": 131, ""T1583.005 - Resource Development: Acquire Botnet"": 155, ""T1584.005 - Resource Development: Build/Compromise Botnet"": 126, ""T1590 - Reconnaissance: Gather Victim Network Information"": 129, ""T1595 - Reconnaissance: Active Scanning"": 143, ""TA0011 - Command-and-Control"": 130}",20199200,1155
stochastic_normalized_fragility,stochastic_normalized_loo_fragility,{},1919,1798,1753,0.0,0.2247048444891971,0.1028201317008315,0.2198713871259355,0.3602157968474639,199,200,1.0050251256281406,0.415739709641549,0.0,"{""T1036 - Defense Evasion: Masquerading"": 200, ""T1498.001 - Impact: Direct Network Flood"": 200, ""T1498.002 - Impact: Reflection/Amplification Attack"": 200, ""T1571 - Defense Evasion: Non-Standard Port"": 200, ""T1583.005 - Resource Development: Acquire Botnet"": 200, ""T1584.005 - Resource Development: Build/Compromise Botnet"": 199, ""T1590 - Reconnaissance: Gather Victim Network Information"": 199, ""T1595 - Reconnaissance: Active Scanning"": 200, ""TA0011 - Command-and-Control"": 200}",20199798,1753
uniform_step_balanced,uniform_step_balanced,{},1919,45,0,2.697334387694878e-06,0.2248927320370351,0.1048817536862471,0.2199206215982018,0.3605025327047978,5,5,1.0,0.0,0.0,"{""T1036 - Defense Evasion: Masquerading"": 5, ""T1498.001 - Impact: Direct Network Flood"": 5, ""T1498.002 - Impact: Reflection/Amplification Attack"": 5, ""T1571 - Defense Evasion: Non-Standard Port"": 5, ""T1583.005 - Resource Development: Acquire Botnet"": 5, ""T1584.005 - Resource Development: Build/Compromise Botnet"": 5, ""T1590 - Reconnaissance: Gather Victim Network Information"": 5, ""T1595 - Reconnaissance: Active Scanning"": 5, ""TA0011 - Command-and-Control"": 5}",20198045,0
uniform_step_balanced,uniform_step_balanced,{},1919,90,45,3.240931873341765e-05,0.2198583918386879,0.1016244912585103,0.2156014803497137,0.3500559263812304,10,10,1.0,0.0,0.0,"{""T1036 - Defense Evasion: Masquerading"": 10, ""T1498.001 - Impact: Direct Network Flood"": 10, ""T1498.002 - Impact: Reflection/Amplification Attack"": 10, ""T1571 - Defense Evasion: Non-Standard Port"": 10, ""T1583.005 - Resource Development: Acquire Botnet"": 10, ""T1584.005 - Resource Development: Build/Compromise Botnet"": 10, ""T1590 - Reconnaissance: Gather Victim Network Information"": 10, ""T1595 - Reconnaissance: Active Scanning"": 10, ""TA0011 - Command-and-Control"": 10}",20198090,45
uniform_step_balanced,uniform_step_balanced,{},1919,180,135,1.7804723076266378e-05,0.2213927284953519,0.1040778219740505,0.2171475541916163,0.3536254931630253,20,20,1.0,0.0,0.0,"{""T1036 - Defense Evasion: Masquerading"": 20, ""T1498.001 - Impact: Direct Network Flood"": 20, ""T1498.002 - Impact: Reflection/Amplification Attack"": 20, ""T1571 - Defense Evasion: Non-Standard Port"": 20, ""T1583.005 - Resource Development: Acquire Botnet"": 20, ""T1584.005 - Resource Development: Build/Compromise Botnet"": 20, ""T1590 - Reconnaissance: Gather Victim Network Information"": 20, ""T1595 - Reconnaissance: Active Scanning"": 20, ""TA0011 - Command-and-Control"": 20}",20198180,135
uniform_step_balanced,uniform_step_balanced,{},1919,360,315,8.77582188197071e-06,0.2230151551967713,0.1044593975540966,0.2183843177639646,0.3544147307871357,40,40,1.0,0.0,0.0,"{""T1036 - Defense Evasion: Masquerading"": 40, ""T1498.001 - Impact: Direct Network Flood"": 40, ""T1498.002 - Impact: Reflection/Amplification Attack"": 40, ""T1571 - Defense Evasion: Non-Standard Port"": 40, ""T1583.005 - Resource Development: Acquire Botnet"": 40, ""T1584.005 - Resource Development: Build/Compromise Botnet"": 40, ""T1590 - Reconnaissance: Gather Victim Network Information"": 40, ""T1595 - Reconnaissance: Active Scanning"": 40, ""TA0011 - Command-and-Control"": 40}",20198360,315
uniform_step_balanced,uniform_step_balanced,{},1919,720,675,8.927951285129663e-06,0.2230412422101184,0.1044735765770178,0.2190782575535897,0.3535431267826676,80,80,1.0,0.0,0.0,"{""T1036 - Defense Evasion: Masquerading"": 80, ""T1498.001 - Impact: Direct Network Flood"": 80, ""T1498.002 - Impact: Reflection/Amplification Attack"": 80, ""T1571 - Defense Evasion: Non-Standard Port"": 80, ""T1583.005 - Resource Development: Acquire Botnet"": 80, ""T1584.005 - Resource Development: Build/Compromise Botnet"": 80, ""T1590 - Reconnaissance: Gather Victim Network Information"": 80, ""T1595 - Reconnaissance: Active Scanning"": 80, ""TA0011 - Command-and-Control"": 80}",20198720,675
uniform_step_balanced,uniform_step_balanced,{},1919,1200,1155,4.294182994001978e-06,0.2250817134227908,0.1037453894227767,0.2208190019133785,0.3575956148189859,133,134,1.0075187969924813,0.4714045207910317,0.0,"{""T1036 - Defense Evasion: Masquerading"": 133, ""T1498.001 - Impact: Direct Network Flood"": 134, ""T1498.002 - Impact: Reflection/Amplification Attack"": 133, ""T1571 - Defense Evasion: Non-Standard Port"": 134, ""T1583.005 - Resource Development: Acquire Botnet"": 133, ""T1584.005 - Resource Development: Build/Compromise Botnet"": 134, ""T1590 - Reconnaissance: Gather Victim Network Information"": 133, ""T1595 - Reconnaissance: Active Scanning"": 133, ""TA0011 - Command-and-Control"": 133}",20199200,1155
uniform_step_balanced,uniform_step_balanced,{},1919,1798,1753,0.0,0.2247048444891971,0.1028201317008315,0.2198713871259355,0.3602157968474639,199,200,1.0050251256281406,0.415739709641549,0.0,"{""T1036 - Defense Evasion: Masquerading"": 200, ""T1498.001 - Impact: Direct Network Flood"": 200, ""T1498.002 - Impact: Reflection/Amplification Attack"": 200, ""T1571 - Defense Evasion: Non-Standard Port"": 200, ""T1583.005 - Resource Development: Acquire Botnet"": 200, ""T1584.005 - Resource Development: Build/Compromise Botnet"": 199, ""T1590 - Reconnaissance: Gather Victim Network Information"": 199, ""T1595 - Reconnaissance: Active Scanning"": 200, ""TA0011 - Command-and-Control"": 200}",20199798,1753
stochastic_normalized_fragility,stochastic_normalized_loo_fragility,{},2020,45,0,1.449605836618847e-05,0.225901604465988,0.1046037291028952,0.2229051940256553,0.3559119208321792,5,5,1.0,0.0,0.0,"{""T1036 - Defense Evasion: Masquerading"": 5, ""T1498.001 - Impact: Direct Network Flood"": 5, ""T1498.002 - Impact: Reflection/Amplification Attack"": 5, ""T1571 - Defense Evasion: Non-Standard Port"": 5, ""T1583.005 - Resource Development: Acquire Botnet"": 5, ""T1584.005 - Resource Development: Build/Compromise Botnet"": 5, ""T1590 - Reconnaissance: Gather Victim Network Information"": 5, ""T1595 - Reconnaissance: Active Scanning"": 5, ""TA0011 - Command-and-Control"": 5}",21208045,0
stochastic_normalized_fragility,stochastic_normalized_loo_fragility,{},2020,90,45,2.8225544934245817e-05,0.2203131539571478,0.0925937777071817,0.2175208609211901,0.3510864170752879,5,17,3.4,3.620926830400072,26.0,"{""T1036 - Defense Evasion: Masquerading"": 9, ""T1498.001 - Impact: Direct Network Flood"": 8, ""T1498.002 - Impact: Reflection/Amplification Attack"": 7, ""T1571 - Defense Evasion: Non-Standard Port"": 5, ""T1583.005 - Resource Development: Acquire Botnet"": 17, ""T1584.005 - Resource Development: Build/Compromise Botnet"": 8, ""T1590 - Reconnaissance: Gather Victim Network Information"": 11, ""T1595 - Reconnaissance: Active Scanning"": 10, ""TA0011 - Command-and-Control"": 15}",21208090,45
stochastic_normalized_fragility,stochastic_normalized_loo_fragility,{},2020,180,135,3.0783047918132624e-05,0.2206750770673039,0.1042773097704513,0.2159692757126727,0.3481025970455192,12,31,2.5833333333333335,5.354126134736337,40.0,"{""T1036 - Defense Evasion: Masquerading"": 17, ""T1498.001 - Impact: Direct Network Flood"": 17, ""T1498.002 - Impact: Reflection/Amplification Attack"": 17, ""T1571 - Defense Evasion: Non-Standard Port"": 12, ""T1583.005 - Resource Development: Acquire Botnet"": 24, ""T1584.005 - Resource Development: Build/Compromise Botnet"": 19, ""T1590 - Reconnaissance: Gather Victim Network Information"": 25, ""T1595 - Reconnaissance: Active Scanning"": 18, ""TA0011 - Command-and-Control"": 31}",21208180,135
stochastic_normalized_fragility,stochastic_normalized_loo_fragility,{},2020,360,315,2.1228482615684344e-06,0.2253476664832573,0.1044259690198614,0.2201108589515263,0.361310481097957,33,54,1.6363636363636365,6.497862896539309,46.0,"{""T1036 - Defense Evasion: Masquerading"": 37, ""T1498.001 - Impact: Direct Network Flood"": 36, ""T1498.002 - Impact: Reflection/Amplification Attack"": 40, ""T1571 - Defense Evasion: Non-Standard Port"": 33, ""T1583.005 - Resource Development: Acquire Botnet"": 49, ""T1584.005 - Resource Development: Build/Compromise Botnet"": 36, ""T1590 - Reconnaissance: Gather Victim Network Information"": 38, ""T1595 - Reconnaissance: Active Scanning"": 37, ""TA0011 - Command-and-Control"": 54}",21208360,315
stochastic_normalized_fragility,stochastic_normalized_loo_fragility,{},2020,720,675,3.4302137571180997e-06,0.2250754136325856,0.1048474052424045,0.2204025506682787,0.3622859870798828,69,91,1.318840579710145,7.438637868140466,56.0,"{""T1036 - Defense Evasion: Masquerading"": 80, ""T1498.001 - Impact: Direct Network Flood"": 77, ""T1498.002 - Impact: Reflection/Amplification Attack"": 77, ""T1571 - Defense Evasion: Non-Standard Port"": 69, ""T1583.005 - Resource Development: Acquire Botnet"": 87, ""T1584.005 - Resource Development: Build/Compromise Botnet"": 69, ""T1590 - Reconnaissance: Gather Victim Network Information"": 88, ""T1595 - Reconnaissance: Active Scanning"": 82, ""TA0011 - Command-and-Control"": 91}",21208720,675
stochastic_normalized_fragility,stochastic_normalized_loo_fragility,{},2020,1200,1155,2.821859977516832e-06,0.2254977763599083,0.1056904316323704,0.2203289601368862,0.3644001786481899,113,155,1.3716814159292037,13.449494001221344,96.0,"{""T1036 - Defense Evasion: Masquerading"": 142, ""T1498.001 - Impact: Direct Network Flood"": 136, ""T1498.002 - Impact: Reflection/Amplification Attack"": 128, ""T1571 - Defense Evasion: Non-Standard Port"": 113, ""T1583.005 - Resource Development: Acquire Botnet"": 150, ""T1584.005 - Resource Development: Build/Compromise Botnet"": 115, ""T1590 - Reconnaissance: Gather Victim Network Information"": 129, ""T1595 - Reconnaissance: Active Scanning"": 132, ""TA0011 - Command-and-Control"": 155}",21209200,1155
stochastic_normalized_fragility,stochastic_normalized_loo_fragility,{},2020,1798,1753,0.0,0.2247048444891971,0.1028201317008315,0.2198713871259355,0.3602157968474639,199,200,1.0050251256281406,0.415739709641549,0.0,"{""T1036 - Defense Evasion: Masquerading"": 200, ""T1498.001 - Impact: Direct Network Flood"": 200, ""T1498.002 - Impact: Reflection/Amplification Attack"": 200, ""T1571 - Defense Evasion: Non-Standard Port"": 200, ""T1583.005 - Resource Development: Acquire Botnet"": 200, ""T1584.005 - Resource Development: Build/Compromise Botnet"": 199, ""T1590 - Reconnaissance: Gather Victim Network Information"": 199, ""T1595 - Reconnaissance: Active Scanning"": 200, ""TA0011 - Command-and-Control"": 200}",21209798,1753
uniform_step_balanced,uniform_step_balanced,{},2020,45,0,1.449605836618847e-05,0.225901604465988,0.1046037291028952,0.2229051940256553,0.3559119208321792,5,5,1.0,0.0,0.0,"{""T1036 - Defense Evasion: Masquerading"": 5, ""T1498.001 - Impact: Direct Network Flood"": 5, ""T1498.002 - Impact: Reflection/Amplification Attack"": 5, ""T1571 - Defense Evasion: Non-Standard Port"": 5, ""T1583.005 - Resource Development: Acquire Botnet"": 5, ""T1584.005 - Resource Development: Build/Compromise Botnet"": 5, ""T1590 - Reconnaissance: Gather Victim Network Information"": 5, ""T1595 - Reconnaissance: Active Scanning"": 5, ""TA0011 - Command-and-Control"": 5}",21208045,0
uniform_step_balanced,uniform_step_balanced,{},2020,90,45,1.2697206273603632e-05,0.2218905262280752,0.0976720902020446,0.217019069506765,0.3604791352087208,10,10,1.0,0.0,0.0,"{""T1036 - Defense Evasion: Masquerading"": 10, ""T1498.001 - Impact: Direct Network Flood"": 10, ""T1498.002 - Impact: Reflection/Amplification Attack"": 10, ""T1571 - Defense Evasion: Non-Standard Port"": 10, ""T1583.005 - Resource Development: Acquire Botnet"": 10, ""T1584.005 - Resource Development: Build/Compromise Botnet"": 10, ""T1590 - Reconnaissance: Gather Victim Network Information"": 10, ""T1595 - Reconnaissance: Active Scanning"": 10, ""TA0011 - Command-and-Control"": 10}",21208090,45
uniform_step_balanced,uniform_step_balanced,{},2020,180,135,4.959311288367636e-06,0.2236098934877779,0.1045904869035371,0.2183183171043439,0.3603719505894316,20,20,1.0,0.0,0.0,"{""T1036 - Defense Evasion: Masquerading"": 20, ""T1498.001 - Impact: Direct Network Flood"": 20, ""T1498.002 - Impact: Reflection/Amplification Attack"": 20, ""T1571 - Defense Evasion: Non-Standard Port"": 20, ""T1583.005 - Resource Development: Acquire Botnet"": 20, ""T1584.005 - Resource Development: Build/Compromise Botnet"": 20, ""T1590 - Reconnaissance: Gather Victim Network Information"": 20, ""T1595 - Reconnaissance: Active Scanning"": 20, ""TA0011 - Command-and-Control"": 20}",21208180,135
uniform_step_balanced,uniform_step_balanced,{},2020,360,315,4.4637719589963e-06,0.2245878718911375,0.1059258999431563,0.2196951812057048,0.3587934882968023,40,40,1.0,0.0,0.0,"{""T1036 - Defense Evasion: Masquerading"": 40, ""T1498.001 - Impact: Direct Network Flood"": 40, ""T1498.002 - Impact: Reflection/Amplification Attack"": 40, ""T1571 - Defense Evasion: Non-Standard Port"": 40, ""T1583.005 - Resource Development: Acquire Botnet"": 40, ""T1584.005 - Resource Development: Build/Compromise Botnet"": 40, ""T1590 - Reconnaissance: Gather Victim Network Information"": 40, ""T1595 - Reconnaissance: Active Scanning"": 40, ""TA0011 - Command-and-Control"": 40}",21208360,315
uniform_step_balanced,uniform_step_balanced,{},2020,720,675,2.729198845133675e-06,0.2258443447982042,0.1046214215200741,0.2210839701816995,0.3627546183322687,80,80,1.0,0.0,0.0,"{""T1036 - Defense Evasion: Masquerading"": 80, ""T1498.001 - Impact: Direct Network Flood"": 80, ""T1498.002 - Impact: Reflection/Amplification Attack"": 80, ""T1571 - Defense Evasion: Non-Standard Port"": 80, ""T1583.005 - Resource Development: Acquire Botnet"": 80, ""T1584.005 - Resource Development: Build/Compromise Botnet"": 80, ""T1590 - Reconnaissance: Gather Victim Network Information"": 80, ""T1595 - Reconnaissance: Active Scanning"": 80, ""TA0011 - Command-and-Control"": 80}",21208720,675
uniform_step_balanced,uniform_step_balanced,{},2020,1200,1155,1.6907242414772411e-06,0.2256944104151752,0.1046729089866704,0.2207738908836033,0.3617294902966922,133,134,1.0075187969924813,0.4714045207910317,0.0,"{""T1036 - Defense Evasion: Masquerading"": 134, ""T1498.001 - Impact: Direct Network Flood"": 133, ""T1498.002 - Impact: Reflection/Amplification Attack"": 133, ""T1571 - Defense Evasion: Non-Standard Port"": 134, ""T1583.005 - Resource Development: Acquire Botnet"": 133, ""T1584.005 - Resource Development: Build/Compromise Botnet"": 133, ""T1590 - Reconnaissance: Gather Victim Network Information"": 133, ""T1595 - Reconnaissance: Active Scanning"": 134, ""TA0011 - Command-and-Control"": 133}",21209200,1155
uniform_step_balanced,uniform_step_balanced,{},2020,1798,1753,0.0,0.2247048444891971,0.1028201317008315,0.2198713871259355,0.3602157968474639,199,200,1.0050251256281406,0.415739709641549,0.0,"{""T1036 - Defense Evasion: Masquerading"": 200, ""T1498.001 - Impact: Direct Network Flood"": 200, ""T1498.002 - Impact: Reflection/Amplification Attack"": 200, ""T1571 - Defense Evasion: Non-Standard Port"": 200, ""T1583.005 - Resource Development: Acquire Botnet"": 200, ""T1584.005 - Resource Development: Build/Compromise Botnet"": 199, ""T1590 - Reconnaissance: Gather Victim Network Information"": 199, ""T1595 - Reconnaissance: Active Scanning"": 200, ""TA0011 - Command-and-Control"": 200}",21209798,1753
stochastic_normalized_fragility,stochastic_normalized_loo_fragility,{},2121,45,0,5.541974829814878e-05,0.2312852717538947,0.104799261372179,0.2285902827952774,0.3646306372970651,5,5,1.0,0.0,0.0,"{""T1036 - Defense Evasion: Masquerading"": 5, ""T1498.001 - Impact: Direct Network Flood"": 5, ""T1498.002 - Impact: Reflection/Amplification Attack"": 5, ""T1571 - Defense Evasion: Non-Standard Port"": 5, ""T1583.005 - Resource Development: Acquire Botnet"": 5, ""T1584.005 - Resource Development: Build/Compromise Botnet"": 5, ""T1590 - Reconnaissance: Gather Victim Network Information"": 5, ""T1595 - Reconnaissance: Active Scanning"": 5, ""TA0011 - Command-and-Control"": 5}",22218045,0
stochastic_normalized_fragility,stochastic_normalized_loo_fragility,{},2121,90,45,5.0818244012558254e-05,0.2305567675248143,0.1137391218826203,0.2266474172234397,0.3572858935526015,5,17,3.4,3.265986323710904,24.0,"{""T1036 - Defense Evasion: Masquerading"": 8, ""T1498.001 - Impact: Direct Network Flood"": 11, ""T1498.002 - Impact: Reflection/Amplification Attack"": 5, ""T1571 - Defense Evasion: Non-Standard Port"": 8, ""T1583.005 - Resource Development: Acquire Botnet"": 8, ""T1584.005 - Resource Development: Build/Compromise Botnet"": 17, ""T1590 - Reconnaissance: Gather Victim Network Information"": 12, ""T1595 - Reconnaissance: Active Scanning"": 12, ""TA0011 - Command-and-Control"": 9}",22218090,45
stochastic_normalized_fragility,stochastic_normalized_loo_fragility,{},2121,180,135,4.406028606633455e-05,0.2306252130749993,0.110481695705212,0.2256580328261936,0.3660818284954927,15,25,1.6666666666666667,3.858612300930075,30.0,"{""T1036 - Defense Evasion: Masquerading"": 15, ""T1498.001 - Impact: Direct Network Flood"": 24, ""T1498.002 - Impact: Reflection/Amplification Attack"": 15, ""T1571 - Defense Evasion: Non-Standard Port"": 15, ""T1583.005 - Resource Development: Acquire Botnet"": 21, ""T1584.005 - Resource Development: Build/Compromise Botnet"": 25, ""T1590 - Reconnaissance: Gather Victim Network Information"": 21, ""T1595 - Reconnaissance: Active Scanning"": 24, ""TA0011 - Command-and-Control"": 20}",22218180,135
stochastic_normalized_fragility,stochastic_normalized_loo_fragility,{},2121,360,315,1.799271648047598e-05,0.2286492075082196,0.1042383197294365,0.2246038999507986,0.3616546583344414,30,48,1.6,5.696002496878354,44.0,"{""T1036 - Defense Evasion: Masquerading"": 43, ""T1498.001 - Impact: Direct Network Flood"": 41, ""T1498.002 - Impact: Reflection/Amplification Attack"": 34, ""T1571 - Defense Evasion: Non-Standard Port"": 30, ""T1583.005 - Resource Development: Acquire Botnet"": 46, ""T1584.005 - Resource Development: Build/Compromise Botnet"": 41, ""T1590 - Reconnaissance: Gather Victim Network Information"": 34, ""T1595 - Reconnaissance: Active Scanning"": 48, ""TA0011 - Command-and-Control"": 43}",22218360,315
stochastic_normalized_fragility,stochastic_normalized_loo_fragility,{},2121,720,675,2.6467199845611645e-06,0.2258383748933072,0.1045689794082654,0.2211763879567226,0.3600738237152135,63,96,1.5238095238095235,10.728984626287389,78.0,"{""T1036 - Defense Evasion: Masquerading"": 96, ""T1498.001 - Impact: Direct Network Flood"": 74, ""T1498.002 - Impact: Reflection/Amplification Attack"": 81, ""T1571 - Defense Evasion: Non-Standard Port"": 64, ""T1583.005 - Resource Development: Acquire Botnet"": 92, ""T1584.005 - Resource Development: Build/Compromise Botnet"": 87, ""T1590 - Reconnaissance: Gather Victim Network Information"": 63, ""T1595 - Reconnaissance: Active Scanning"": 82, ""TA0011 - Command-and-Control"": 81}",22218720,675
stochastic_normalized_fragility,stochastic_normalized_loo_fragility,{},2121,1200,1155,3.370742141326302e-06,0.2243925086412704,0.1017015834067197,0.2193872358212256,0.3642545941649974,110,148,1.3454545454545457,13.123346456686352,102.0,"{""T1036 - Defense Evasion: Masquerading"": 144, ""T1498.001 - Impact: Direct Network Flood"": 123, ""T1498.002 - Impact: Reflection/Amplification Attack"": 132, ""T1571 - Defense Evasion: Non-Standard Port"": 110, ""T1583.005 - Resource Development: Acquire Botnet"": 146, ""T1584.005 - Resource Development: Build/Compromise Botnet"": 142, ""T1590 - Reconnaissance: Gather Victim Network Information"": 116, ""T1595 - Reconnaissance: Active Scanning"": 139, ""TA0011 - Command-and-Control"": 148}",22219200,1155
stochastic_normalized_fragility,stochastic_normalized_loo_fragility,{},2121,1798,1753,0.0,0.2247048444891971,0.1028201317008315,0.2198713871259355,0.3602157968474639,199,200,1.0050251256281406,0.415739709641549,0.0,"{""T1036 - Defense Evasion: Masquerading"": 200, ""T1498.001 - Impact: Direct Network Flood"": 200, ""T1498.002 - Impact: Reflection/Amplification Attack"": 200, ""T1571 - Defense Evasion: Non-Standard Port"": 200, ""T1583.005 - Resource Development: Acquire Botnet"": 200, ""T1584.005 - Resource Development: Build/Compromise Botnet"": 199, ""T1590 - Reconnaissance: Gather Victim Network Information"": 199, ""T1595 - Reconnaissance: Active Scanning"": 200, ""TA0011 - Command-and-Control"": 200}",22219798,1753
uniform_step_balanced,uniform_step_balanced,{},2121,45,0,5.541974829814878e-05,0.2312852717538947,0.104799261372179,0.2285902827952774,0.3646306372970651,5,5,1.0,0.0,0.0,"{""T1036 - Defense Evasion: Masquerading"": 5, ""T1498.001 - Impact: Direct Network Flood"": 5, ""T1498.002 - Impact: Reflection/Amplification Attack"": 5, ""T1571 - Defense Evasion: Non-Standard Port"": 5, ""T1583.005 - Resource Development: Acquire Botnet"": 5, ""T1584.005 - Resource Development: Build/Compromise Botnet"": 5, ""T1590 - Reconnaissance: Gather Victim Network Information"": 5, ""T1595 - Reconnaissance: Active Scanning"": 5, ""TA0011 - Command-and-Control"": 5}",22218045,0
uniform_step_balanced,uniform_step_balanced,{},2121,90,45,6.786466564438413e-05,0.2326430589026365,0.1127357755600247,0.227176668970756,0.3704341341777774,10,10,1.0,0.0,0.0,"{""T1036 - Defense Evasion: Masquerading"": 10, ""T1498.001 - Impact: Direct Network Flood"": 10, ""T1498.002 - Impact: Reflection/Amplification Attack"": 10, ""T1571 - Defense Evasion: Non-Standard Port"": 10, ""T1583.005 - Resource Development: Acquire Botnet"": 10, ""T1584.005 - Resource Development: Build/Compromise Botnet"": 10, ""T1590 - Reconnaissance: Gather Victim Network Information"": 10, ""T1595 - Reconnaissance: Active Scanning"": 10, ""TA0011 - Command-and-Control"": 10}",22218090,45
uniform_step_balanced,uniform_step_balanced,{},2121,180,135,2.0027658432211236e-05,0.2287438357525032,0.1075566537164073,0.2238679852690774,0.3658380303924765,20,20,1.0,0.0,0.0,"{""T1036 - Defense Evasion: Masquerading"": 20, ""T1498.001 - Impact: Direct Network Flood"": 20, ""T1498.002 - Impact: Reflection/Amplification Attack"": 20, ""T1571 - Defense Evasion: Non-Standard Port"": 20, ""T1583.005 - Resource Development: Acquire Botnet"": 20, ""T1584.005 - Resource Development: Build/Compromise Botnet"": 20, ""T1590 - Reconnaissance: Gather Victim Network Information"": 20, ""T1595 - Reconnaissance: Active Scanning"": 20, ""TA0011 - Command-and-Control"": 20}",22218180,135
uniform_step_balanced,uniform_step_balanced,{},2121,360,315,6.418394435379639e-06,0.2268085616788256,0.103486604121471,0.2223370231208034,0.3635990260055553,40,40,1.0,0.0,0.0,"{""T1036 - Defense Evasion: Masquerading"": 40, ""T1498.001 - Impact: Direct Network Flood"": 40, ""T1498.002 - Impact: Reflection/Amplification Attack"": 40, ""T1571 - Defense Evasion: Non-Standard Port"": 40, ""T1583.005 - Resource Development: Acquire Botnet"": 40, ""T1584.005 - Resource Development: Build/Compromise Botnet"": 40, ""T1590 - Reconnaissance: Gather Victim Network Information"": 40, ""T1595 - Reconnaissance: Active Scanning"": 40, ""TA0011 - Command-and-Control"": 40}",22218360,315
uniform_step_balanced,uniform_step_balanced,{},2121,720,675,3.3377074195904524e-06,0.2261354262500307,0.1045552787186343,0.221016118830488,0.3634598127567165,80,80,1.0,0.0,0.0,"{""T1036 - Defense Evasion: Masquerading"": 80, ""T1498.001 - Impact: Direct Network Flood"": 80, ""T1498.002 - Impact: Reflection/Amplification Attack"": 80, ""T1571 - Defense Evasion: Non-Standard Port"": 80, ""T1583.005 - Resource Development: Acquire Botnet"": 80, ""T1584.005 - Resource Development: Build/Compromise Botnet"": 80, ""T1590 - Reconnaissance: Gather Victim Network Information"": 80, ""T1595 - Reconnaissance: Active Scanning"": 80, ""TA0011 - Command-and-Control"": 80}",22218720,675
uniform_step_balanced,uniform_step_balanced,{},2121,1200,1155,1.2924395934496056e-06,0.2246613597195177,0.1020594747562817,0.2201387410734065,0.3613293593621735,133,134,1.0075187969924813,0.4714045207910317,0.0,"{""T1036 - Defense Evasion: Masquerading"": 134, ""T1498.001 - Impact: Direct Network Flood"": 133, ""T1498.002 - Impact: Reflection/Amplification Attack"": 133, ""T1571 - Defense Evasion: Non-Standard Port"": 133, ""T1583.005 - Resource Development: Acquire Botnet"": 133, ""T1584.005 - Resource Development: Build/Compromise Botnet"": 134, ""T1590 - Reconnaissance: Gather Victim Network Information"": 133, ""T1595 - Reconnaissance: Active Scanning"": 133, ""TA0011 - Command-and-Control"": 134}",22219200,1155
uniform_step_balanced,uniform_step_balanced,{},2121,1798,1753,0.0,0.2247048444891971,0.1028201317008315,0.2198713871259355,0.3602157968474639,199,200,1.0050251256281406,0.415739709641549,0.0,"{""T1036 - Defense Evasion: Masquerading"": 200, ""T1498.001 - Impact: Direct Network Flood"": 200, ""T1498.002 - Impact: Reflection/Amplification Attack"": 200, ""T1571 - Defense Evasion: Non-Standard Port"": 200, ""T1583.005 - Resource Development: Acquire Botnet"": 200, ""T1584.005 - Resource Development: Build/Compromise Botnet"": 199, ""T1590 - Reconnaissance: Gather Victim Network Information"": 199, ""T1595 - Reconnaissance: Active Scanning"": 200, ""TA0011 - Command-and-Control"": 200}",22219798,1753
stochastic_normalized_fragility,stochastic_normalized_loo_fragility,{},2222,45,0,1.6463734425435026e-05,0.2216563050776247,0.100379653130145,0.2181701251995945,0.353011038373082,5,5,1.0,0.0,0.0,"{""T1036 - Defense Evasion: Masquerading"": 5, ""T1498.001 - Impact: Direct Network Flood"": 5, ""T1498.002 - Impact: Reflection/Amplification Attack"": 5, ""T1571 - Defense Evasion: Non-Standard Port"": 5, ""T1583.005 - Resource Development: Acquire Botnet"": 5, ""T1584.005 - Resource Development: Build/Compromise Botnet"": 5, ""T1590 - Reconnaissance: Gather Victim Network Information"": 5, ""T1595 - Reconnaissance: Active Scanning"": 5, ""TA0011 - Command-and-Control"": 5}",23228045,0
stochastic_normalized_fragility,stochastic_normalized_loo_fragility,{},2222,90,45,2.993797974695748e-05,0.2220316862557081,0.1080866667102307,0.2174790893369566,0.3500293401447856,7,15,2.142857142857143,2.160246899469287,14.0,"{""T1036 - Defense Evasion: Masquerading"": 9, ""T1498.001 - Impact: Direct Network Flood"": 9, ""T1498.002 - Impact: Reflection/Amplification Attack"": 9, ""T1571 - Defense Evasion: Non-Standard Port"": 10, ""T1583.005 - Resource Development: Acquire Botnet"": 7, ""T1584.005 - Resource Development: Build/Compromise Botnet"": 15, ""T1590 - Reconnaissance: Gather Victim Network Information"": 9, ""T1595 - Reconnaissance: Active Scanning"": 10, ""TA0011 - Command-and-Control"": 12}",23228090,45
stochastic_normalized_fragility,stochastic_normalized_loo_fragility,{},2222,180,135,3.909541432291009e-06,0.223382854563548,0.1044714886202235,0.2188506405606256,0.3567363241257,14,24,1.7142857142857142,3.265986323710904,24.0,"{""T1036 - Defense Evasion: Masquerading"": 20, ""T1498.001 - Impact: Direct Network Flood"": 19, ""T1498.002 - Impact: Reflection/Amplification Attack"": 24, ""T1571 - Defense Evasion: Non-Standard Port"": 21, ""T1583.005 - Resource Development: Acquire Botnet"": 14, ""T1584.005 - Resource Development: Build/Compromise Botnet"": 23, ""T1590 - Reconnaissance: Gather Victim Network Information"": 22, ""T1595 - Reconnaissance: Active Scanning"": 15, ""TA0011 - Command-and-Control"": 22}",23228180,135
stochastic_normalized_fragility,stochastic_normalized_loo_fragility,{},2222,360,315,4.1862936048052125e-06,0.225258783841341,0.1042928427295588,0.2204201469003619,0.3587743521307814,31,52,1.6774193548387095,5.312459150169742,32.0,"{""T1036 - Defense Evasion: Masquerading"": 39, ""T1498.001 - Impact: Direct Network Flood"": 37, ""T1498.002 - Impact: Reflection/Amplification Attack"": 40, ""T1571 - Defense Evasion: Non-Standard Port"": 52, ""T1583.005 - Resource Development: Acquire Botnet"": 44, ""T1584.005 - Resource Development: Build/Compromise Botnet"": 39, ""T1590 - Reconnaissance: Gather Victim Network Information"": 39, ""T1595 - Reconnaissance: Active Scanning"": 31, ""TA0011 - Command-and-Control"": 39}",23228360,315
stochastic_normalized_fragility,stochastic_normalized_loo_fragility,{},2222,720,675,5.416865925734592e-06,0.2258192134126652,0.1020580942329892,0.2209482366080736,0.3639925531398962,69,100,1.4492753623188406,8.602325267042627,58.0,"{""T1036 - Defense Evasion: Masquerading"": 87, ""T1498.001 - Impact: Direct Network Flood"": 69, ""T1498.002 - Impact: Reflection/Amplification Attack"": 75, ""T1571 - Defense Evasion: Non-Standard Port"": 100, ""T1583.005 - Resource Development: Acquire Botnet"": 77, ""T1584.005 - Resource Development: Build/Compromise Botnet"": 77, ""T1590 - Reconnaissance: Gather Victim Network Information"": 80, ""T1595 - Reconnaissance: Active Scanning"": 73, ""TA0011 - Command-and-Control"": 82}",23228720,675
stochastic_normalized_fragility,stochastic_normalized_loo_fragility,{},2222,1200,1155,1.4568725510121871e-06,0.2244148328932397,0.1026344813358766,0.2203093968946737,0.3575885534895408,115,147,1.2782608695652171,10.36018017861337,76.0,"{""T1036 - Defense Evasion: Masquerading"": 139, ""T1498.001 - Impact: Direct Network Flood"": 115, ""T1498.002 - Impact: Reflection/Amplification Attack"": 124, ""T1571 - Defense Evasion: Non-Standard Port"": 145, ""T1583.005 - Resource Development: Acquire Botnet"": 134, ""T1584.005 - Resource Development: Build/Compromise Botnet"": 122, ""T1590 - Reconnaissance: Gather Victim Network Information"": 141, ""T1595 - Reconnaissance: Active Scanning"": 133, ""TA0011 - Command-and-Control"": 147}",23229200,1155
stochastic_normalized_fragility,stochastic_normalized_loo_fragility,{},2222,1798,1753,0.0,0.2247048444891971,0.1028201317008315,0.2198713871259355,0.3602157968474639,199,200,1.0050251256281406,0.415739709641549,0.0,"{""T1036 - Defense Evasion: Masquerading"": 200, ""T1498.001 - Impact: Direct Network Flood"": 200, ""T1498.002 - Impact: Reflection/Amplification Attack"": 200, ""T1571 - Defense Evasion: Non-Standard Port"": 200, ""T1583.005 - Resource Development: Acquire Botnet"": 200, ""T1584.005 - Resource Development: Build/Compromise Botnet"": 199, ""T1590 - Reconnaissance: Gather Victim Network Information"": 199, ""T1595 - Reconnaissance: Active Scanning"": 200, ""TA0011 - Command-and-Control"": 200}",23229798,1753
uniform_step_balanced,uniform_step_balanced,{},2222,45,0,1.6463734425435026e-05,0.2216563050776247,0.100379653130145,0.2181701251995945,0.353011038373082,5,5,1.0,0.0,0.0,"{""T1036 - Defense Evasion: Masquerading"": 5, ""T1498.001 - Impact: Direct Network Flood"": 5, ""T1498.002 - Impact: Reflection/Amplification Attack"": 5, ""T1571 - Defense Evasion: Non-Standard Port"": 5, ""T1583.005 - Resource Development: Acquire Botnet"": 5, ""T1584.005 - Resource Development: Build/Compromise Botnet"": 5, ""T1590 - Reconnaissance: Gather Victim Network Information"": 5, ""T1595 - Reconnaissance: Active Scanning"": 5, ""TA0011 - Command-and-Control"": 5}",23228045,0
uniform_step_balanced,uniform_step_balanced,{},2222,90,45,1.8698546346331623e-05,0.2222196927229002,0.1056543415879503,0.2179256368271446,0.3518984524838181,10,10,1.0,0.0,0.0,"{""T1036 - Defense Evasion: Masquerading"": 10, ""T1498.001 - Impact: Direct Network Flood"": 10, ""T1498.002 - Impact: Reflection/Amplification Attack"": 10, ""T1571 - Defense Evasion: Non-Standard Port"": 10, ""T1583.005 - Resource Development: Acquire Botnet"": 10, ""T1584.005 - Resource Development: Build/Compromise Botnet"": 10, ""T1590 - Reconnaissance: Gather Victim Network Information"": 10, ""T1595 - Reconnaissance: Active Scanning"": 10, ""TA0011 - Command-and-Control"": 10}",23228090,45
uniform_step_balanced,uniform_step_balanced,{},2222,180,135,5.019976212533936e-06,0.2229300849842979,0.1032679227493067,0.2177032496172616,0.3563896109307551,20,20,1.0,0.0,0.0,"{""T1036 - Defense Evasion: Masquerading"": 20, ""T1498.001 - Impact: Direct Network Flood"": 20, ""T1498.002 - Impact: Reflection/Amplification Attack"": 20, ""T1571 - Defense Evasion: Non-Standard Port"": 20, ""T1583.005 - Resource Development: Acquire Botnet"": 20, ""T1584.005 - Resource Development: Build/Compromise Botnet"": 20, ""T1590 - Reconnaissance: Gather Victim Network Information"": 20, ""T1595 - Reconnaissance: Active Scanning"": 20, ""TA0011 - Command-and-Control"": 20}",23228180,135
uniform_step_balanced,uniform_step_balanced,{},2222,360,315,2.0994411284476098e-06,0.2254915642164114,0.105550684618579,0.2204823453667748,0.3623984683176122,40,40,1.0,0.0,0.0,"{""T1036 - Defense Evasion: Masquerading"": 40, ""T1498.001 - Impact: Direct Network Flood"": 40, ""T1498.002 - Impact: Reflection/Amplification Attack"": 40, ""T1571 - Defense Evasion: Non-Standard Port"": 40, ""T1583.005 - Resource Development: Acquire Botnet"": 40, ""T1584.005 - Resource Development: Build/Compromise Botnet"": 40, ""T1590 - Reconnaissance: Gather Victim Network Information"": 40, ""T1595 - Reconnaissance: Active Scanning"": 40, ""TA0011 - Command-and-Control"": 40}",23228360,315
uniform_step_balanced,uniform_step_balanced,{},2222,720,675,2.1264885830986087e-06,0.2256784270684601,0.1038357879295668,0.2202336847278859,0.3622231934710799,80,80,1.0,0.0,0.0,"{""T1036 - Defense Evasion: Masquerading"": 80, ""T1498.001 - Impact: Direct Network Flood"": 80, ""T1498.002 - Impact: Reflection/Amplification Attack"": 80, ""T1571 - Defense Evasion: Non-Standard Port"": 80, ""T1583.005 - Resource Development: Acquire Botnet"": 80, ""T1584.005 - Resource Development: Build/Compromise Botnet"": 80, ""T1590 - Reconnaissance: Gather Victim Network Information"": 80, ""T1595 - Reconnaissance: Active Scanning"": 80, ""TA0011 - Command-and-Control"": 80}",23228720,675
uniform_step_balanced,uniform_step_balanced,{},2222,1200,1155,3.75216015452909e-06,0.2244462111933576,0.1034166863695344,0.2200904289090254,0.3601670001483313,133,134,1.0075187969924813,0.4714045207910317,0.0,"{""T1036 - Defense Evasion: Masquerading"": 133, ""T1498.001 - Impact: Direct Network Flood"": 134, ""T1498.002 - Impact: Reflection/Amplification Attack"": 133, ""T1571 - Defense Evasion: Non-Standard Port"": 134, ""T1583.005 - Resource Development: Acquire Botnet"": 133, ""T1584.005 - Resource Development: Build/Compromise Botnet"": 133, ""T1590 - Reconnaissance: Gather Victim Network Information"": 134, ""T1595 - Reconnaissance: Active Scanning"": 133, ""TA0011 - Command-and-Control"": 133}",23229200,1155
uniform_step_balanced,uniform_step_balanced,{},2222,1798,1753,0.0,0.2247048444891971,0.1028201317008315,0.2198713871259355,0.3602157968474639,199,200,1.0050251256281406,0.415739709641549,0.0,"{""T1036 - Defense Evasion: Masquerading"": 200, ""T1498.001 - Impact: Direct Network Flood"": 200, ""T1498.002 - Impact: Reflection/Amplification Attack"": 200, ""T1571 - Defense Evasion: Non-Standard Port"": 200, ""T1583.005 - Resource Development: Acquire Botnet"": 200, ""T1584.005 - Resource Development: Build/Compromise Botnet"": 199, ""T1590 - Reconnaissance: Gather Victim Network Information"": 199, ""T1595 - Reconnaissance: Active Scanning"": 200, ""TA0011 - Command-and-Control"": 200}",23229798,1753
stochastic_normalized_fragility,stochastic_normalized_loo_fragility,{},2323,45,0,8.029027671575543e-05,0.2333231368670504,0.1132358623669689,0.2288610397547933,0.3663021726280181,5,5,1.0,0.0,0.0,"{""T1036 - Defense Evasion: Masquerading"": 5, ""T1498.001 - Impact: Direct Network Flood"": 5, ""T1498.002 - Impact: Reflection/Amplification Attack"": 5, ""T1571 - Defense Evasion: Non-Standard Port"": 5, ""T1583.005 - Resource Development: Acquire Botnet"": 5, ""T1584.005 - Resource Development: Build/Compromise Botnet"": 5, ""T1590 - Reconnaissance: Gather Victim Network Information"": 5, ""T1595 - Reconnaissance: Active Scanning"": 5, ""TA0011 - Command-and-Control"": 5}",24238045,0
stochastic_normalized_fragility,stochastic_normalized_loo_fragility,{},2323,90,45,1.763572986292759e-05,0.2256097392560244,0.1127841071274756,0.2203009907650813,0.3554421845411362,8,12,1.5,1.4142135623730951,10.0,"{""T1036 - Defense Evasion: Masquerading"": 8, ""T1498.001 - Impact: Direct Network Flood"": 10, ""T1498.002 - Impact: Reflection/Amplification Attack"": 11, ""T1571 - Defense Evasion: Non-Standard Port"": 10, ""T1583.005 - Resource Development: Acquire Botnet"": 12, ""T1584.005 - Resource Development: Build/Compromise Botnet"": 12, ""T1590 - Reconnaissance: Gather Victim Network Information"": 10, ""T1595 - Reconnaissance: Active Scanning"": 8, ""TA0011 - Command-and-Control"": 9}",24238090,45
stochastic_normalized_fragility,stochastic_normalized_loo_fragility,{},2323,180,135,6.534729995503071e-06,0.225544795823373,0.1015188490000896,0.2210761598054786,0.3644651893889397,13,32,2.4615384615384617,5.41602560309064,36.0,"{""T1036 - Defense Evasion: Masquerading"": 17, ""T1498.001 - Impact: Direct Network Flood"": 17, ""T1498.002 - Impact: Reflection/Amplification Attack"": 19, ""T1571 - Defense Evasion: Non-Standard Port"": 13, ""T1583.005 - Resource Development: Acquire Botnet"": 32, ""T1584.005 - Resource Development: Build/Compromise Botnet"": 26, ""T1590 - Reconnaissance: Gather Victim Network Information"": 20, ""T1595 - Reconnaissance: Active Scanning"": 20, ""TA0011 - Command-and-Control"": 16}",24238180,135
stochastic_normalized_fragility,stochastic_normalized_loo_fragility,{},2323,360,315,6.8394422445001065e-06,0.2237669290034157,0.1047679525955488,0.2175399558314035,0.3605525780435188,28,53,1.8928571428571428,6.97614984548545,50.0,"{""T1036 - Defense Evasion: Masquerading"": 46, ""T1498.001 - Impact: Direct Network Flood"": 36, ""T1498.002 - Impact: Reflection/Amplification Attack"": 42, ""T1571 - Defense Evasion: Non-Standard Port"": 28, ""T1583.005 - Resource Development: Acquire Botnet"": 53, ""T1584.005 - Resource Development: Build/Compromise Botnet"": 38, ""T1590 - Reconnaissance: Gather Victim Network Information"": 44, ""T1595 - Reconnaissance: Active Scanning"": 40, ""TA0011 - Command-and-Control"": 33}",24238360,315
stochastic_normalized_fragility,stochastic_normalized_loo_fragility,{},2323,720,675,3.868084409153021e-06,0.2240958451756533,0.1054607344879187,0.2194768748870625,0.356648978395665,64,105,1.640625,11.527744310527057,82.0,"{""T1036 - Defense Evasion: Masquerading"": 91, ""T1498.001 - Impact: Direct Network Flood"": 64, ""T1498.002 - Impact: Reflection/Amplification Attack"": 83, ""T1571 - Defense Evasion: Non-Standard Port"": 70, ""T1583.005 - Resource Development: Acquire Botnet"": 105, ""T1584.005 - Resource Development: Build/Compromise Botnet"": 74, ""T1590 - Reconnaissance: Gather Victim Network Information"": 77, ""T1595 - Reconnaissance: Active Scanning"": 74, ""TA0011 - Command-and-Control"": 82}",24238720,675
stochastic_normalized_fragility,stochastic_normalized_loo_fragility,{},2323,1200,1155,2.1196771769514548e-06,0.2251384594212616,0.1061221085063503,0.2204522891499905,0.3575854616044026,108,163,1.5092592592592593,17.061978522759635,120.0,"{""T1036 - Defense Evasion: Masquerading"": 163, ""T1498.001 - Impact: Direct Network Flood"": 113, ""T1498.002 - Impact: Reflection/Amplification Attack"": 125, ""T1571 - Defense Evasion: Non-Standard Port"": 108, ""T1583.005 - Resource Development: Acquire Botnet"": 156, ""T1584.005 - Resource Development: Build/Compromise Botnet"": 126, ""T1590 - Reconnaissance: Gather Victim Network Information"": 135, ""T1595 - Reconnaissance: Active Scanning"": 134, ""TA0011 - Command-and-Control"": 140}",24239200,1155
stochastic_normalized_fragility,stochastic_normalized_loo_fragility,{},2323,1798,1753,0.0,0.2247048444891971,0.1028201317008315,0.2198713871259355,0.3602157968474639,199,200,1.0050251256281406,0.415739709641549,0.0,"{""T1036 - Defense Evasion: Masquerading"": 200, ""T1498.001 - Impact: Direct Network Flood"": 200, ""T1498.002 - Impact: Reflection/Amplification Attack"": 200, ""T1571 - Defense Evasion: Non-Standard Port"": 200, ""T1583.005 - Resource Development: Acquire Botnet"": 200, ""T1584.005 - Resource Development: Build/Compromise Botnet"": 199, ""T1590 - Reconnaissance: Gather Victim Network Information"": 199, ""T1595 - Reconnaissance: Active Scanning"": 200, ""TA0011 - Command-and-Control"": 200}",24239798,1753
uniform_step_balanced,uniform_step_balanced,{},2323,45,0,8.029027671575543e-05,0.2333231368670504,0.1132358623669689,0.2288610397547933,0.3663021726280181,5,5,1.0,0.0,0.0,"{""T1036 - Defense Evasion: Masquerading"": 5, ""T1498.001 - Impact: Direct Network Flood"": 5, ""T1498.002 - Impact: Reflection/Amplification Attack"": 5, ""T1571 - Defense Evasion: Non-Standard Port"": 5, ""T1583.005 - Resource Development: Acquire Botnet"": 5, ""T1584.005 - Resource Development: Build/Compromise Botnet"": 5, ""T1590 - Reconnaissance: Gather Victim Network Information"": 5, ""T1595 - Reconnaissance: Active Scanning"": 5, ""TA0011 - Command-and-Control"": 5}",24238045,0
uniform_step_balanced,uniform_step_balanced,{},2323,90,45,9.024760188526962e-06,0.2266645550959297,0.110897820036983,0.2217291574352165,0.3600378312589962,10,10,1.0,0.0,0.0,"{""T1036 - Defense Evasion: Masquerading"": 10, ""T1498.001 - Impact: Direct Network Flood"": 10, ""T1498.002 - Impact: Reflection/Amplification Attack"": 10, ""T1571 - Defense Evasion: Non-Standard Port"": 10, ""T1583.005 - Resource Development: Acquire Botnet"": 10, ""T1584.005 - Resource Development: Build/Compromise Botnet"": 10, ""T1590 - Reconnaissance: Gather Victim Network Information"": 10, ""T1595 - Reconnaissance: Active Scanning"": 10, ""TA0011 - Command-and-Control"": 10}",24238090,45
uniform_step_balanced,uniform_step_balanced,{},2323,180,135,3.2136018872098285e-06,0.2236684680740442,0.10392207905048,0.2197821874358481,0.3568988988712702,20,20,1.0,0.0,0.0,"{""T1036 - Defense Evasion: Masquerading"": 20, ""T1498.001 - Impact: Direct Network Flood"": 20, ""T1498.002 - Impact: Reflection/Amplification Attack"": 20, ""T1571 - Defense Evasion: Non-Standard Port"": 20, ""T1583.005 - Resource Development: Acquire Botnet"": 20, ""T1584.005 - Resource Development: Build/Compromise Botnet"": 20, ""T1590 - Reconnaissance: Gather Victim Network Information"": 20, ""T1595 - Reconnaissance: Active Scanning"": 20, ""TA0011 - Command-and-Control"": 20}",24238180,135
uniform_step_balanced,uniform_step_balanced,{},2323,360,315,5.149105436200952e-06,0.2236454656211554,0.1033076035297298,0.2173810445164535,0.3611532851199199,40,40,1.0,0.0,0.0,"{""T1036 - Defense Evasion: Masquerading"": 40, ""T1498.001 - Impact: Direct Network Flood"": 40, ""T1498.002 - Impact: Reflection/Amplification Attack"": 40, ""T1571 - Defense Evasion: Non-Standard Port"": 40, ""T1583.005 - Resource Development: Acquire Botnet"": 40, ""T1584.005 - Resource Development: Build/Compromise Botnet"": 40, ""T1590 - Reconnaissance: Gather Victim Network Information"": 40, ""T1595 - Reconnaissance: Active Scanning"": 40, ""TA0011 - Command-and-Control"": 40}",24238360,315
uniform_step_balanced,uniform_step_balanced,{},2323,720,675,1.3780892301375856e-05,0.2246695952177887,0.1044073061952197,0.2201647698673371,0.3592715943913844,80,80,1.0,0.0,0.0,"{""T1036 - Defense Evasion: Masquerading"": 80, ""T1498.001 - Impact: Direct Network Flood"": 80, ""T1498.002 - Impact: Reflection/Amplification Attack"": 80, ""T1571 - Defense Evasion: Non-Standard Port"": 80, ""T1583.005 - Resource Development: Acquire Botnet"": 80, ""T1584.005 - Resource Development: Build/Compromise Botnet"": 80, ""T1590 - Reconnaissance: Gather Victim Network Information"": 80, ""T1595 - Reconnaissance: Active Scanning"": 80, ""TA0011 - Command-and-Control"": 80}",24238720,675
uniform_step_balanced,uniform_step_balanced,{},2323,1200,1155,1.6863859836279036e-06,0.2257875811753996,0.1049107807609074,0.2209881762492688,0.3621089404286798,133,134,1.0075187969924813,0.4714045207910317,0.0,"{""T1036 - Defense Evasion: Masquerading"": 133, ""T1498.001 - Impact: Direct Network Flood"": 133, ""T1498.002 - Impact: Reflection/Amplification Attack"": 133, ""T1571 - Defense Evasion: Non-Standard Port"": 133, ""T1583.005 - Resource Development: Acquire Botnet"": 134, ""T1584.005 - Resource Development: Build/Compromise Botnet"": 134, ""T1590 - Reconnaissance: Gather Victim Network Information"": 134, ""T1595 - Reconnaissance: Active Scanning"": 133, ""TA0011 - Command-and-Control"": 133}",24239200,1155
uniform_step_balanced,uniform_step_balanced,{},2323,1798,1753,0.0,0.2247048444891971,0.1028201317008315,0.2198713871259355,0.3602157968474639,199,200,1.0050251256281406,0.415739709641549,0.0,"{""T1036 - Defense Evasion: Masquerading"": 200, ""T1498.001 - Impact: Direct Network Flood"": 200, ""T1498.002 - Impact: Reflection/Amplification Attack"": 200, ""T1571 - Defense Evasion: Non-Standard Port"": 200, ""T1583.005 - Resource Development: Acquire Botnet"": 200, ""T1584.005 - Resource Development: Build/Compromise Botnet"": 199, ""T1590 - Reconnaissance: Gather Victim Network Information"": 199, ""T1595 - Reconnaissance: Active Scanning"": 200, ""TA0011 - Command-and-Control"": 200}",24239798,1753
stochastic_normalized_fragility,stochastic_normalized_loo_fragility,{},2424,45,0,5.8908094928448456e-05,0.2191429032443325,0.1035501959726449,0.2137747636825785,0.3517234641506589,5,5,1.0,0.0,0.0,"{""T1036 - Defense Evasion: Masquerading"": 5, ""T1498.001 - Impact: Direct Network Flood"": 5, ""T1498.002 - Impact: Reflection/Amplification Attack"": 5, ""T1571 - Defense Evasion: Non-Standard Port"": 5, ""T1583.005 - Resource Development: Acquire Botnet"": 5, ""T1584.005 - Resource Development: Build/Compromise Botnet"": 5, ""T1590 - Reconnaissance: Gather Victim Network Information"": 5, ""T1595 - Reconnaissance: Active Scanning"": 5, ""TA0011 - Command-and-Control"": 5}",25248045,0
stochastic_normalized_fragility,stochastic_normalized_loo_fragility,{},2424,90,45,6.26185540349959e-05,0.2192907176417266,0.1017614909980774,0.2153524534471876,0.3434262525191573,6,13,2.1666666666666665,1.8257418583505536,12.0,"{""T1036 - Defense Evasion: Masquerading"": 13, ""T1498.001 - Impact: Direct Network Flood"": 10, ""T1498.002 - Impact: Reflection/Amplification Attack"": 9, ""T1571 - Defense Evasion: Non-Standard Port"": 11, ""T1583.005 - Resource Development: Acquire Botnet"": 10, ""T1584.005 - Resource Development: Build/Compromise Botnet"": 6, ""T1590 - Reconnaissance: Gather Victim Network Information"": 9, ""T1595 - Reconnaissance: Active Scanning"": 11, ""TA0011 - Command-and-Control"": 11}",25248090,45
stochastic_normalized_fragility,stochastic_normalized_loo_fragility,{},2424,180,135,2.8059926920968373e-05,0.2215571477043547,0.1031721653360289,0.21743130586645,0.3519572508129179,16,27,1.6875,3.590109871423002,28.0,"{""T1036 - Defense Evasion: Masquerading"": 27, ""T1498.001 - Impact: Direct Network Flood"": 17, ""T1498.002 - Impact: Reflection/Amplification Attack"": 18, ""T1571 - Defense Evasion: Non-Standard Port"": 16, ""T1583.005 - Resource Development: Acquire Botnet"": 24, ""T1584.005 - Resource Development: Build/Compromise Botnet"": 20, ""T1590 - Reconnaissance: Gather Victim Network Information"": 23, ""T1595 - Reconnaissance: Active Scanning"": 18, ""TA0011 - Command-and-Control"": 17}",25248180,135
stochastic_normalized_fragility,stochastic_normalized_loo_fragility,{},2424,360,315,2.8390080168188783e-05,0.2203916000014657,0.0992650273397777,0.2171199743880858,0.3511344104833461,33,46,1.393939393939394,4.216370213557839,34.0,"{""T1036 - Defense Evasion: Masquerading"": 44, ""T1498.001 - Impact: Direct Network Flood"": 33, ""T1498.002 - Impact: Reflection/Amplification Attack"": 38, ""T1571 - Defense Evasion: Non-Standard Port"": 41, ""T1583.005 - Resource Development: Acquire Botnet"": 46, ""T1584.005 - Resource Development: Build/Compromise Botnet"": 42, ""T1590 - Reconnaissance: Gather Victim Network Information"": 44, ""T1595 - Reconnaissance: Active Scanning"": 35, ""TA0011 - Command-and-Control"": 37}",25248360,315
stochastic_normalized_fragility,stochastic_normalized_loo_fragility,{},2424,720,675,8.224853024063777e-06,0.2229733286847598,0.101468887478246,0.2194471087255199,0.3548620881130672,72,94,1.3055555555555556,6.236095644623235,42.0,"{""T1036 - Defense Evasion: Masquerading"": 80, ""T1498.001 - Impact: Direct Network Flood"": 81, ""T1498.002 - Impact: Reflection/Amplification Attack"": 78, ""T1571 - Defense Evasion: Non-Standard Port"": 76, ""T1583.005 - Resource Development: Acquire Botnet"": 94, ""T1584.005 - Resource Development: Build/Compromise Botnet"": 73, ""T1590 - Reconnaissance: Gather Victim Network Information"": 84, ""T1595 - Reconnaissance: Active Scanning"": 72, ""TA0011 - Command-and-Control"": 82}",25248720,675
stochastic_normalized_fragility,stochastic_normalized_loo_fragility,{},2424,1200,1155,3.2872355827627237e-06,0.224131533051327,0.1052839485417023,0.2199448329419541,0.3559088164346574,117,147,1.2564102564102564,8.366600265340754,54.0,"{""T1036 - Defense Evasion: Masquerading"": 142, ""T1498.001 - Impact: Direct Network Flood"": 125, ""T1498.002 - Impact: Reflection/Amplification Attack"": 133, ""T1571 - Defense Evasion: Non-Standard Port"": 117, ""T1583.005 - Resource Development: Acquire Botnet"": 138, ""T1584.005 - Resource Development: Build/Compromise Botnet"": 132, ""T1590 - Reconnaissance: Gather Victim Network Information"": 131, ""T1595 - Reconnaissance: Active Scanning"": 135, ""TA0011 - Command-and-Control"": 147}",25249200,1155
stochastic_normalized_fragility,stochastic_normalized_loo_fragility,{},2424,1798,1753,0.0,0.2247048444891971,0.1028201317008315,0.2198713871259355,0.3602157968474639,199,200,1.0050251256281406,0.415739709641549,0.0,"{""T1036 - Defense Evasion: Masquerading"": 200, ""T1498.001 - Impact: Direct Network Flood"": 200, ""T1498.002 - Impact: Reflection/Amplification Attack"": 200, ""T1571 - Defense Evasion: Non-Standard Port"": 200, ""T1583.005 - Resource Development: Acquire Botnet"": 200, ""T1584.005 - Resource Development: Build/Compromise Botnet"": 199, ""T1590 - Reconnaissance: Gather Victim Network Information"": 199, ""T1595 - Reconnaissance: Active Scanning"": 200, ""TA0011 - Command-and-Control"": 200}",25249798,1753
uniform_step_balanced,uniform_step_balanced,{},2424,45,0,5.8908094928448456e-05,0.2191429032443325,0.1035501959726449,0.2137747636825785,0.3517234641506589,5,5,1.0,0.0,0.0,"{""T1036 - Defense Evasion: Masquerading"": 5, ""T1498.001 - Impact: Direct Network Flood"": 5, ""T1498.002 - Impact: Reflection/Amplification Attack"": 5, ""T1571 - Defense Evasion: Non-Standard Port"": 5, ""T1583.005 - Resource Development: Acquire Botnet"": 5, ""T1584.005 - Resource Development: Build/Compromise Botnet"": 5, ""T1590 - Reconnaissance: Gather Victim Network Information"": 5, ""T1595 - Reconnaissance: Active Scanning"": 5, ""TA0011 - Command-and-Control"": 5}",25248045,0
uniform_step_balanced,uniform_step_balanced,{},2424,90,45,4.208719668306935e-05,0.2209545065329877,0.099775085426991,0.2165566583215717,0.3518104853062883,10,10,1.0,0.0,0.0,"{""T1036 - Defense Evasion: Masquerading"": 10, ""T1498.001 - Impact: Direct Network Flood"": 10, ""T1498.002 - Impact: Reflection/Amplification Attack"": 10, ""T1571 - Defense Evasion: Non-Standard Port"": 10, ""T1583.005 - Resource Development: Acquire Botnet"": 10, ""T1584.005 - Resource Development: Build/Compromise Botnet"": 10, ""T1590 - Reconnaissance: Gather Victim Network Information"": 10, ""T1595 - Reconnaissance: Active Scanning"": 10, ""TA0011 - Command-and-Control"": 10}",25248090,45
uniform_step_balanced,uniform_step_balanced,{},2424,180,135,2.2590943965509775e-05,0.2208690098949059,0.0980688554744134,0.216796267750937,0.356137716700116,20,20,1.0,0.0,0.0,"{""T1036 - Defense Evasion: Masquerading"": 20, ""T1498.001 - Impact: Direct Network Flood"": 20, ""T1498.002 - Impact: Reflection/Amplification Attack"": 20, ""T1571 - Defense Evasion: Non-Standard Port"": 20, ""T1583.005 - Resource Development: Acquire Botnet"": 20, ""T1584.005 - Resource Development: Build/Compromise Botnet"": 20, ""T1590 - Reconnaissance: Gather Victim Network Information"": 20, ""T1595 - Reconnaissance: Active Scanning"": 20, ""TA0011 - Command-and-Control"": 20}",25248180,135
uniform_step_balanced,uniform_step_balanced,{},2424,360,315,2.3699412428590572e-05,0.2206181513556305,0.0990132845066678,0.2169683932103482,0.3513859052484671,40,40,1.0,0.0,0.0,"{""T1036 - Defense Evasion: Masquerading"": 40, ""T1498.001 - Impact: Direct Network Flood"": 40, ""T1498.002 - Impact: Reflection/Amplification Attack"": 40, ""T1571 - Defense Evasion: Non-Standard Port"": 40, ""T1583.005 - Resource Development: Acquire Botnet"": 40, ""T1584.005 - Resource Development: Build/Compromise Botnet"": 40, ""T1590 - Reconnaissance: Gather Victim Network Information"": 40, ""T1595 - Reconnaissance: Active Scanning"": 40, ""TA0011 - Command-and-Control"": 40}",25248360,315
uniform_step_balanced,uniform_step_balanced,{},2424,720,675,9.934302206594568e-06,0.2225194264025632,0.1021039308889372,0.2184645465520174,0.3542973960697103,80,80,1.0,0.0,0.0,"{""T1036 - Defense Evasion: Masquerading"": 80, ""T1498.001 - Impact: Direct Network Flood"": 80, ""T1498.002 - Impact: Reflection/Amplification Attack"": 80, ""T1571 - Defense Evasion: Non-Standard Port"": 80, ""T1583.005 - Resource Development: Acquire Botnet"": 80, ""T1584.005 - Resource Development: Build/Compromise Botnet"": 80, ""T1590 - Reconnaissance: Gather Victim Network Information"": 80, ""T1595 - Reconnaissance: Active Scanning"": 80, ""TA0011 - Command-and-Control"": 80}",25248720,675
uniform_step_balanced,uniform_step_balanced,{},2424,1200,1155,2.0166366991213867e-06,0.2242015994615449,0.1027646748438201,0.2196078078226205,0.3596965005300162,133,134,1.0075187969924813,0.4714045207910317,0.0,"{""T1036 - Defense Evasion: Masquerading"": 133, ""T1498.001 - Impact: Direct Network Flood"": 134, ""T1498.002 - Impact: Reflection/Amplification Attack"": 134, ""T1571 - Defense Evasion: Non-Standard Port"": 133, ""T1583.005 - Resource Development: Acquire Botnet"": 133, ""T1584.005 - Resource Development: Build/Compromise Botnet"": 133, ""T1590 - Reconnaissance: Gather Victim Network Information"": 134, ""T1595 - Reconnaissance: Active Scanning"": 133, ""TA0011 - Command-and-Control"": 133}",25249200,1155
uniform_step_balanced,uniform_step_balanced,{},2424,1798,1753,0.0,0.2247048444891971,0.1028201317008315,0.2198713871259355,0.3602157968474639,199,200,1.0050251256281406,0.415739709641549,0.0,"{""T1036 - Defense Evasion: Masquerading"": 200, ""T1498.001 - Impact: Direct Network Flood"": 200, ""T1498.002 - Impact: Reflection/Amplification Attack"": 200, ""T1571 - Defense Evasion: Non-Standard Port"": 200, ""T1583.005 - Resource Development: Acquire Botnet"": 200, ""T1584.005 - Resource Development: Build/Compromise Botnet"": 199, ""T1590 - Reconnaissance: Gather Victim Network Information"": 199, ""T1595 - Reconnaissance: Active Scanning"": 200, ""TA0011 - Command-and-Control"": 200}",25249798,1753
stochastic_normalized_fragility,stochastic_normalized_loo_fragility,{},2525,45,0,3.885449038659329e-05,0.2274524173948682,0.0980215609081441,0.221920602485751,0.3725035782138197,5,5,1.0,0.0,0.0,"{""T1036 - Defense Evasion: Masquerading"": 5, ""T1498.001 - Impact: Direct Network Flood"": 5, ""T1498.002 - Impact: Reflection/Amplification Attack"": 5, ""T1571 - Defense Evasion: Non-Standard Port"": 5, ""T1583.005 - Resource Development: Acquire Botnet"": 5, ""T1584.005 - Resource Development: Build/Compromise Botnet"": 5, ""T1590 - Reconnaissance: Gather Victim Network Information"": 5, ""T1595 - Reconnaissance: Active Scanning"": 5, ""TA0011 - Command-and-Control"": 5}",26258045,0
stochastic_normalized_fragility,stochastic_normalized_loo_fragility,{},2525,90,45,4.4554182178117475e-05,0.2281444497063521,0.0981984867269781,0.223585155407531,0.3703382864385311,6,14,2.3333333333333335,2.5385910352879693,20.0,"{""T1036 - Defense Evasion: Masquerading"": 10, ""T1498.001 - Impact: Direct Network Flood"": 8, ""T1498.002 - Impact: Reflection/Amplification Attack"": 11, ""T1571 - Defense Evasion: Non-Standard Port"": 8, ""T1583.005 - Resource Development: Acquire Botnet"": 12, ""T1584.005 - Resource Development: Build/Compromise Botnet"": 8, ""T1590 - Reconnaissance: Gather Victim Network Information"": 6, ""T1595 - Reconnaissance: Active Scanning"": 13, ""TA0011 - Command-and-Control"": 14}",26258090,45
stochastic_normalized_fragility,stochastic_normalized_loo_fragility,{},2525,180,135,8.626712368723372e-06,0.2240610086777426,0.1016939416357096,0.220444540353219,0.3555167587442762,12,25,2.0833333333333335,4.346134936801766,34.0,"{""T1036 - Defense Evasion: Masquerading"": 19, ""T1498.001 - Impact: Direct Network Flood"": 22, ""T1498.002 - Impact: Reflection/Amplification Attack"": 21, ""T1571 - Defense Evasion: Non-Standard Port"": 15, ""T1583.005 - Resource Development: Acquire Botnet"": 24, ""T1584.005 - Resource Development: Build/Compromise Botnet"": 17, ""T1590 - Reconnaissance: Gather Victim Network Information"": 12, ""T1595 - Reconnaissance: Active Scanning"": 25, ""TA0011 - Command-and-Control"": 25}",26258180,135
stochastic_normalized_fragility,stochastic_normalized_loo_fragility,{},2525,360,315,2.50869382230141e-06,0.2246572004845784,0.1036613016568046,0.2198392615139758,0.3608867860761994,24,52,2.1666666666666665,7.688375063113864,52.0,"{""T1036 - Defense Evasion: Masquerading"": 41, ""T1498.001 - Impact: Direct Network Flood"": 42, ""T1498.002 - Impact: Reflection/Amplification Attack"": 46, ""T1571 - Defense Evasion: Non-Standard Port"": 32, ""T1583.005 - Resource Development: Acquire Botnet"": 45, ""T1584.005 - Resource Development: Build/Compromise Botnet"": 39, ""T1590 - Reconnaissance: Gather Victim Network Information"": 24, ""T1595 - Reconnaissance: Active Scanning"": 39, ""TA0011 - Command-and-Control"": 52}",26258360,315
stochastic_normalized_fragility,stochastic_normalized_loo_fragility,{},2525,720,675,9.22911666622779e-06,0.2258521224276089,0.1014037049058969,0.2212768540280643,0.3638454887486614,70,100,1.4285714285714286,8.51143022320247,54.0,"{""T1036 - Defense Evasion: Masquerading"": 80, ""T1498.001 - Impact: Direct Network Flood"": 72, ""T1498.002 - Impact: Reflection/Amplification Attack"": 87, ""T1571 - Defense Evasion: Non-Standard Port"": 74, ""T1583.005 - Resource Development: Acquire Botnet"": 79, ""T1584.005 - Resource Development: Build/Compromise Botnet"": 79, ""T1590 - Reconnaissance: Gather Victim Network Information"": 70, ""T1595 - Reconnaissance: Active Scanning"": 79, ""TA0011 - Command-and-Control"": 100}",26258720,675
stochastic_normalized_fragility,stochastic_normalized_loo_fragility,{},2525,1200,1155,1.6188609073243309e-06,0.2252195487289053,0.1049296052118952,0.2216649936012918,0.3588664391752232,121,158,1.3057851239669422,10.7496769977314,70.0,"{""T1036 - Defense Evasion: Masquerading"": 143, ""T1498.001 - Impact: Direct Network Flood"": 124, ""T1498.002 - Impact: Reflection/Amplification Attack"": 135, ""T1571 - Defense Evasion: Non-Standard Port"": 127, ""T1583.005 - Resource Development: Acquire Botnet"": 132, ""T1584.005 - Resource Development: Build/Compromise Botnet"": 121, ""T1590 - Reconnaissance: Gather Victim Network Information"": 126, ""T1595 - Reconnaissance: Active Scanning"": 134, ""TA0011 - Command-and-Control"": 158}",26259200,1155
stochastic_normalized_fragility,stochastic_normalized_loo_fragility,{},2525,1798,1753,0.0,0.2247048444891971,0.1028201317008315,0.2198713871259355,0.3602157968474639,199,200,1.0050251256281406,0.415739709641549,0.0,"{""T1036 - Defense Evasion: Masquerading"": 200, ""T1498.001 - Impact: Direct Network Flood"": 200, ""T1498.002 - Impact: Reflection/Amplification Attack"": 200, ""T1571 - Defense Evasion: Non-Standard Port"": 200, ""T1583.005 - Resource Development: Acquire Botnet"": 200, ""T1584.005 - Resource Development: Build/Compromise Botnet"": 199, ""T1590 - Reconnaissance: Gather Victim Network Information"": 199, ""T1595 - Reconnaissance: Active Scanning"": 200, ""TA0011 - Command-and-Control"": 200}",26259798,1753
uniform_step_balanced,uniform_step_balanced,{},2525,45,0,3.885449038659329e-05,0.2274524173948682,0.0980215609081441,0.221920602485751,0.3725035782138197,5,5,1.0,0.0,0.0,"{""T1036 - Defense Evasion: Masquerading"": 5, ""T1498.001 - Impact: Direct Network Flood"": 5, ""T1498.002 - Impact: Reflection/Amplification Attack"": 5, ""T1571 - Defense Evasion: Non-Standard Port"": 5, ""T1583.005 - Resource Development: Acquire Botnet"": 5, ""T1584.005 - Resource Development: Build/Compromise Botnet"": 5, ""T1590 - Reconnaissance: Gather Victim Network Information"": 5, ""T1595 - Reconnaissance: Active Scanning"": 5, ""TA0011 - Command-and-Control"": 5}",26258045,0
uniform_step_balanced,uniform_step_balanced,{},2525,90,45,7.95664508381093e-06,0.2259580280497785,0.1043381345087466,0.2221626396188544,0.3594520095612381,10,10,1.0,0.0,0.0,"{""T1036 - Defense Evasion: Masquerading"": 10, ""T1498.001 - Impact: Direct Network Flood"": 10, ""T1498.002 - Impact: Reflection/Amplification Attack"": 10, ""T1571 - Defense Evasion: Non-Standard Port"": 10, ""T1583.005 - Resource Development: Acquire Botnet"": 10, ""T1584.005 - Resource Development: Build/Compromise Botnet"": 10, ""T1590 - Reconnaissance: Gather Victim Network Information"": 10, ""T1595 - Reconnaissance: Active Scanning"": 10, ""TA0011 - Command-and-Control"": 10}",26258090,45
uniform_step_balanced,uniform_step_balanced,{},2525,180,135,6.002030770298438e-06,0.2230998976377643,0.1032887424645302,0.2191559210226902,0.3546458449055024,20,20,1.0,0.0,0.0,"{""T1036 - Defense Evasion: Masquerading"": 20, ""T1498.001 - Impact: Direct Network Flood"": 20, ""T1498.002 - Impact: Reflection/Amplification Attack"": 20, ""T1571 - Defense Evasion: Non-Standard Port"": 20, ""T1583.005 - Resource Development: Acquire Botnet"": 20, ""T1584.005 - Resource Development: Build/Compromise Botnet"": 20, ""T1590 - Reconnaissance: Gather Victim Network Information"": 20, ""T1595 - Reconnaissance: Active Scanning"": 20, ""TA0011 - Command-and-Control"": 20}",26258180,135
uniform_step_balanced,uniform_step_balanced,{},2525,360,315,1.458519221619214e-06,0.2237785458645129,0.1020835072848192,0.2190765052724862,0.3592991754898666,40,40,1.0,0.0,0.0,"{""T1036 - Defense Evasion: Masquerading"": 40, ""T1498.001 - Impact: Direct Network Flood"": 40, ""T1498.002 - Impact: Reflection/Amplification Attack"": 40, ""T1571 - Defense Evasion: Non-Standard Port"": 40, ""T1583.005 - Resource Development: Acquire Botnet"": 40, ""T1584.005 - Resource Development: Build/Compromise Botnet"": 40, ""T1590 - Reconnaissance: Gather Victim Network Information"": 40, ""T1595 - Reconnaissance: Active Scanning"": 40, ""TA0011 - Command-and-Control"": 40}",26258360,315
uniform_step_balanced,uniform_step_balanced,{},2525,720,675,2.3348292403994974e-06,0.2252297731857118,0.1002976224093733,0.2214117373828404,0.3622267373303416,80,80,1.0,0.0,0.0,"{""T1036 - Defense Evasion: Masquerading"": 80, ""T1498.001 - Impact: Direct Network Flood"": 80, ""T1498.002 - Impact: Reflection/Amplification Attack"": 80, ""T1571 - Defense Evasion: Non-Standard Port"": 80, ""T1583.005 - Resource Development: Acquire Botnet"": 80, ""T1584.005 - Resource Development: Build/Compromise Botnet"": 80, ""T1590 - Reconnaissance: Gather Victim Network Information"": 80, ""T1595 - Reconnaissance: Active Scanning"": 80, ""TA0011 - Command-and-Control"": 80}",26258720,675
uniform_step_balanced,uniform_step_balanced,{},2525,1200,1155,1.4250359811001592e-06,0.2254468922414063,0.1038217383393714,0.220407175471188,0.3622918418481248,133,134,1.0075187969924813,0.4714045207910317,0.0,"{""T1036 - Defense Evasion: Masquerading"": 134, ""T1498.001 - Impact: Direct Network Flood"": 133, ""T1498.002 - Impact: Reflection/Amplification Attack"": 134, ""T1571 - Defense Evasion: Non-Standard Port"": 133, ""T1583.005 - Resource Development: Acquire Botnet"": 134, ""T1584.005 - Resource Development: Build/Compromise Botnet"": 133, ""T1590 - Reconnaissance: Gather Victim Network Information"": 133, ""T1595 - Reconnaissance: Active Scanning"": 133, ""TA0011 - Command-and-Control"": 133}",26259200,1155
uniform_step_balanced,uniform_step_balanced,{},2525,1798,1753,0.0,0.2247048444891971,0.1028201317008315,0.2198713871259355,0.3602157968474639,199,200,1.0050251256281406,0.415739709641549,0.0,"{""T1036 - Defense Evasion: Masquerading"": 200, ""T1498.001 - Impact: Direct Network Flood"": 200, ""T1498.002 - Impact: Reflection/Amplification Attack"": 200, ""T1571 - Defense Evasion: Non-Standard Port"": 200, ""T1583.005 - Resource Development: Acquire Botnet"": 200, ""T1584.005 - Resource Development: Build/Compromise Botnet"": 199, ""T1590 - Reconnaissance: Gather Victim Network Information"": 199, ""T1595 - Reconnaissance: Active Scanning"": 200, ""TA0011 - Command-and-Control"": 200}",26259798,1753
stochastic_normalized_fragility,stochastic_normalized_loo_fragility,{},2626,45,0,3.199372439594572e-05,0.2223728094248287,0.1058306797168811,0.2188316176528437,0.3496514014123307,5,5,1.0,0.0,0.0,"{""T1036 - Defense Evasion: Masquerading"": 5, ""T1498.001 - Impact: Direct Network Flood"": 5, ""T1498.002 - Impact: Reflection/Amplification Attack"": 5, ""T1571 - Defense Evasion: Non-Standard Port"": 5, ""T1583.005 - Resource Development: Acquire Botnet"": 5, ""T1584.005 - Resource Development: Build/Compromise Botnet"": 5, ""T1590 - Reconnaissance: Gather Victim Network Information"": 5, ""T1595 - Reconnaissance: Active Scanning"": 5, ""TA0011 - Command-and-Control"": 5}",27268045,0
stochastic_normalized_fragility,stochastic_normalized_loo_fragility,{},2626,90,45,0.0001000828034364,0.2194045374610704,0.109946777125258,0.2152565111530999,0.3399702011183993,6,14,2.3333333333333335,2.4037008503093262,18.0,"{""T1036 - Defense Evasion: Masquerading"": 8, ""T1498.001 - Impact: Direct Network Flood"": 10, ""T1498.002 - Impact: Reflection/Amplification Attack"": 12, ""T1571 - Defense Evasion: Non-Standard Port"": 9, ""T1583.005 - Resource Development: Acquire Botnet"": 9, ""T1584.005 - Resource Development: Build/Compromise Botnet"": 14, ""T1590 - Reconnaissance: Gather Victim Network Information"": 13, ""T1595 - Reconnaissance: Active Scanning"": 6, ""TA0011 - Command-and-Control"": 9}",27268090,45
stochastic_normalized_fragility,stochastic_normalized_loo_fragility,{},2626,180,135,1.838961068049975e-05,0.2243037764606263,0.1125317487010987,0.2187257870405883,0.3548157098551847,12,28,2.3333333333333335,4.346134936801766,30.0,"{""T1036 - Defense Evasion: Masquerading"": 18, ""T1498.001 - Impact: Direct Network Flood"": 20, ""T1498.002 - Impact: Reflection/Amplification Attack"": 20, ""T1571 - Defense Evasion: Non-Standard Port"": 17, ""T1583.005 - Resource Development: Acquire Botnet"": 18, ""T1584.005 - Resource Development: Build/Compromise Botnet"": 24, ""T1590 - Reconnaissance: Gather Victim Network Information"": 28, ""T1595 - Reconnaissance: Active Scanning"": 12, ""TA0011 - Command-and-Control"": 23}",27268180,135
stochastic_normalized_fragility,stochastic_normalized_loo_fragility,{},2626,360,315,5.282682227833972e-06,0.2252216440795925,0.1061103605653215,0.2204993239658164,0.3596850473495973,31,48,1.5483870967741935,4.618802153517006,30.0,"{""T1036 - Defense Evasion: Masquerading"": 45, ""T1498.001 - Impact: Direct Network Flood"": 36, ""T1498.002 - Impact: Reflection/Amplification Attack"": 40, ""T1571 - Defense Evasion: Non-Standard Port"": 31, ""T1583.005 - Resource Development: Acquire Botnet"": 48, ""T1584.005 - Resource Development: Build/Compromise Botnet"": 40, ""T1590 - Reconnaissance: Gather Victim Network Information"": 42, ""T1595 - Reconnaissance: Active Scanning"": 39, ""TA0011 - Command-and-Control"": 39}",27268360,315
stochastic_normalized_fragility,stochastic_normalized_loo_fragility,{},2626,720,675,5.534744375147155e-06,0.224225563678084,0.1042210395075322,0.2199434630916366,0.354185238321441,65,101,1.553846153846154,11.075498483890769,82.0,"{""T1036 - Defense Evasion: Masquerading"": 93, ""T1498.001 - Impact: Direct Network Flood"": 65, ""T1498.002 - Impact: Reflection/Amplification Attack"": 70, ""T1571 - Defense Evasion: Non-Standard Port"": 70, ""T1583.005 - Resource Development: Acquire Botnet"": 101, ""T1584.005 - Resource Development: Build/Compromise Botnet"": 87, ""T1590 - Reconnaissance: Gather Victim Network Information"": 76, ""T1595 - Reconnaissance: Active Scanning"": 78, ""TA0011 - Command-and-Control"": 80}",27268720,675
stochastic_normalized_fragility,stochastic_normalized_loo_fragility,{},2626,1200,1155,1.2913184214924715e-05,0.222425642260479,0.1032736085986679,0.218500906677773,0.352741382661991,114,161,1.412280701754386,15.641824275533422,108.0,"{""T1036 - Defense Evasion: Masquerading"": 159, ""T1498.001 - Impact: Direct Network Flood"": 116, ""T1498.002 - Impact: Reflection/Amplification Attack"": 128, ""T1571 - Defense Evasion: Non-Standard Port"": 114, ""T1583.005 - Resource Development: Acquire Botnet"": 161, ""T1584.005 - Resource Development: Build/Compromise Botnet"": 128, ""T1590 - Reconnaissance: Gather Victim Network Information"": 128, ""T1595 - Reconnaissance: Active Scanning"": 130, ""TA0011 - Command-and-Control"": 136}",27269200,1155
stochastic_normalized_fragility,stochastic_normalized_loo_fragility,{},2626,1798,1753,0.0,0.2247048444891971,0.1028201317008315,0.2198713871259355,0.3602157968474639,199,200,1.0050251256281406,0.415739709641549,0.0,"{""T1036 - Defense Evasion: Masquerading"": 200, ""T1498.001 - Impact: Direct Network Flood"": 200, ""T1498.002 - Impact: Reflection/Amplification Attack"": 200, ""T1571 - Defense Evasion: Non-Standard Port"": 200, ""T1583.005 - Resource Development: Acquire Botnet"": 200, ""T1584.005 - Resource Development: Build/Compromise Botnet"": 199, ""T1590 - Reconnaissance: Gather Victim Network Information"": 199, ""T1595 - Reconnaissance: Active Scanning"": 200, ""TA0011 - Command-and-Control"": 200}",27269798,1753
uniform_step_balanced,uniform_step_balanced,{},2626,45,0,3.199372439594572e-05,0.2223728094248287,0.1058306797168811,0.2188316176528437,0.3496514014123307,5,5,1.0,0.0,0.0,"{""T1036 - Defense Evasion: Masquerading"": 5, ""T1498.001 - Impact: Direct Network Flood"": 5, ""T1498.002 - Impact: Reflection/Amplification Attack"": 5, ""T1571 - Defense Evasion: Non-Standard Port"": 5, ""T1583.005 - Resource Development: Acquire Botnet"": 5, ""T1584.005 - Resource Development: Build/Compromise Botnet"": 5, ""T1590 - Reconnaissance: Gather Victim Network Information"": 5, ""T1595 - Reconnaissance: Active Scanning"": 5, ""TA0011 - Command-and-Control"": 5}",27268045,0
uniform_step_balanced,uniform_step_balanced,{},2626,90,45,3.97523399663146e-05,0.2188007140433045,0.0974456907425461,0.2143915455416919,0.3511632703116262,10,10,1.0,0.0,0.0,"{""T1036 - Defense Evasion: Masquerading"": 10, ""T1498.001 - Impact: Direct Network Flood"": 10, ""T1498.002 - Impact: Reflection/Amplification Attack"": 10, ""T1571 - Defense Evasion: Non-Standard Port"": 10, ""T1583.005 - Resource Development: Acquire Botnet"": 10, ""T1584.005 - Resource Development: Build/Compromise Botnet"": 10, ""T1590 - Reconnaissance: Gather Victim Network Information"": 10, ""T1595 - Reconnaissance: Active Scanning"": 10, ""TA0011 - Command-and-Control"": 10}",27268090,45
uniform_step_balanced,uniform_step_balanced,{},2626,180,135,6.24293270688194e-06,0.2240837556336422,0.1029536998289002,0.2198566487357166,0.3602684246287714,20,20,1.0,0.0,0.0,"{""T1036 - Defense Evasion: Masquerading"": 20, ""T1498.001 - Impact: Direct Network Flood"": 20, ""T1498.002 - Impact: Reflection/Amplification Attack"": 20, ""T1571 - Defense Evasion: Non-Standard Port"": 20, ""T1583.005 - Resource Development: Acquire Botnet"": 20, ""T1584.005 - Resource Development: Build/Compromise Botnet"": 20, ""T1590 - Reconnaissance: Gather Victim Network Information"": 20, ""T1595 - Reconnaissance: Active Scanning"": 20, ""TA0011 - Command-and-Control"": 20}",27268180,135
uniform_step_balanced,uniform_step_balanced,{},2626,360,315,1.4977994784205983e-06,0.2243120198664554,0.1031003180655274,0.2199586425878145,0.3574960080386017,40,40,1.0,0.0,0.0,"{""T1036 - Defense Evasion: Masquerading"": 40, ""T1498.001 - Impact: Direct Network Flood"": 40, ""T1498.002 - Impact: Reflection/Amplification Attack"": 40, ""T1571 - Defense Evasion: Non-Standard Port"": 40, ""T1583.005 - Resource Development: Acquire Botnet"": 40, ""T1584.005 - Resource Development: Build/Compromise Botnet"": 40, ""T1590 - Reconnaissance: Gather Victim Network Information"": 40, ""T1595 - Reconnaissance: Active Scanning"": 40, ""TA0011 - Command-and-Control"": 40}",27268360,315
uniform_step_balanced,uniform_step_balanced,{},2626,720,675,2.925483412762892e-06,0.2238885453934952,0.1033599164897921,0.2199259591134182,0.3560464810553012,80,80,1.0,0.0,0.0,"{""T1036 - Defense Evasion: Masquerading"": 80, ""T1498.001 - Impact: Direct Network Flood"": 80, ""T1498.002 - Impact: Reflection/Amplification Attack"": 80, ""T1571 - Defense Evasion: Non-Standard Port"": 80, ""T1583.005 - Resource Development: Acquire Botnet"": 80, ""T1584.005 - Resource Development: Build/Compromise Botnet"": 80, ""T1590 - Reconnaissance: Gather Victim Network Information"": 80, ""T1595 - Reconnaissance: Active Scanning"": 80, ""TA0011 - Command-and-Control"": 80}",27268720,675
uniform_step_balanced,uniform_step_balanced,{},2626,1200,1155,2.89903427782684e-06,0.2233729711125621,0.1020726085585646,0.2189381646383999,0.3566862976140156,133,134,1.0075187969924813,0.4714045207910317,0.0,"{""T1036 - Defense Evasion: Masquerading"": 134, ""T1498.001 - Impact: Direct Network Flood"": 134, ""T1498.002 - Impact: Reflection/Amplification Attack"": 133, ""T1571 - Defense Evasion: Non-Standard Port"": 133, ""T1583.005 - Resource Development: Acquire Botnet"": 133, ""T1584.005 - Resource Development: Build/Compromise Botnet"": 134, ""T1590 - Reconnaissance: Gather Victim Network Information"": 133, ""T1595 - Reconnaissance: Active Scanning"": 133, ""TA0011 - Command-and-Control"": 133}",27269200,1155
uniform_step_balanced,uniform_step_balanced,{},2626,1798,1753,0.0,0.2247048444891971,0.1028201317008315,0.2198713871259355,0.3602157968474639,199,200,1.0050251256281406,0.415739709641549,0.0,"{""T1036 - Defense Evasion: Masquerading"": 200, ""T1498.001 - Impact: Direct Network Flood"": 200, ""T1498.002 - Impact: Reflection/Amplification Attack"": 200, ""T1571 - Defense Evasion: Non-Standard Port"": 200, ""T1583.005 - Resource Development: Acquire Botnet"": 200, ""T1584.005 - Resource Development: Build/Compromise Botnet"": 199, ""T1590 - Reconnaissance: Gather Victim Network Information"": 199, ""T1595 - Reconnaissance: Active Scanning"": 200, ""TA0011 - Command-and-Control"": 200}",27269798,1753
stochastic_normalized_fragility,stochastic_normalized_loo_fragility,{},2727,45,0,2.9234711853419017e-05,0.2288638864333239,0.1008412095086836,0.2255335162285868,0.3667720195596471,5,5,1.0,0.0,0.0,"{""T1036 - Defense Evasion: Masquerading"": 5, ""T1498.001 - Impact: Direct Network Flood"": 5, ""T1498.002 - Impact: Reflection/Amplification Attack"": 5, ""T1571 - Defense Evasion: Non-Standard Port"": 5, ""T1583.005 - Resource Development: Acquire Botnet"": 5, ""T1584.005 - Resource Development: Build/Compromise Botnet"": 5, ""T1590 - Reconnaissance: Gather Victim Network Information"": 5, ""T1595 - Reconnaissance: Active Scanning"": 5, ""TA0011 - Command-and-Control"": 5}",28278045,0
stochastic_normalized_fragility,stochastic_normalized_loo_fragility,{},2727,90,45,2.0924415006365348e-05,0.2264613854178714,0.1133690026137772,0.2213837066569334,0.3555947165868602,7,17,2.4285714285714284,2.6246692913372702,14.0,"{""T1036 - Defense Evasion: Masquerading"": 17, ""T1498.001 - Impact: Direct Network Flood"": 7, ""T1498.002 - Impact: Reflection/Amplification Attack"": 10, ""T1571 - Defense Evasion: Non-Standard Port"": 9, ""T1583.005 - Resource Development: Acquire Botnet"": 10, ""T1584.005 - Resource Development: Build/Compromise Botnet"": 10, ""T1590 - Reconnaissance: Gather Victim Network Information"": 9, ""T1595 - Reconnaissance: Active Scanning"": 9, ""TA0011 - Command-and-Control"": 9}",28278090,45
stochastic_normalized_fragility,stochastic_normalized_loo_fragility,{},2727,180,135,1.552238204501789e-05,0.2268632266129842,0.1083908469718421,0.2222457159670521,0.3601077492978854,13,26,2.0,3.858612300930075,28.0,"{""T1036 - Defense Evasion: Masquerading"": 26, ""T1498.001 - Impact: Direct Network Flood"": 15, ""T1498.002 - Impact: Reflection/Amplification Attack"": 20, ""T1571 - Defense Evasion: Non-Standard Port"": 13, ""T1583.005 - Resource Development: Acquire Botnet"": 21, ""T1584.005 - Resource Development: Build/Compromise Botnet"": 23, ""T1590 - Reconnaissance: Gather Victim Network Information"": 23, ""T1595 - Reconnaissance: Active Scanning"": 21, ""TA0011 - Command-and-Control"": 18}",28278180,135
stochastic_normalized_fragility,stochastic_normalized_loo_fragility,{},2727,360,315,1.2617131854693784e-05,0.2217832854100185,0.099751285974734,0.2179533801256466,0.3551145089741362,31,59,1.903225806451613,8.069145624606803,54.0,"{""T1036 - Defense Evasion: Masquerading"": 59, ""T1498.001 - Impact: Direct Network Flood"": 31, ""T1498.002 - Impact: Reflection/Amplification Attack"": 44, ""T1571 - Defense Evasion: Non-Standard Port"": 31, ""T1583.005 - Resource Development: Acquire Botnet"": 41, ""T1584.005 - Resource Development: Build/Compromise Botnet"": 41, ""T1590 - Reconnaissance: Gather Victim Network Information"": 35, ""T1595 - Reconnaissance: Active Scanning"": 36, ""TA0011 - Command-and-Control"": 42}",28278360,315
stochastic_normalized_fragility,stochastic_normalized_loo_fragility,{},2727,720,675,9.874890125605742e-06,0.2221571186347568,0.0986586403739304,0.2177381167540817,0.3559227567146841,64,111,1.734375,13.39983416149452,94.0,"{""T1036 - Defense Evasion: Masquerading"": 111, ""T1498.001 - Impact: Direct Network Flood"": 67, ""T1498.002 - Impact: Reflection/Amplification Attack"": 87, ""T1571 - Defense Evasion: Non-Standard Port"": 64, ""T1583.005 - Resource Development: Acquire Botnet"": 84, ""T1584.005 - Resource Development: Build/Compromise Botnet"": 78, ""T1590 - Reconnaissance: Gather Victim Network Information"": 70, ""T1595 - Reconnaissance: Active Scanning"": 74, ""TA0011 - Command-and-Control"": 85}",28278720,675
stochastic_normalized_fragility,stochastic_normalized_loo_fragility,{},2727,1200,1155,6.703734380005571e-07,0.2242575780766539,0.1035144601858522,0.2189700702606189,0.359284729830238,112,175,1.5625,17.499206331208917,112.0,"{""T1036 - Defense Evasion: Masquerading"": 175, ""T1498.001 - Impact: Direct Network Flood"": 112, ""T1498.002 - Impact: Reflection/Amplification Attack"": 136, ""T1571 - Defense Evasion: Non-Standard Port"": 120, ""T1583.005 - Resource Development: Acquire Botnet"": 132, ""T1584.005 - Resource Development: Build/Compromise Botnet"": 135, ""T1590 - Reconnaissance: Gather Victim Network Information"": 121, ""T1595 - Reconnaissance: Active Scanning"": 124, ""TA0011 - Command-and-Control"": 145}",28279200,1155
stochastic_normalized_fragility,stochastic_normalized_loo_fragility,{},2727,1798,1753,0.0,0.2247048444891971,0.1028201317008315,0.2198713871259355,0.3602157968474639,199,200,1.0050251256281406,0.415739709641549,0.0,"{""T1036 - Defense Evasion: Masquerading"": 200, ""T1498.001 - Impact: Direct Network Flood"": 200, ""T1498.002 - Impact: Reflection/Amplification Attack"": 200, ""T1571 - Defense Evasion: Non-Standard Port"": 200, ""T1583.005 - Resource Development: Acquire Botnet"": 200, ""T1584.005 - Resource Development: Build/Compromise Botnet"": 199, ""T1590 - Reconnaissance: Gather Victim Network Information"": 199, ""T1595 - Reconnaissance: Active Scanning"": 200, ""TA0011 - Command-and-Control"": 200}",28279798,1753
uniform_step_balanced,uniform_step_balanced,{},2727,45,0,2.9234711853419017e-05,0.2288638864333239,0.1008412095086836,0.2255335162285868,0.3667720195596471,5,5,1.0,0.0,0.0,"{""T1036 - Defense Evasion: Masquerading"": 5, ""T1498.001 - Impact: Direct Network Flood"": 5, ""T1498.002 - Impact: Reflection/Amplification Attack"": 5, ""T1571 - Defense Evasion: Non-Standard Port"": 5, ""T1583.005 - Resource Development: Acquire Botnet"": 5, ""T1584.005 - Resource Development: Build/Compromise Botnet"": 5, ""T1590 - Reconnaissance: Gather Victim Network Information"": 5, ""T1595 - Reconnaissance: Active Scanning"": 5, ""TA0011 - Command-and-Control"": 5}",28278045,0
uniform_step_balanced,uniform_step_balanced,{},2727,90,45,5.508044451265632e-06,0.2261546633976261,0.1031736502927729,0.2216217961230985,0.3625693134849029,10,10,1.0,0.0,0.0,"{""T1036 - Defense Evasion: Masquerading"": 10, ""T1498.001 - Impact: Direct Network Flood"": 10, ""T1498.002 - Impact: Reflection/Amplification Attack"": 10, ""T1571 - Defense Evasion: Non-Standard Port"": 10, ""T1583.005 - Resource Development: Acquire Botnet"": 10, ""T1584.005 - Resource Development: Build/Compromise Botnet"": 10, ""T1590 - Reconnaissance: Gather Victim Network Information"": 10, ""T1595 - Reconnaissance: Active Scanning"": 10, ""TA0011 - Command-and-Control"": 10}",28278090,45
uniform_step_balanced,uniform_step_balanced,{},2727,180,135,1.2547568529423543e-05,0.2222980386516874,0.0989283229609908,0.2179510200335334,0.3568113722826359,20,20,1.0,0.0,0.0,"{""T1036 - Defense Evasion: Masquerading"": 20, ""T1498.001 - Impact: Direct Network Flood"": 20, ""T1498.002 - Impact: Reflection/Amplification Attack"": 20, ""T1571 - Defense Evasion: Non-Standard Port"": 20, ""T1583.005 - Resource Development: Acquire Botnet"": 20, ""T1584.005 - Resource Development: Build/Compromise Botnet"": 20, ""T1590 - Reconnaissance: Gather Victim Network Information"": 20, ""T1595 - Reconnaissance: Active Scanning"": 20, ""TA0011 - Command-and-Control"": 20}",28278180,135
uniform_step_balanced,uniform_step_balanced,{},2727,360,315,1.640916653921275e-05,0.2219133368201236,0.0971383390064776,0.2185295671126203,0.3573573775805465,40,40,1.0,0.0,0.0,"{""T1036 - Defense Evasion: Masquerading"": 40, ""T1498.001 - Impact: Direct Network Flood"": 40, ""T1498.002 - Impact: Reflection/Amplification Attack"": 40, ""T1571 - Defense Evasion: Non-Standard Port"": 40, ""T1583.005 - Resource Development: Acquire Botnet"": 40, ""T1584.005 - Resource Development: Build/Compromise Botnet"": 40, ""T1590 - Reconnaissance: Gather Victim Network Information"": 40, ""T1595 - Reconnaissance: Active Scanning"": 40, ""TA0011 - Command-and-Control"": 40}",28278360,315
uniform_step_balanced,uniform_step_balanced,{},2727,720,675,1.2994321002455771e-05,0.221408274689304,0.0976920800912612,0.2173912760327003,0.3560071676681383,80,80,1.0,0.0,0.0,"{""T1036 - Defense Evasion: Masquerading"": 80, ""T1498.001 - Impact: Direct Network Flood"": 80, ""T1498.002 - Impact: Reflection/Amplification Attack"": 80, ""T1571 - Defense Evasion: Non-Standard Port"": 80, ""T1583.005 - Resource Development: Acquire Botnet"": 80, ""T1584.005 - Resource Development: Build/Compromise Botnet"": 80, ""T1590 - Reconnaissance: Gather Victim Network Information"": 80, ""T1595 - Reconnaissance: Active Scanning"": 80, ""TA0011 - Command-and-Control"": 80}",28278720,675
uniform_step_balanced,uniform_step_balanced,{},2727,1200,1155,2.1550819350128115e-06,0.2248386400888578,0.1031692668849784,0.2195616092033825,0.358091116145368,133,134,1.0075187969924813,0.4714045207910317,0.0,"{""T1036 - Defense Evasion: Masquerading"": 133, ""T1498.001 - Impact: Direct Network Flood"": 133, ""T1498.002 - Impact: Reflection/Amplification Attack"": 134, ""T1571 - Defense Evasion: Non-Standard Port"": 133, ""T1583.005 - Resource Development: Acquire Botnet"": 133, ""T1584.005 - Resource Development: Build/Compromise Botnet"": 133, ""T1590 - Reconnaissance: Gather Victim Network Information"": 134, ""T1595 - Reconnaissance: Active Scanning"": 134, ""TA0011 - Command-and-Control"": 133}",28279200,1155
uniform_step_balanced,uniform_step_balanced,{},2727,1798,1753,0.0,0.2247048444891971,0.1028201317008315,0.2198713871259355,0.3602157968474639,199,200,1.0050251256281406,0.415739709641549,0.0,"{""T1036 - Defense Evasion: Masquerading"": 200, ""T1498.001 - Impact: Direct Network Flood"": 200, ""T1498.002 - Impact: Reflection/Amplification Attack"": 200, ""T1571 - Defense Evasion: Non-Standard Port"": 200, ""T1583.005 - Resource Development: Acquire Botnet"": 200, ""T1584.005 - Resource Development: Build/Compromise Botnet"": 199, ""T1590 - Reconnaissance: Gather Victim Network Information"": 199, ""T1595 - Reconnaissance: Active Scanning"": 200, ""TA0011 - Command-and-Control"": 200}",28279798,1753
stochastic_normalized_fragility,stochastic_normalized_loo_fragility,{},2828,45,0,0.0001354431078036,0.2144066822435002,0.0856264193363975,0.2095749116301581,0.356716831717601,5,5,1.0,0.0,0.0,"{""T1036 - Defense Evasion: Masquerading"": 5, ""T1498.001 - Impact: Direct Network Flood"": 5, ""T1498.002 - Impact: Reflection/Amplification Attack"": 5, ""T1571 - Defense Evasion: Non-Standard Port"": 5, ""T1583.005 - Resource Development: Acquire Botnet"": 5, ""T1584.005 - Resource Development: Build/Compromise Botnet"": 5, ""T1590 - Reconnaissance: Gather Victim Network Information"": 5, ""T1595 - Reconnaissance: Active Scanning"": 5, ""TA0011 - Command-and-Control"": 5}",29288045,0
stochastic_normalized_fragility,stochastic_normalized_loo_fragility,{},2828,90,45,6.202959365451637e-05,0.2174137288662752,0.0949226672401546,0.2116123920348964,0.3583210683658147,8,13,1.625,1.563471919941143,12.0,"{""T1036 - Defense Evasion: Masquerading"": 12, ""T1498.001 - Impact: Direct Network Flood"": 9, ""T1498.002 - Impact: Reflection/Amplification Attack"": 9, ""T1571 - Defense Evasion: Non-Standard Port"": 8, ""T1583.005 - Resource Development: Acquire Botnet"": 9, ""T1584.005 - Resource Development: Build/Compromise Botnet"": 10, ""T1590 - Reconnaissance: Gather Victim Network Information"": 9, ""T1595 - Reconnaissance: Active Scanning"": 11, ""TA0011 - Command-and-Control"": 13}",29288090,45
stochastic_normalized_fragility,stochastic_normalized_loo_fragility,{},2828,180,135,2.5004111562918524e-05,0.2199159248484751,0.101006619022986,0.2154353882438969,0.3518568908372376,15,28,1.8666666666666667,3.80058475033046,26.0,"{""T1036 - Defense Evasion: Masquerading"": 22, ""T1498.001 - Impact: Direct Network Flood"": 21, ""T1498.002 - Impact: Reflection/Amplification Attack"": 21, ""T1571 - Defense Evasion: Non-Standard Port"": 15, ""T1583.005 - Resource Development: Acquire Botnet"": 28, ""T1584.005 - Resource Development: Build/Compromise Botnet"": 17, ""T1590 - Reconnaissance: Gather Victim Network Information"": 21, ""T1595 - Reconnaissance: Active Scanning"": 15, ""TA0011 - Command-and-Control"": 20}",29288180,135
stochastic_normalized_fragility,stochastic_normalized_loo_fragility,{},2828,360,315,6.781360253963569e-06,0.2232478024193546,0.1069859378307249,0.2183851423264298,0.3566294138040977,29,51,1.7586206896551724,7.211102550927978,56.0,"{""T1036 - Defense Evasion: Masquerading"": 51, ""T1498.001 - Impact: Direct Network Flood"": 41, ""T1498.002 - Impact: Reflection/Amplification Attack"": 42, ""T1571 - Defense Evasion: Non-Standard Port"": 29, ""T1583.005 - Resource Development: Acquire Botnet"": 46, ""T1584.005 - Resource Development: Build/Compromise Botnet"": 34, ""T1590 - Reconnaissance: Gather Victim Network Information"": 48, ""T1595 - Reconnaissance: Active Scanning"": 31, ""TA0011 - Command-and-Control"": 38}",29288360,315
stochastic_normalized_fragility,stochastic_normalized_loo_fragility,{},2828,720,675,2.6546601119452244e-06,0.2244508915533898,0.1011697157188738,0.2200775707045574,0.3611558810293738,63,95,1.507936507936508,10.36018017861337,82.0,"{""T1036 - Defense Evasion: Masquerading"": 95, ""T1498.001 - Impact: Direct Network Flood"": 74, ""T1498.002 - Impact: Reflection/Amplification Attack"": 76, ""T1571 - Defense Evasion: Non-Standard Port"": 63, ""T1583.005 - Resource Development: Acquire Botnet"": 88, ""T1584.005 - Resource Development: Build/Compromise Botnet"": 82, ""T1590 - Reconnaissance: Gather Victim Network Information"": 86, ""T1595 - Reconnaissance: Active Scanning"": 66, ""TA0011 - Command-and-Control"": 90}",29288720,675
stochastic_normalized_fragility,stochastic_normalized_loo_fragility,{},2828,1200,1155,2.557723451172314e-06,0.2248824899372191,0.1035844144079517,0.2198771207549756,0.3591783268922181,108,160,1.4814814814814814,15.391195174153596,110.0,"{""T1036 - Defense Evasion: Masquerading"": 160, ""T1498.001 - Impact: Direct Network Flood"": 125, ""T1498.002 - Impact: Reflection/Amplification Attack"": 138, ""T1571 - Defense Evasion: Non-Standard Port"": 113, ""T1583.005 - Resource Development: Acquire Botnet"": 142, ""T1584.005 - Resource Development: Build/Compromise Botnet"": 136, ""T1590 - Reconnaissance: Gather Victim Network Information"": 147, ""T1595 - Reconnaissance: Active Scanning"": 108, ""TA0011 - Command-and-Control"": 131}",29289200,1155
stochastic_normalized_fragility,stochastic_normalized_loo_fragility,{},2828,1798,1753,0.0,0.2247048444891971,0.1028201317008315,0.2198713871259355,0.3602157968474639,199,200,1.0050251256281406,0.415739709641549,0.0,"{""T1036 - Defense Evasion: Masquerading"": 200, ""T1498.001 - Impact: Direct Network Flood"": 200, ""T1498.002 - Impact: Reflection/Amplification Attack"": 200, ""T1571 - Defense Evasion: Non-Standard Port"": 200, ""T1583.005 - Resource Development: Acquire Botnet"": 200, ""T1584.005 - Resource Development: Build/Compromise Botnet"": 199, ""T1590 - Reconnaissance: Gather Victim Network Information"": 199, ""T1595 - Reconnaissance: Active Scanning"": 200, ""TA0011 - Command-and-Control"": 200}",29289798,1753
uniform_step_balanced,uniform_step_balanced,{},2828,45,0,0.0001354431078036,0.2144066822435002,0.0856264193363975,0.2095749116301581,0.356716831717601,5,5,1.0,0.0,0.0,"{""T1036 - Defense Evasion: Masquerading"": 5, ""T1498.001 - Impact: Direct Network Flood"": 5, ""T1498.002 - Impact: Reflection/Amplification Attack"": 5, ""T1571 - Defense Evasion: Non-Standard Port"": 5, ""T1583.005 - Resource Development: Acquire Botnet"": 5, ""T1584.005 - Resource Development: Build/Compromise Botnet"": 5, ""T1590 - Reconnaissance: Gather Victim Network Information"": 5, ""T1595 - Reconnaissance: Active Scanning"": 5, ""TA0011 - Command-and-Control"": 5}",29288045,0
uniform_step_balanced,uniform_step_balanced,{},2828,90,45,2.9521177647058987e-05,0.2197682516442095,0.0982722605306013,0.2138060876491147,0.3561110279832017,10,10,1.0,0.0,0.0,"{""T1036 - Defense Evasion: Masquerading"": 10, ""T1498.001 - Impact: Direct Network Flood"": 10, ""T1498.002 - Impact: Reflection/Amplification Attack"": 10, ""T1571 - Defense Evasion: Non-Standard Port"": 10, ""T1583.005 - Resource Development: Acquire Botnet"": 10, ""T1584.005 - Resource Development: Build/Compromise Botnet"": 10, ""T1590 - Reconnaissance: Gather Victim Network Information"": 10, ""T1595 - Reconnaissance: Active Scanning"": 10, ""TA0011 - Command-and-Control"": 10}",29288090,45
uniform_step_balanced,uniform_step_balanced,{},2828,180,135,4.640016021094289e-06,0.22424797443862,0.1037467989366071,0.2195146929220452,0.3599449842105287,20,20,1.0,0.0,0.0,"{""T1036 - Defense Evasion: Masquerading"": 20, ""T1498.001 - Impact: Direct Network Flood"": 20, ""T1498.002 - Impact: Reflection/Amplification Attack"": 20, ""T1571 - Defense Evasion: Non-Standard Port"": 20, ""T1583.005 - Resource Development: Acquire Botnet"": 20, ""T1584.005 - Resource Development: Build/Compromise Botnet"": 20, ""T1590 - Reconnaissance: Gather Victim Network Information"": 20, ""T1595 - Reconnaissance: Active Scanning"": 20, ""TA0011 - Command-and-Control"": 20}",29288180,135
uniform_step_balanced,uniform_step_balanced,{},2828,360,315,5.165589222410914e-06,0.2242856995983848,0.1037205907665977,0.2193321737892398,0.3580468400174665,40,40,1.0,0.0,0.0,"{""T1036 - Defense Evasion: Masquerading"": 40, ""T1498.001 - Impact: Direct Network Flood"": 40, ""T1498.002 - Impact: Reflection/Amplification Attack"": 40, ""T1571 - Defense Evasion: Non-Standard Port"": 40, ""T1583.005 - Resource Development: Acquire Botnet"": 40, ""T1584.005 - Resource Development: Build/Compromise Botnet"": 40, ""T1590 - Reconnaissance: Gather Victim Network Information"": 40, ""T1595 - Reconnaissance: Active Scanning"": 40, ""TA0011 - Command-and-Control"": 40}",29288360,315
uniform_step_balanced,uniform_step_balanced,{},2828,720,675,1.0979798613923472e-06,0.2243395396018591,0.103219648824926,0.2197794309110035,0.3581588227673764,80,80,1.0,0.0,0.0,"{""T1036 - Defense Evasion: Masquerading"": 80, ""T1498.001 - Impact: Direct Network Flood"": 80, ""T1498.002 - Impact: Reflection/Amplification Attack"": 80, ""T1571 - Defense Evasion: Non-Standard Port"": 80, ""T1583.005 - Resource Development: Acquire Botnet"": 80, ""T1584.005 - Resource Development: Build/Compromise Botnet"": 80, ""T1590 - Reconnaissance: Gather Victim Network Information"": 80, ""T1595 - Reconnaissance: Active Scanning"": 80, ""TA0011 - Command-and-Control"": 80}",29288720,675
uniform_step_balanced,uniform_step_balanced,{},2828,1200,1155,8.112249057608255e-07,0.224756617011366,0.1033407528191346,0.2195025851230732,0.3605107860414406,133,134,1.0075187969924813,0.4714045207910317,0.0,"{""T1036 - Defense Evasion: Masquerading"": 133, ""T1498.001 - Impact: Direct Network Flood"": 133, ""T1498.002 - Impact: Reflection/Amplification Attack"": 133, ""T1571 - Defense Evasion: Non-Standard Port"": 133, ""T1583.005 - Resource Development: Acquire Botnet"": 134, ""T1584.005 - Resource Development: Build/Compromise Botnet"": 133, ""T1590 - Reconnaissance: Gather Victim Network Information"": 133, ""T1595 - Reconnaissance: Active Scanning"": 134, ""TA0011 - Command-and-Control"": 134}",29289200,1155
uniform_step_balanced,uniform_step_balanced,{},2828,1798,1753,0.0,0.2247048444891971,0.1028201317008315,0.2198713871259355,0.3602157968474639,199,200,1.0050251256281406,0.415739709641549,0.0,"{""T1036 - Defense Evasion: Masquerading"": 200, ""T1498.001 - Impact: Direct Network Flood"": 200, ""T1498.002 - Impact: Reflection/Amplification Attack"": 200, ""T1571 - Defense Evasion: Non-Standard Port"": 200, ""T1583.005 - Resource Development: Acquire Botnet"": 200, ""T1584.005 - Resource Development: Build/Compromise Botnet"": 199, ""T1590 - Reconnaissance: Gather Victim Network Information"": 199, ""T1595 - Reconnaissance: Active Scanning"": 200, ""TA0011 - Command-and-Control"": 200}",29289798,1753
stochastic_normalized_fragility,stochastic_normalized_loo_fragility,{},2929,45,0,6.529040339937584e-06,0.2243807674294017,0.1071254985503204,0.2184289455328942,0.362712924924699,5,5,1.0,0.0,0.0,"{""T1036 - Defense Evasion: Masquerading"": 5, ""T1498.001 - Impact: Direct Network Flood"": 5, ""T1498.002 - Impact: Reflection/Amplification Attack"": 5, ""T1571 - Defense Evasion: Non-Standard Port"": 5, ""T1583.005 - Resource Development: Acquire Botnet"": 5, ""T1584.005 - Resource Development: Build/Compromise Botnet"": 5, ""T1590 - Reconnaissance: Gather Victim Network Information"": 5, ""T1595 - Reconnaissance: Active Scanning"": 5, ""TA0011 - Command-and-Control"": 5}",30298045,0
stochastic_normalized_fragility,stochastic_normalized_loo_fragility,{},2929,90,45,2.265804153076443e-05,0.2209882293275974,0.1012784905969352,0.2154072898565394,0.3574694183479648,6,14,2.3333333333333335,2.449489742783178,18.0,"{""T1036 - Defense Evasion: Masquerading"": 9, ""T1498.001 - Impact: Direct Network Flood"": 11, ""T1498.002 - Impact: Reflection/Amplification Attack"": 11, ""T1571 - Defense Evasion: Non-Standard Port"": 10, ""T1583.005 - Resource Development: Acquire Botnet"": 6, ""T1584.005 - Resource Development: Build/Compromise Botnet"": 13, ""T1590 - Reconnaissance: Gather Victim Network Information"": 7, ""T1595 - Reconnaissance: Active Scanning"": 9, ""TA0011 - Command-and-Control"": 14}",30298090,45
stochastic_normalized_fragility,stochastic_normalized_loo_fragility,{},2929,180,135,1.253214957740875e-05,0.2217521894128309,0.1044853747106048,0.2164457160502732,0.3566598686521826,15,27,1.8,3.559026084010437,26.0,"{""T1036 - Defense Evasion: Masquerading"": 27, ""T1498.001 - Impact: Direct Network Flood"": 20, ""T1498.002 - Impact: Reflection/Amplification Attack"": 22, ""T1571 - Defense Evasion: Non-Standard Port"": 19, ""T1583.005 - Resource Development: Acquire Botnet"": 15, ""T1584.005 - Resource Development: Build/Compromise Botnet"": 21, ""T1590 - Reconnaissance: Gather Victim Network Information"": 16, ""T1595 - Reconnaissance: Active Scanning"": 17, ""TA0011 - Command-and-Control"": 23}",30298180,135
stochastic_normalized_fragility,stochastic_normalized_loo_fragility,{},2929,360,315,4.209036773428292e-05,0.2187719129692056,0.1002218331501161,0.2137385973209346,0.3496425552691081,30,53,1.7666666666666666,5.9066817155564495,40.0,"{""T1036 - Defense Evasion: Masquerading"": 43, ""T1498.001 - Impact: Direct Network Flood"": 38, ""T1498.002 - Impact: Reflection/Amplification Attack"": 38, ""T1571 - Defense Evasion: Non-Standard Port"": 37, ""T1583.005 - Resource Development: Acquire Botnet"": 43, ""T1584.005 - Resource Development: Build/Compromise Botnet"": 41, ""T1590 - Reconnaissance: Gather Victim Network Information"": 37, ""T1595 - Reconnaissance: Active Scanning"": 30, ""TA0011 - Command-and-Control"": 53}",30298360,315
stochastic_normalized_fragility,stochastic_normalized_loo_fragility,{},2929,720,675,7.473746163761266e-06,0.2230337776490614,0.1040308001349427,0.218235948730603,0.357988095708715,62,92,1.4838709677419355,10.718623460542352,84.0,"{""T1036 - Defense Evasion: Masquerading"": 88, ""T1498.001 - Impact: Direct Network Flood"": 91, ""T1498.002 - Impact: Reflection/Amplification Attack"": 64, ""T1571 - Defense Evasion: Non-Standard Port"": 82, ""T1583.005 - Resource Development: Acquire Botnet"": 89, ""T1584.005 - Resource Development: Build/Compromise Botnet"": 74, ""T1590 - Reconnaissance: Gather Victim Network Information"": 78, ""T1595 - Reconnaissance: Active Scanning"": 62, ""TA0011 - Command-and-Control"": 92}",30298720,675
stochastic_normalized_fragility,stochastic_normalized_loo_fragility,{},2929,1200,1155,1.0053370178838313e-06,0.2243692920661829,0.1037702895309971,0.219573718795756,0.3599619844304793,109,155,1.4220183486238531,15.88150566609546,126.0,"{""T1036 - Defense Evasion: Masquerading"": 155, ""T1498.001 - Impact: Direct Network Flood"": 139, ""T1498.002 - Impact: Reflection/Amplification Attack"": 117, ""T1571 - Defense Evasion: Non-Standard Port"": 128, ""T1583.005 - Resource Development: Acquire Botnet"": 154, ""T1584.005 - Resource Development: Build/Compromise Botnet"": 123, ""T1590 - Reconnaissance: Gather Victim Network Information"": 125, ""T1595 - Reconnaissance: Active Scanning"": 109, ""TA0011 - Command-and-Control"": 150}",30299200,1155
stochastic_normalized_fragility,stochastic_normalized_loo_fragility,{},2929,1798,1753,0.0,0.2247048444891971,0.1028201317008315,0.2198713871259355,0.3602157968474639,199,200,1.0050251256281406,0.415739709641549,0.0,"{""T1036 - Defense Evasion: Masquerading"": 200, ""T1498.001 - Impact: Direct Network Flood"": 200, ""T1498.002 - Impact: Reflection/Amplification Attack"": 200, ""T1571 - Defense Evasion: Non-Standard Port"": 200, ""T1583.005 - Resource Development: Acquire Botnet"": 200, ""T1584.005 - Resource Development: Build/Compromise Botnet"": 199, ""T1590 - Reconnaissance: Gather Victim Network Information"": 199, ""T1595 - Reconnaissance: Active Scanning"": 200, ""TA0011 - Command-and-Control"": 200}",30299798,1753
uniform_step_balanced,uniform_step_balanced,{},2929,45,0,6.529040339937584e-06,0.2243807674294017,0.1071254985503204,0.2184289455328942,0.362712924924699,5,5,1.0,0.0,0.0,"{""T1036 - Defense Evasion: Masquerading"": 5, ""T1498.001 - Impact: Direct Network Flood"": 5, ""T1498.002 - Impact: Reflection/Amplification Attack"": 5, ""T1571 - Defense Evasion: Non-Standard Port"": 5, ""T1583.005 - Resource Development: Acquire Botnet"": 5, ""T1584.005 - Resource Development: Build/Compromise Botnet"": 5, ""T1590 - Reconnaissance: Gather Victim Network Information"": 5, ""T1595 - Reconnaissance: Active Scanning"": 5, ""TA0011 - Command-and-Control"": 5}",30298045,0
uniform_step_balanced,uniform_step_balanced,{},2929,90,45,7.230786635551513e-06,0.2224776527087157,0.1035972017458222,0.2175805575915737,0.358617785301927,10,10,1.0,0.0,0.0,"{""T1036 - Defense Evasion: Masquerading"": 10, ""T1498.001 - Impact: Direct Network Flood"": 10, ""T1498.002 - Impact: Reflection/Amplification Attack"": 10, ""T1571 - Defense Evasion: Non-Standard Port"": 10, ""T1583.005 - Resource Development: Acquire Botnet"": 10, ""T1584.005 - Resource Development: Build/Compromise Botnet"": 10, ""T1590 - Reconnaissance: Gather Victim Network Information"": 10, ""T1595 - Reconnaissance: Active Scanning"": 10, ""TA0011 - Command-and-Control"": 10}",30298090,45
uniform_step_balanced,uniform_step_balanced,{},2929,180,135,1.5296589876837023e-05,0.2225790456912202,0.1064847103685945,0.2175663072848009,0.3555716912629769,20,20,1.0,0.0,0.0,"{""T1036 - Defense Evasion: Masquerading"": 20, ""T1498.001 - Impact: Direct Network Flood"": 20, ""T1498.002 - Impact: Reflection/Amplification Attack"": 20, ""T1571 - Defense Evasion: Non-Standard Port"": 20, ""T1583.005 - Resource Development: Acquire Botnet"": 20, ""T1584.005 - Resource Development: Build/Compromise Botnet"": 20, ""T1590 - Reconnaissance: Gather Victim Network Information"": 20, ""T1595 - Reconnaissance: Active Scanning"": 20, ""TA0011 - Command-and-Control"": 20}",30298180,135
uniform_step_balanced,uniform_step_balanced,{},2929,360,315,4.288956366975338e-05,0.2186567831156884,0.1011978649454483,0.213606377512537,0.3508137334514989,40,40,1.0,0.0,0.0,"{""T1036 - Defense Evasion: Masquerading"": 40, ""T1498.001 - Impact: Direct Network Flood"": 40, ""T1498.002 - Impact: Reflection/Amplification Attack"": 40, ""T1571 - Defense Evasion: Non-Standard Port"": 40, ""T1583.005 - Resource Development: Acquire Botnet"": 40, ""T1584.005 - Resource Development: Build/Compromise Botnet"": 40, ""T1590 - Reconnaissance: Gather Victim Network Information"": 40, ""T1595 - Reconnaissance: Active Scanning"": 40, ""TA0011 - Command-and-Control"": 40}",30298360,315
uniform_step_balanced,uniform_step_balanced,{},2929,720,675,5.649882363378898e-06,0.2232742411062414,0.102480501090262,0.2184522276667267,0.359744956455361,80,80,1.0,0.0,0.0,"{""T1036 - Defense Evasion: Masquerading"": 80, ""T1498.001 - Impact: Direct Network Flood"": 80, ""T1498.002 - Impact: Reflection/Amplification Attack"": 80, ""T1571 - Defense Evasion: Non-Standard Port"": 80, ""T1583.005 - Resource Development: Acquire Botnet"": 80, ""T1584.005 - Resource Development: Build/Compromise Botnet"": 80, ""T1590 - Reconnaissance: Gather Victim Network Information"": 80, ""T1595 - Reconnaissance: Active Scanning"": 80, ""TA0011 - Command-and-Control"": 80}",30298720,675
uniform_step_balanced,uniform_step_balanced,{},2929,1200,1155,1.8676681772958864e-06,0.2240049904662566,0.1035894508178343,0.2182254677833696,0.3594782087828612,133,134,1.0075187969924813,0.4714045207910317,0.0,"{""T1036 - Defense Evasion: Masquerading"": 133, ""T1498.001 - Impact: Direct Network Flood"": 134, ""T1498.002 - Impact: Reflection/Amplification Attack"": 133, ""T1571 - Defense Evasion: Non-Standard Port"": 133, ""T1583.005 - Resource Development: Acquire Botnet"": 133, ""T1584.005 - Resource Development: Build/Compromise Botnet"": 133, ""T1590 - Reconnaissance: Gather Victim Network Information"": 134, ""T1595 - Reconnaissance: Active Scanning"": 134, ""TA0011 - Command-and-Control"": 133}",30299200,1155
uniform_step_balanced,uniform_step_balanced,{},2929,1798,1753,0.0,0.2247048444891971,0.1028201317008315,0.2198713871259355,0.3602157968474639,199,200,1.0050251256281406,0.415739709641549,0.0,"{""T1036 - Defense Evasion: Masquerading"": 200, ""T1498.001 - Impact: Direct Network Flood"": 200, ""T1498.002 - Impact: Reflection/Amplification Attack"": 200, ""T1571 - Defense Evasion: Non-Standard Port"": 200, ""T1583.005 - Resource Development: Acquire Botnet"": 200, ""T1584.005 - Resource Development: Build/Compromise Botnet"": 199, ""T1590 - Reconnaissance: Gather Victim Network Information"": 199, ""T1595 - Reconnaissance: Active Scanning"": 200, ""TA0011 - Command-and-Control"": 200}",30299798,1753
stochastic_normalized_fragility,stochastic_normalized_loo_fragility,{},3030,45,0,1.8594935552258796e-05,0.2234797869194247,0.1067379655131276,0.218132859344609,0.3538062725584292,5,5,1.0,0.0,0.0,"{""T1036 - Defense Evasion: Masquerading"": 5, ""T1498.001 - Impact: Direct Network Flood"": 5, ""T1498.002 - Impact: Reflection/Amplification Attack"": 5, ""T1571 - Defense Evasion: Non-Standard Port"": 5, ""T1583.005 - Resource Development: Acquire Botnet"": 5, ""T1584.005 - Resource Development: Build/Compromise Botnet"": 5, ""T1590 - Reconnaissance: Gather Victim Network Information"": 5, ""T1595 - Reconnaissance: Active Scanning"": 5, ""TA0011 - Command-and-Control"": 5}",31308045,0
stochastic_normalized_fragility,stochastic_normalized_loo_fragility,{},3030,90,45,2.6969590734795897e-05,0.2279465196352124,0.1142761190931072,0.2197381580363842,0.3651737913776632,9,13,1.4444444444444444,1.247219128924647,8.0,"{""T1036 - Defense Evasion: Masquerading"": 10, ""T1498.001 - Impact: Direct Network Flood"": 11, ""T1498.002 - Impact: Reflection/Amplification Attack"": 10, ""T1571 - Defense Evasion: Non-Standard Port"": 13, ""T1583.005 - Resource Development: Acquire Botnet"": 9, ""T1584.005 - Resource Development: Build/Compromise Botnet"": 9, ""T1590 - Reconnaissance: Gather Victim Network Information"": 9, ""T1595 - Reconnaissance: Active Scanning"": 9, ""TA0011 - Command-and-Control"": 10}",31308090,45
stochastic_normalized_fragility,stochastic_normalized_loo_fragility,{},3030,180,135,3.2483701918500056e-05,0.2298257468569407,0.1148799843293366,0.223373157980692,0.3666688340914878,14,28,2.0,4.594682917363407,34.0,"{""T1036 - Defense Evasion: Masquerading"": 19, ""T1498.001 - Impact: Direct Network Flood"": 21, ""T1498.002 - Impact: Reflection/Amplification Attack"": 17, ""T1571 - Defense Evasion: Non-Standard Port"": 28, ""T1583.005 - Resource Development: Acquire Botnet"": 14, ""T1584.005 - Resource Development: Build/Compromise Botnet"": 21, ""T1590 - Reconnaissance: Gather Victim Network Information"": 18, ""T1595 - Reconnaissance: Active Scanning"": 27, ""TA0011 - Command-and-Control"": 15}",31308180,135
stochastic_normalized_fragility,stochastic_normalized_loo_fragility,{},3030,360,315,1.436469448191426e-05,0.2279429795396082,0.1101606004226619,0.2223218874452509,0.3640735488155454,32,50,1.5625,6.182412330330469,48.0,"{""T1036 - Defense Evasion: Masquerading"": 38, ""T1498.001 - Impact: Direct Network Flood"": 42, ""T1498.002 - Impact: Reflection/Amplification Attack"": 32, ""T1571 - Defense Evasion: Non-Standard Port"": 48, ""T1583.005 - Resource Development: Acquire Botnet"": 41, ""T1584.005 - Resource Development: Build/Compromise Botnet"": 33, ""T1590 - Reconnaissance: Gather Victim Network Information"": 33, ""T1595 - Reconnaissance: Active Scanning"": 50, ""TA0011 - Command-and-Control"": 43}",31308360,315
stochastic_normalized_fragility,stochastic_normalized_loo_fragility,{},3030,720,675,1.1823273596471725e-05,0.2276890498356121,0.1064095993955233,0.2222534952566581,0.365177444632151,59,103,1.7457627118644068,12.427567921538166,88.0,"{""T1036 - Defense Evasion: Masquerading"": 84, ""T1498.001 - Impact: Direct Network Flood"": 75, ""T1498.002 - Impact: Reflection/Amplification Attack"": 76, ""T1571 - Defense Evasion: Non-Standard Port"": 75, ""T1583.005 - Resource Development: Acquire Botnet"": 103, ""T1584.005 - Resource Development: Build/Compromise Botnet"": 59, ""T1590 - Reconnaissance: Gather Victim Network Information"": 71, ""T1595 - Reconnaissance: Active Scanning"": 96, ""TA0011 - Command-and-Control"": 81}",31308720,675
stochastic_normalized_fragility,stochastic_normalized_loo_fragility,{},3030,1200,1155,1.458616341488004e-05,0.2272183772336077,0.10654487517791,0.2223585627056838,0.3632860275058073,120,158,1.3166666666666669,15.033296378372908,122.0,"{""T1036 - Defense Evasion: Masquerading"": 153, ""T1498.001 - Impact: Direct Network Flood"": 127, ""T1498.002 - Impact: Reflection/Amplification Attack"": 124, ""T1571 - Defense Evasion: Non-Standard Port"": 122, ""T1583.005 - Resource Development: Acquire Botnet"": 158, ""T1584.005 - Resource Development: Build/Compromise Botnet"": 122, ""T1590 - Reconnaissance: Gather Victim Network Information"": 120, ""T1595 - Reconnaissance: Active Scanning"": 152, ""TA0011 - Command-and-Control"": 122}",31309200,1155
stochastic_normalized_fragility,stochastic_normalized_loo_fragility,{},3030,1798,1753,0.0,0.2247048444891971,0.1028201317008315,0.2198713871259355,0.3602157968474639,199,200,1.0050251256281406,0.415739709641549,0.0,"{""T1036 - Defense Evasion: Masquerading"": 200, ""T1498.001 - Impact: Direct Network Flood"": 200, ""T1498.002 - Impact: Reflection/Amplification Attack"": 200, ""T1571 - Defense Evasion: Non-Standard Port"": 200, ""T1583.005 - Resource Development: Acquire Botnet"": 200, ""T1584.005 - Resource Development: Build/Compromise Botnet"": 199, ""T1590 - Reconnaissance: Gather Victim Network Information"": 199, ""T1595 - Reconnaissance: Active Scanning"": 200, ""TA0011 - Command-and-Control"": 200}",31309798,1753
uniform_step_balanced,uniform_step_balanced,{},3030,45,0,1.8594935552258796e-05,0.2234797869194247,0.1067379655131276,0.218132859344609,0.3538062725584292,5,5,1.0,0.0,0.0,"{""T1036 - Defense Evasion: Masquerading"": 5, ""T1498.001 - Impact: Direct Network Flood"": 5, ""T1498.002 - Impact: Reflection/Amplification Attack"": 5, ""T1571 - Defense Evasion: Non-Standard Port"": 5, ""T1583.005 - Resource Development: Acquire Botnet"": 5, ""T1584.005 - Resource Development: Build/Compromise Botnet"": 5, ""T1590 - Reconnaissance: Gather Victim Network Information"": 5, ""T1595 - Reconnaissance: Active Scanning"": 5, ""TA0011 - Command-and-Control"": 5}",31308045,0
uniform_step_balanced,uniform_step_balanced,{},3030,90,45,5.810438993405168e-05,0.2308735873175441,0.1133687182029199,0.2224777020246519,0.3756899941247817,10,10,1.0,0.0,0.0,"{""T1036 - Defense Evasion: Masquerading"": 10, ""T1498.001 - Impact: Direct Network Flood"": 10, ""T1498.002 - Impact: Reflection/Amplification Attack"": 10, ""T1571 - Defense Evasion: Non-Standard Port"": 10, ""T1583.005 - Resource Development: Acquire Botnet"": 10, ""T1584.005 - Resource Development: Build/Compromise Botnet"": 10, ""T1590 - Reconnaissance: Gather Victim Network Information"": 10, ""T1595 - Reconnaissance: Active Scanning"": 10, ""TA0011 - Command-and-Control"": 10}",31308090,45
uniform_step_balanced,uniform_step_balanced,{},3030,180,135,2.351756162799209e-05,0.2287968806204794,0.1120343065450619,0.2221850436911774,0.3679764125810327,20,20,1.0,0.0,0.0,"{""T1036 - Defense Evasion: Masquerading"": 20, ""T1498.001 - Impact: Direct Network Flood"": 20, ""T1498.002 - Impact: Reflection/Amplification Attack"": 20, ""T1571 - Defense Evasion: Non-Standard Port"": 20, ""T1583.005 - Resource Development: Acquire Botnet"": 20, ""T1584.005 - Resource Development: Build/Compromise Botnet"": 20, ""T1590 - Reconnaissance: Gather Victim Network Information"": 20, ""T1595 - Reconnaissance: Active Scanning"": 20, ""TA0011 - Command-and-Control"": 20}",31308180,135
uniform_step_balanced,uniform_step_balanced,{},3030,360,315,1.6366346549528334e-05,0.225623858810237,0.1088261798072193,0.2204574857271009,0.3597007168862609,40,40,1.0,0.0,0.0,"{""T1036 - Defense Evasion: Masquerading"": 40, ""T1498.001 - Impact: Direct Network Flood"": 40, ""T1498.002 - Impact: Reflection/Amplification Attack"": 40, ""T1571 - Defense Evasion: Non-Standard Port"": 40, ""T1583.005 - Resource Development: Acquire Botnet"": 40, ""T1584.005 - Resource Development: Build/Compromise Botnet"": 40, ""T1590 - Reconnaissance: Gather Victim Network Information"": 40, ""T1595 - Reconnaissance: Active Scanning"": 40, ""TA0011 - Command-and-Control"": 40}",31308360,315
uniform_step_balanced,uniform_step_balanced,{},3030,720,675,1.10460589612208e-05,0.2274678110687012,0.1040137622690938,0.2230686361883541,0.3645574427763279,80,80,1.0,0.0,0.0,"{""T1036 - Defense Evasion: Masquerading"": 80, ""T1498.001 - Impact: Direct Network Flood"": 80, ""T1498.002 - Impact: Reflection/Amplification Attack"": 80, ""T1571 - Defense Evasion: Non-Standard Port"": 80, ""T1583.005 - Resource Development: Acquire Botnet"": 80, ""T1584.005 - Resource Development: Build/Compromise Botnet"": 80, ""T1590 - Reconnaissance: Gather Victim Network Information"": 80, ""T1595 - Reconnaissance: Active Scanning"": 80, ""TA0011 - Command-and-Control"": 80}",31308720,675
uniform_step_balanced,uniform_step_balanced,{},3030,1200,1155,5.302692665303197e-06,0.2264489734683628,0.1031949533743612,0.221349095438477,0.3638947679522252,133,134,1.0075187969924813,0.4714045207910317,0.0,"{""T1036 - Defense Evasion: Masquerading"": 133, ""T1498.001 - Impact: Direct Network Flood"": 134, ""T1498.002 - Impact: Reflection/Amplification Attack"": 133, ""T1571 - Defense Evasion: Non-Standard Port"": 133, ""T1583.005 - Resource Development: Acquire Botnet"": 133, ""T1584.005 - Resource Development: Build/Compromise Botnet"": 134, ""T1590 - Reconnaissance: Gather Victim Network Information"": 133, ""T1595 - Reconnaissance: Active Scanning"": 134, ""TA0011 - Command-and-Control"": 133}",31309200,1155
uniform_step_balanced,uniform_step_balanced,{},3030,1798,1753,0.0,0.2247048444891971,0.1028201317008315,0.2198713871259355,0.3602157968474639,199,200,1.0050251256281406,0.415739709641549,0.0,"{""T1036 - Defense Evasion: Masquerading"": 200, ""T1498.001 - Impact: Direct Network Flood"": 200, ""T1498.002 - Impact: Reflection/Amplification Attack"": 200, ""T1571 - Defense Evasion: Non-Standard Port"": 200, ""T1583.005 - Resource Development: Acquire Botnet"": 200, ""T1584.005 - Resource Development: Build/Compromise Botnet"": 199, ""T1590 - Reconnaissance: Gather Victim Network Information"": 199, ""T1595 - Reconnaissance: Active Scanning"": 200, ""TA0011 - Command-and-Control"": 200}",31309798,1753
